VEHICLE_NO,DATE,HSD_ISSUED,SOURCE_MONTH
BD 85 DOZER,2026-04-01,200.0,April-2026
CRUSHER ( CONE ),2026-04-01,0.0,April-2026
CRUSHER ( JAW ),2026-04-01,0.0,April-2026
CRUSHER DG,2026-04-01,0.0,April-2026
CRUSHER(FEEDER),2026-04-01,0.0,April-2026
DOZZER D65E,2026-04-01,0.0,April-2026
DRILL-ELGI-650,2026-04-01,0.0,April-2026
GRADER OD09P-1732,2026-04-01,0.0,April-2026
HITACHI-120,2026-04-01,0.0,April-2026
HITACHI-350,2026-04-01,295.0,April-2026
HYDRA CRANE-1686,2026-04-01,0.0,April-2026
JCB-8262 LOADER,2026-04-01,184.0,April-2026
JH06G-4703,2026-04-01,50.0,April-2026
JH06G-5437,2026-04-01,150.0,April-2026
JH06H-3742,2026-04-01,0.0,April-2026
JH06H-5348,2026-04-01,50.0,April-2026
JH06H-6198 D.TANKER,2026-04-01,50.0,April-2026
JH06H-7764,2026-04-01,50.0,April-2026
JH06H-9654,2026-04-01,50.0,April-2026
JH06P-6214 SCORPIO,2026-04-01,38.0,April-2026
JH06T-7706,2026-04-01,50.0,April-2026
JRD-450+650-1,2026-04-01,144.0,April-2026
JRD-600+CD-360,2026-04-01,270.0,April-2026
KAMASTU-210,2026-04-01,0.0,April-2026
KOBELCO-380 DMCS,2026-04-01,0.0,April-2026
KOMASTU-200,2026-04-01,0.0,April-2026
KOMASTU-350 DMC,2026-04-01,0.0,April-2026
L-6268 SDLG,2026-04-01,0.0,April-2026
LOKO CONE,2026-04-01,0.0,April-2026
LOKO TRACK JAW,2026-04-01,0.0,April-2026
OD07AR-4113 DMC,2026-04-01,0.0,April-2026
OD09A-5105,2026-04-01,100.0,April-2026
OD09A-5106,2026-04-01,50.0,April-2026
OD09A-5666,2026-04-01,60.0,April-2026
OD09A-6059,2026-04-01,100.0,April-2026
OD09AE-5513 DMC,2026-04-01,100.0,April-2026
OD09C-1371,2026-04-01,100.0,April-2026
OD09C-1373,2026-04-01,0.0,April-2026
OD09C-1962,2026-04-01,0.0,April-2026
OD09C-1964,2026-04-01,100.0,April-2026
OD09C-4824,2026-04-01,0.0,April-2026
OD09C-4878,2026-04-01,0.0,April-2026
OD09C-4879,2026-04-01,0.0,April-2026
OD09C-5609 JCB,2026-04-01,0.0,April-2026
OD09C-8163,2026-04-01,50.0,April-2026
OD09C-8164,2026-04-01,100.0,April-2026
OD09C1965,2026-04-01,0.0,April-2026
OD09C4623,2026-04-01,0.0,April-2026
OD09C4625,2026-04-01,50.0,April-2026
OD09C4823,2026-04-01,100.0,April-2026
OD09C5137,2026-04-01,0.0,April-2026
OD09G-6065 CAMPER,2026-04-01,53.0,April-2026
OD09K-1394,2026-04-01,55.0,April-2026
OD09K-2512 W.TANKER,2026-04-01,0.0,April-2026
OD09K-5036,2026-04-01,0.0,April-2026
OD09K-7213 BSM BUS,2026-04-01,0.0,April-2026
OD09P-2986 (CAMPAR),2026-04-01,0.0,April-2026
OD09P-6973 W.TANKER,2026-04-01,0.0,April-2026
OD09V-5619 TATA YODHA,2026-04-01,48.0,April-2026
OD09Z-1202,2026-04-01,0.0,April-2026
OD09Z-1273,2026-04-01,0.0,April-2026
OD09Z-1274,2026-04-01,0.0,April-2026
OD09Z-5613 DMC,2026-04-01,0.0,April-2026
OD09Z-5713 DMC,2026-04-01,0.0,April-2026
OD09Z-5813 DMC,2026-04-01,0.0,April-2026
OD09Z-5913 DMC,2026-04-01,0.0,April-2026
ODO9C5136,2026-04-01,0.0,April-2026
OMC DG (NIGHT USE),2026-04-01,0.0,April-2026
POWER SCREEN RHS,2026-04-01,0.0,April-2026
TATA LOADER-OD02AY-0516,2026-04-01,0.0,April-2026
TOTAL ISSUE,2026-04-01,3034.0,April-2026
VICHELE NO.,2026-04-01,0.0,April-2026
VOLVO 300-2,2026-04-01,0.0,April-2026
VOLVO-300(5),2026-04-01,0.0,April-2026
VOLVO-300-7,2026-04-01,387.0,April-2026
VOLVO-380,2026-04-01,0.0,April-2026
VOLVO-480,2026-04-01,0.0,April-2026
WATER PUMP,2026-04-01,0.0,April-2026
BD 85 DOZER,2026-04-02,200.0,April-2026
CRUSHER ( CONE ),2026-04-02,0.0,April-2026
CRUSHER ( JAW ),2026-04-02,0.0,April-2026
CRUSHER DG,2026-04-02,200.0,April-2026
CRUSHER(FEEDER),2026-04-02,0.0,April-2026
DOZZER D65E,2026-04-02,0.0,April-2026
DRILL-ELGI-650,2026-04-02,348.0,April-2026
GRADER OD09P-1732,2026-04-02,0.0,April-2026
HITACHI-120,2026-04-02,102.0,April-2026
HITACHI-350,2026-04-02,258.0,April-2026
HYDRA CRANE-1686,2026-04-02,0.0,April-2026
JCB-8262 LOADER,2026-04-02,190.0,April-2026
JH06G-4703,2026-04-02,50.0,April-2026
JH06G-5437,2026-04-02,50.0,April-2026
JH06H-3742,2026-04-02,100.0,April-2026
JH06H-5348,2026-04-02,50.0,April-2026
JH06H-6198 D.TANKER,2026-04-02,0.0,April-2026
JH06H-7764,2026-04-02,50.0,April-2026
JH06H-9654,2026-04-02,50.0,April-2026
JH06P-6214 SCORPIO,2026-04-02,0.0,April-2026
JH06T-7706,2026-04-02,50.0,April-2026
JRD-450+650-1,2026-04-02,120.0,April-2026
JRD-600+CD-360,2026-04-02,270.0,April-2026
KAMASTU-210,2026-04-02,0.0,April-2026
KOBELCO-380 DMCS,2026-04-02,0.0,April-2026
KOMASTU-200,2026-04-02,117.0,April-2026
KOMASTU-350 DMC,2026-04-02,470.0,April-2026
L-6268 SDLG,2026-04-02,0.0,April-2026
LOKO CONE,2026-04-02,0.0,April-2026
LOKO TRACK JAW,2026-04-02,0.0,April-2026
OD07AR-4113 DMC,2026-04-02,0.0,April-2026
OD09A-5105,2026-04-02,50.0,April-2026
OD09A-5106,2026-04-02,0.0,April-2026
OD09A-5666,2026-04-02,0.0,April-2026
OD09A-6059,2026-04-02,0.0,April-2026
OD09AE-5513 DMC,2026-04-02,0.0,April-2026
OD09C-1371,2026-04-02,50.0,April-2026
OD09C-1373,2026-04-02,0.0,April-2026
OD09C-1962,2026-04-02,0.0,April-2026
OD09C-1964,2026-04-02,0.0,April-2026
OD09C-4824,2026-04-02,0.0,April-2026
OD09C-4878,2026-04-02,0.0,April-2026
OD09C-4879,2026-04-02,0.0,April-2026
OD09C-5609 JCB,2026-04-02,0.0,April-2026
OD09C-8163,2026-04-02,0.0,April-2026
OD09C-8164,2026-04-02,0.0,April-2026
OD09C1965,2026-04-02,0.0,April-2026
OD09C4623,2026-04-02,0.0,April-2026
OD09C4625,2026-04-02,0.0,April-2026
OD09C4823,2026-04-02,0.0,April-2026
OD09C5137,2026-04-02,0.0,April-2026
OD09G-6065 CAMPER,2026-04-02,0.0,April-2026
OD09K-1394,2026-04-02,50.0,April-2026
OD09K-2512 W.TANKER,2026-04-02,0.0,April-2026
OD09K-5036,2026-04-02,0.0,April-2026
OD09K-7213 BSM BUS,2026-04-02,0.0,April-2026
OD09P-2986 (CAMPAR),2026-04-02,0.0,April-2026
OD09P-6973 W.TANKER,2026-04-02,100.0,April-2026
OD09V-5619 TATA YODHA,2026-04-02,0.0,April-2026
OD09Z-1202,2026-04-02,0.0,April-2026
OD09Z-1273,2026-04-02,0.0,April-2026
OD09Z-1274,2026-04-02,0.0,April-2026
OD09Z-5613 DMC,2026-04-02,73.0,April-2026
OD09Z-5713 DMC,2026-04-02,82.0,April-2026
OD09Z-5813 DMC,2026-04-02,95.0,April-2026
OD09Z-5913 DMC,2026-04-02,123.0,April-2026
ODO9C5136,2026-04-02,0.0,April-2026
OMC DG (NIGHT USE),2026-04-02,0.0,April-2026
POWER SCREEN RHS,2026-04-02,0.0,April-2026
TATA LOADER-OD02AY-0516,2026-04-02,0.0,April-2026
TOTAL ISSUE,2026-04-02,3523.0,April-2026
VICHELE NO.,2026-04-02,0.0,April-2026
VOLVO 300-2,2026-04-02,0.0,April-2026
VOLVO-300(5),2026-04-02,0.0,April-2026
VOLVO-300-7,2026-04-02,215.0,April-2026
VOLVO-380,2026-04-02,0.0,April-2026
VOLVO-480,2026-04-02,0.0,April-2026
WATER PUMP,2026-04-02,10.0,April-2026
BD 85 DOZER,2026-04-03,150.0,April-2026
CRUSHER ( CONE ),2026-04-03,0.0,April-2026
CRUSHER ( JAW ),2026-04-03,0.0,April-2026
CRUSHER DG,2026-04-03,200.0,April-2026
CRUSHER(FEEDER),2026-04-03,0.0,April-2026
DOZZER D65E,2026-04-03,0.0,April-2026
DRILL-ELGI-650,2026-04-03,340.0,April-2026
GRADER OD09P-1732,2026-04-03,0.0,April-2026
HITACHI-120,2026-04-03,0.0,April-2026
HITACHI-350,2026-04-03,270.0,April-2026
HYDRA CRANE-1686,2026-04-03,0.0,April-2026
JCB-8262 LOADER,2026-04-03,235.0,April-2026
JH06G-4703,2026-04-03,50.0,April-2026
JH06G-5437,2026-04-03,50.0,April-2026
JH06H-3742,2026-04-03,0.0,April-2026
JH06H-5348,2026-04-03,50.0,April-2026
JH06H-6198 D.TANKER,2026-04-03,0.0,April-2026
JH06H-7764,2026-04-03,50.0,April-2026
JH06H-9654,2026-04-03,50.0,April-2026
JH06P-6214 SCORPIO,2026-04-03,0.0,April-2026
JH06T-7706,2026-04-03,50.0,April-2026
JRD-450+650-1,2026-04-03,0.0,April-2026
JRD-600+CD-360,2026-04-03,235.0,April-2026
KAMASTU-210,2026-04-03,414.0,April-2026
KOBELCO-380 DMCS,2026-04-03,0.0,April-2026
KOMASTU-200,2026-04-03,0.0,April-2026
KOMASTU-350 DMC,2026-04-03,0.0,April-2026
L-6268 SDLG,2026-04-03,0.0,April-2026
LOKO CONE,2026-04-03,200.0,April-2026
LOKO TRACK JAW,2026-04-03,200.0,April-2026
OD07AR-4113 DMC,2026-04-03,156.0,April-2026
OD09A-5105,2026-04-03,50.0,April-2026
OD09A-5106,2026-04-03,70.0,April-2026
OD09A-5666,2026-04-03,50.0,April-2026
OD09A-6059,2026-04-03,90.0,April-2026
OD09AE-5513 DMC,2026-04-03,220.0,April-2026
OD09C-1371,2026-04-03,0.0,April-2026
OD09C-1373,2026-04-03,0.0,April-2026
OD09C-1962,2026-04-03,0.0,April-2026
OD09C-1964,2026-04-03,50.0,April-2026
OD09C-4824,2026-04-03,0.0,April-2026
OD09C-4878,2026-04-03,0.0,April-2026
OD09C-4879,2026-04-03,100.0,April-2026
OD09C-5609 JCB,2026-04-03,0.0,April-2026
OD09C-8163,2026-04-03,50.0,April-2026
OD09C-8164,2026-04-03,0.0,April-2026
OD09C1965,2026-04-03,0.0,April-2026
OD09C4623,2026-04-03,0.0,April-2026
OD09C4625,2026-04-03,0.0,April-2026
OD09C4823,2026-04-03,0.0,April-2026
OD09C5137,2026-04-03,0.0,April-2026
OD09G-6065 CAMPER,2026-04-03,0.0,April-2026
OD09K-1394,2026-04-03,50.0,April-2026
OD09K-2512 W.TANKER,2026-04-03,100.0,April-2026
OD09K-5036,2026-04-03,0.0,April-2026
OD09K-7213 BSM BUS,2026-04-03,0.0,April-2026
OD09P-2986 (CAMPAR),2026-04-03,0.0,April-2026
OD09P-6973 W.TANKER,2026-04-03,0.0,April-2026
OD09V-5619 TATA YODHA,2026-04-03,0.0,April-2026
OD09Z-1202,2026-04-03,0.0,April-2026
OD09Z-1273,2026-04-03,0.0,April-2026
OD09Z-1274,2026-04-03,0.0,April-2026
OD09Z-5613 DMC,2026-04-03,0.0,April-2026
OD09Z-5713 DMC,2026-04-03,0.0,April-2026
OD09Z-5813 DMC,2026-04-03,0.0,April-2026
OD09Z-5913 DMC,2026-04-03,0.0,April-2026
ODO9C5136,2026-04-03,0.0,April-2026
OMC DG (NIGHT USE),2026-04-03,0.0,April-2026
POWER SCREEN RHS,2026-04-03,0.0,April-2026
TATA LOADER-OD02AY-0516,2026-04-03,0.0,April-2026
TOTAL ISSUE,2026-04-03,3975.0,April-2026
VICHELE NO.,2026-04-03,0.0,April-2026
VOLVO 300-2,2026-04-03,0.0,April-2026
VOLVO-300(5),2026-04-03,0.0,April-2026
VOLVO-300-7,2026-04-03,130.0,April-2026
VOLVO-380,2026-04-03,0.0,April-2026
VOLVO-480,2026-04-03,310.0,April-2026
WATER PUMP,2026-04-03,5.0,April-2026
BD 85 DOZER,2026-04-04,50.0,April-2026
CRUSHER ( CONE ),2026-04-04,0.0,April-2026
CRUSHER ( JAW ),2026-04-04,0.0,April-2026
CRUSHER DG,2026-04-04,0.0,April-2026
CRUSHER(FEEDER),2026-04-04,0.0,April-2026
DOZZER D65E,2026-04-04,150.0,April-2026
DRILL-ELGI-650,2026-04-04,300.0,April-2026
GRADER OD09P-1732,2026-04-04,0.0,April-2026
HITACHI-120,2026-04-04,0.0,April-2026
HITACHI-350,2026-04-04,0.0,April-2026
HYDRA CRANE-1686,2026-04-04,0.0,April-2026
JCB-8262 LOADER,2026-04-04,194.0,April-2026
JH06G-4703,2026-04-04,0.0,April-2026
JH06G-5437,2026-04-04,0.0,April-2026
JH06H-3742,2026-04-04,0.0,April-2026
JH06H-5348,2026-04-04,50.0,April-2026
JH06H-6198 D.TANKER,2026-04-04,110.0,April-2026
JH06H-7764,2026-04-04,50.0,April-2026
JH06H-9654,2026-04-04,50.0,April-2026
JH06P-6214 SCORPIO,2026-04-04,33.0,April-2026
JH06T-7706,2026-04-04,100.0,April-2026
JRD-450+650-1,2026-04-04,0.0,April-2026
JRD-600+CD-360,2026-04-04,215.0,April-2026
KAMASTU-210,2026-04-04,215.0,April-2026
KOBELCO-380 DMCS,2026-04-04,0.0,April-2026
KOMASTU-200,2026-04-04,158.0,April-2026
KOMASTU-350 DMC,2026-04-04,636.0,April-2026
L-6268 SDLG,2026-04-04,0.0,April-2026
LOKO CONE,2026-04-04,0.0,April-2026
LOKO TRACK JAW,2026-04-04,0.0,April-2026
OD07AR-4113 DMC,2026-04-04,0.0,April-2026
OD09A-5105,2026-04-04,0.0,April-2026
OD09A-5106,2026-04-04,100.0,April-2026
OD09A-5666,2026-04-04,50.0,April-2026
OD09A-6059,2026-04-04,0.0,April-2026
OD09AE-5513 DMC,2026-04-04,0.0,April-2026
OD09C-1371,2026-04-04,50.0,April-2026
OD09C-1373,2026-04-04,0.0,April-2026
OD09C-1962,2026-04-04,0.0,April-2026
OD09C-1964,2026-04-04,50.0,April-2026
OD09C-4824,2026-04-04,0.0,April-2026
OD09C-4878,2026-04-04,0.0,April-2026
OD09C-4879,2026-04-04,0.0,April-2026
OD09C-5609 JCB,2026-04-04,240.0,April-2026
OD09C-8163,2026-04-04,0.0,April-2026
OD09C-8164,2026-04-04,0.0,April-2026
OD09C1965,2026-04-04,0.0,April-2026
OD09C4623,2026-04-04,0.0,April-2026
OD09C4625,2026-04-04,100.0,April-2026
OD09C4823,2026-04-04,70.0,April-2026
OD09C5137,2026-04-04,0.0,April-2026
OD09G-6065 CAMPER,2026-04-04,0.0,April-2026
OD09K-1394,2026-04-04,50.0,April-2026
OD09K-2512 W.TANKER,2026-04-04,0.0,April-2026
OD09K-5036,2026-04-04,0.0,April-2026
OD09K-7213 BSM BUS,2026-04-04,0.0,April-2026
OD09P-2986 (CAMPAR),2026-04-04,0.0,April-2026
OD09P-6973 W.TANKER,2026-04-04,100.0,April-2026
OD09V-5619 TATA YODHA,2026-04-04,40.0,April-2026
OD09Z-1202,2026-04-04,0.0,April-2026
OD09Z-1273,2026-04-04,0.0,April-2026
OD09Z-1274,2026-04-04,0.0,April-2026
OD09Z-5613 DMC,2026-04-04,0.0,April-2026
OD09Z-5713 DMC,2026-04-04,0.0,April-2026
OD09Z-5813 DMC,2026-04-04,0.0,April-2026
OD09Z-5913 DMC,2026-04-04,0.0,April-2026
ODO9C5136,2026-04-04,0.0,April-2026
OMC DG (NIGHT USE),2026-04-04,0.0,April-2026
POWER SCREEN RHS,2026-04-04,0.0,April-2026
TATA LOADER-OD02AY-0516,2026-04-04,0.0,April-2026
TOTAL ISSUE,2026-04-04,3811.0,April-2026
VICHELE NO.,2026-04-04,0.0,April-2026
VOLVO 300-2,2026-04-04,200.0,April-2026
VOLVO-300(5),2026-04-04,0.0,April-2026
VOLVO-300-7,2026-04-04,100.0,April-2026
VOLVO-380,2026-04-04,0.0,April-2026
VOLVO-480,2026-04-04,350.0,April-2026
WATER PUMP,2026-04-04,0.0,April-2026
BD 85 DOZER,2026-04-05,0.0,April-2026
CRUSHER ( CONE ),2026-04-05,0.0,April-2026
CRUSHER ( JAW ),2026-04-05,0.0,April-2026
CRUSHER DG,2026-04-05,0.0,April-2026
CRUSHER(FEEDER),2026-04-05,0.0,April-2026
DOZZER D65E,2026-04-05,0.0,April-2026
DRILL-ELGI-650,2026-04-05,0.0,April-2026
GRADER OD09P-1732,2026-04-05,0.0,April-2026
HITACHI-120,2026-04-05,0.0,April-2026
HITACHI-350,2026-04-05,0.0,April-2026
HYDRA CRANE-1686,2026-04-05,0.0,April-2026
JCB-8262 LOADER,2026-04-05,127.0,April-2026
JH06G-4703,2026-04-05,0.0,April-2026
JH06G-5437,2026-04-05,0.0,April-2026
JH06H-3742,2026-04-05,0.0,April-2026
JH06H-5348,2026-04-05,0.0,April-2026
JH06H-6198 D.TANKER,2026-04-05,0.0,April-2026
JH06H-7764,2026-04-05,0.0,April-2026
JH06H-9654,2026-04-05,0.0,April-2026
JH06P-6214 SCORPIO,2026-04-05,0.0,April-2026
JH06T-7706,2026-04-05,0.0,April-2026
JRD-450+650-1,2026-04-05,0.0,April-2026
JRD-600+CD-360,2026-04-05,0.0,April-2026
KAMASTU-210,2026-04-05,151.0,April-2026
KOBELCO-380 DMCS,2026-04-05,0.0,April-2026
KOMASTU-200,2026-04-05,0.0,April-2026
KOMASTU-350 DMC,2026-04-05,0.0,April-2026
L-6268 SDLG,2026-04-05,0.0,April-2026
LOKO CONE,2026-04-05,200.0,April-2026
LOKO TRACK JAW,2026-04-05,0.0,April-2026
OD07AR-4113 DMC,2026-04-05,0.0,April-2026
OD09A-5105,2026-04-05,0.0,April-2026
OD09A-5106,2026-04-05,0.0,April-2026
OD09A-5666,2026-04-05,0.0,April-2026
OD09A-6059,2026-04-05,0.0,April-2026
OD09AE-5513 DMC,2026-04-05,0.0,April-2026
OD09C-1371,2026-04-05,0.0,April-2026
OD09C-1373,2026-04-05,0.0,April-2026
OD09C-1962,2026-04-05,0.0,April-2026
OD09C-1964,2026-04-05,0.0,April-2026
OD09C-4824,2026-04-05,0.0,April-2026
OD09C-4878,2026-04-05,0.0,April-2026
OD09C-4879,2026-04-05,0.0,April-2026
OD09C-5609 JCB,2026-04-05,48.0,April-2026
OD09C-8163,2026-04-05,0.0,April-2026
OD09C-8164,2026-04-05,0.0,April-2026
OD09C1965,2026-04-05,0.0,April-2026
OD09C4623,2026-04-05,0.0,April-2026
OD09C4625,2026-04-05,0.0,April-2026
OD09C4823,2026-04-05,0.0,April-2026
OD09C5137,2026-04-05,0.0,April-2026
OD09G-6065 CAMPER,2026-04-05,0.0,April-2026
OD09K-1394,2026-04-05,0.0,April-2026
OD09K-2512 W.TANKER,2026-04-05,0.0,April-2026
OD09K-5036,2026-04-05,0.0,April-2026
OD09K-7213 BSM BUS,2026-04-05,0.0,April-2026
OD09P-2986 (CAMPAR),2026-04-05,0.0,April-2026
OD09P-6973 W.TANKER,2026-04-05,0.0,April-2026
OD09V-5619 TATA YODHA,2026-04-05,0.0,April-2026
OD09Z-1202,2026-04-05,0.0,April-2026
OD09Z-1273,2026-04-05,0.0,April-2026
OD09Z-1274,2026-04-05,0.0,April-2026
OD09Z-5613 DMC,2026-04-05,0.0,April-2026
OD09Z-5713 DMC,2026-04-05,0.0,April-2026
OD09Z-5813 DMC,2026-04-05,0.0,April-2026
OD09Z-5913 DMC,2026-04-05,0.0,April-2026
ODO9C5136,2026-04-05,0.0,April-2026
OMC DG (NIGHT USE),2026-04-05,0.0,April-2026
POWER SCREEN RHS,2026-04-05,0.0,April-2026
TATA LOADER-OD02AY-0516,2026-04-05,0.0,April-2026
TOTAL ISSUE,2026-04-05,626.0,April-2026
VICHELE NO.,2026-04-05,0.0,April-2026
VOLVO 300-2,2026-04-05,100.0,April-2026
VOLVO-300(5),2026-04-05,0.0,April-2026
VOLVO-300-7,2026-04-05,0.0,April-2026
VOLVO-380,2026-04-05,0.0,April-2026
VOLVO-480,2026-04-05,0.0,April-2026
WATER PUMP,2026-04-05,0.0,April-2026
BD 85 DOZER,2026-04-06,100.0,April-2026
CRUSHER ( CONE ),2026-04-06,0.0,April-2026
CRUSHER ( JAW ),2026-04-06,0.0,April-2026
CRUSHER DG,2026-04-06,0.0,April-2026
CRUSHER(FEEDER),2026-04-06,0.0,April-2026
DOZZER D65E,2026-04-06,150.0,April-2026
DRILL-ELGI-650,2026-04-06,213.0,April-2026
GRADER OD09P-1732,2026-04-06,0.0,April-2026
HITACHI-120,2026-04-06,155.0,April-2026
HITACHI-350,2026-04-06,0.0,April-2026
HYDRA CRANE-1686,2026-04-06,0.0,April-2026
JCB-8262 LOADER,2026-04-06,256.0,April-2026
JH06G-4703,2026-04-06,60.0,April-2026
JH06G-5437,2026-04-06,50.0,April-2026
JH06H-3742,2026-04-06,0.0,April-2026
JH06H-5348,2026-04-06,0.0,April-2026
JH06H-6198 D.TANKER,2026-04-06,0.0,April-2026
JH06H-7764,2026-04-06,50.0,April-2026
JH06H-9654,2026-04-06,50.0,April-2026
JH06P-6214 SCORPIO,2026-04-06,0.0,April-2026
JH06T-7706,2026-04-06,0.0,April-2026
JRD-450+650-1,2026-04-06,149.0,April-2026
JRD-600+CD-360,2026-04-06,164.0,April-2026
KAMASTU-210,2026-04-06,185.0,April-2026
KOBELCO-380 DMCS,2026-04-06,0.0,April-2026
KOMASTU-200,2026-04-06,0.0,April-2026
KOMASTU-350 DMC,2026-04-06,240.0,April-2026
L-6268 SDLG,2026-04-06,0.0,April-2026
LOKO CONE,2026-04-06,282.0,April-2026
LOKO TRACK JAW,2026-04-06,100.0,April-2026
OD07AR-4113 DMC,2026-04-06,112.0,April-2026
OD09A-5105,2026-04-06,50.0,April-2026
OD09A-5106,2026-04-06,50.0,April-2026
OD09A-5666,2026-04-06,0.0,April-2026
OD09A-6059,2026-04-06,0.0,April-2026
OD09AE-5513 DMC,2026-04-06,112.0,April-2026
OD09C-1371,2026-04-06,0.0,April-2026
OD09C-1373,2026-04-06,0.0,April-2026
OD09C-1962,2026-04-06,0.0,April-2026
OD09C-1964,2026-04-06,0.0,April-2026
OD09C-4824,2026-04-06,0.0,April-2026
OD09C-4878,2026-04-06,0.0,April-2026
OD09C-4879,2026-04-06,50.0,April-2026
OD09C-5609 JCB,2026-04-06,59.0,April-2026
OD09C-8163,2026-04-06,0.0,April-2026
OD09C-8164,2026-04-06,0.0,April-2026
OD09C1965,2026-04-06,0.0,April-2026
OD09C4623,2026-04-06,0.0,April-2026
OD09C4625,2026-04-06,0.0,April-2026
OD09C4823,2026-04-06,100.0,April-2026
OD09C5137,2026-04-06,0.0,April-2026
OD09G-6065 CAMPER,2026-04-06,40.0,April-2026
OD09K-1394,2026-04-06,0.0,April-2026
OD09K-2512 W.TANKER,2026-04-06,100.0,April-2026
OD09K-5036,2026-04-06,0.0,April-2026
OD09K-7213 BSM BUS,2026-04-06,0.0,April-2026
OD09P-2986 (CAMPAR),2026-04-06,58.0,April-2026
OD09P-6973 W.TANKER,2026-04-06,0.0,April-2026
OD09V-5619 TATA YODHA,2026-04-06,0.0,April-2026
OD09Z-1202,2026-04-06,0.0,April-2026
OD09Z-1273,2026-04-06,0.0,April-2026
OD09Z-1274,2026-04-06,0.0,April-2026
OD09Z-5613 DMC,2026-04-06,0.0,April-2026
OD09Z-5713 DMC,2026-04-06,112.0,April-2026
OD09Z-5813 DMC,2026-04-06,112.0,April-2026
OD09Z-5913 DMC,2026-04-06,112.0,April-2026
ODO9C5136,2026-04-06,0.0,April-2026
OMC DG (NIGHT USE),2026-04-06,0.0,April-2026
POWER SCREEN RHS,2026-04-06,0.0,April-2026
TATA LOADER-OD02AY-0516,2026-04-06,0.0,April-2026
TOTAL ISSUE,2026-04-06,3826.0,April-2026
VICHELE NO.,2026-04-06,0.0,April-2026
VOLVO 300-2,2026-04-06,100.0,April-2026
VOLVO-300(5),2026-04-06,0.0,April-2026
VOLVO-300-7,2026-04-06,200.0,April-2026
VOLVO-380,2026-04-06,0.0,April-2026
VOLVO-480,2026-04-06,250.0,April-2026
WATER PUMP,2026-04-06,5.0,April-2026
BD 85 DOZER,2026-04-07,0.0,April-2026
CRUSHER ( CONE ),2026-04-07,0.0,April-2026
CRUSHER ( JAW ),2026-04-07,0.0,April-2026
CRUSHER DG,2026-04-07,200.0,April-2026
CRUSHER(FEEDER),2026-04-07,0.0,April-2026
DOZZER D65E,2026-04-07,100.0,April-2026
DRILL-ELGI-650,2026-04-07,465.0,April-2026
GRADER OD09P-1732,2026-04-07,0.0,April-2026
HITACHI-120,2026-04-07,0.0,April-2026
HITACHI-350,2026-04-07,150.0,April-2026
HYDRA CRANE-1686,2026-04-07,0.0,April-2026
JCB-8262 LOADER,2026-04-07,0.0,April-2026
JH06G-4703,2026-04-07,50.0,April-2026
JH06G-5437,2026-04-07,50.0,April-2026
JH06H-3742,2026-04-07,0.0,April-2026
JH06H-5348,2026-04-07,100.0,April-2026
JH06H-6198 D.TANKER,2026-04-07,0.0,April-2026
JH06H-7764,2026-04-07,50.0,April-2026
JH06H-9654,2026-04-07,50.0,April-2026
JH06P-6214 SCORPIO,2026-04-07,27.0,April-2026
JH06T-7706,2026-04-07,112.0,April-2026
JRD-450+650-1,2026-04-07,83.0,April-2026
JRD-600+CD-360,2026-04-07,224.0,April-2026
KAMASTU-210,2026-04-07,160.0,April-2026
KOBELCO-380 DMCS,2026-04-07,0.0,April-2026
KOMASTU-200,2026-04-07,194.0,April-2026
KOMASTU-350 DMC,2026-04-07,221.0,April-2026
L-6268 SDLG,2026-04-07,0.0,April-2026
LOKO CONE,2026-04-07,0.0,April-2026
LOKO TRACK JAW,2026-04-07,0.0,April-2026
OD07AR-4113 DMC,2026-04-07,79.0,April-2026
OD09A-5105,2026-04-07,56.0,April-2026
OD09A-5106,2026-04-07,50.0,April-2026
OD09A-5666,2026-04-07,101.0,April-2026
OD09A-6059,2026-04-07,50.0,April-2026
OD09AE-5513 DMC,2026-04-07,0.0,April-2026
OD09C-1371,2026-04-07,0.0,April-2026
OD09C-1373,2026-04-07,0.0,April-2026
OD09C-1962,2026-04-07,0.0,April-2026
OD09C-1964,2026-04-07,50.0,April-2026
OD09C-4824,2026-04-07,0.0,April-2026
OD09C-4878,2026-04-07,0.0,April-2026
OD09C-4879,2026-04-07,0.0,April-2026
OD09C-5609 JCB,2026-04-07,114.0,April-2026
OD09C-8163,2026-04-07,100.0,April-2026
OD09C-8164,2026-04-07,0.0,April-2026
OD09C1965,2026-04-07,0.0,April-2026
OD09C4623,2026-04-07,0.0,April-2026
OD09C4625,2026-04-07,105.0,April-2026
OD09C4823,2026-04-07,0.0,April-2026
OD09C5137,2026-04-07,0.0,April-2026
OD09G-6065 CAMPER,2026-04-07,0.0,April-2026
OD09K-1394,2026-04-07,0.0,April-2026
OD09K-2512 W.TANKER,2026-04-07,0.0,April-2026
OD09K-5036,2026-04-07,0.0,April-2026
OD09K-7213 BSM BUS,2026-04-07,80.0,April-2026
OD09P-2986 (CAMPAR),2026-04-07,0.0,April-2026
OD09P-6973 W.TANKER,2026-04-07,40.0,April-2026
OD09V-5619 TATA YODHA,2026-04-07,0.0,April-2026
OD09Z-1202,2026-04-07,0.0,April-2026
OD09Z-1273,2026-04-07,0.0,April-2026
OD09Z-1274,2026-04-07,0.0,April-2026
OD09Z-5613 DMC,2026-04-07,0.0,April-2026
OD09Z-5713 DMC,2026-04-07,112.0,April-2026
OD09Z-5813 DMC,2026-04-07,112.0,April-2026
OD09Z-5913 DMC,2026-04-07,0.0,April-2026
ODO9C5136,2026-04-07,0.0,April-2026
OMC DG (NIGHT USE),2026-04-07,0.0,April-2026
POWER SCREEN RHS,2026-04-07,0.0,April-2026
TATA LOADER-OD02AY-0516,2026-04-07,0.0,April-2026
TOTAL ISSUE,2026-04-07,3535.0,April-2026
VICHELE NO.,2026-04-07,0.0,April-2026
VOLVO 300-2,2026-04-07,0.0,April-2026
VOLVO-300(5),2026-04-07,0.0,April-2026
VOLVO-300-7,2026-04-07,0.0,April-2026
VOLVO-380,2026-04-07,0.0,April-2026
VOLVO-480,2026-04-07,250.0,April-2026
WATER PUMP,2026-04-07,0.0,April-2026
BD 85 DOZER,2026-04-08,100.0,April-2026
CRUSHER ( CONE ),2026-04-08,0.0,April-2026
CRUSHER ( JAW ),2026-04-08,0.0,April-2026
CRUSHER DG,2026-04-08,0.0,April-2026
CRUSHER(FEEDER),2026-04-08,0.0,April-2026
DOZZER D65E,2026-04-08,0.0,April-2026
DRILL-ELGI-650,2026-04-08,200.0,April-2026
GRADER OD09P-1732,2026-04-08,100.0,April-2026
HITACHI-120,2026-04-08,166.0,April-2026
HITACHI-350,2026-04-08,0.0,April-2026
HYDRA CRANE-1686,2026-04-08,0.0,April-2026
JCB-8262 LOADER,2026-04-08,0.0,April-2026
JH06G-4703,2026-04-08,0.0,April-2026
JH06G-5437,2026-04-08,0.0,April-2026
JH06H-3742,2026-04-08,0.0,April-2026
JH06H-5348,2026-04-08,0.0,April-2026
JH06H-6198 D.TANKER,2026-04-08,0.0,April-2026
JH06H-7764,2026-04-08,0.0,April-2026
JH06H-9654,2026-04-08,0.0,April-2026
JH06P-6214 SCORPIO,2026-04-08,0.0,April-2026
JH06T-7706,2026-04-08,0.0,April-2026
JRD-450+650-1,2026-04-08,100.0,April-2026
JRD-600+CD-360,2026-04-08,140.0,April-2026
KAMASTU-210,2026-04-08,150.0,April-2026
KOBELCO-380 DMCS,2026-04-08,0.0,April-2026
KOMASTU-200,2026-04-08,0.0,April-2026
KOMASTU-350 DMC,2026-04-08,0.0,April-2026
L-6268 SDLG,2026-04-08,0.0,April-2026
LOKO CONE,2026-04-08,336.0,April-2026
LOKO TRACK JAW,2026-04-08,200.0,April-2026
OD07AR-4113 DMC,2026-04-08,0.0,April-2026
OD09A-5105,2026-04-08,0.0,April-2026
OD09A-5106,2026-04-08,0.0,April-2026
OD09A-5666,2026-04-08,0.0,April-2026
OD09A-6059,2026-04-08,0.0,April-2026
OD09AE-5513 DMC,2026-04-08,0.0,April-2026
OD09C-1371,2026-04-08,0.0,April-2026
OD09C-1373,2026-04-08,0.0,April-2026
OD09C-1962,2026-04-08,0.0,April-2026
OD09C-1964,2026-04-08,0.0,April-2026
OD09C-4824,2026-04-08,0.0,April-2026
OD09C-4878,2026-04-08,0.0,April-2026
OD09C-4879,2026-04-08,0.0,April-2026
OD09C-5609 JCB,2026-04-08,120.0,April-2026
OD09C-8163,2026-04-08,0.0,April-2026
OD09C-8164,2026-04-08,0.0,April-2026
OD09C1965,2026-04-08,0.0,April-2026
OD09C4623,2026-04-08,0.0,April-2026
OD09C4625,2026-04-08,0.0,April-2026
OD09C4823,2026-04-08,0.0,April-2026
OD09C5137,2026-04-08,0.0,April-2026
OD09G-6065 CAMPER,2026-04-08,0.0,April-2026
OD09K-1394,2026-04-08,0.0,April-2026
OD09K-2512 W.TANKER,2026-04-08,48.0,April-2026
OD09K-5036,2026-04-08,0.0,April-2026
OD09K-7213 BSM BUS,2026-04-08,0.0,April-2026
OD09P-2986 (CAMPAR),2026-04-08,0.0,April-2026
OD09P-6973 W.TANKER,2026-04-08,0.0,April-2026
OD09V-5619 TATA YODHA,2026-04-08,0.0,April-2026
OD09Z-1202,2026-04-08,0.0,April-2026
OD09Z-1273,2026-04-08,0.0,April-2026
OD09Z-1274,2026-04-08,0.0,April-2026
OD09Z-5613 DMC,2026-04-08,112.0,April-2026
OD09Z-5713 DMC,2026-04-08,0.0,April-2026
OD09Z-5813 DMC,2026-04-08,0.0,April-2026
OD09Z-5913 DMC,2026-04-08,112.0,April-2026
ODO9C5136,2026-04-08,0.0,April-2026
OMC DG (NIGHT USE),2026-04-08,0.0,April-2026
POWER SCREEN RHS,2026-04-08,0.0,April-2026
TATA LOADER-OD02AY-0516,2026-04-08,0.0,April-2026
TOTAL ISSUE,2026-04-08,2389.0,April-2026
VICHELE NO.,2026-04-08,0.0,April-2026
VOLVO 300-2,2026-04-08,200.0,April-2026
VOLVO-300(5),2026-04-08,100.0,April-2026
VOLVO-300-7,2026-04-08,0.0,April-2026
VOLVO-380,2026-04-08,0.0,April-2026
VOLVO-480,2026-04-08,200.0,April-2026
WATER PUMP,2026-04-08,5.0,April-2026
BD 85 DOZER,2026-04-09,200.0,April-2026
CRUSHER ( CONE ),2026-04-09,0.0,April-2026
CRUSHER ( JAW ),2026-04-09,0.0,April-2026
CRUSHER DG,2026-04-09,0.0,April-2026
CRUSHER(FEEDER),2026-04-09,0.0,April-2026
DOZZER D65E,2026-04-09,100.0,April-2026
DRILL-ELGI-650,2026-04-09,0.0,April-2026
GRADER OD09P-1732,2026-04-09,0.0,April-2026
HITACHI-120,2026-04-09,0.0,April-2026
HITACHI-350,2026-04-09,0.0,April-2026
HYDRA CRANE-1686,2026-04-09,0.0,April-2026
JCB-8262 LOADER,2026-04-09,0.0,April-2026
JH06G-4703,2026-04-09,50.0,April-2026
JH06G-5437,2026-04-09,0.0,April-2026
JH06H-3742,2026-04-09,0.0,April-2026
JH06H-5348,2026-04-09,0.0,April-2026
JH06H-6198 D.TANKER,2026-04-09,100.0,April-2026
JH06H-7764,2026-04-09,51.0,April-2026
JH06H-9654,2026-04-09,50.0,April-2026
JH06P-6214 SCORPIO,2026-04-09,0.0,April-2026
JH06T-7706,2026-04-09,0.0,April-2026
JRD-450+650-1,2026-04-09,0.0,April-2026
JRD-600+CD-360,2026-04-09,178.0,April-2026
KAMASTU-210,2026-04-09,161.0,April-2026
KOBELCO-380 DMCS,2026-04-09,0.0,April-2026
KOMASTU-200,2026-04-09,0.0,April-2026
KOMASTU-350 DMC,2026-04-09,450.0,April-2026
L-6268 SDLG,2026-04-09,0.0,April-2026
LOKO CONE,2026-04-09,0.0,April-2026
LOKO TRACK JAW,2026-04-09,0.0,April-2026
OD07AR-4113 DMC,2026-04-09,95.0,April-2026
OD09A-5105,2026-04-09,50.0,April-2026
OD09A-5106,2026-04-09,0.0,April-2026
OD09A-5666,2026-04-09,0.0,April-2026
OD09A-6059,2026-04-09,0.0,April-2026
OD09AE-5513 DMC,2026-04-09,150.0,April-2026
OD09C-1371,2026-04-09,0.0,April-2026
OD09C-1373,2026-04-09,0.0,April-2026
OD09C-1962,2026-04-09,0.0,April-2026
OD09C-1964,2026-04-09,0.0,April-2026
OD09C-4824,2026-04-09,0.0,April-2026
OD09C-4878,2026-04-09,0.0,April-2026
OD09C-4879,2026-04-09,0.0,April-2026
OD09C-5609 JCB,2026-04-09,122.0,April-2026
OD09C-8163,2026-04-09,0.0,April-2026
OD09C-8164,2026-04-09,0.0,April-2026
OD09C1965,2026-04-09,0.0,April-2026
OD09C4623,2026-04-09,0.0,April-2026
OD09C4625,2026-04-09,50.0,April-2026
OD09C4823,2026-04-09,50.0,April-2026
OD09C5137,2026-04-09,0.0,April-2026
OD09G-6065 CAMPER,2026-04-09,0.0,April-2026
OD09K-1394,2026-04-09,0.0,April-2026
OD09K-2512 W.TANKER,2026-04-09,0.0,April-2026
OD09K-5036,2026-04-09,0.0,April-2026
OD09K-7213 BSM BUS,2026-04-09,0.0,April-2026
OD09P-2986 (CAMPAR),2026-04-09,0.0,April-2026
OD09P-6973 W.TANKER,2026-04-09,0.0,April-2026
OD09V-5619 TATA YODHA,2026-04-09,0.0,April-2026
OD09Z-1202,2026-04-09,0.0,April-2026
OD09Z-1273,2026-04-09,0.0,April-2026
OD09Z-1274,2026-04-09,0.0,April-2026
OD09Z-5613 DMC,2026-04-09,135.0,April-2026
OD09Z-5713 DMC,2026-04-09,90.0,April-2026
OD09Z-5813 DMC,2026-04-09,0.0,April-2026
OD09Z-5913 DMC,2026-04-09,120.0,April-2026
ODO9C5136,2026-04-09,0.0,April-2026
OMC DG (NIGHT USE),2026-04-09,0.0,April-2026
POWER SCREEN RHS,2026-04-09,0.0,April-2026
TATA LOADER-OD02AY-0516,2026-04-09,0.0,April-2026
TOTAL ISSUE,2026-04-09,2452.0,April-2026
VICHELE NO.,2026-04-09,0.0,April-2026
VOLVO 300-2,2026-04-09,0.0,April-2026
VOLVO-300(5),2026-04-09,0.0,April-2026
VOLVO-300-7,2026-04-09,0.0,April-2026
VOLVO-380,2026-04-09,0.0,April-2026
VOLVO-480,2026-04-09,250.0,April-2026
WATER PUMP,2026-04-09,0.0,April-2026
BD 85 DOZER,2026-04-10,150.0,April-2026
CRUSHER ( CONE ),2026-04-10,0.0,April-2026
CRUSHER ( JAW ),2026-04-10,0.0,April-2026
CRUSHER DG,2026-04-10,0.0,April-2026
CRUSHER(FEEDER),2026-04-10,0.0,April-2026
DOZZER D65E,2026-04-10,150.0,April-2026
DRILL-ELGI-650,2026-04-10,269.0,April-2026
GRADER OD09P-1732,2026-04-10,150.0,April-2026
HITACHI-120,2026-04-10,184.0,April-2026
HITACHI-350,2026-04-10,0.0,April-2026
HYDRA CRANE-1686,2026-04-10,0.0,April-2026
JCB-8262 LOADER,2026-04-10,0.0,April-2026
JH06G-4703,2026-04-10,0.0,April-2026
JH06G-5437,2026-04-10,0.0,April-2026
JH06H-3742,2026-04-10,0.0,April-2026
JH06H-5348,2026-04-10,50.0,April-2026
JH06H-6198 D.TANKER,2026-04-10,0.0,April-2026
JH06H-7764,2026-04-10,50.0,April-2026
JH06H-9654,2026-04-10,0.0,April-2026
JH06P-6214 SCORPIO,2026-04-10,35.0,April-2026
JH06T-7706,2026-04-10,50.0,April-2026
JRD-450+650-1,2026-04-10,0.0,April-2026
JRD-600+CD-360,2026-04-10,212.0,April-2026
KAMASTU-210,2026-04-10,200.0,April-2026
KOBELCO-380 DMCS,2026-04-10,0.0,April-2026
KOMASTU-200,2026-04-10,0.0,April-2026
KOMASTU-350 DMC,2026-04-10,380.0,April-2026
L-6268 SDLG,2026-04-10,0.0,April-2026
LOKO CONE,2026-04-10,0.0,April-2026
LOKO TRACK JAW,2026-04-10,0.0,April-2026
OD07AR-4113 DMC,2026-04-10,0.0,April-2026
OD09A-5105,2026-04-10,0.0,April-2026
OD09A-5106,2026-04-10,50.0,April-2026
OD09A-5666,2026-04-10,50.0,April-2026
OD09A-6059,2026-04-10,50.0,April-2026
OD09AE-5513 DMC,2026-04-10,0.0,April-2026
OD09C-1371,2026-04-10,50.0,April-2026
OD09C-1373,2026-04-10,0.0,April-2026
OD09C-1962,2026-04-10,0.0,April-2026
OD09C-1964,2026-04-10,50.0,April-2026
OD09C-4824,2026-04-10,0.0,April-2026
OD09C-4878,2026-04-10,0.0,April-2026
OD09C-4879,2026-04-10,50.0,April-2026
OD09C-5609 JCB,2026-04-10,50.0,April-2026
OD09C-8163,2026-04-10,0.0,April-2026
OD09C-8164,2026-04-10,0.0,April-2026
OD09C1965,2026-04-10,0.0,April-2026
OD09C4623,2026-04-10,0.0,April-2026
OD09C4625,2026-04-10,50.0,April-2026
OD09C4823,2026-04-10,50.0,April-2026
OD09C5137,2026-04-10,0.0,April-2026
OD09G-6065 CAMPER,2026-04-10,0.0,April-2026
OD09K-1394,2026-04-10,0.0,April-2026
OD09K-2512 W.TANKER,2026-04-10,0.0,April-2026
OD09K-5036,2026-04-10,0.0,April-2026
OD09K-7213 BSM BUS,2026-04-10,0.0,April-2026
OD09P-2986 (CAMPAR),2026-04-10,0.0,April-2026
OD09P-6973 W.TANKER,2026-04-10,55.0,April-2026
OD09V-5619 TATA YODHA,2026-04-10,0.0,April-2026
OD09Z-1202,2026-04-10,224.0,April-2026
OD09Z-1273,2026-04-10,127.0,April-2026
OD09Z-1274,2026-04-10,112.0,April-2026
OD09Z-5613 DMC,2026-04-10,0.0,April-2026
OD09Z-5713 DMC,2026-04-10,0.0,April-2026
OD09Z-5813 DMC,2026-04-10,0.0,April-2026
OD09Z-5913 DMC,2026-04-10,0.0,April-2026
ODO9C5136,2026-04-10,0.0,April-2026
OMC DG (NIGHT USE),2026-04-10,0.0,April-2026
POWER SCREEN RHS,2026-04-10,100.0,April-2026
TATA LOADER-OD02AY-0516,2026-04-10,0.0,April-2026
TOTAL ISSUE,2026-04-10,3498.0,April-2026
VICHELE NO.,2026-04-10,0.0,April-2026
VOLVO 300-2,2026-04-10,200.0,April-2026
VOLVO-300(5),2026-04-10,100.0,April-2026
VOLVO-300-7,2026-04-10,0.0,April-2026
VOLVO-380,2026-04-10,0.0,April-2026
VOLVO-480,2026-04-10,250.0,April-2026
WATER PUMP,2026-04-10,0.0,April-2026
BD 85 DOZER,2026-04-11,100.0,April-2026
CRUSHER ( CONE ),2026-04-11,0.0,April-2026
CRUSHER ( JAW ),2026-04-11,0.0,April-2026
CRUSHER DG,2026-04-11,0.0,April-2026
CRUSHER(FEEDER),2026-04-11,0.0,April-2026
DOZZER D65E,2026-04-11,150.0,April-2026
DRILL-ELGI-650,2026-04-11,0.0,April-2026
GRADER OD09P-1732,2026-04-11,0.0,April-2026
HITACHI-120,2026-04-11,125.0,April-2026
HITACHI-350,2026-04-11,0.0,April-2026
HYDRA CRANE-1686,2026-04-11,0.0,April-2026
JCB-8262 LOADER,2026-04-11,262.0,April-2026
JH06G-4703,2026-04-11,0.0,April-2026
JH06G-5437,2026-04-11,0.0,April-2026
JH06H-3742,2026-04-11,0.0,April-2026
JH06H-5348,2026-04-11,0.0,April-2026
JH06H-6198 D.TANKER,2026-04-11,0.0,April-2026
JH06H-7764,2026-04-11,0.0,April-2026
JH06H-9654,2026-04-11,50.0,April-2026
JH06P-6214 SCORPIO,2026-04-11,0.0,April-2026
JH06T-7706,2026-04-11,50.0,April-2026
JRD-450+650-1,2026-04-11,124.0,April-2026
JRD-600+CD-360,2026-04-11,0.0,April-2026
KAMASTU-210,2026-04-11,240.0,April-2026
KOBELCO-380 DMCS,2026-04-11,0.0,April-2026
KOMASTU-200,2026-04-11,0.0,April-2026
KOMASTU-350 DMC,2026-04-11,258.0,April-2026
L-6268 SDLG,2026-04-11,0.0,April-2026
LOKO CONE,2026-04-11,0.0,April-2026
LOKO TRACK JAW,2026-04-11,0.0,April-2026
OD07AR-4113 DMC,2026-04-11,0.0,April-2026
OD09A-5105,2026-04-11,50.0,April-2026
OD09A-5106,2026-04-11,0.0,April-2026
OD09A-5666,2026-04-11,0.0,April-2026
OD09A-6059,2026-04-11,0.0,April-2026
OD09AE-5513 DMC,2026-04-11,0.0,April-2026
OD09C-1371,2026-04-11,0.0,April-2026
OD09C-1373,2026-04-11,0.0,April-2026
OD09C-1962,2026-04-11,0.0,April-2026
OD09C-1964,2026-04-11,0.0,April-2026
OD09C-4824,2026-04-11,0.0,April-2026
OD09C-4878,2026-04-11,0.0,April-2026
OD09C-4879,2026-04-11,0.0,April-2026
OD09C-5609 JCB,2026-04-11,0.0,April-2026
OD09C-8163,2026-04-11,0.0,April-2026
OD09C-8164,2026-04-11,0.0,April-2026
OD09C1965,2026-04-11,0.0,April-2026
OD09C4623,2026-04-11,0.0,April-2026
OD09C4625,2026-04-11,0.0,April-2026
OD09C4823,2026-04-11,0.0,April-2026
OD09C5137,2026-04-11,0.0,April-2026
OD09G-6065 CAMPER,2026-04-11,52.0,April-2026
OD09K-1394,2026-04-11,0.0,April-2026
OD09K-2512 W.TANKER,2026-04-11,0.0,April-2026
OD09K-5036,2026-04-11,0.0,April-2026
OD09K-7213 BSM BUS,2026-04-11,0.0,April-2026
OD09P-2986 (CAMPAR),2026-04-11,0.0,April-2026
OD09P-6973 W.TANKER,2026-04-11,0.0,April-2026
OD09V-5619 TATA YODHA,2026-04-11,34.0,April-2026
OD09Z-1202,2026-04-11,0.0,April-2026
OD09Z-1273,2026-04-11,0.0,April-2026
OD09Z-1274,2026-04-11,0.0,April-2026
OD09Z-5613 DMC,2026-04-11,0.0,April-2026
OD09Z-5713 DMC,2026-04-11,0.0,April-2026
OD09Z-5813 DMC,2026-04-11,0.0,April-2026
OD09Z-5913 DMC,2026-04-11,0.0,April-2026
ODO9C5136,2026-04-11,100.0,April-2026
OMC DG (NIGHT USE),2026-04-11,0.0,April-2026
POWER SCREEN RHS,2026-04-11,0.0,April-2026
TATA LOADER-OD02AY-0516,2026-04-11,0.0,April-2026
TOTAL ISSUE,2026-04-11,2152.0,April-2026
VICHELE NO.,2026-04-11,0.0,April-2026
VOLVO 300-2,2026-04-11,200.0,April-2026
VOLVO-300(5),2026-04-11,0.0,April-2026
VOLVO-300-7,2026-04-11,100.0,April-2026
VOLVO-380,2026-04-11,0.0,April-2026
VOLVO-480,2026-04-11,252.0,April-2026
WATER PUMP,2026-04-11,5.0,April-2026
BD 85 DOZER,2026-04-12,0.0,April-2026
CRUSHER ( CONE ),2026-04-12,0.0,April-2026
CRUSHER ( JAW ),2026-04-12,0.0,April-2026
CRUSHER DG,2026-04-12,0.0,April-2026
CRUSHER(FEEDER),2026-04-12,0.0,April-2026
DOZZER D65E,2026-04-12,0.0,April-2026
DRILL-ELGI-650,2026-04-12,0.0,April-2026
GRADER OD09P-1732,2026-04-12,0.0,April-2026
HITACHI-120,2026-04-12,0.0,April-2026
HITACHI-350,2026-04-12,0.0,April-2026
HYDRA CRANE-1686,2026-04-12,0.0,April-2026
JCB-8262 LOADER,2026-04-12,119.0,April-2026
JH06G-4703,2026-04-12,0.0,April-2026
JH06G-5437,2026-04-12,0.0,April-2026
JH06H-3742,2026-04-12,0.0,April-2026
JH06H-5348,2026-04-12,0.0,April-2026
JH06H-6198 D.TANKER,2026-04-12,50.0,April-2026
JH06H-7764,2026-04-12,0.0,April-2026
JH06H-9654,2026-04-12,0.0,April-2026
JH06P-6214 SCORPIO,2026-04-12,0.0,April-2026
JH06T-7706,2026-04-12,0.0,April-2026
JRD-450+650-1,2026-04-12,0.0,April-2026
JRD-600+CD-360,2026-04-12,0.0,April-2026
KAMASTU-210,2026-04-12,112.0,April-2026
KOBELCO-380 DMCS,2026-04-12,0.0,April-2026
KOMASTU-200,2026-04-12,0.0,April-2026
KOMASTU-350 DMC,2026-04-12,0.0,April-2026
L-6268 SDLG,2026-04-12,0.0,April-2026
LOKO CONE,2026-04-12,0.0,April-2026
LOKO TRACK JAW,2026-04-12,0.0,April-2026
OD07AR-4113 DMC,2026-04-12,0.0,April-2026
OD09A-5105,2026-04-12,0.0,April-2026
OD09A-5106,2026-04-12,0.0,April-2026
OD09A-5666,2026-04-12,0.0,April-2026
OD09A-6059,2026-04-12,0.0,April-2026
OD09AE-5513 DMC,2026-04-12,0.0,April-2026
OD09C-1371,2026-04-12,0.0,April-2026
OD09C-1373,2026-04-12,0.0,April-2026
OD09C-1962,2026-04-12,0.0,April-2026
OD09C-1964,2026-04-12,0.0,April-2026
OD09C-4824,2026-04-12,0.0,April-2026
OD09C-4878,2026-04-12,0.0,April-2026
OD09C-4879,2026-04-12,0.0,April-2026
OD09C-5609 JCB,2026-04-12,0.0,April-2026
OD09C-8163,2026-04-12,0.0,April-2026
OD09C-8164,2026-04-12,0.0,April-2026
OD09C1965,2026-04-12,0.0,April-2026
OD09C4623,2026-04-12,0.0,April-2026
OD09C4625,2026-04-12,0.0,April-2026
OD09C4823,2026-04-12,0.0,April-2026
OD09C5137,2026-04-12,0.0,April-2026
OD09G-6065 CAMPER,2026-04-12,0.0,April-2026
OD09K-1394,2026-04-12,0.0,April-2026
OD09K-2512 W.TANKER,2026-04-12,0.0,April-2026
OD09K-5036,2026-04-12,0.0,April-2026
OD09K-7213 BSM BUS,2026-04-12,0.0,April-2026
OD09P-2986 (CAMPAR),2026-04-12,0.0,April-2026
OD09P-6973 W.TANKER,2026-04-12,0.0,April-2026
OD09V-5619 TATA YODHA,2026-04-12,0.0,April-2026
OD09Z-1202,2026-04-12,0.0,April-2026
OD09Z-1273,2026-04-12,0.0,April-2026
OD09Z-1274,2026-04-12,0.0,April-2026
OD09Z-5613 DMC,2026-04-12,0.0,April-2026
OD09Z-5713 DMC,2026-04-12,0.0,April-2026
OD09Z-5813 DMC,2026-04-12,0.0,April-2026
OD09Z-5913 DMC,2026-04-12,0.0,April-2026
ODO9C5136,2026-04-12,0.0,April-2026
OMC DG (NIGHT USE),2026-04-12,0.0,April-2026
POWER SCREEN RHS,2026-04-12,0.0,April-2026
TATA LOADER-OD02AY-0516,2026-04-12,0.0,April-2026
TOTAL ISSUE,2026-04-12,581.0,April-2026
VICHELE NO.,2026-04-12,0.0,April-2026
VOLVO 300-2,2026-04-12,100.0,April-2026
VOLVO-300(5),2026-04-12,0.0,April-2026
VOLVO-300-7,2026-04-12,0.0,April-2026
VOLVO-380,2026-04-12,200.0,April-2026
VOLVO-480,2026-04-12,0.0,April-2026
WATER PUMP,2026-04-12,0.0,April-2026
BD 85 DOZER,2026-04-13,200.0,April-2026
CRUSHER ( CONE ),2026-04-13,0.0,April-2026
CRUSHER ( JAW ),2026-04-13,0.0,April-2026
CRUSHER DG,2026-04-13,200.0,April-2026
CRUSHER(FEEDER),2026-04-13,0.0,April-2026
DOZZER D65E,2026-04-13,100.0,April-2026
DRILL-ELGI-650,2026-04-13,0.0,April-2026
GRADER OD09P-1732,2026-04-13,0.0,April-2026
HITACHI-120,2026-04-13,0.0,April-2026
HITACHI-350,2026-04-13,0.0,April-2026
HYDRA CRANE-1686,2026-04-13,0.0,April-2026
JCB-8262 LOADER,2026-04-13,166.0,April-2026
JH06G-4703,2026-04-13,50.0,April-2026
JH06G-5437,2026-04-13,50.0,April-2026
JH06H-3742,2026-04-13,0.0,April-2026
JH06H-5348,2026-04-13,0.0,April-2026
JH06H-6198 D.TANKER,2026-04-13,0.0,April-2026
JH06H-7764,2026-04-13,50.0,April-2026
JH06H-9654,2026-04-13,56.0,April-2026
JH06P-6214 SCORPIO,2026-04-13,27.0,April-2026
JH06T-7706,2026-04-13,50.0,April-2026
JRD-450+650-1,2026-04-13,160.0,April-2026
JRD-600+CD-360,2026-04-13,258.0,April-2026
KAMASTU-210,2026-04-13,0.0,April-2026
KOBELCO-380 DMCS,2026-04-13,0.0,April-2026
KOMASTU-200,2026-04-13,200.0,April-2026
KOMASTU-350 DMC,2026-04-13,257.0,April-2026
L-6268 SDLG,2026-04-13,0.0,April-2026
LOKO CONE,2026-04-13,300.0,April-2026
LOKO TRACK JAW,2026-04-13,200.0,April-2026
OD07AR-4113 DMC,2026-04-13,0.0,April-2026
OD09A-5105,2026-04-13,50.0,April-2026
OD09A-5106,2026-04-13,0.0,April-2026
OD09A-5666,2026-04-13,0.0,April-2026
OD09A-6059,2026-04-13,0.0,April-2026
OD09AE-5513 DMC,2026-04-13,0.0,April-2026
OD09C-1371,2026-04-13,0.0,April-2026
OD09C-1373,2026-04-13,0.0,April-2026
OD09C-1962,2026-04-13,0.0,April-2026
OD09C-1964,2026-04-13,50.0,April-2026
OD09C-4824,2026-04-13,0.0,April-2026
OD09C-4878,2026-04-13,0.0,April-2026
OD09C-4879,2026-04-13,0.0,April-2026
OD09C-5609 JCB,2026-04-13,0.0,April-2026
OD09C-8163,2026-04-13,50.0,April-2026
OD09C-8164,2026-04-13,0.0,April-2026
OD09C1965,2026-04-13,0.0,April-2026
OD09C4623,2026-04-13,0.0,April-2026
OD09C4625,2026-04-13,50.0,April-2026
OD09C4823,2026-04-13,50.0,April-2026
OD09C5137,2026-04-13,0.0,April-2026
OD09G-6065 CAMPER,2026-04-13,0.0,April-2026
OD09K-1394,2026-04-13,0.0,April-2026
OD09K-2512 W.TANKER,2026-04-13,100.0,April-2026
OD09K-5036,2026-04-13,0.0,April-2026
OD09K-7213 BSM BUS,2026-04-13,0.0,April-2026
OD09P-2986 (CAMPAR),2026-04-13,54.0,April-2026
OD09P-6973 W.TANKER,2026-04-13,100.0,April-2026
OD09V-5619 TATA YODHA,2026-04-13,0.0,April-2026
OD09Z-1202,2026-04-13,0.0,April-2026
OD09Z-1273,2026-04-13,0.0,April-2026
OD09Z-1274,2026-04-13,0.0,April-2026
OD09Z-5613 DMC,2026-04-13,0.0,April-2026
OD09Z-5713 DMC,2026-04-13,0.0,April-2026
OD09Z-5813 DMC,2026-04-13,0.0,April-2026
OD09Z-5913 DMC,2026-04-13,125.0,April-2026
ODO9C5136,2026-04-13,50.0,April-2026
OMC DG (NIGHT USE),2026-04-13,0.0,April-2026
POWER SCREEN RHS,2026-04-13,100.0,April-2026
TATA LOADER-OD02AY-0516,2026-04-13,0.0,April-2026
TOTAL ISSUE,2026-04-13,3758.0,April-2026
VICHELE NO.,2026-04-13,0.0,April-2026
VOLVO 300-2,2026-04-13,0.0,April-2026
VOLVO-300(5),2026-04-13,300.0,April-2026
VOLVO-300-7,2026-04-13,100.0,April-2026
VOLVO-380,2026-04-13,0.0,April-2026
VOLVO-480,2026-04-13,250.0,April-2026
WATER PUMP,2026-04-13,5.0,April-2026
BD 85 DOZER,2026-04-14,0.0,April-2026
CRUSHER ( CONE ),2026-04-14,0.0,April-2026
CRUSHER ( JAW ),2026-04-14,0.0,April-2026
CRUSHER DG,2026-04-14,0.0,April-2026
CRUSHER(FEEDER),2026-04-14,0.0,April-2026
DOZZER D65E,2026-04-14,0.0,April-2026
DRILL-ELGI-650,2026-04-14,0.0,April-2026
GRADER OD09P-1732,2026-04-14,0.0,April-2026
HITACHI-120,2026-04-14,150.0,April-2026
HITACHI-350,2026-04-14,250.0,April-2026
HYDRA CRANE-1686,2026-04-14,0.0,April-2026
JCB-8262 LOADER,2026-04-14,165.0,April-2026
JH06G-4703,2026-04-14,70.0,April-2026
JH06G-5437,2026-04-14,50.0,April-2026
JH06H-3742,2026-04-14,0.0,April-2026
JH06H-5348,2026-04-14,50.0,April-2026
JH06H-6198 D.TANKER,2026-04-14,0.0,April-2026
JH06H-7764,2026-04-14,50.0,April-2026
JH06H-9654,2026-04-14,70.0,April-2026
JH06P-6214 SCORPIO,2026-04-14,23.0,April-2026
JH06T-7706,2026-04-14,50.0,April-2026
JRD-450+650-1,2026-04-14,172.0,April-2026
JRD-600+CD-360,2026-04-14,186.0,April-2026
KAMASTU-210,2026-04-14,150.0,April-2026
KOBELCO-380 DMCS,2026-04-14,0.0,April-2026
KOMASTU-200,2026-04-14,0.0,April-2026
KOMASTU-350 DMC,2026-04-14,284.0,April-2026
L-6268 SDLG,2026-04-14,185.0,April-2026
LOKO CONE,2026-04-14,0.0,April-2026
LOKO TRACK JAW,2026-04-14,0.0,April-2026
OD07AR-4113 DMC,2026-04-14,0.0,April-2026
OD09A-5105,2026-04-14,70.0,April-2026
OD09A-5106,2026-04-14,0.0,April-2026
OD09A-5666,2026-04-14,0.0,April-2026
OD09A-6059,2026-04-14,50.0,April-2026
OD09AE-5513 DMC,2026-04-14,0.0,April-2026
OD09C-1371,2026-04-14,0.0,April-2026
OD09C-1373,2026-04-14,0.0,April-2026
OD09C-1962,2026-04-14,0.0,April-2026
OD09C-1964,2026-04-14,0.0,April-2026
OD09C-4824,2026-04-14,0.0,April-2026
OD09C-4878,2026-04-14,0.0,April-2026
OD09C-4879,2026-04-14,0.0,April-2026
OD09C-5609 JCB,2026-04-14,0.0,April-2026
OD09C-8163,2026-04-14,0.0,April-2026
OD09C-8164,2026-04-14,0.0,April-2026
OD09C1965,2026-04-14,0.0,April-2026
OD09C4623,2026-04-14,0.0,April-2026
OD09C4625,2026-04-14,0.0,April-2026
OD09C4823,2026-04-14,50.0,April-2026
OD09C5137,2026-04-14,0.0,April-2026
OD09G-6065 CAMPER,2026-04-14,0.0,April-2026
OD09K-1394,2026-04-14,0.0,April-2026
OD09K-2512 W.TANKER,2026-04-14,0.0,April-2026
OD09K-5036,2026-04-14,0.0,April-2026
OD09K-7213 BSM BUS,2026-04-14,0.0,April-2026
OD09P-2986 (CAMPAR),2026-04-14,0.0,April-2026
OD09P-6973 W.TANKER,2026-04-14,0.0,April-2026
OD09V-5619 TATA YODHA,2026-04-14,0.0,April-2026
OD09Z-1202,2026-04-14,0.0,April-2026
OD09Z-1273,2026-04-14,0.0,April-2026
OD09Z-1274,2026-04-14,0.0,April-2026
OD09Z-5613 DMC,2026-04-14,0.0,April-2026
OD09Z-5713 DMC,2026-04-14,114.0,April-2026
OD09Z-5813 DMC,2026-04-14,115.0,April-2026
OD09Z-5913 DMC,2026-04-14,0.0,April-2026
ODO9C5136,2026-04-14,0.0,April-2026
OMC DG (NIGHT USE),2026-04-14,0.0,April-2026
POWER SCREEN RHS,2026-04-14,0.0,April-2026
TATA LOADER-OD02AY-0516,2026-04-14,0.0,April-2026
TOTAL ISSUE,2026-04-14,2810.0,April-2026
VICHELE NO.,2026-04-14,0.0,April-2026
VOLVO 300-2,2026-04-14,200.0,April-2026
VOLVO-300(5),2026-04-14,0.0,April-2026
VOLVO-300-7,2026-04-14,150.0,April-2026
VOLVO-380,2026-04-14,0.0,April-2026
VOLVO-480,2026-04-14,156.0,April-2026
WATER PUMP,2026-04-14,0.0,April-2026
BD 85 DOZER,2026-04-15,0.0,April-2026
CRUSHER ( CONE ),2026-04-15,0.0,April-2026
CRUSHER ( JAW ),2026-04-15,0.0,April-2026
CRUSHER DG,2026-04-15,0.0,April-2026
CRUSHER(FEEDER),2026-04-15,0.0,April-2026
DOZZER D65E,2026-04-15,0.0,April-2026
DRILL-ELGI-650,2026-04-15,200.0,April-2026
GRADER OD09P-1732,2026-04-15,0.0,April-2026
HITACHI-120,2026-04-15,0.0,April-2026
HITACHI-350,2026-04-15,0.0,April-2026
HYDRA CRANE-1686,2026-04-15,0.0,April-2026
JCB-8262 LOADER,2026-04-15,160.0,April-2026
JH06G-4703,2026-04-15,0.0,April-2026
JH06G-5437,2026-04-15,0.0,April-2026
JH06H-3742,2026-04-15,0.0,April-2026
JH06H-5348,2026-04-15,0.0,April-2026
JH06H-6198 D.TANKER,2026-04-15,50.0,April-2026
JH06H-7764,2026-04-15,0.0,April-2026
JH06H-9654,2026-04-15,0.0,April-2026
JH06P-6214 SCORPIO,2026-04-15,0.0,April-2026
JH06T-7706,2026-04-15,0.0,April-2026
JRD-450+650-1,2026-04-15,251.0,April-2026
JRD-600+CD-360,2026-04-15,0.0,April-2026
KAMASTU-210,2026-04-15,200.0,April-2026
KOBELCO-380 DMCS,2026-04-15,0.0,April-2026
KOMASTU-200,2026-04-15,100.0,April-2026
KOMASTU-350 DMC,2026-04-15,228.0,April-2026
L-6268 SDLG,2026-04-15,109.0,April-2026
LOKO CONE,2026-04-15,0.0,April-2026
LOKO TRACK JAW,2026-04-15,0.0,April-2026
OD07AR-4113 DMC,2026-04-15,0.0,April-2026
OD09A-5105,2026-04-15,0.0,April-2026
OD09A-5106,2026-04-15,0.0,April-2026
OD09A-5666,2026-04-15,0.0,April-2026
OD09A-6059,2026-04-15,0.0,April-2026
OD09AE-5513 DMC,2026-04-15,0.0,April-2026
OD09C-1371,2026-04-15,0.0,April-2026
OD09C-1373,2026-04-15,0.0,April-2026
OD09C-1962,2026-04-15,0.0,April-2026
OD09C-1964,2026-04-15,50.0,April-2026
OD09C-4824,2026-04-15,0.0,April-2026
OD09C-4878,2026-04-15,0.0,April-2026
OD09C-4879,2026-04-15,0.0,April-2026
OD09C-5609 JCB,2026-04-15,0.0,April-2026
OD09C-8163,2026-04-15,0.0,April-2026
OD09C-8164,2026-04-15,0.0,April-2026
OD09C1965,2026-04-15,0.0,April-2026
OD09C4623,2026-04-15,0.0,April-2026
OD09C4625,2026-04-15,0.0,April-2026
OD09C4823,2026-04-15,0.0,April-2026
OD09C5137,2026-04-15,0.0,April-2026
OD09G-6065 CAMPER,2026-04-15,0.0,April-2026
OD09K-1394,2026-04-15,0.0,April-2026
OD09K-2512 W.TANKER,2026-04-15,0.0,April-2026
OD09K-5036,2026-04-15,0.0,April-2026
OD09K-7213 BSM BUS,2026-04-15,0.0,April-2026
OD09P-2986 (CAMPAR),2026-04-15,0.0,April-2026
OD09P-6973 W.TANKER,2026-04-15,0.0,April-2026
OD09V-5619 TATA YODHA,2026-04-15,0.0,April-2026
OD09Z-1202,2026-04-15,0.0,April-2026
OD09Z-1273,2026-04-15,0.0,April-2026
OD09Z-1274,2026-04-15,0.0,April-2026
OD09Z-5613 DMC,2026-04-15,0.0,April-2026
OD09Z-5713 DMC,2026-04-15,0.0,April-2026
OD09Z-5813 DMC,2026-04-15,0.0,April-2026
OD09Z-5913 DMC,2026-04-15,0.0,April-2026
ODO9C5136,2026-04-15,0.0,April-2026
OMC DG (NIGHT USE),2026-04-15,0.0,April-2026
POWER SCREEN RHS,2026-04-15,100.0,April-2026
TATA LOADER-OD02AY-0516,2026-04-15,0.0,April-2026
TOTAL ISSUE,2026-04-15,2122.0,April-2026
VICHELE NO.,2026-04-15,0.0,April-2026
VOLVO 300-2,2026-04-15,72.0,April-2026
VOLVO-300(5),2026-04-15,0.0,April-2026
VOLVO-300-7,2026-04-15,0.0,April-2026
VOLVO-380,2026-04-15,250.0,April-2026
VOLVO-480,2026-04-15,352.0,April-2026
WATER PUMP,2026-04-15,0.0,April-2026
BD 85 DOZER,2026-04-16,150.0,April-2026
CRUSHER ( CONE ),2026-04-16,0.0,April-2026
CRUSHER ( JAW ),2026-04-16,0.0,April-2026
CRUSHER DG,2026-04-16,0.0,April-2026
CRUSHER(FEEDER),2026-04-16,0.0,April-2026
DOZZER D65E,2026-04-16,0.0,April-2026
DRILL-ELGI-650,2026-04-16,0.0,April-2026
GRADER OD09P-1732,2026-04-16,0.0,April-2026
HITACHI-120,2026-04-16,0.0,April-2026
HITACHI-350,2026-04-16,0.0,April-2026
HYDRA CRANE-1686,2026-04-16,0.0,April-2026
JCB-8262 LOADER,2026-04-16,232.0,April-2026
JH06G-4703,2026-04-16,0.0,April-2026
JH06G-5437,2026-04-16,80.0,April-2026
JH06H-3742,2026-04-16,0.0,April-2026
JH06H-5348,2026-04-16,80.0,April-2026
JH06H-6198 D.TANKER,2026-04-16,100.0,April-2026
JH06H-7764,2026-04-16,0.0,April-2026
JH06H-9654,2026-04-16,0.0,April-2026
JH06P-6214 SCORPIO,2026-04-16,30.0,April-2026
JH06T-7706,2026-04-16,0.0,April-2026
JRD-450+650-1,2026-04-16,0.0,April-2026
JRD-600+CD-360,2026-04-16,317.0,April-2026
KAMASTU-210,2026-04-16,300.0,April-2026
KOBELCO-380 DMCS,2026-04-16,296.0,April-2026
KOMASTU-200,2026-04-16,160.0,April-2026
KOMASTU-350 DMC,2026-04-16,150.0,April-2026
L-6268 SDLG,2026-04-16,230.0,April-2026
LOKO CONE,2026-04-16,0.0,April-2026
LOKO TRACK JAW,2026-04-16,0.0,April-2026
OD07AR-4113 DMC,2026-04-16,109.0,April-2026
OD09A-5105,2026-04-16,105.0,April-2026
OD09A-5106,2026-04-16,0.0,April-2026
OD09A-5666,2026-04-16,102.0,April-2026
OD09A-6059,2026-04-16,110.0,April-2026
OD09AE-5513 DMC,2026-04-16,114.0,April-2026
OD09C-1371,2026-04-16,0.0,April-2026
OD09C-1373,2026-04-16,0.0,April-2026
OD09C-1962,2026-04-16,0.0,April-2026
OD09C-1964,2026-04-16,50.0,April-2026
OD09C-4824,2026-04-16,0.0,April-2026
OD09C-4878,2026-04-16,0.0,April-2026
OD09C-4879,2026-04-16,0.0,April-2026
OD09C-5609 JCB,2026-04-16,0.0,April-2026
OD09C-8163,2026-04-16,150.0,April-2026
OD09C-8164,2026-04-16,100.0,April-2026
OD09C1965,2026-04-16,0.0,April-2026
OD09C4623,2026-04-16,0.0,April-2026
OD09C4625,2026-04-16,0.0,April-2026
OD09C4823,2026-04-16,0.0,April-2026
OD09C5137,2026-04-16,0.0,April-2026
OD09G-6065 CAMPER,2026-04-16,30.0,April-2026
OD09K-1394,2026-04-16,0.0,April-2026
OD09K-2512 W.TANKER,2026-04-16,50.0,April-2026
OD09K-5036,2026-04-16,0.0,April-2026
OD09K-7213 BSM BUS,2026-04-16,100.0,April-2026
OD09P-2986 (CAMPAR),2026-04-16,0.0,April-2026
OD09P-6973 W.TANKER,2026-04-16,100.0,April-2026
OD09V-5619 TATA YODHA,2026-04-16,30.0,April-2026
OD09Z-1202,2026-04-16,50.0,April-2026
OD09Z-1273,2026-04-16,51.0,April-2026
OD09Z-1274,2026-04-16,80.0,April-2026
OD09Z-5613 DMC,2026-04-16,0.0,April-2026
OD09Z-5713 DMC,2026-04-16,0.0,April-2026
OD09Z-5813 DMC,2026-04-16,114.0,April-2026
OD09Z-5913 DMC,2026-04-16,114.0,April-2026
ODO9C5136,2026-04-16,0.0,April-2026
OMC DG (NIGHT USE),2026-04-16,0.0,April-2026
POWER SCREEN RHS,2026-04-16,0.0,April-2026
TATA LOADER-OD02AY-0516,2026-04-16,0.0,April-2026
TOTAL ISSUE,2026-04-16,4239.0,April-2026
VICHELE NO.,2026-04-16,0.0,April-2026
VOLVO 300-2,2026-04-16,200.0,April-2026
VOLVO-300(5),2026-04-16,0.0,April-2026
VOLVO-300-7,2026-04-16,200.0,April-2026
VOLVO-380,2026-04-16,0.0,April-2026
VOLVO-480,2026-04-16,150.0,April-2026
WATER PUMP,2026-04-16,5.0,April-2026
BD 85 DOZER,2026-04-17,0.0,April-2026
CRUSHER ( CONE ),2026-04-17,0.0,April-2026
CRUSHER ( JAW ),2026-04-17,0.0,April-2026
CRUSHER DG,2026-04-17,0.0,April-2026
CRUSHER(FEEDER),2026-04-17,0.0,April-2026
DOZZER D65E,2026-04-17,171.0,April-2026
DRILL-ELGI-650,2026-04-17,0.0,April-2026
GRADER OD09P-1732,2026-04-17,0.0,April-2026
HITACHI-120,2026-04-17,0.0,April-2026
HITACHI-350,2026-04-17,0.0,April-2026
HYDRA CRANE-1686,2026-04-17,0.0,April-2026
JCB-8262 LOADER,2026-04-17,0.0,April-2026
JH06G-4703,2026-04-17,100.0,April-2026
JH06G-5437,2026-04-17,100.0,April-2026
JH06H-3742,2026-04-17,0.0,April-2026
JH06H-5348,2026-04-17,0.0,April-2026
JH06H-6198 D.TANKER,2026-04-17,0.0,April-2026
JH06H-7764,2026-04-17,114.0,April-2026
JH06H-9654,2026-04-17,100.0,April-2026
JH06P-6214 SCORPIO,2026-04-17,0.0,April-2026
JH06T-7706,2026-04-17,0.0,April-2026
JRD-450+650-1,2026-04-17,340.0,April-2026
JRD-600+CD-360,2026-04-17,211.0,April-2026
KAMASTU-210,2026-04-17,0.0,April-2026
KOBELCO-380 DMCS,2026-04-17,0.0,April-2026
KOMASTU-200,2026-04-17,0.0,April-2026
KOMASTU-350 DMC,2026-04-17,0.0,April-2026
L-6268 SDLG,2026-04-17,149.0,April-2026
LOKO CONE,2026-04-17,0.0,April-2026
LOKO TRACK JAW,2026-04-17,0.0,April-2026
OD07AR-4113 DMC,2026-04-17,0.0,April-2026
OD09A-5105,2026-04-17,100.0,April-2026
OD09A-5106,2026-04-17,0.0,April-2026
OD09A-5666,2026-04-17,0.0,April-2026
OD09A-6059,2026-04-17,80.0,April-2026
OD09AE-5513 DMC,2026-04-17,0.0,April-2026
OD09C-1371,2026-04-17,100.0,April-2026
OD09C-1373,2026-04-17,0.0,April-2026
OD09C-1962,2026-04-17,0.0,April-2026
OD09C-1964,2026-04-17,80.0,April-2026
OD09C-4824,2026-04-17,0.0,April-2026
OD09C-4878,2026-04-17,0.0,April-2026
OD09C-4879,2026-04-17,100.0,April-2026
OD09C-5609 JCB,2026-04-17,0.0,April-2026
OD09C-8163,2026-04-17,0.0,April-2026
OD09C-8164,2026-04-17,50.0,April-2026
OD09C1965,2026-04-17,0.0,April-2026
OD09C4623,2026-04-17,0.0,April-2026
OD09C4625,2026-04-17,0.0,April-2026
OD09C4823,2026-04-17,100.0,April-2026
OD09C5137,2026-04-17,0.0,April-2026
OD09G-6065 CAMPER,2026-04-17,0.0,April-2026
OD09K-1394,2026-04-17,0.0,April-2026
OD09K-2512 W.TANKER,2026-04-17,50.0,April-2026
OD09K-5036,2026-04-17,0.0,April-2026
OD09K-7213 BSM BUS,2026-04-17,0.0,April-2026
OD09P-2986 (CAMPAR),2026-04-17,0.0,April-2026
OD09P-6973 W.TANKER,2026-04-17,50.0,April-2026
OD09V-5619 TATA YODHA,2026-04-17,0.0,April-2026
OD09Z-1202,2026-04-17,100.0,April-2026
OD09Z-1273,2026-04-17,100.0,April-2026
OD09Z-1274,2026-04-17,100.0,April-2026
OD09Z-5613 DMC,2026-04-17,0.0,April-2026
OD09Z-5713 DMC,2026-04-17,114.0,April-2026
OD09Z-5813 DMC,2026-04-17,0.0,April-2026
OD09Z-5913 DMC,2026-04-17,0.0,April-2026
ODO9C5136,2026-04-17,100.0,April-2026
OMC DG (NIGHT USE),2026-04-17,0.0,April-2026
POWER SCREEN RHS,2026-04-17,0.0,April-2026
TATA LOADER-OD02AY-0516,2026-04-17,0.0,April-2026
TOTAL ISSUE,2026-04-17,3409.0,April-2026
VICHELE NO.,2026-04-17,0.0,April-2026
VOLVO 300-2,2026-04-17,100.0,April-2026
VOLVO-300(5),2026-04-17,200.0,April-2026
VOLVO-300-7,2026-04-17,300.0,April-2026
VOLVO-380,2026-04-17,0.0,April-2026
VOLVO-480,2026-04-17,300.0,April-2026
WATER PUMP,2026-04-17,0.0,April-2026
BD 85 DOZER,2026-04-18,150.0,April-2026
CRUSHER ( CONE ),2026-04-18,0.0,April-2026
CRUSHER ( JAW ),2026-04-18,0.0,April-2026
CRUSHER DG,2026-04-18,0.0,April-2026
CRUSHER(FEEDER),2026-04-18,0.0,April-2026
DOZZER D65E,2026-04-18,0.0,April-2026
DRILL-ELGI-650,2026-04-18,100.0,April-2026
GRADER OD09P-1732,2026-04-18,0.0,April-2026
HITACHI-120,2026-04-18,0.0,April-2026
HITACHI-350,2026-04-18,100.0,April-2026
HYDRA CRANE-1686,2026-04-18,0.0,April-2026
JCB-8262 LOADER,2026-04-18,150.0,April-2026
JH06G-4703,2026-04-18,50.0,April-2026
JH06G-5437,2026-04-18,0.0,April-2026
JH06H-3742,2026-04-18,0.0,April-2026
JH06H-5348,2026-04-18,0.0,April-2026
JH06H-6198 D.TANKER,2026-04-18,0.0,April-2026
JH06H-7764,2026-04-18,0.0,April-2026
JH06H-9654,2026-04-18,0.0,April-2026
JH06P-6214 SCORPIO,2026-04-18,0.0,April-2026
JH06T-7706,2026-04-18,80.0,April-2026
JRD-450+650-1,2026-04-18,0.0,April-2026
JRD-600+CD-360,2026-04-18,200.0,April-2026
KAMASTU-210,2026-04-18,100.0,April-2026
KOBELCO-380 DMCS,2026-04-18,0.0,April-2026
KOMASTU-200,2026-04-18,0.0,April-2026
KOMASTU-350 DMC,2026-04-18,0.0,April-2026
L-6268 SDLG,2026-04-18,108.0,April-2026
LOKO CONE,2026-04-18,200.0,April-2026
LOKO TRACK JAW,2026-04-18,100.0,April-2026
OD07AR-4113 DMC,2026-04-18,0.0,April-2026
OD09A-5105,2026-04-18,52.0,April-2026
OD09A-5106,2026-04-18,0.0,April-2026
OD09A-5666,2026-04-18,100.0,April-2026
OD09A-6059,2026-04-18,0.0,April-2026
OD09AE-5513 DMC,2026-04-18,0.0,April-2026
OD09C-1371,2026-04-18,0.0,April-2026
OD09C-1373,2026-04-18,0.0,April-2026
OD09C-1962,2026-04-18,0.0,April-2026
OD09C-1964,2026-04-18,0.0,April-2026
OD09C-4824,2026-04-18,0.0,April-2026
OD09C-4878,2026-04-18,0.0,April-2026
OD09C-4879,2026-04-18,50.0,April-2026
OD09C-5609 JCB,2026-04-18,0.0,April-2026
OD09C-8163,2026-04-18,51.0,April-2026
OD09C-8164,2026-04-18,50.0,April-2026
OD09C1965,2026-04-18,0.0,April-2026
OD09C4623,2026-04-18,0.0,April-2026
OD09C4625,2026-04-18,0.0,April-2026
OD09C4823,2026-04-18,50.0,April-2026
OD09C5137,2026-04-18,0.0,April-2026
OD09G-6065 CAMPER,2026-04-18,0.0,April-2026
OD09K-1394,2026-04-18,0.0,April-2026
OD09K-2512 W.TANKER,2026-04-18,50.0,April-2026
OD09K-5036,2026-04-18,0.0,April-2026
OD09K-7213 BSM BUS,2026-04-18,0.0,April-2026
OD09P-2986 (CAMPAR),2026-04-18,0.0,April-2026
OD09P-6973 W.TANKER,2026-04-18,50.0,April-2026
OD09V-5619 TATA YODHA,2026-04-18,30.0,April-2026
OD09Z-1202,2026-04-18,50.0,April-2026
OD09Z-1273,2026-04-18,102.0,April-2026
OD09Z-1274,2026-04-18,100.0,April-2026
OD09Z-5613 DMC,2026-04-18,0.0,April-2026
OD09Z-5713 DMC,2026-04-18,0.0,April-2026
OD09Z-5813 DMC,2026-04-18,0.0,April-2026
OD09Z-5913 DMC,2026-04-18,0.0,April-2026
ODO9C5136,2026-04-18,0.0,April-2026
OMC DG (NIGHT USE),2026-04-18,0.0,April-2026
POWER SCREEN RHS,2026-04-18,100.0,April-2026
TATA LOADER-OD02AY-0516,2026-04-18,0.0,April-2026
TOTAL ISSUE,2026-04-18,2793.0,April-2026
VICHELE NO.,2026-04-18,0.0,April-2026
VOLVO 300-2,2026-04-18,220.0,April-2026
VOLVO-300(5),2026-04-18,100.0,April-2026
VOLVO-300-7,2026-04-18,100.0,April-2026
VOLVO-380,2026-04-18,0.0,April-2026
VOLVO-480,2026-04-18,200.0,April-2026
WATER PUMP,2026-04-18,0.0,April-2026
BD 85 DOZER,2026-04-19,0.0,April-2026
CRUSHER ( CONE ),2026-04-19,0.0,April-2026
CRUSHER ( JAW ),2026-04-19,0.0,April-2026
CRUSHER DG,2026-04-19,0.0,April-2026
CRUSHER(FEEDER),2026-04-19,0.0,April-2026
DOZZER D65E,2026-04-19,0.0,April-2026
DRILL-ELGI-650,2026-04-19,0.0,April-2026
GRADER OD09P-1732,2026-04-19,0.0,April-2026
HITACHI-120,2026-04-19,0.0,April-2026
HITACHI-350,2026-04-19,0.0,April-2026
HYDRA CRANE-1686,2026-04-19,0.0,April-2026
JCB-8262 LOADER,2026-04-19,0.0,April-2026
JH06G-4703,2026-04-19,0.0,April-2026
JH06G-5437,2026-04-19,0.0,April-2026
JH06H-3742,2026-04-19,0.0,April-2026
JH06H-5348,2026-04-19,0.0,April-2026
JH06H-6198 D.TANKER,2026-04-19,0.0,April-2026
JH06H-7764,2026-04-19,0.0,April-2026
JH06H-9654,2026-04-19,0.0,April-2026
JH06P-6214 SCORPIO,2026-04-19,0.0,April-2026
JH06T-7706,2026-04-19,0.0,April-2026
JRD-450+650-1,2026-04-19,0.0,April-2026
JRD-600+CD-360,2026-04-19,0.0,April-2026
KAMASTU-210,2026-04-19,0.0,April-2026
KOBELCO-380 DMCS,2026-04-19,0.0,April-2026
KOMASTU-200,2026-04-19,0.0,April-2026
KOMASTU-350 DMC,2026-04-19,0.0,April-2026
L-6268 SDLG,2026-04-19,0.0,April-2026
LOKO CONE,2026-04-19,0.0,April-2026
LOKO TRACK JAW,2026-04-19,0.0,April-2026
OD07AR-4113 DMC,2026-04-19,0.0,April-2026
OD09A-5105,2026-04-19,0.0,April-2026
OD09A-5106,2026-04-19,0.0,April-2026
OD09A-5666,2026-04-19,0.0,April-2026
OD09A-6059,2026-04-19,0.0,April-2026
OD09AE-5513 DMC,2026-04-19,0.0,April-2026
OD09C-1371,2026-04-19,0.0,April-2026
OD09C-1373,2026-04-19,0.0,April-2026
OD09C-1962,2026-04-19,0.0,April-2026
OD09C-1964,2026-04-19,0.0,April-2026
OD09C-4824,2026-04-19,0.0,April-2026
OD09C-4878,2026-04-19,0.0,April-2026
OD09C-4879,2026-04-19,0.0,April-2026
OD09C-5609 JCB,2026-04-19,0.0,April-2026
OD09C-8163,2026-04-19,0.0,April-2026
OD09C-8164,2026-04-19,0.0,April-2026
OD09C1965,2026-04-19,0.0,April-2026
OD09C4623,2026-04-19,0.0,April-2026
OD09C4625,2026-04-19,0.0,April-2026
OD09C4823,2026-04-19,0.0,April-2026
OD09C5137,2026-04-19,0.0,April-2026
OD09G-6065 CAMPER,2026-04-19,0.0,April-2026
OD09K-1394,2026-04-19,0.0,April-2026
OD09K-2512 W.TANKER,2026-04-19,0.0,April-2026
OD09K-5036,2026-04-19,0.0,April-2026
OD09K-7213 BSM BUS,2026-04-19,0.0,April-2026
OD09P-2986 (CAMPAR),2026-04-19,0.0,April-2026
OD09P-6973 W.TANKER,2026-04-19,0.0,April-2026
OD09V-5619 TATA YODHA,2026-04-19,0.0,April-2026
OD09Z-1202,2026-04-19,0.0,April-2026
OD09Z-1273,2026-04-19,0.0,April-2026
OD09Z-1274,2026-04-19,0.0,April-2026
OD09Z-5613 DMC,2026-04-19,0.0,April-2026
OD09Z-5713 DMC,2026-04-19,0.0,April-2026
OD09Z-5813 DMC,2026-04-19,0.0,April-2026
OD09Z-5913 DMC,2026-04-19,0.0,April-2026
ODO9C5136,2026-04-19,0.0,April-2026
OMC DG (NIGHT USE),2026-04-19,0.0,April-2026
POWER SCREEN RHS,2026-04-19,0.0,April-2026
TATA LOADER-OD02AY-0516,2026-04-19,0.0,April-2026
TOTAL ISSUE,2026-04-19,0.0,April-2026
VICHELE NO.,2026-04-19,0.0,April-2026
VOLVO 300-2,2026-04-19,0.0,April-2026
VOLVO-300(5),2026-04-19,0.0,April-2026
VOLVO-300-7,2026-04-19,0.0,April-2026
VOLVO-380,2026-04-19,0.0,April-2026
VOLVO-480,2026-04-19,0.0,April-2026
WATER PUMP,2026-04-19,0.0,April-2026
BD 85 DOZER,2026-04-20,0.0,April-2026
CRUSHER ( CONE ),2026-04-20,0.0,April-2026
CRUSHER ( JAW ),2026-04-20,0.0,April-2026
CRUSHER DG,2026-04-20,100.0,April-2026
CRUSHER(FEEDER),2026-04-20,0.0,April-2026
DOZZER D65E,2026-04-20,100.0,April-2026
DRILL-ELGI-650,2026-04-20,0.0,April-2026
GRADER OD09P-1732,2026-04-20,0.0,April-2026
HITACHI-120,2026-04-20,0.0,April-2026
HITACHI-350,2026-04-20,100.0,April-2026
HYDRA CRANE-1686,2026-04-20,20.0,April-2026
JCB-8262 LOADER,2026-04-20,158.0,April-2026
JH06G-4703,2026-04-20,0.0,April-2026
JH06G-5437,2026-04-20,28.0,April-2026
JH06H-3742,2026-04-20,0.0,April-2026
JH06H-5348,2026-04-20,50.0,April-2026
JH06H-6198 D.TANKER,2026-04-20,50.0,April-2026
JH06H-7764,2026-04-20,100.0,April-2026
JH06H-9654,2026-04-20,0.0,April-2026
JH06P-6214 SCORPIO,2026-04-20,36.0,April-2026
JH06T-7706,2026-04-20,50.0,April-2026
JRD-450+650-1,2026-04-20,0.0,April-2026
JRD-600+CD-360,2026-04-20,0.0,April-2026
KAMASTU-210,2026-04-20,100.0,April-2026
KOBELCO-380 DMCS,2026-04-20,385.0,April-2026
KOMASTU-200,2026-04-20,196.0,April-2026
KOMASTU-350 DMC,2026-04-20,0.0,April-2026
L-6268 SDLG,2026-04-20,105.0,April-2026
LOKO CONE,2026-04-20,217.0,April-2026
LOKO TRACK JAW,2026-04-20,100.0,April-2026
OD07AR-4113 DMC,2026-04-20,0.0,April-2026
OD09A-5105,2026-04-20,100.0,April-2026
OD09A-5106,2026-04-20,0.0,April-2026
OD09A-5666,2026-04-20,100.0,April-2026
OD09A-6059,2026-04-20,100.0,April-2026
OD09AE-5513 DMC,2026-04-20,0.0,April-2026
OD09C-1371,2026-04-20,0.0,April-2026
OD09C-1373,2026-04-20,0.0,April-2026
OD09C-1962,2026-04-20,0.0,April-2026
OD09C-1964,2026-04-20,0.0,April-2026
OD09C-4824,2026-04-20,0.0,April-2026
OD09C-4878,2026-04-20,0.0,April-2026
OD09C-4879,2026-04-20,50.0,April-2026
OD09C-5609 JCB,2026-04-20,0.0,April-2026
OD09C-8163,2026-04-20,100.0,April-2026
OD09C-8164,2026-04-20,100.0,April-2026
OD09C1965,2026-04-20,0.0,April-2026
OD09C4623,2026-04-20,0.0,April-2026
OD09C4625,2026-04-20,0.0,April-2026
OD09C4823,2026-04-20,50.0,April-2026
OD09C5137,2026-04-20,0.0,April-2026
OD09G-6065 CAMPER,2026-04-20,0.0,April-2026
OD09K-1394,2026-04-20,0.0,April-2026
OD09K-2512 W.TANKER,2026-04-20,100.0,April-2026
OD09K-5036,2026-04-20,0.0,April-2026
OD09K-7213 BSM BUS,2026-04-20,0.0,April-2026
OD09P-2986 (CAMPAR),2026-04-20,20.0,April-2026
OD09P-6973 W.TANKER,2026-04-20,100.0,April-2026
OD09V-5619 TATA YODHA,2026-04-20,0.0,April-2026
OD09Z-1202,2026-04-20,100.0,April-2026
OD09Z-1273,2026-04-20,0.0,April-2026
OD09Z-1274,2026-04-20,100.0,April-2026
OD09Z-5613 DMC,2026-04-20,0.0,April-2026
OD09Z-5713 DMC,2026-04-20,0.0,April-2026
OD09Z-5813 DMC,2026-04-20,0.0,April-2026
OD09Z-5913 DMC,2026-04-20,0.0,April-2026
ODO9C5136,2026-04-20,0.0,April-2026
OMC DG (NIGHT USE),2026-04-20,0.0,April-2026
POWER SCREEN RHS,2026-04-20,150.0,April-2026
TATA LOADER-OD02AY-0516,2026-04-20,0.0,April-2026
TOTAL ISSUE,2026-04-20,3722.0,April-2026
VICHELE NO.,2026-04-20,0.0,April-2026
VOLVO 300-2,2026-04-20,202.0,April-2026
VOLVO-300(5),2026-04-20,0.0,April-2026
VOLVO-300-7,2026-04-20,250.0,April-2026
VOLVO-380,2026-04-20,200.0,April-2026
VOLVO-480,2026-04-20,0.0,April-2026
WATER PUMP,2026-04-20,5.0,April-2026
BD 85 DOZER,2026-04-21,0.0,April-2026
CRUSHER ( CONE ),2026-04-21,0.0,April-2026
CRUSHER ( JAW ),2026-04-21,0.0,April-2026
CRUSHER DG,2026-04-21,100.0,April-2026
CRUSHER(FEEDER),2026-04-21,0.0,April-2026
DOZZER D65E,2026-04-21,0.0,April-2026
DRILL-ELGI-650,2026-04-21,0.0,April-2026
GRADER OD09P-1732,2026-04-21,0.0,April-2026
HITACHI-120,2026-04-21,0.0,April-2026
HITACHI-350,2026-04-21,0.0,April-2026
HYDRA CRANE-1686,2026-04-21,0.0,April-2026
JCB-8262 LOADER,2026-04-21,129.0,April-2026
JH06G-4703,2026-04-21,100.0,April-2026
JH06G-5437,2026-04-21,100.0,April-2026
JH06H-3742,2026-04-21,100.0,April-2026
JH06H-5348,2026-04-21,0.0,April-2026
JH06H-6198 D.TANKER,2026-04-21,0.0,April-2026
JH06H-7764,2026-04-21,50.0,April-2026
JH06H-9654,2026-04-21,50.0,April-2026
JH06P-6214 SCORPIO,2026-04-21,0.0,April-2026
JH06T-7706,2026-04-21,100.0,April-2026
JRD-450+650-1,2026-04-21,200.0,April-2026
JRD-600+CD-360,2026-04-21,170.0,April-2026
KAMASTU-210,2026-04-21,137.0,April-2026
KOBELCO-380 DMCS,2026-04-21,257.0,April-2026
KOMASTU-200,2026-04-21,152.0,April-2026
KOMASTU-350 DMC,2026-04-21,0.0,April-2026
L-6268 SDLG,2026-04-21,92.0,April-2026
LOKO CONE,2026-04-21,83.0,April-2026
LOKO TRACK JAW,2026-04-21,0.0,April-2026
OD07AR-4113 DMC,2026-04-21,100.0,April-2026
OD09A-5105,2026-04-21,100.0,April-2026
OD09A-5106,2026-04-21,0.0,April-2026
OD09A-5666,2026-04-21,50.0,April-2026
OD09A-6059,2026-04-21,0.0,April-2026
OD09AE-5513 DMC,2026-04-21,100.0,April-2026
OD09C-1371,2026-04-21,0.0,April-2026
OD09C-1373,2026-04-21,0.0,April-2026
OD09C-1962,2026-04-21,0.0,April-2026
OD09C-1964,2026-04-21,0.0,April-2026
OD09C-4824,2026-04-21,50.0,April-2026
OD09C-4878,2026-04-21,0.0,April-2026
OD09C-4879,2026-04-21,100.0,April-2026
OD09C-5609 JCB,2026-04-21,0.0,April-2026
OD09C-8163,2026-04-21,100.0,April-2026
OD09C-8164,2026-04-21,100.0,April-2026
OD09C1965,2026-04-21,0.0,April-2026
OD09C4623,2026-04-21,0.0,April-2026
OD09C4625,2026-04-21,0.0,April-2026
OD09C4823,2026-04-21,50.0,April-2026
OD09C5137,2026-04-21,0.0,April-2026
OD09G-6065 CAMPER,2026-04-21,0.0,April-2026
OD09K-1394,2026-04-21,0.0,April-2026
OD09K-2512 W.TANKER,2026-04-21,0.0,April-2026
OD09K-5036,2026-04-21,0.0,April-2026
OD09K-7213 BSM BUS,2026-04-21,0.0,April-2026
OD09P-2986 (CAMPAR),2026-04-21,0.0,April-2026
OD09P-6973 W.TANKER,2026-04-21,0.0,April-2026
OD09V-5619 TATA YODHA,2026-04-21,30.0,April-2026
OD09Z-1202,2026-04-21,100.0,April-2026
OD09Z-1273,2026-04-21,100.0,April-2026
OD09Z-1274,2026-04-21,100.0,April-2026
OD09Z-5613 DMC,2026-04-21,0.0,April-2026
OD09Z-5713 DMC,2026-04-21,50.0,April-2026
OD09Z-5813 DMC,2026-04-21,100.0,April-2026
OD09Z-5913 DMC,2026-04-21,50.0,April-2026
ODO9C5136,2026-04-21,100.0,April-2026
OMC DG (NIGHT USE),2026-04-21,0.0,April-2026
POWER SCREEN RHS,2026-04-21,0.0,April-2026
TATA LOADER-OD02AY-0516,2026-04-21,0.0,April-2026
TOTAL ISSUE,2026-04-21,4200.0,April-2026
VICHELE NO.,2026-04-21,0.0,April-2026
VOLVO 300-2,2026-04-21,200.0,April-2026
VOLVO-300(5),2026-04-21,0.0,April-2026
VOLVO-300-7,2026-04-21,250.0,April-2026
VOLVO-380,2026-04-21,350.0,April-2026
VOLVO-480,2026-04-21,200.0,April-2026
WATER PUMP,2026-04-21,0.0,April-2026
BD 85 DOZER,2026-04-22,0.0,April-2026
CRUSHER ( CONE ),2026-04-22,0.0,April-2026
CRUSHER ( JAW ),2026-04-22,0.0,April-2026
CRUSHER DG,2026-04-22,0.0,April-2026
CRUSHER(FEEDER),2026-04-22,0.0,April-2026
DOZZER D65E,2026-04-22,150.0,April-2026
DRILL-ELGI-650,2026-04-22,0.0,April-2026
GRADER OD09P-1732,2026-04-22,100.0,April-2026
HITACHI-120,2026-04-22,0.0,April-2026
HITACHI-350,2026-04-22,0.0,April-2026
HYDRA CRANE-1686,2026-04-22,0.0,April-2026
JCB-8262 LOADER,2026-04-22,138.0,April-2026
JH06G-4703,2026-04-22,80.0,April-2026
JH06G-5437,2026-04-22,50.0,April-2026
JH06H-3742,2026-04-22,60.0,April-2026
JH06H-5348,2026-04-22,100.0,April-2026
JH06H-6198 D.TANKER,2026-04-22,0.0,April-2026
JH06H-7764,2026-04-22,50.0,April-2026
JH06H-9654,2026-04-22,80.0,April-2026
JH06P-6214 SCORPIO,2026-04-22,29.0,April-2026
JH06T-7706,2026-04-22,0.0,April-2026
JRD-450+650-1,2026-04-22,171.0,April-2026
JRD-600+CD-360,2026-04-22,160.0,April-2026
KAMASTU-210,2026-04-22,80.0,April-2026
KOBELCO-380 DMCS,2026-04-22,150.0,April-2026
KOMASTU-200,2026-04-22,0.0,April-2026
KOMASTU-350 DMC,2026-04-22,0.0,April-2026
L-6268 SDLG,2026-04-22,0.0,April-2026
LOKO CONE,2026-04-22,200.0,April-2026
LOKO TRACK JAW,2026-04-22,200.0,April-2026
OD07AR-4113 DMC,2026-04-22,0.0,April-2026
OD09A-5105,2026-04-22,50.0,April-2026
OD09A-5106,2026-04-22,0.0,April-2026
OD09A-5666,2026-04-22,50.0,April-2026
OD09A-6059,2026-04-22,100.0,April-2026
OD09AE-5513 DMC,2026-04-22,0.0,April-2026
OD09C-1371,2026-04-22,0.0,April-2026
OD09C-1373,2026-04-22,0.0,April-2026
OD09C-1962,2026-04-22,0.0,April-2026
OD09C-1964,2026-04-22,100.0,April-2026
OD09C-4824,2026-04-22,0.0,April-2026
OD09C-4878,2026-04-22,0.0,April-2026
OD09C-4879,2026-04-22,0.0,April-2026
OD09C-5609 JCB,2026-04-22,0.0,April-2026
OD09C-8163,2026-04-22,50.0,April-2026
OD09C-8164,2026-04-22,50.0,April-2026
OD09C1965,2026-04-22,0.0,April-2026
OD09C4623,2026-04-22,0.0,April-2026
OD09C4625,2026-04-22,100.0,April-2026
OD09C4823,2026-04-22,50.0,April-2026
OD09C5137,2026-04-22,0.0,April-2026
OD09G-6065 CAMPER,2026-04-22,0.0,April-2026
OD09K-1394,2026-04-22,0.0,April-2026
OD09K-2512 W.TANKER,2026-04-22,0.0,April-2026
OD09K-5036,2026-04-22,0.0,April-2026
OD09K-7213 BSM BUS,2026-04-22,90.0,April-2026
OD09P-2986 (CAMPAR),2026-04-22,0.0,April-2026
OD09P-6973 W.TANKER,2026-04-22,0.0,April-2026
OD09V-5619 TATA YODHA,2026-04-22,0.0,April-2026
OD09Z-1202,2026-04-22,100.0,April-2026
OD09Z-1273,2026-04-22,100.0,April-2026
OD09Z-1274,2026-04-22,100.0,April-2026
OD09Z-5613 DMC,2026-04-22,0.0,April-2026
OD09Z-5713 DMC,2026-04-22,0.0,April-2026
OD09Z-5813 DMC,2026-04-22,0.0,April-2026
OD09Z-5913 DMC,2026-04-22,0.0,April-2026
ODO9C5136,2026-04-22,50.0,April-2026
OMC DG (NIGHT USE),2026-04-22,0.0,April-2026
POWER SCREEN RHS,2026-04-22,100.0,April-2026
TATA LOADER-OD02AY-0516,2026-04-22,0.0,April-2026
TOTAL ISSUE,2026-04-22,3993.0,April-2026
VICHELE NO.,2026-04-22,0.0,April-2026
VOLVO 300-2,2026-04-22,200.0,April-2026
VOLVO-300(5),2026-04-22,200.0,April-2026
VOLVO-300-7,2026-04-22,0.0,April-2026
VOLVO-380,2026-04-22,300.0,April-2026
VOLVO-480,2026-04-22,400.0,April-2026
WATER PUMP,2026-04-22,5.0,April-2026
BD 85 DOZER,2026-04-23,0.0,April-2026
CRUSHER ( CONE ),2026-04-23,0.0,April-2026
CRUSHER ( JAW ),2026-04-23,0.0,April-2026
CRUSHER DG,2026-04-23,0.0,April-2026
CRUSHER(FEEDER),2026-04-23,0.0,April-2026
DOZZER D65E,2026-04-23,100.0,April-2026
DRILL-ELGI-650,2026-04-23,0.0,April-2026
GRADER OD09P-1732,2026-04-23,0.0,April-2026
HITACHI-120,2026-04-23,0.0,April-2026
HITACHI-350,2026-04-23,200.0,April-2026
HYDRA CRANE-1686,2026-04-23,0.0,April-2026
JCB-8262 LOADER,2026-04-23,0.0,April-2026
JH06G-4703,2026-04-23,50.0,April-2026
JH06G-5437,2026-04-23,50.0,April-2026
JH06H-3742,2026-04-23,0.0,April-2026
JH06H-5348,2026-04-23,0.0,April-2026
JH06H-6198 D.TANKER,2026-04-23,37.0,April-2026
JH06H-7764,2026-04-23,50.0,April-2026
JH06H-9654,2026-04-23,50.0,April-2026
JH06P-6214 SCORPIO,2026-04-23,0.0,April-2026
JH06T-7706,2026-04-23,100.0,April-2026
JRD-450+650-1,2026-04-23,0.0,April-2026
JRD-600+CD-360,2026-04-23,60.0,April-2026
KAMASTU-210,2026-04-23,0.0,April-2026
KOBELCO-380 DMCS,2026-04-23,0.0,April-2026
KOMASTU-200,2026-04-23,0.0,April-2026
KOMASTU-350 DMC,2026-04-23,285.0,April-2026
L-6268 SDLG,2026-04-23,100.0,April-2026
LOKO CONE,2026-04-23,0.0,April-2026
LOKO TRACK JAW,2026-04-23,0.0,April-2026
OD07AR-4113 DMC,2026-04-23,100.0,April-2026
OD09A-5105,2026-04-23,50.0,April-2026
OD09A-5106,2026-04-23,0.0,April-2026
OD09A-5666,2026-04-23,0.0,April-2026
OD09A-6059,2026-04-23,0.0,April-2026
OD09AE-5513 DMC,2026-04-23,100.0,April-2026
OD09C-1371,2026-04-23,0.0,April-2026
OD09C-1373,2026-04-23,0.0,April-2026
OD09C-1962,2026-04-23,80.0,April-2026
OD09C-1964,2026-04-23,50.0,April-2026
OD09C-4824,2026-04-23,0.0,April-2026
OD09C-4878,2026-04-23,0.0,April-2026
OD09C-4879,2026-04-23,50.0,April-2026
OD09C-5609 JCB,2026-04-23,0.0,April-2026
OD09C-8163,2026-04-23,50.0,April-2026
OD09C-8164,2026-04-23,0.0,April-2026
OD09C1965,2026-04-23,0.0,April-2026
OD09C4623,2026-04-23,0.0,April-2026
OD09C4625,2026-04-23,0.0,April-2026
OD09C4823,2026-04-23,0.0,April-2026
OD09C5137,2026-04-23,0.0,April-2026
OD09G-6065 CAMPER,2026-04-23,20.0,April-2026
OD09K-1394,2026-04-23,0.0,April-2026
OD09K-2512 W.TANKER,2026-04-23,80.0,April-2026
OD09K-5036,2026-04-23,0.0,April-2026
OD09K-7213 BSM BUS,2026-04-23,0.0,April-2026
OD09P-2986 (CAMPAR),2026-04-23,0.0,April-2026
OD09P-6973 W.TANKER,2026-04-23,100.0,April-2026
OD09V-5619 TATA YODHA,2026-04-23,30.0,April-2026
OD09Z-1202,2026-04-23,80.0,April-2026
OD09Z-1273,2026-04-23,100.0,April-2026
OD09Z-1274,2026-04-23,100.0,April-2026
OD09Z-5613 DMC,2026-04-23,50.0,April-2026
OD09Z-5713 DMC,2026-04-23,80.0,April-2026
OD09Z-5813 DMC,2026-04-23,100.0,April-2026
OD09Z-5913 DMC,2026-04-23,100.0,April-2026
ODO9C5136,2026-04-23,0.0,April-2026
OMC DG (NIGHT USE),2026-04-23,0.0,April-2026
POWER SCREEN RHS,2026-04-23,0.0,April-2026
TATA LOADER-OD02AY-0516,2026-04-23,0.0,April-2026
TOTAL ISSUE,2026-04-23,2707.0,April-2026
VICHELE NO.,2026-04-23,0.0,April-2026
VOLVO 300-2,2026-04-23,0.0,April-2026
VOLVO-300(5),2026-04-23,100.0,April-2026
VOLVO-300-7,2026-04-23,0.0,April-2026
VOLVO-380,2026-04-23,200.0,April-2026
VOLVO-480,2026-04-23,0.0,April-2026
WATER PUMP,2026-04-23,5.0,April-2026
BD 85 DOZER,2026-04-24,0.0,April-2026
CRUSHER ( CONE ),2026-04-24,0.0,April-2026
CRUSHER ( JAW ),2026-04-24,0.0,April-2026
CRUSHER DG,2026-04-24,0.0,April-2026
CRUSHER(FEEDER),2026-04-24,0.0,April-2026
DOZZER D65E,2026-04-24,0.0,April-2026
DRILL-ELGI-650,2026-04-24,0.0,April-2026
GRADER OD09P-1732,2026-04-24,100.0,April-2026
HITACHI-120,2026-04-24,150.0,April-2026
HITACHI-350,2026-04-24,200.0,April-2026
HYDRA CRANE-1686,2026-04-24,0.0,April-2026
JCB-8262 LOADER,2026-04-24,207.0,April-2026
JH06G-4703,2026-04-24,50.0,April-2026
JH06G-5437,2026-04-24,50.0,April-2026
JH06H-3742,2026-04-24,50.0,April-2026
JH06H-5348,2026-04-24,50.0,April-2026
JH06H-6198 D.TANKER,2026-04-24,50.0,April-2026
JH06H-7764,2026-04-24,0.0,April-2026
JH06H-9654,2026-04-24,54.0,April-2026
JH06P-6214 SCORPIO,2026-04-24,0.0,April-2026
JH06T-7706,2026-04-24,100.0,April-2026
JRD-450+650-1,2026-04-24,150.0,April-2026
JRD-600+CD-360,2026-04-24,150.0,April-2026
KAMASTU-210,2026-04-24,250.0,April-2026
KOBELCO-380 DMCS,2026-04-24,0.0,April-2026
KOMASTU-200,2026-04-24,200.0,April-2026
KOMASTU-350 DMC,2026-04-24,0.0,April-2026
L-6268 SDLG,2026-04-24,228.0,April-2026
LOKO CONE,2026-04-24,0.0,April-2026
LOKO TRACK JAW,2026-04-24,0.0,April-2026
OD07AR-4113 DMC,2026-04-24,0.0,April-2026
OD09A-5105,2026-04-24,50.0,April-2026
OD09A-5106,2026-04-24,0.0,April-2026
OD09A-5666,2026-04-24,50.0,April-2026
OD09A-6059,2026-04-24,80.0,April-2026
OD09AE-5513 DMC,2026-04-24,100.0,April-2026
OD09C-1371,2026-04-24,50.0,April-2026
OD09C-1373,2026-04-24,0.0,April-2026
OD09C-1962,2026-04-24,0.0,April-2026
OD09C-1964,2026-04-24,0.0,April-2026
OD09C-4824,2026-04-24,0.0,April-2026
OD09C-4878,2026-04-24,0.0,April-2026
OD09C-4879,2026-04-24,50.0,April-2026
OD09C-5609 JCB,2026-04-24,0.0,April-2026
OD09C-8163,2026-04-24,80.0,April-2026
OD09C-8164,2026-04-24,80.0,April-2026
OD09C1965,2026-04-24,0.0,April-2026
OD09C4623,2026-04-24,0.0,April-2026
OD09C4625,2026-04-24,0.0,April-2026
OD09C4823,2026-04-24,0.0,April-2026
OD09C5137,2026-04-24,0.0,April-2026
OD09G-6065 CAMPER,2026-04-24,39.0,April-2026
OD09K-1394,2026-04-24,0.0,April-2026
OD09K-2512 W.TANKER,2026-04-24,0.0,April-2026
OD09K-5036,2026-04-24,0.0,April-2026
OD09K-7213 BSM BUS,2026-04-24,0.0,April-2026
OD09P-2986 (CAMPAR),2026-04-24,0.0,April-2026
OD09P-6973 W.TANKER,2026-04-24,100.0,April-2026
OD09V-5619 TATA YODHA,2026-04-24,0.0,April-2026
OD09Z-1202,2026-04-24,100.0,April-2026
OD09Z-1273,2026-04-24,100.0,April-2026
OD09Z-1274,2026-04-24,80.0,April-2026
OD09Z-5613 DMC,2026-04-24,50.0,April-2026
OD09Z-5713 DMC,2026-04-24,50.0,April-2026
OD09Z-5813 DMC,2026-04-24,100.0,April-2026
OD09Z-5913 DMC,2026-04-24,0.0,April-2026
ODO9C5136,2026-04-24,0.0,April-2026
OMC DG (NIGHT USE),2026-04-24,0.0,April-2026
POWER SCREEN RHS,2026-04-24,150.0,April-2026
TATA LOADER-OD02AY-0516,2026-04-24,0.0,April-2026
TOTAL ISSUE,2026-04-24,4298.0,April-2026
VICHELE NO.,2026-04-24,0.0,April-2026
VOLVO 300-2,2026-04-24,300.0,April-2026
VOLVO-300(5),2026-04-24,100.0,April-2026
VOLVO-300-7,2026-04-24,0.0,April-2026
VOLVO-380,2026-04-24,250.0,April-2026
VOLVO-480,2026-04-24,300.0,April-2026
WATER PUMP,2026-04-24,0.0,April-2026
BD 85 DOZER,2026-04-25,0.0,April-2026
CRUSHER ( CONE ),2026-04-25,0.0,April-2026
CRUSHER ( JAW ),2026-04-25,0.0,April-2026
CRUSHER DG,2026-04-25,0.0,April-2026
CRUSHER(FEEDER),2026-04-25,0.0,April-2026
DOZZER D65E,2026-04-25,100.0,April-2026
DRILL-ELGI-650,2026-04-25,0.0,April-2026
GRADER OD09P-1732,2026-04-25,0.0,April-2026
HITACHI-120,2026-04-25,0.0,April-2026
HITACHI-350,2026-04-25,239.0,April-2026
HYDRA CRANE-1686,2026-04-25,0.0,April-2026
JCB-8262 LOADER,2026-04-25,196.0,April-2026
JH06G-4703,2026-04-25,50.0,April-2026
JH06G-5437,2026-04-25,50.0,April-2026
JH06H-3742,2026-04-25,50.0,April-2026
JH06H-5348,2026-04-25,80.0,April-2026
JH06H-6198 D.TANKER,2026-04-25,50.0,April-2026
JH06H-7764,2026-04-25,80.0,April-2026
JH06H-9654,2026-04-25,50.0,April-2026
JH06P-6214 SCORPIO,2026-04-25,25.0,April-2026
JH06T-7706,2026-04-25,100.0,April-2026
JRD-450+650-1,2026-04-25,156.0,April-2026
JRD-600+CD-360,2026-04-25,50.0,April-2026
KAMASTU-210,2026-04-25,200.0,April-2026
KOBELCO-380 DMCS,2026-04-25,200.0,April-2026
KOMASTU-200,2026-04-25,0.0,April-2026
KOMASTU-350 DMC,2026-04-25,0.0,April-2026
L-6268 SDLG,2026-04-25,150.0,April-2026
LOKO CONE,2026-04-25,100.0,April-2026
LOKO TRACK JAW,2026-04-25,100.0,April-2026
OD07AR-4113 DMC,2026-04-25,0.0,April-2026
OD09A-5105,2026-04-25,50.0,April-2026
OD09A-5106,2026-04-25,50.0,April-2026
OD09A-5666,2026-04-25,80.0,April-2026
OD09A-6059,2026-04-25,50.0,April-2026
OD09AE-5513 DMC,2026-04-25,80.0,April-2026
OD09C-1371,2026-04-25,50.0,April-2026
OD09C-1373,2026-04-25,0.0,April-2026
OD09C-1962,2026-04-25,50.0,April-2026
OD09C-1964,2026-04-25,0.0,April-2026
OD09C-4824,2026-04-25,100.0,April-2026
OD09C-4878,2026-04-25,0.0,April-2026
OD09C-4879,2026-04-25,0.0,April-2026
OD09C-5609 JCB,2026-04-25,0.0,April-2026
OD09C-8163,2026-04-25,100.0,April-2026
OD09C-8164,2026-04-25,80.0,April-2026
OD09C1965,2026-04-25,0.0,April-2026
OD09C4623,2026-04-25,0.0,April-2026
OD09C4625,2026-04-25,0.0,April-2026
OD09C4823,2026-04-25,50.0,April-2026
OD09C5137,2026-04-25,0.0,April-2026
OD09G-6065 CAMPER,2026-04-25,0.0,April-2026
OD09K-1394,2026-04-25,0.0,April-2026
OD09K-2512 W.TANKER,2026-04-25,100.0,April-2026
OD09K-5036,2026-04-25,0.0,April-2026
OD09K-7213 BSM BUS,2026-04-25,0.0,April-2026
OD09P-2986 (CAMPAR),2026-04-25,36.0,April-2026
OD09P-6973 W.TANKER,2026-04-25,0.0,April-2026
OD09V-5619 TATA YODHA,2026-04-25,0.0,April-2026
OD09Z-1202,2026-04-25,100.0,April-2026
OD09Z-1273,2026-04-25,80.0,April-2026
OD09Z-1274,2026-04-25,100.0,April-2026
OD09Z-5613 DMC,2026-04-25,0.0,April-2026
OD09Z-5713 DMC,2026-04-25,50.0,April-2026
OD09Z-5813 DMC,2026-04-25,50.0,April-2026
OD09Z-5913 DMC,2026-04-25,150.0,April-2026
ODO9C5136,2026-04-25,0.0,April-2026
OMC DG (NIGHT USE),2026-04-25,0.0,April-2026
POWER SCREEN RHS,2026-04-25,0.0,April-2026
TATA LOADER-OD02AY-0516,2026-04-25,0.0,April-2026
TOTAL ISSUE,2026-04-25,4160.0,April-2026
VICHELE NO.,2026-04-25,0.0,April-2026
VOLVO 300-2,2026-04-25,110.0,April-2026
VOLVO-300(5),2026-04-25,200.0,April-2026
VOLVO-300-7,2026-04-25,200.0,April-2026
VOLVO-380,2026-04-25,208.0,April-2026
VOLVO-480,2026-04-25,0.0,April-2026
WATER PUMP,2026-04-25,10.0,April-2026
BD 85 DOZER,2026-04-26,0.0,April-2026
CRUSHER ( CONE ),2026-04-26,0.0,April-2026
CRUSHER ( JAW ),2026-04-26,0.0,April-2026
CRUSHER DG,2026-04-26,0.0,April-2026
CRUSHER(FEEDER),2026-04-26,0.0,April-2026
DOZZER D65E,2026-04-26,0.0,April-2026
DRILL-ELGI-650,2026-04-26,0.0,April-2026
GRADER OD09P-1732,2026-04-26,0.0,April-2026
HITACHI-120,2026-04-26,0.0,April-2026
HITACHI-350,2026-04-26,0.0,April-2026
HYDRA CRANE-1686,2026-04-26,0.0,April-2026
JCB-8262 LOADER,2026-04-26,0.0,April-2026
JH06G-4703,2026-04-26,0.0,April-2026
JH06G-5437,2026-04-26,0.0,April-2026
JH06H-3742,2026-04-26,0.0,April-2026
JH06H-5348,2026-04-26,0.0,April-2026
JH06H-6198 D.TANKER,2026-04-26,0.0,April-2026
JH06H-7764,2026-04-26,0.0,April-2026
JH06H-9654,2026-04-26,0.0,April-2026
JH06P-6214 SCORPIO,2026-04-26,0.0,April-2026
JH06T-7706,2026-04-26,0.0,April-2026
JRD-450+650-1,2026-04-26,0.0,April-2026
JRD-600+CD-360,2026-04-26,0.0,April-2026
KAMASTU-210,2026-04-26,0.0,April-2026
KOBELCO-380 DMCS,2026-04-26,0.0,April-2026
KOMASTU-200,2026-04-26,0.0,April-2026
KOMASTU-350 DMC,2026-04-26,0.0,April-2026
L-6268 SDLG,2026-04-26,0.0,April-2026
LOKO CONE,2026-04-26,0.0,April-2026
LOKO TRACK JAW,2026-04-26,0.0,April-2026
OD07AR-4113 DMC,2026-04-26,0.0,April-2026
OD09A-5105,2026-04-26,0.0,April-2026
OD09A-5106,2026-04-26,0.0,April-2026
OD09A-5666,2026-04-26,0.0,April-2026
OD09A-6059,2026-04-26,0.0,April-2026
OD09AE-5513 DMC,2026-04-26,0.0,April-2026
OD09C-1371,2026-04-26,0.0,April-2026
OD09C-1373,2026-04-26,0.0,April-2026
OD09C-1962,2026-04-26,0.0,April-2026
OD09C-1964,2026-04-26,0.0,April-2026
OD09C-4824,2026-04-26,0.0,April-2026
OD09C-4878,2026-04-26,0.0,April-2026
OD09C-4879,2026-04-26,0.0,April-2026
OD09C-5609 JCB,2026-04-26,0.0,April-2026
OD09C-8163,2026-04-26,0.0,April-2026
OD09C-8164,2026-04-26,0.0,April-2026
OD09C1965,2026-04-26,0.0,April-2026
OD09C4623,2026-04-26,0.0,April-2026
OD09C4625,2026-04-26,0.0,April-2026
OD09C4823,2026-04-26,0.0,April-2026
OD09C5137,2026-04-26,0.0,April-2026
OD09G-6065 CAMPER,2026-04-26,0.0,April-2026
OD09K-1394,2026-04-26,0.0,April-2026
OD09K-2512 W.TANKER,2026-04-26,0.0,April-2026
OD09K-5036,2026-04-26,0.0,April-2026
OD09K-7213 BSM BUS,2026-04-26,0.0,April-2026
OD09P-2986 (CAMPAR),2026-04-26,0.0,April-2026
OD09P-6973 W.TANKER,2026-04-26,0.0,April-2026
OD09V-5619 TATA YODHA,2026-04-26,0.0,April-2026
OD09Z-1202,2026-04-26,0.0,April-2026
OD09Z-1273,2026-04-26,0.0,April-2026
OD09Z-1274,2026-04-26,0.0,April-2026
OD09Z-5613 DMC,2026-04-26,0.0,April-2026
OD09Z-5713 DMC,2026-04-26,0.0,April-2026
OD09Z-5813 DMC,2026-04-26,0.0,April-2026
OD09Z-5913 DMC,2026-04-26,0.0,April-2026
ODO9C5136,2026-04-26,0.0,April-2026
OMC DG (NIGHT USE),2026-04-26,0.0,April-2026
POWER SCREEN RHS,2026-04-26,0.0,April-2026
TATA LOADER-OD02AY-0516,2026-04-26,0.0,April-2026
TOTAL ISSUE,2026-04-26,0.0,April-2026
VICHELE NO.,2026-04-26,0.0,April-2026
VOLVO 300-2,2026-04-26,0.0,April-2026
VOLVO-300(5),2026-04-26,0.0,April-2026
VOLVO-300-7,2026-04-26,0.0,April-2026
VOLVO-380,2026-04-26,0.0,April-2026
VOLVO-480,2026-04-26,0.0,April-2026
WATER PUMP,2026-04-26,0.0,April-2026
BD 85 DOZER,2026-04-27,0.0,April-2026
CRUSHER ( CONE ),2026-04-27,0.0,April-2026
CRUSHER ( JAW ),2026-04-27,0.0,April-2026
CRUSHER DG,2026-04-27,0.0,April-2026
CRUSHER(FEEDER),2026-04-27,0.0,April-2026
DOZZER D65E,2026-04-27,0.0,April-2026
DRILL-ELGI-650,2026-04-27,0.0,April-2026
GRADER OD09P-1732,2026-04-27,0.0,April-2026
HITACHI-120,2026-04-27,150.0,April-2026
HITACHI-350,2026-04-27,161.0,April-2026
HYDRA CRANE-1686,2026-04-27,0.0,April-2026
JCB-8262 LOADER,2026-04-27,140.0,April-2026
JH06G-4703,2026-04-27,80.0,April-2026
JH06G-5437,2026-04-27,0.0,April-2026
JH06H-3742,2026-04-27,0.0,April-2026
JH06H-5348,2026-04-27,80.0,April-2026
JH06H-6198 D.TANKER,2026-04-27,0.0,April-2026
JH06H-7764,2026-04-27,0.0,April-2026
JH06H-9654,2026-04-27,0.0,April-2026
JH06P-6214 SCORPIO,2026-04-27,0.0,April-2026
JH06T-7706,2026-04-27,80.0,April-2026
JRD-450+650-1,2026-04-27,300.0,April-2026
JRD-600+CD-360,2026-04-27,300.0,April-2026
KAMASTU-210,2026-04-27,200.0,April-2026
KOBELCO-380 DMCS,2026-04-27,300.0,April-2026
KOMASTU-200,2026-04-27,150.0,April-2026
KOMASTU-350 DMC,2026-04-27,0.0,April-2026
L-6268 SDLG,2026-04-27,0.0,April-2026
LOKO CONE,2026-04-27,100.0,April-2026
LOKO TRACK JAW,2026-04-27,0.0,April-2026
OD07AR-4113 DMC,2026-04-27,100.0,April-2026
OD09A-5105,2026-04-27,0.0,April-2026
OD09A-5106,2026-04-27,0.0,April-2026
OD09A-5666,2026-04-27,0.0,April-2026
OD09A-6059,2026-04-27,50.0,April-2026
OD09AE-5513 DMC,2026-04-27,0.0,April-2026
OD09C-1371,2026-04-27,0.0,April-2026
OD09C-1373,2026-04-27,0.0,April-2026
OD09C-1962,2026-04-27,0.0,April-2026
OD09C-1964,2026-04-27,0.0,April-2026
OD09C-4824,2026-04-27,0.0,April-2026
OD09C-4878,2026-04-27,0.0,April-2026
OD09C-4879,2026-04-27,100.0,April-2026
OD09C-5609 JCB,2026-04-27,0.0,April-2026
OD09C-8163,2026-04-27,0.0,April-2026
OD09C-8164,2026-04-27,80.0,April-2026
OD09C1965,2026-04-27,0.0,April-2026
OD09C4623,2026-04-27,0.0,April-2026
OD09C4625,2026-04-27,0.0,April-2026
OD09C4823,2026-04-27,0.0,April-2026
OD09C5137,2026-04-27,0.0,April-2026
OD09G-6065 CAMPER,2026-04-27,0.0,April-2026
OD09K-1394,2026-04-27,0.0,April-2026
OD09K-2512 W.TANKER,2026-04-27,0.0,April-2026
OD09K-5036,2026-04-27,0.0,April-2026
OD09K-7213 BSM BUS,2026-04-27,0.0,April-2026
OD09P-2986 (CAMPAR),2026-04-27,0.0,April-2026
OD09P-6973 W.TANKER,2026-04-27,100.0,April-2026
OD09V-5619 TATA YODHA,2026-04-27,0.0,April-2026
OD09Z-1202,2026-04-27,80.0,April-2026
OD09Z-1273,2026-04-27,50.0,April-2026
OD09Z-1274,2026-04-27,100.0,April-2026
OD09Z-5613 DMC,2026-04-27,50.0,April-2026
OD09Z-5713 DMC,2026-04-27,50.0,April-2026
OD09Z-5813 DMC,2026-04-27,0.0,April-2026
OD09Z-5913 DMC,2026-04-27,50.0,April-2026
ODO9C5136,2026-04-27,0.0,April-2026
OMC DG (NIGHT USE),2026-04-27,0.0,April-2026
POWER SCREEN RHS,2026-04-27,0.0,April-2026
TATA LOADER-OD02AY-0516,2026-04-27,0.0,April-2026
TOTAL ISSUE,2026-04-27,3506.0,April-2026
VICHELE NO.,2026-04-27,0.0,April-2026
VOLVO 300-2,2026-04-27,200.0,April-2026
VOLVO-300(5),2026-04-27,100.0,April-2026
VOLVO-300-7,2026-04-27,0.0,April-2026
VOLVO-380,2026-04-27,350.0,April-2026
VOLVO-480,2026-04-27,0.0,April-2026
WATER PUMP,2026-04-27,5.0,April-2026
BD 85 DOZER,2026-04-28,0.0,April-2026
CRUSHER ( CONE ),2026-04-28,0.0,April-2026
CRUSHER ( JAW ),2026-04-28,0.0,April-2026
CRUSHER DG,2026-04-28,0.0,April-2026
CRUSHER(FEEDER),2026-04-28,0.0,April-2026
DOZZER D65E,2026-04-28,150.0,April-2026
DRILL-ELGI-650,2026-04-28,0.0,April-2026
GRADER OD09P-1732,2026-04-28,0.0,April-2026
HITACHI-120,2026-04-28,0.0,April-2026
HITACHI-350,2026-04-28,200.0,April-2026
HYDRA CRANE-1686,2026-04-28,0.0,April-2026
JCB-8262 LOADER,2026-04-28,122.0,April-2026
JH06G-4703,2026-04-28,80.0,April-2026
JH06G-5437,2026-04-28,0.0,April-2026
JH06H-3742,2026-04-28,10.0,April-2026
JH06H-5348,2026-04-28,0.0,April-2026
JH06H-6198 D.TANKER,2026-04-28,0.0,April-2026
JH06H-7764,2026-04-28,80.0,April-2026
JH06H-9654,2026-04-28,80.0,April-2026
JH06P-6214 SCORPIO,2026-04-28,0.0,April-2026
JH06T-7706,2026-04-28,0.0,April-2026
JRD-450+650-1,2026-04-28,0.0,April-2026
JRD-600+CD-360,2026-04-28,262.0,April-2026
KAMASTU-210,2026-04-28,200.0,April-2026
KOBELCO-380 DMCS,2026-04-28,300.0,April-2026
KOMASTU-200,2026-04-28,0.0,April-2026
KOMASTU-350 DMC,2026-04-28,0.0,April-2026
L-6268 SDLG,2026-04-28,314.0,April-2026
LOKO CONE,2026-04-28,0.0,April-2026
LOKO TRACK JAW,2026-04-28,0.0,April-2026
OD07AR-4113 DMC,2026-04-28,82.0,April-2026
OD09A-5105,2026-04-28,0.0,April-2026
OD09A-5106,2026-04-28,0.0,April-2026
OD09A-5666,2026-04-28,50.0,April-2026
OD09A-6059,2026-04-28,80.0,April-2026
OD09AE-5513 DMC,2026-04-28,50.0,April-2026
OD09C-1371,2026-04-28,0.0,April-2026
OD09C-1373,2026-04-28,0.0,April-2026
OD09C-1962,2026-04-28,100.0,April-2026
OD09C-1964,2026-04-28,0.0,April-2026
OD09C-4824,2026-04-28,50.0,April-2026
OD09C-4878,2026-04-28,0.0,April-2026
OD09C-4879,2026-04-28,100.0,April-2026
OD09C-5609 JCB,2026-04-28,0.0,April-2026
OD09C-8163,2026-04-28,100.0,April-2026
OD09C-8164,2026-04-28,50.0,April-2026
OD09C1965,2026-04-28,0.0,April-2026
OD09C4623,2026-04-28,0.0,April-2026
OD09C4625,2026-04-28,50.0,April-2026
OD09C4823,2026-04-28,50.0,April-2026
OD09C5137,2026-04-28,0.0,April-2026
OD09G-6065 CAMPER,2026-04-28,0.0,April-2026
OD09K-1394,2026-04-28,0.0,April-2026
OD09K-2512 W.TANKER,2026-04-28,81.0,April-2026
OD09K-5036,2026-04-28,0.0,April-2026
OD09K-7213 BSM BUS,2026-04-28,0.0,April-2026
OD09P-2986 (CAMPAR),2026-04-28,0.0,April-2026
OD09P-6973 W.TANKER,2026-04-28,0.0,April-2026
OD09V-5619 TATA YODHA,2026-04-28,0.0,April-2026
OD09Z-1202,2026-04-28,50.0,April-2026
OD09Z-1273,2026-04-28,100.0,April-2026
OD09Z-1274,2026-04-28,0.0,April-2026
OD09Z-5613 DMC,2026-04-28,50.0,April-2026
OD09Z-5713 DMC,2026-04-28,68.0,April-2026
OD09Z-5813 DMC,2026-04-28,50.0,April-2026
OD09Z-5913 DMC,2026-04-28,50.0,April-2026
ODO9C5136,2026-04-28,50.0,April-2026
OMC DG (NIGHT USE),2026-04-28,0.0,April-2026
POWER SCREEN RHS,2026-04-28,100.0,April-2026
TATA LOADER-OD02AY-0516,2026-04-28,0.0,April-2026
TOTAL ISSUE,2026-04-28,3814.0,April-2026
VICHELE NO.,2026-04-28,0.0,April-2026
VOLVO 300-2,2026-04-28,200.0,April-2026
VOLVO-300(5),2026-04-28,200.0,April-2026
VOLVO-300-7,2026-04-28,0.0,April-2026
VOLVO-380,2026-04-28,250.0,April-2026
VOLVO-480,2026-04-28,0.0,April-2026
WATER PUMP,2026-04-28,5.0,April-2026
BD 85 DOZER,2026-04-29,100.0,April-2026
CRUSHER ( CONE ),2026-04-29,0.0,April-2026
CRUSHER ( JAW ),2026-04-29,0.0,April-2026
CRUSHER DG,2026-04-29,0.0,April-2026
CRUSHER(FEEDER),2026-04-29,0.0,April-2026
DOZZER D65E,2026-04-29,150.0,April-2026
DRILL-ELGI-650,2026-04-29,0.0,April-2026
GRADER OD09P-1732,2026-04-29,0.0,April-2026
HITACHI-120,2026-04-29,100.0,April-2026
HITACHI-350,2026-04-29,200.0,April-2026
HYDRA CRANE-1686,2026-04-29,0.0,April-2026
JCB-8262 LOADER,2026-04-29,165.0,April-2026
JH06G-4703,2026-04-29,100.0,April-2026
JH06G-5437,2026-04-29,0.0,April-2026
JH06H-3742,2026-04-29,0.0,April-2026
JH06H-5348,2026-04-29,0.0,April-2026
JH06H-6198 D.TANKER,2026-04-29,55.0,April-2026
JH06H-7764,2026-04-29,0.0,April-2026
JH06H-9654,2026-04-29,100.0,April-2026
JH06P-6214 SCORPIO,2026-04-29,30.0,April-2026
JH06T-7706,2026-04-29,100.0,April-2026
JRD-450+650-1,2026-04-29,200.0,April-2026
JRD-600+CD-360,2026-04-29,250.0,April-2026
KAMASTU-210,2026-04-29,250.0,April-2026
KOBELCO-380 DMCS,2026-04-29,250.0,April-2026
KOMASTU-200,2026-04-29,150.0,April-2026
KOMASTU-350 DMC,2026-04-29,0.0,April-2026
L-6268 SDLG,2026-04-29,200.0,April-2026
LOKO CONE,2026-04-29,0.0,April-2026
LOKO TRACK JAW,2026-04-29,0.0,April-2026
OD07AR-4113 DMC,2026-04-29,0.0,April-2026
OD09A-5105,2026-04-29,100.0,April-2026
OD09A-5106,2026-04-29,0.0,April-2026
OD09A-5666,2026-04-29,0.0,April-2026
OD09A-6059,2026-04-29,50.0,April-2026
OD09AE-5513 DMC,2026-04-29,50.0,April-2026
OD09C-1371,2026-04-29,0.0,April-2026
OD09C-1373,2026-04-29,0.0,April-2026
OD09C-1962,2026-04-29,50.0,April-2026
OD09C-1964,2026-04-29,0.0,April-2026
OD09C-4824,2026-04-29,50.0,April-2026
OD09C-4878,2026-04-29,0.0,April-2026
OD09C-4879,2026-04-29,50.0,April-2026
OD09C-5609 JCB,2026-04-29,0.0,April-2026
OD09C-8163,2026-04-29,80.0,April-2026
OD09C-8164,2026-04-29,80.0,April-2026
OD09C1965,2026-04-29,0.0,April-2026
OD09C4623,2026-04-29,0.0,April-2026
OD09C4625,2026-04-29,50.0,April-2026
OD09C4823,2026-04-29,0.0,April-2026
OD09C5137,2026-04-29,0.0,April-2026
OD09G-6065 CAMPER,2026-04-29,0.0,April-2026
OD09K-1394,2026-04-29,0.0,April-2026
OD09K-2512 W.TANKER,2026-04-29,0.0,April-2026
OD09K-5036,2026-04-29,0.0,April-2026
OD09K-7213 BSM BUS,2026-04-29,50.0,April-2026
OD09P-2986 (CAMPAR),2026-04-29,0.0,April-2026
OD09P-6973 W.TANKER,2026-04-29,0.0,April-2026
OD09V-5619 TATA YODHA,2026-04-29,30.0,April-2026
OD09Z-1202,2026-04-29,80.0,April-2026
OD09Z-1273,2026-04-29,80.0,April-2026
OD09Z-1274,2026-04-29,0.0,April-2026
OD09Z-5613 DMC,2026-04-29,50.0,April-2026
OD09Z-5713 DMC,2026-04-29,0.0,April-2026
OD09Z-5813 DMC,2026-04-29,0.0,April-2026
OD09Z-5913 DMC,2026-04-29,50.0,April-2026
ODO9C5136,2026-04-29,50.0,April-2026
OMC DG (NIGHT USE),2026-04-29,0.0,April-2026
POWER SCREEN RHS,2026-04-29,0.0,April-2026
TATA LOADER-OD02AY-0516,2026-04-29,0.0,April-2026
TOTAL ISSUE,2026-04-29,4000.0,April-2026
VICHELE NO.,2026-04-29,0.0,April-2026
VOLVO 300-2,2026-04-29,0.0,April-2026
VOLVO-300(5),2026-04-29,100.0,April-2026
VOLVO-300-7,2026-04-29,0.0,April-2026
VOLVO-380,2026-04-29,300.0,April-2026
VOLVO-480,2026-04-29,250.0,April-2026
WATER PUMP,2026-04-29,0.0,April-2026
BD 85 DOZER,2026-04-30,100.0,April-2026
CRUSHER ( CONE ),2026-04-30,0.0,April-2026
CRUSHER ( JAW ),2026-04-30,0.0,April-2026
CRUSHER DG,2026-04-30,200.0,April-2026
CRUSHER(FEEDER),2026-04-30,0.0,April-2026
DOZZER D65E,2026-04-30,0.0,April-2026
DRILL-ELGI-650,2026-04-30,0.0,April-2026
GRADER OD09P-1732,2026-04-30,0.0,April-2026
HITACHI-120,2026-04-30,100.0,April-2026
HITACHI-350,2026-04-30,200.0,April-2026
HYDRA CRANE-1686,2026-04-30,0.0,April-2026
JCB-8262 LOADER,2026-04-30,147.0,April-2026
JH06G-4703,2026-04-30,80.0,April-2026
JH06G-5437,2026-04-30,0.0,April-2026
JH06H-3742,2026-04-30,100.0,April-2026
JH06H-5348,2026-04-30,0.0,April-2026
JH06H-6198 D.TANKER,2026-04-30,0.0,April-2026
JH06H-7764,2026-04-30,0.0,April-2026
JH06H-9654,2026-04-30,80.0,April-2026
JH06P-6214 SCORPIO,2026-04-30,0.0,April-2026
JH06T-7706,2026-04-30,100.0,April-2026
JRD-450+650-1,2026-04-30,100.0,April-2026
JRD-600+CD-360,2026-04-30,200.0,April-2026
KAMASTU-210,2026-04-30,170.0,April-2026
KOBELCO-380 DMCS,2026-04-30,250.0,April-2026
KOMASTU-200,2026-04-30,0.0,April-2026
KOMASTU-350 DMC,2026-04-30,0.0,April-2026
L-6268 SDLG,2026-04-30,150.0,April-2026
LOKO CONE,2026-04-30,0.0,April-2026
LOKO TRACK JAW,2026-04-30,0.0,April-2026
OD07AR-4113 DMC,2026-04-30,0.0,April-2026
OD09A-5105,2026-04-30,100.0,April-2026
OD09A-5106,2026-04-30,0.0,April-2026
OD09A-5666,2026-04-30,0.0,April-2026
OD09A-6059,2026-04-30,80.0,April-2026
OD09AE-5513 DMC,2026-04-30,0.0,April-2026
OD09C-1371,2026-04-30,150.0,April-2026
OD09C-1373,2026-04-30,0.0,April-2026
OD09C-1962,2026-04-30,0.0,April-2026
OD09C-1964,2026-04-30,100.0,April-2026
OD09C-4824,2026-04-30,50.0,April-2026
OD09C-4878,2026-04-30,0.0,April-2026
OD09C-4879,2026-04-30,0.0,April-2026
OD09C-5609 JCB,2026-04-30,0.0,April-2026
OD09C-8163,2026-04-30,100.0,April-2026
OD09C-8164,2026-04-30,50.0,April-2026
OD09C1965,2026-04-30,0.0,April-2026
OD09C4623,2026-04-30,0.0,April-2026
OD09C4625,2026-04-30,0.0,April-2026
OD09C4823,2026-04-30,0.0,April-2026
OD09C5137,2026-04-30,0.0,April-2026
OD09G-6065 CAMPER,2026-04-30,30.0,April-2026
OD09K-1394,2026-04-30,0.0,April-2026
OD09K-2512 W.TANKER,2026-04-30,0.0,April-2026
OD09K-5036,2026-04-30,0.0,April-2026
OD09K-7213 BSM BUS,2026-04-30,0.0,April-2026
OD09P-2986 (CAMPAR),2026-04-30,0.0,April-2026
OD09P-6973 W.TANKER,2026-04-30,100.0,April-2026
OD09V-5619 TATA YODHA,2026-04-30,0.0,April-2026
OD09Z-1202,2026-04-30,80.0,April-2026
OD09Z-1273,2026-04-30,80.0,April-2026
OD09Z-1274,2026-04-30,100.0,April-2026
OD09Z-5613 DMC,2026-04-30,0.0,April-2026
OD09Z-5713 DMC,2026-04-30,0.0,April-2026
OD09Z-5813 DMC,2026-04-30,50.0,April-2026
OD09Z-5913 DMC,2026-04-30,0.0,April-2026
ODO9C5136,2026-04-30,50.0,April-2026
OMC DG (NIGHT USE),2026-04-30,0.0,April-2026
POWER SCREEN RHS,2026-04-30,100.0,April-2026
TATA LOADER-OD02AY-0516,2026-04-30,0.0,April-2026
TOTAL ISSUE,2026-04-30,3847.0,April-2026
VICHELE NO.,2026-04-30,0.0,April-2026
VOLVO 300-2,2026-04-30,200.0,April-2026
VOLVO-300(5),2026-04-30,100.0,April-2026
VOLVO-300-7,2026-04-30,0.0,April-2026
VOLVO-380,2026-04-30,150.0,April-2026
VOLVO-480,2026-04-30,200.0,April-2026
WATER PUMP,2026-04-30,0.0,April-2026
BD 85 DOZER,2026-05-01,0.0,May-2026
CRUSHER ( CONE ),2026-05-01,0.0,May-2026
CRUSHER ( JAW ),2026-05-01,0.0,May-2026
CRUSHER DG,2026-05-01,0.0,May-2026
CRUSHER(FEEDER),2026-05-01,0.0,May-2026
CRUSHER(NEW) HORRIZON,2026-05-01,0.0,May-2026
DOZZER D65E,2026-05-01,0.0,May-2026
DRILL-ELGI-650,2026-05-01,0.0,May-2026
GRADER OD09P-1732,2026-05-01,0.0,May-2026
HITACHI-120,2026-05-01,0.0,May-2026
HITACHI-350,2026-05-01,0.0,May-2026
JCB-8262 LOADER,2026-05-01,0.0,May-2026
JH01 T-8721 CHATU BABU,2026-05-01,0.0,May-2026
JH06G-4703,2026-05-01,0.0,May-2026
JH06G-5437,2026-05-01,0.0,May-2026
JH06G-5696,2026-05-01,0.0,May-2026
JH06H-3742,2026-05-01,0.0,May-2026
JH06H-5348,2026-05-01,0.0,May-2026
JH06H-6198 D.TANKER,2026-05-01,0.0,May-2026
JH06H-7764,2026-05-01,0.0,May-2026
JH06H-9654,2026-05-01,0.0,May-2026
JH06P-6214 SCORPIO,2026-05-01,0.0,May-2026
JH06T-7706,2026-05-01,0.0,May-2026
JRD-450+650-1,2026-05-01,0.0,May-2026
JRD-600+CD-360,2026-05-01,0.0,May-2026
KAMASTU-210,2026-05-01,0.0,May-2026
KOBELCO-380 DMCS,2026-05-01,0.0,May-2026
KOMASTU-200,2026-05-01,0.0,May-2026
KOMASTU-350 DMC,2026-05-01,0.0,May-2026
L-6268 SDLG,2026-05-01,0.0,May-2026
LIGHT DG NEW,2026-05-01,0.0,May-2026
LOKO CONE,2026-05-01,0.0,May-2026
LOKO TRACK JAW,2026-05-01,0.0,May-2026
OD07AR-4113 DMC,2026-05-01,0.0,May-2026
OD09A-5105,2026-05-01,0.0,May-2026
OD09A-5106,2026-05-01,0.0,May-2026
OD09A-5666,2026-05-01,0.0,May-2026
OD09A-6059,2026-05-01,0.0,May-2026
OD09AE-5513 DMC,2026-05-01,0.0,May-2026
OD09C-1371,2026-05-01,0.0,May-2026
OD09C-1962,2026-05-01,0.0,May-2026
OD09C-1964,2026-05-01,0.0,May-2026
OD09C-4824,2026-05-01,0.0,May-2026
OD09C-4879,2026-05-01,0.0,May-2026
OD09C-5609 JCB,2026-05-01,0.0,May-2026
OD09C-8163,2026-05-01,0.0,May-2026
OD09C-8164,2026-05-01,0.0,May-2026
OD09C1965,2026-05-01,0.0,May-2026
OD09C4623,2026-05-01,0.0,May-2026
OD09C4624,2026-05-01,0.0,May-2026
OD09C4625,2026-05-01,0.0,May-2026
OD09C4823,2026-05-01,0.0,May-2026
OD09C5137,2026-05-01,0.0,May-2026
OD09G-6065 CAMPER,2026-05-01,0.0,May-2026
OD09K-2512 W.TANKER,2026-05-01,0.0,May-2026
OD09K-7213 BSM BUS,2026-05-01,0.0,May-2026
OD09P-2986 (CAMPAR),2026-05-01,0.0,May-2026
OD09P-6973 W.TANKER,2026-05-01,0.0,May-2026
OD09V-5619 TATA YODHA,2026-05-01,0.0,May-2026
OD09Z-0461 OFFICE,2026-05-01,0.0,May-2026
OD09Z-1202,2026-05-01,0.0,May-2026
OD09Z-1273,2026-05-01,0.0,May-2026
OD09Z-1274,2026-05-01,0.0,May-2026
OD09Z-5613 DMC,2026-05-01,0.0,May-2026
OD09Z-5713 DMC,2026-05-01,0.0,May-2026
OD09Z-5813 DMC,2026-05-01,0.0,May-2026
OD09Z-5913 DMC,2026-05-01,0.0,May-2026
ODO9C5136,2026-05-01,0.0,May-2026
OMC DG (NIGHT USE),2026-05-01,0.0,May-2026
POWER SCREEN RHS,2026-05-01,0.0,May-2026
TATA LOADER-OD02AY-0516,2026-05-01,0.0,May-2026
TOTAL ISSUE,2026-05-01,0.0,May-2026
VICHELE NO.,2026-05-01,0.0,May-2026
VOLVO-300(5),2026-05-01,0.0,May-2026
VOLVO-300-7,2026-05-01,0.0,May-2026
VOLVO-380,2026-05-01,0.0,May-2026
VOLVO-480,2026-05-01,0.0,May-2026
VOLVO-480 (N),2026-05-01,0.0,May-2026
WATER PUMP,2026-05-01,0.0,May-2026
BD 85 DOZER,2026-05-02,0.0,May-2026
CRUSHER ( CONE ),2026-05-02,0.0,May-2026
CRUSHER ( JAW ),2026-05-02,0.0,May-2026
CRUSHER DG,2026-05-02,200.0,May-2026
CRUSHER(FEEDER),2026-05-02,0.0,May-2026
CRUSHER(NEW) HORRIZON,2026-05-02,0.0,May-2026
DOZZER D65E,2026-05-02,200.0,May-2026
DRILL-ELGI-650,2026-05-02,348.0,May-2026
GRADER OD09P-1732,2026-05-02,0.0,May-2026
HITACHI-120,2026-05-02,102.0,May-2026
HITACHI-350,2026-05-02,258.0,May-2026
JCB-8262 LOADER,2026-05-02,190.0,May-2026
JH01 T-8721 CHATU BABU,2026-05-02,0.0,May-2026
JH06G-4703,2026-05-02,50.0,May-2026
JH06G-5437,2026-05-02,50.0,May-2026
JH06G-5696,2026-05-02,0.0,May-2026
JH06H-3742,2026-05-02,0.0,May-2026
JH06H-5348,2026-05-02,50.0,May-2026
JH06H-6198 D.TANKER,2026-05-02,0.0,May-2026
JH06H-7764,2026-05-02,0.0,May-2026
JH06H-9654,2026-05-02,0.0,May-2026
JH06P-6214 SCORPIO,2026-05-02,0.0,May-2026
JH06T-7706,2026-05-02,50.0,May-2026
JRD-450+650-1,2026-05-02,120.0,May-2026
JRD-600+CD-360,2026-05-02,270.0,May-2026
KAMASTU-210,2026-05-02,0.0,May-2026
KOBELCO-380 DMCS,2026-05-02,0.0,May-2026
KOMASTU-200,2026-05-02,117.0,May-2026
KOMASTU-350 DMC,2026-05-02,0.0,May-2026
L-6268 SDLG,2026-05-02,0.0,May-2026
LIGHT DG NEW,2026-05-02,0.0,May-2026
LOKO CONE,2026-05-02,0.0,May-2026
LOKO TRACK JAW,2026-05-02,0.0,May-2026
OD07AR-4113 DMC,2026-05-02,123.0,May-2026
OD09A-5105,2026-05-02,50.0,May-2026
OD09A-5106,2026-05-02,0.0,May-2026
OD09A-5666,2026-05-02,0.0,May-2026
OD09A-6059,2026-05-02,0.0,May-2026
OD09AE-5513 DMC,2026-05-02,82.0,May-2026
OD09C-1371,2026-05-02,0.0,May-2026
OD09C-1962,2026-05-02,0.0,May-2026
OD09C-1964,2026-05-02,0.0,May-2026
OD09C-4824,2026-05-02,100.0,May-2026
OD09C-4879,2026-05-02,50.0,May-2026
OD09C-5609 JCB,2026-05-02,0.0,May-2026
OD09C-8163,2026-05-02,0.0,May-2026
OD09C-8164,2026-05-02,0.0,May-2026
OD09C1965,2026-05-02,0.0,May-2026
OD09C4623,2026-05-02,0.0,May-2026
OD09C4624,2026-05-02,0.0,May-2026
OD09C4625,2026-05-02,0.0,May-2026
OD09C4823,2026-05-02,0.0,May-2026
OD09C5137,2026-05-02,0.0,May-2026
OD09G-6065 CAMPER,2026-05-02,0.0,May-2026
OD09K-2512 W.TANKER,2026-05-02,0.0,May-2026
OD09K-7213 BSM BUS,2026-05-02,0.0,May-2026
OD09P-2986 (CAMPAR),2026-05-02,0.0,May-2026
OD09P-6973 W.TANKER,2026-05-02,100.0,May-2026
OD09V-5619 TATA YODHA,2026-05-02,0.0,May-2026
OD09Z-0461 OFFICE,2026-05-02,0.0,May-2026
OD09Z-1202,2026-05-02,50.0,May-2026
OD09Z-1273,2026-05-02,0.0,May-2026
OD09Z-1274,2026-05-02,50.0,May-2026
OD09Z-5613 DMC,2026-05-02,50.0,May-2026
OD09Z-5713 DMC,2026-05-02,95.0,May-2026
OD09Z-5813 DMC,2026-05-02,0.0,May-2026
OD09Z-5913 DMC,2026-05-02,73.0,May-2026
ODO9C5136,2026-05-02,0.0,May-2026
OMC DG (NIGHT USE),2026-05-02,0.0,May-2026
POWER SCREEN RHS,2026-05-02,0.0,May-2026
TATA LOADER-OD02AY-0516,2026-05-02,0.0,May-2026
TOTAL ISSUE,2026-05-02,3523.0,May-2026
VICHELE NO.,2026-05-02,0.0,May-2026
VOLVO-300(5),2026-05-02,215.0,May-2026
VOLVO-300-7,2026-05-02,0.0,May-2026
VOLVO-380,2026-05-02,0.0,May-2026
VOLVO-480,2026-05-02,470.0,May-2026
VOLVO-480 (N),2026-05-02,0.0,May-2026
WATER PUMP,2026-05-02,10.0,May-2026
BD 85 DOZER,2026-05-03,0.0,May-2026
CRUSHER ( CONE ),2026-05-03,0.0,May-2026
CRUSHER ( JAW ),2026-05-03,0.0,May-2026
CRUSHER DG,2026-05-03,200.0,May-2026
CRUSHER(FEEDER),2026-05-03,0.0,May-2026
CRUSHER(NEW) HORRIZON,2026-05-03,0.0,May-2026
DOZZER D65E,2026-05-03,150.0,May-2026
DRILL-ELGI-650,2026-05-03,340.0,May-2026
GRADER OD09P-1732,2026-05-03,0.0,May-2026
HITACHI-120,2026-05-03,0.0,May-2026
HITACHI-350,2026-05-03,270.0,May-2026
JCB-8262 LOADER,2026-05-03,235.0,May-2026
JH01 T-8721 CHATU BABU,2026-05-03,0.0,May-2026
JH06G-4703,2026-05-03,50.0,May-2026
JH06G-5437,2026-05-03,50.0,May-2026
JH06G-5696,2026-05-03,0.0,May-2026
JH06H-3742,2026-05-03,100.0,May-2026
JH06H-5348,2026-05-03,50.0,May-2026
JH06H-6198 D.TANKER,2026-05-03,0.0,May-2026
JH06H-7764,2026-05-03,220.0,May-2026
JH06H-9654,2026-05-03,90.0,May-2026
JH06P-6214 SCORPIO,2026-05-03,0.0,May-2026
JH06T-7706,2026-05-03,50.0,May-2026
JRD-450+650-1,2026-05-03,0.0,May-2026
JRD-600+CD-360,2026-05-03,235.0,May-2026
KAMASTU-210,2026-05-03,414.0,May-2026
KOBELCO-380 DMCS,2026-05-03,0.0,May-2026
KOMASTU-200,2026-05-03,0.0,May-2026
KOMASTU-350 DMC,2026-05-03,0.0,May-2026
L-6268 SDLG,2026-05-03,0.0,May-2026
LIGHT DG NEW,2026-05-03,0.0,May-2026
LOKO CONE,2026-05-03,200.0,May-2026
LOKO TRACK JAW,2026-05-03,200.0,May-2026
OD07AR-4113 DMC,2026-05-03,0.0,May-2026
OD09A-5105,2026-05-03,50.0,May-2026
OD09A-5106,2026-05-03,70.0,May-2026
OD09A-5666,2026-05-03,0.0,May-2026
OD09A-6059,2026-05-03,50.0,May-2026
OD09AE-5513 DMC,2026-05-03,0.0,May-2026
OD09C-1371,2026-05-03,0.0,May-2026
OD09C-1962,2026-05-03,0.0,May-2026
OD09C-1964,2026-05-03,50.0,May-2026
OD09C-4824,2026-05-03,0.0,May-2026
OD09C-4879,2026-05-03,0.0,May-2026
OD09C-5609 JCB,2026-05-03,0.0,May-2026
OD09C-8163,2026-05-03,50.0,May-2026
OD09C-8164,2026-05-03,0.0,May-2026
OD09C1965,2026-05-03,0.0,May-2026
OD09C4623,2026-05-03,0.0,May-2026
OD09C4624,2026-05-03,0.0,May-2026
OD09C4625,2026-05-03,0.0,May-2026
OD09C4823,2026-05-03,0.0,May-2026
OD09C5137,2026-05-03,0.0,May-2026
OD09G-6065 CAMPER,2026-05-03,0.0,May-2026
OD09K-2512 W.TANKER,2026-05-03,100.0,May-2026
OD09K-7213 BSM BUS,2026-05-03,0.0,May-2026
OD09P-2986 (CAMPAR),2026-05-03,0.0,May-2026
OD09P-6973 W.TANKER,2026-05-03,0.0,May-2026
OD09V-5619 TATA YODHA,2026-05-03,0.0,May-2026
OD09Z-0461 OFFICE,2026-05-03,0.0,May-2026
OD09Z-1202,2026-05-03,50.0,May-2026
OD09Z-1273,2026-05-03,0.0,May-2026
OD09Z-1274,2026-05-03,50.0,May-2026
OD09Z-5613 DMC,2026-05-03,50.0,May-2026
OD09Z-5713 DMC,2026-05-03,0.0,May-2026
OD09Z-5813 DMC,2026-05-03,156.0,May-2026
OD09Z-5913 DMC,2026-05-03,0.0,May-2026
ODO9C5136,2026-05-03,0.0,May-2026
OMC DG (NIGHT USE),2026-05-03,0.0,May-2026
POWER SCREEN RHS,2026-05-03,0.0,May-2026
TATA LOADER-OD02AY-0516,2026-05-03,0.0,May-2026
TOTAL ISSUE,2026-05-03,3975.0,May-2026
VICHELE NO.,2026-05-03,0.0,May-2026
VOLVO-300(5),2026-05-03,130.0,May-2026
VOLVO-300-7,2026-05-03,0.0,May-2026
VOLVO-380,2026-05-03,310.0,May-2026
VOLVO-480,2026-05-03,0.0,May-2026
VOLVO-480 (N),2026-05-03,0.0,May-2026
WATER PUMP,2026-05-03,5.0,May-2026
BD 85 DOZER,2026-05-04,0.0,May-2026
CRUSHER ( CONE ),2026-05-04,0.0,May-2026
CRUSHER ( JAW ),2026-05-04,0.0,May-2026
CRUSHER DG,2026-05-04,0.0,May-2026
CRUSHER(FEEDER),2026-05-04,0.0,May-2026
CRUSHER(NEW) HORRIZON,2026-05-04,0.0,May-2026
DOZZER D65E,2026-05-04,50.0,May-2026
DRILL-ELGI-650,2026-05-04,300.0,May-2026
GRADER OD09P-1732,2026-05-04,0.0,May-2026
HITACHI-120,2026-05-04,0.0,May-2026
HITACHI-350,2026-05-04,0.0,May-2026
JCB-8262 LOADER,2026-05-04,194.0,May-2026
JH01 T-8721 CHATU BABU,2026-05-04,0.0,May-2026
JH06G-4703,2026-05-04,0.0,May-2026
JH06G-5437,2026-05-04,50.0,May-2026
JH06G-5696,2026-05-04,0.0,May-2026
JH06H-3742,2026-05-04,0.0,May-2026
JH06H-5348,2026-05-04,0.0,May-2026
JH06H-6198 D.TANKER,2026-05-04,110.0,May-2026
JH06H-7764,2026-05-04,0.0,May-2026
JH06H-9654,2026-05-04,0.0,May-2026
JH06P-6214 SCORPIO,2026-05-04,33.0,May-2026
JH06T-7706,2026-05-04,50.0,May-2026
JRD-450+650-1,2026-05-04,0.0,May-2026
JRD-600+CD-360,2026-05-04,215.0,May-2026
KAMASTU-210,2026-05-04,215.0,May-2026
KOBELCO-380 DMCS,2026-05-04,0.0,May-2026
KOMASTU-200,2026-05-04,158.0,May-2026
KOMASTU-350 DMC,2026-05-04,0.0,May-2026
L-6268 SDLG,2026-05-04,0.0,May-2026
LIGHT DG NEW,2026-05-04,0.0,May-2026
LOKO CONE,2026-05-04,0.0,May-2026
LOKO TRACK JAW,2026-05-04,0.0,May-2026
OD07AR-4113 DMC,2026-05-04,0.0,May-2026
OD09A-5105,2026-05-04,50.0,May-2026
OD09A-5106,2026-05-04,100.0,May-2026
OD09A-5666,2026-05-04,0.0,May-2026
OD09A-6059,2026-05-04,50.0,May-2026
OD09AE-5513 DMC,2026-05-04,0.0,May-2026
OD09C-1371,2026-05-04,0.0,May-2026
OD09C-1962,2026-05-04,0.0,May-2026
OD09C-1964,2026-05-04,50.0,May-2026
OD09C-4824,2026-05-04,0.0,May-2026
OD09C-4879,2026-05-04,50.0,May-2026
OD09C-5609 JCB,2026-05-04,240.0,May-2026
OD09C-8163,2026-05-04,0.0,May-2026
OD09C-8164,2026-05-04,0.0,May-2026
OD09C1965,2026-05-04,0.0,May-2026
OD09C4623,2026-05-04,0.0,May-2026
OD09C4624,2026-05-04,100.0,May-2026
OD09C4625,2026-05-04,70.0,May-2026
OD09C4823,2026-05-04,0.0,May-2026
OD09C5137,2026-05-04,0.0,May-2026
OD09G-6065 CAMPER,2026-05-04,0.0,May-2026
OD09K-2512 W.TANKER,2026-05-04,0.0,May-2026
OD09K-7213 BSM BUS,2026-05-04,0.0,May-2026
OD09P-2986 (CAMPAR),2026-05-04,0.0,May-2026
OD09P-6973 W.TANKER,2026-05-04,100.0,May-2026
OD09V-5619 TATA YODHA,2026-05-04,40.0,May-2026
OD09Z-0461 OFFICE,2026-05-04,0.0,May-2026
OD09Z-1202,2026-05-04,100.0,May-2026
OD09Z-1273,2026-05-04,0.0,May-2026
OD09Z-1274,2026-05-04,50.0,May-2026
OD09Z-5613 DMC,2026-05-04,0.0,May-2026
OD09Z-5713 DMC,2026-05-04,0.0,May-2026
OD09Z-5813 DMC,2026-05-04,0.0,May-2026
OD09Z-5913 DMC,2026-05-04,0.0,May-2026
ODO9C5136,2026-05-04,0.0,May-2026
OMC DG (NIGHT USE),2026-05-04,0.0,May-2026
POWER SCREEN RHS,2026-05-04,0.0,May-2026
TATA LOADER-OD02AY-0516,2026-05-04,0.0,May-2026
TOTAL ISSUE,2026-05-04,3811.0,May-2026
VICHELE NO.,2026-05-04,0.0,May-2026
VOLVO-300(5),2026-05-04,100.0,May-2026
VOLVO-300-7,2026-05-04,200.0,May-2026
VOLVO-380,2026-05-04,350.0,May-2026
VOLVO-480,2026-05-04,636.0,May-2026
VOLVO-480 (N),2026-05-04,150.0,May-2026
WATER PUMP,2026-05-04,0.0,May-2026
BD 85 DOZER,2026-05-05,0.0,May-2026
CRUSHER ( CONE ),2026-05-05,0.0,May-2026
CRUSHER ( JAW ),2026-05-05,0.0,May-2026
CRUSHER DG,2026-05-05,0.0,May-2026
CRUSHER(FEEDER),2026-05-05,0.0,May-2026
CRUSHER(NEW) HORRIZON,2026-05-05,0.0,May-2026
DOZZER D65E,2026-05-05,0.0,May-2026
DRILL-ELGI-650,2026-05-05,0.0,May-2026
GRADER OD09P-1732,2026-05-05,0.0,May-2026
HITACHI-120,2026-05-05,0.0,May-2026
HITACHI-350,2026-05-05,0.0,May-2026
JCB-8262 LOADER,2026-05-05,127.0,May-2026
JH01 T-8721 CHATU BABU,2026-05-05,0.0,May-2026
JH06G-4703,2026-05-05,0.0,May-2026
JH06G-5437,2026-05-05,0.0,May-2026
JH06G-5696,2026-05-05,0.0,May-2026
JH06H-3742,2026-05-05,0.0,May-2026
JH06H-5348,2026-05-05,0.0,May-2026
JH06H-6198 D.TANKER,2026-05-05,0.0,May-2026
JH06H-7764,2026-05-05,0.0,May-2026
JH06H-9654,2026-05-05,0.0,May-2026
JH06P-6214 SCORPIO,2026-05-05,0.0,May-2026
JH06T-7706,2026-05-05,0.0,May-2026
JRD-450+650-1,2026-05-05,0.0,May-2026
JRD-600+CD-360,2026-05-05,0.0,May-2026
KAMASTU-210,2026-05-05,151.0,May-2026
KOBELCO-380 DMCS,2026-05-05,0.0,May-2026
KOMASTU-200,2026-05-05,0.0,May-2026
KOMASTU-350 DMC,2026-05-05,0.0,May-2026
L-6268 SDLG,2026-05-05,0.0,May-2026
LIGHT DG NEW,2026-05-05,0.0,May-2026
LOKO CONE,2026-05-05,200.0,May-2026
LOKO TRACK JAW,2026-05-05,0.0,May-2026
OD07AR-4113 DMC,2026-05-05,0.0,May-2026
OD09A-5105,2026-05-05,0.0,May-2026
OD09A-5106,2026-05-05,0.0,May-2026
OD09A-5666,2026-05-05,0.0,May-2026
OD09A-6059,2026-05-05,0.0,May-2026
OD09AE-5513 DMC,2026-05-05,0.0,May-2026
OD09C-1371,2026-05-05,0.0,May-2026
OD09C-1962,2026-05-05,0.0,May-2026
OD09C-1964,2026-05-05,0.0,May-2026
OD09C-4824,2026-05-05,0.0,May-2026
OD09C-4879,2026-05-05,0.0,May-2026
OD09C-5609 JCB,2026-05-05,48.0,May-2026
OD09C-8163,2026-05-05,0.0,May-2026
OD09C-8164,2026-05-05,0.0,May-2026
OD09C1965,2026-05-05,0.0,May-2026
OD09C4623,2026-05-05,0.0,May-2026
OD09C4624,2026-05-05,0.0,May-2026
OD09C4625,2026-05-05,0.0,May-2026
OD09C4823,2026-05-05,0.0,May-2026
OD09C5137,2026-05-05,0.0,May-2026
OD09G-6065 CAMPER,2026-05-05,0.0,May-2026
OD09K-2512 W.TANKER,2026-05-05,0.0,May-2026
OD09K-7213 BSM BUS,2026-05-05,0.0,May-2026
OD09P-2986 (CAMPAR),2026-05-05,0.0,May-2026
OD09P-6973 W.TANKER,2026-05-05,0.0,May-2026
OD09V-5619 TATA YODHA,2026-05-05,0.0,May-2026
OD09Z-0461 OFFICE,2026-05-05,0.0,May-2026
OD09Z-1202,2026-05-05,0.0,May-2026
OD09Z-1273,2026-05-05,0.0,May-2026
OD09Z-1274,2026-05-05,0.0,May-2026
OD09Z-5613 DMC,2026-05-05,0.0,May-2026
OD09Z-5713 DMC,2026-05-05,0.0,May-2026
OD09Z-5813 DMC,2026-05-05,0.0,May-2026
OD09Z-5913 DMC,2026-05-05,0.0,May-2026
ODO9C5136,2026-05-05,0.0,May-2026
OMC DG (NIGHT USE),2026-05-05,0.0,May-2026
POWER SCREEN RHS,2026-05-05,0.0,May-2026
TATA LOADER-OD02AY-0516,2026-05-05,0.0,May-2026
TOTAL ISSUE,2026-05-05,626.0,May-2026
VICHELE NO.,2026-05-05,0.0,May-2026
VOLVO-300(5),2026-05-05,0.0,May-2026
VOLVO-300-7,2026-05-05,100.0,May-2026
VOLVO-380,2026-05-05,0.0,May-2026
VOLVO-480,2026-05-05,0.0,May-2026
VOLVO-480 (N),2026-05-05,0.0,May-2026
WATER PUMP,2026-05-05,0.0,May-2026
BD 85 DOZER,2026-05-06,0.0,May-2026
CRUSHER ( CONE ),2026-05-06,0.0,May-2026
CRUSHER ( JAW ),2026-05-06,0.0,May-2026
CRUSHER DG,2026-05-06,0.0,May-2026
CRUSHER(FEEDER),2026-05-06,0.0,May-2026
CRUSHER(NEW) HORRIZON,2026-05-06,0.0,May-2026
DOZZER D65E,2026-05-06,100.0,May-2026
DRILL-ELGI-650,2026-05-06,213.0,May-2026
GRADER OD09P-1732,2026-05-06,0.0,May-2026
HITACHI-120,2026-05-06,155.0,May-2026
HITACHI-350,2026-05-06,0.0,May-2026
JCB-8262 LOADER,2026-05-06,256.0,May-2026
JH01 T-8721 CHATU BABU,2026-05-06,0.0,May-2026
JH06G-4703,2026-05-06,50.0,May-2026
JH06G-5437,2026-05-06,0.0,May-2026
JH06G-5696,2026-05-06,0.0,May-2026
JH06H-3742,2026-05-06,50.0,May-2026
JH06H-5348,2026-05-06,60.0,May-2026
JH06H-6198 D.TANKER,2026-05-06,0.0,May-2026
JH06H-7764,2026-05-06,112.0,May-2026
JH06H-9654,2026-05-06,0.0,May-2026
JH06P-6214 SCORPIO,2026-05-06,0.0,May-2026
JH06T-7706,2026-05-06,50.0,May-2026
JRD-450+650-1,2026-05-06,149.0,May-2026
JRD-600+CD-360,2026-05-06,164.0,May-2026
KAMASTU-210,2026-05-06,185.0,May-2026
KOBELCO-380 DMCS,2026-05-06,0.0,May-2026
KOMASTU-200,2026-05-06,0.0,May-2026
KOMASTU-350 DMC,2026-05-06,0.0,May-2026
L-6268 SDLG,2026-05-06,0.0,May-2026
LIGHT DG NEW,2026-05-06,0.0,May-2026
LOKO CONE,2026-05-06,282.0,May-2026
LOKO TRACK JAW,2026-05-06,100.0,May-2026
OD07AR-4113 DMC,2026-05-06,112.0,May-2026
OD09A-5105,2026-05-06,50.0,May-2026
OD09A-5106,2026-05-06,50.0,May-2026
OD09A-5666,2026-05-06,0.0,May-2026
OD09A-6059,2026-05-06,0.0,May-2026
OD09AE-5513 DMC,2026-05-06,112.0,May-2026
OD09C-1371,2026-05-06,0.0,May-2026
OD09C-1962,2026-05-06,0.0,May-2026
OD09C-1964,2026-05-06,0.0,May-2026
OD09C-4824,2026-05-06,0.0,May-2026
OD09C-4879,2026-05-06,0.0,May-2026
OD09C-5609 JCB,2026-05-06,59.0,May-2026
OD09C-8163,2026-05-06,0.0,May-2026
OD09C-8164,2026-05-06,0.0,May-2026
OD09C1965,2026-05-06,0.0,May-2026
OD09C4623,2026-05-06,0.0,May-2026
OD09C4624,2026-05-06,0.0,May-2026
OD09C4625,2026-05-06,100.0,May-2026
OD09C4823,2026-05-06,0.0,May-2026
OD09C5137,2026-05-06,0.0,May-2026
OD09G-6065 CAMPER,2026-05-06,40.0,May-2026
OD09K-2512 W.TANKER,2026-05-06,100.0,May-2026
OD09K-7213 BSM BUS,2026-05-06,0.0,May-2026
OD09P-2986 (CAMPAR),2026-05-06,58.0,May-2026
OD09P-6973 W.TANKER,2026-05-06,0.0,May-2026
OD09V-5619 TATA YODHA,2026-05-06,0.0,May-2026
OD09Z-0461 OFFICE,2026-05-06,0.0,May-2026
OD09Z-1202,2026-05-06,0.0,May-2026
OD09Z-1273,2026-05-06,0.0,May-2026
OD09Z-1274,2026-05-06,0.0,May-2026
OD09Z-5613 DMC,2026-05-06,50.0,May-2026
OD09Z-5713 DMC,2026-05-06,112.0,May-2026
OD09Z-5813 DMC,2026-05-06,112.0,May-2026
OD09Z-5913 DMC,2026-05-06,0.0,May-2026
ODO9C5136,2026-05-06,0.0,May-2026
OMC DG (NIGHT USE),2026-05-06,0.0,May-2026
POWER SCREEN RHS,2026-05-06,0.0,May-2026
TATA LOADER-OD02AY-0516,2026-05-06,0.0,May-2026
TOTAL ISSUE,2026-05-06,3826.0,May-2026
VICHELE NO.,2026-05-06,0.0,May-2026
VOLVO-300(5),2026-05-06,200.0,May-2026
VOLVO-300-7,2026-05-06,100.0,May-2026
VOLVO-380,2026-05-06,250.0,May-2026
VOLVO-480,2026-05-06,240.0,May-2026
VOLVO-480 (N),2026-05-06,150.0,May-2026
WATER PUMP,2026-05-06,5.0,May-2026
BD 85 DOZER,2026-05-07,0.0,May-2026
CRUSHER ( CONE ),2026-05-07,0.0,May-2026
CRUSHER ( JAW ),2026-05-07,0.0,May-2026
CRUSHER DG,2026-05-07,200.0,May-2026
CRUSHER(FEEDER),2026-05-07,0.0,May-2026
CRUSHER(NEW) HORRIZON,2026-05-07,0.0,May-2026
DOZZER D65E,2026-05-07,0.0,May-2026
DRILL-ELGI-650,2026-05-07,465.0,May-2026
GRADER OD09P-1732,2026-05-07,0.0,May-2026
HITACHI-120,2026-05-07,0.0,May-2026
HITACHI-350,2026-05-07,150.0,May-2026
JCB-8262 LOADER,2026-05-07,0.0,May-2026
JH01 T-8721 CHATU BABU,2026-05-07,0.0,May-2026
JH06G-4703,2026-05-07,56.0,May-2026
JH06G-5437,2026-05-07,100.0,May-2026
JH06G-5696,2026-05-07,0.0,May-2026
JH06H-3742,2026-05-07,0.0,May-2026
JH06H-5348,2026-05-07,50.0,May-2026
JH06H-6198 D.TANKER,2026-05-07,0.0,May-2026
JH06H-7764,2026-05-07,0.0,May-2026
JH06H-9654,2026-05-07,50.0,May-2026
JH06P-6214 SCORPIO,2026-05-07,27.0,May-2026
JH06T-7706,2026-05-07,50.0,May-2026
JRD-450+650-1,2026-05-07,83.0,May-2026
JRD-600+CD-360,2026-05-07,224.0,May-2026
KAMASTU-210,2026-05-07,160.0,May-2026
KOBELCO-380 DMCS,2026-05-07,0.0,May-2026
KOMASTU-200,2026-05-07,194.0,May-2026
KOMASTU-350 DMC,2026-05-07,0.0,May-2026
L-6268 SDLG,2026-05-07,0.0,May-2026
LIGHT DG NEW,2026-05-07,0.0,May-2026
LOKO CONE,2026-05-07,0.0,May-2026
LOKO TRACK JAW,2026-05-07,0.0,May-2026
OD07AR-4113 DMC,2026-05-07,0.0,May-2026
OD09A-5105,2026-05-07,50.0,May-2026
OD09A-5106,2026-05-07,50.0,May-2026
OD09A-5666,2026-05-07,0.0,May-2026
OD09A-6059,2026-05-07,101.0,May-2026
OD09AE-5513 DMC,2026-05-07,112.0,May-2026
OD09C-1371,2026-05-07,0.0,May-2026
OD09C-1962,2026-05-07,0.0,May-2026
OD09C-1964,2026-05-07,50.0,May-2026
OD09C-4824,2026-05-07,0.0,May-2026
OD09C-4879,2026-05-07,0.0,May-2026
OD09C-5609 JCB,2026-05-07,114.0,May-2026
OD09C-8163,2026-05-07,100.0,May-2026
OD09C-8164,2026-05-07,0.0,May-2026
OD09C1965,2026-05-07,0.0,May-2026
OD09C4623,2026-05-07,0.0,May-2026
OD09C4624,2026-05-07,105.0,May-2026
OD09C4625,2026-05-07,0.0,May-2026
OD09C4823,2026-05-07,0.0,May-2026
OD09C5137,2026-05-07,0.0,May-2026
OD09G-6065 CAMPER,2026-05-07,0.0,May-2026
OD09K-2512 W.TANKER,2026-05-07,0.0,May-2026
OD09K-7213 BSM BUS,2026-05-07,80.0,May-2026
OD09P-2986 (CAMPAR),2026-05-07,0.0,May-2026
OD09P-6973 W.TANKER,2026-05-07,40.0,May-2026
OD09V-5619 TATA YODHA,2026-05-07,0.0,May-2026
OD09Z-0461 OFFICE,2026-05-07,0.0,May-2026
OD09Z-1202,2026-05-07,112.0,May-2026
OD09Z-1273,2026-05-07,0.0,May-2026
OD09Z-1274,2026-05-07,0.0,May-2026
OD09Z-5613 DMC,2026-05-07,50.0,May-2026
OD09Z-5713 DMC,2026-05-07,112.0,May-2026
OD09Z-5813 DMC,2026-05-07,79.0,May-2026
OD09Z-5913 DMC,2026-05-07,0.0,May-2026
ODO9C5136,2026-05-07,0.0,May-2026
OMC DG (NIGHT USE),2026-05-07,0.0,May-2026
POWER SCREEN RHS,2026-05-07,0.0,May-2026
TATA LOADER-OD02AY-0516,2026-05-07,0.0,May-2026
TOTAL ISSUE,2026-05-07,3535.0,May-2026
VICHELE NO.,2026-05-07,0.0,May-2026
VOLVO-300(5),2026-05-07,0.0,May-2026
VOLVO-300-7,2026-05-07,0.0,May-2026
VOLVO-380,2026-05-07,250.0,May-2026
VOLVO-480,2026-05-07,221.0,May-2026
VOLVO-480 (N),2026-05-07,100.0,May-2026
WATER PUMP,2026-05-07,0.0,May-2026
BD 85 DOZER,2026-05-08,0.0,May-2026
CRUSHER ( CONE ),2026-05-08,0.0,May-2026
CRUSHER ( JAW ),2026-05-08,0.0,May-2026
CRUSHER DG,2026-05-08,0.0,May-2026
CRUSHER(FEEDER),2026-05-08,0.0,May-2026
CRUSHER(NEW) HORRIZON,2026-05-08,0.0,May-2026
DOZZER D65E,2026-05-08,100.0,May-2026
DRILL-ELGI-650,2026-05-08,200.0,May-2026
GRADER OD09P-1732,2026-05-08,100.0,May-2026
HITACHI-120,2026-05-08,166.0,May-2026
HITACHI-350,2026-05-08,0.0,May-2026
JCB-8262 LOADER,2026-05-08,0.0,May-2026
JH01 T-8721 CHATU BABU,2026-05-08,0.0,May-2026
JH06G-4703,2026-05-08,0.0,May-2026
JH06G-5437,2026-05-08,0.0,May-2026
JH06G-5696,2026-05-08,0.0,May-2026
JH06H-3742,2026-05-08,0.0,May-2026
JH06H-5348,2026-05-08,0.0,May-2026
JH06H-6198 D.TANKER,2026-05-08,0.0,May-2026
JH06H-7764,2026-05-08,0.0,May-2026
JH06H-9654,2026-05-08,0.0,May-2026
JH06P-6214 SCORPIO,2026-05-08,0.0,May-2026
JH06T-7706,2026-05-08,0.0,May-2026
JRD-450+650-1,2026-05-08,100.0,May-2026
JRD-600+CD-360,2026-05-08,140.0,May-2026
KAMASTU-210,2026-05-08,150.0,May-2026
KOBELCO-380 DMCS,2026-05-08,0.0,May-2026
KOMASTU-200,2026-05-08,0.0,May-2026
KOMASTU-350 DMC,2026-05-08,100.0,May-2026
L-6268 SDLG,2026-05-08,0.0,May-2026
LIGHT DG NEW,2026-05-08,0.0,May-2026
LOKO CONE,2026-05-08,336.0,May-2026
LOKO TRACK JAW,2026-05-08,200.0,May-2026
OD07AR-4113 DMC,2026-05-08,112.0,May-2026
OD09A-5105,2026-05-08,0.0,May-2026
OD09A-5106,2026-05-08,0.0,May-2026
OD09A-5666,2026-05-08,0.0,May-2026
OD09A-6059,2026-05-08,0.0,May-2026
OD09AE-5513 DMC,2026-05-08,0.0,May-2026
OD09C-1371,2026-05-08,0.0,May-2026
OD09C-1962,2026-05-08,0.0,May-2026
OD09C-1964,2026-05-08,0.0,May-2026
OD09C-4824,2026-05-08,0.0,May-2026
OD09C-4879,2026-05-08,0.0,May-2026
OD09C-5609 JCB,2026-05-08,120.0,May-2026
OD09C-8163,2026-05-08,0.0,May-2026
OD09C-8164,2026-05-08,0.0,May-2026
OD09C1965,2026-05-08,0.0,May-2026
OD09C4623,2026-05-08,0.0,May-2026
OD09C4624,2026-05-08,0.0,May-2026
OD09C4625,2026-05-08,0.0,May-2026
OD09C4823,2026-05-08,0.0,May-2026
OD09C5137,2026-05-08,0.0,May-2026
OD09G-6065 CAMPER,2026-05-08,0.0,May-2026
OD09K-2512 W.TANKER,2026-05-08,48.0,May-2026
OD09K-7213 BSM BUS,2026-05-08,0.0,May-2026
OD09P-2986 (CAMPAR),2026-05-08,0.0,May-2026
OD09P-6973 W.TANKER,2026-05-08,0.0,May-2026
OD09V-5619 TATA YODHA,2026-05-08,0.0,May-2026
OD09Z-0461 OFFICE,2026-05-08,0.0,May-2026
OD09Z-1202,2026-05-08,0.0,May-2026
OD09Z-1273,2026-05-08,0.0,May-2026
OD09Z-1274,2026-05-08,0.0,May-2026
OD09Z-5613 DMC,2026-05-08,0.0,May-2026
OD09Z-5713 DMC,2026-05-08,0.0,May-2026
OD09Z-5813 DMC,2026-05-08,0.0,May-2026
OD09Z-5913 DMC,2026-05-08,112.0,May-2026
ODO9C5136,2026-05-08,0.0,May-2026
OMC DG (NIGHT USE),2026-05-08,0.0,May-2026
POWER SCREEN RHS,2026-05-08,0.0,May-2026
TATA LOADER-OD02AY-0516,2026-05-08,0.0,May-2026
TOTAL ISSUE,2026-05-08,2389.0,May-2026
VICHELE NO.,2026-05-08,0.0,May-2026
VOLVO-300(5),2026-05-08,0.0,May-2026
VOLVO-300-7,2026-05-08,200.0,May-2026
VOLVO-380,2026-05-08,200.0,May-2026
VOLVO-480,2026-05-08,0.0,May-2026
VOLVO-480 (N),2026-05-08,0.0,May-2026
WATER PUMP,2026-05-08,5.0,May-2026
BD 85 DOZER,2026-05-09,0.0,May-2026
CRUSHER ( CONE ),2026-05-09,0.0,May-2026
CRUSHER ( JAW ),2026-05-09,0.0,May-2026
CRUSHER DG,2026-05-09,0.0,May-2026
CRUSHER(FEEDER),2026-05-09,0.0,May-2026
CRUSHER(NEW) HORRIZON,2026-05-09,0.0,May-2026
DOZZER D65E,2026-05-09,200.0,May-2026
DRILL-ELGI-650,2026-05-09,0.0,May-2026
GRADER OD09P-1732,2026-05-09,0.0,May-2026
HITACHI-120,2026-05-09,0.0,May-2026
HITACHI-350,2026-05-09,0.0,May-2026
JCB-8262 LOADER,2026-05-09,0.0,May-2026
JH01 T-8721 CHATU BABU,2026-05-09,0.0,May-2026
JH06G-4703,2026-05-09,50.0,May-2026
JH06G-5437,2026-05-09,0.0,May-2026
JH06G-5696,2026-05-09,0.0,May-2026
JH06H-3742,2026-05-09,0.0,May-2026
JH06H-5348,2026-05-09,50.0,May-2026
JH06H-6198 D.TANKER,2026-05-09,100.0,May-2026
JH06H-7764,2026-05-09,150.0,May-2026
JH06H-9654,2026-05-09,0.0,May-2026
JH06P-6214 SCORPIO,2026-05-09,0.0,May-2026
JH06T-7706,2026-05-09,51.0,May-2026
JRD-450+650-1,2026-05-09,0.0,May-2026
JRD-600+CD-360,2026-05-09,178.0,May-2026
KAMASTU-210,2026-05-09,161.0,May-2026
KOBELCO-380 DMCS,2026-05-09,0.0,May-2026
KOMASTU-200,2026-05-09,0.0,May-2026
KOMASTU-350 DMC,2026-05-09,0.0,May-2026
L-6268 SDLG,2026-05-09,0.0,May-2026
LIGHT DG NEW,2026-05-09,0.0,May-2026
LOKO CONE,2026-05-09,0.0,May-2026
LOKO TRACK JAW,2026-05-09,0.0,May-2026
OD07AR-4113 DMC,2026-05-09,120.0,May-2026
OD09A-5105,2026-05-09,50.0,May-2026
OD09A-5106,2026-05-09,0.0,May-2026
OD09A-5666,2026-05-09,0.0,May-2026
OD09A-6059,2026-05-09,0.0,May-2026
OD09AE-5513 DMC,2026-05-09,90.0,May-2026
OD09C-1371,2026-05-09,0.0,May-2026
OD09C-1962,2026-05-09,0.0,May-2026
OD09C-1964,2026-05-09,0.0,May-2026
OD09C-4824,2026-05-09,0.0,May-2026
OD09C-4879,2026-05-09,0.0,May-2026
OD09C-5609 JCB,2026-05-09,122.0,May-2026
OD09C-8163,2026-05-09,0.0,May-2026
OD09C-8164,2026-05-09,0.0,May-2026
OD09C1965,2026-05-09,0.0,May-2026
OD09C4623,2026-05-09,0.0,May-2026
OD09C4624,2026-05-09,50.0,May-2026
OD09C4625,2026-05-09,50.0,May-2026
OD09C4823,2026-05-09,0.0,May-2026
OD09C5137,2026-05-09,0.0,May-2026
OD09G-6065 CAMPER,2026-05-09,0.0,May-2026
OD09K-2512 W.TANKER,2026-05-09,0.0,May-2026
OD09K-7213 BSM BUS,2026-05-09,0.0,May-2026
OD09P-2986 (CAMPAR),2026-05-09,0.0,May-2026
OD09P-6973 W.TANKER,2026-05-09,0.0,May-2026
OD09V-5619 TATA YODHA,2026-05-09,0.0,May-2026
OD09Z-0461 OFFICE,2026-05-09,0.0,May-2026
OD09Z-1202,2026-05-09,0.0,May-2026
OD09Z-1273,2026-05-09,0.0,May-2026
OD09Z-1274,2026-05-09,0.0,May-2026
OD09Z-5613 DMC,2026-05-09,0.0,May-2026
OD09Z-5713 DMC,2026-05-09,0.0,May-2026
OD09Z-5813 DMC,2026-05-09,95.0,May-2026
OD09Z-5913 DMC,2026-05-09,135.0,May-2026
ODO9C5136,2026-05-09,0.0,May-2026
OMC DG (NIGHT USE),2026-05-09,0.0,May-2026
POWER SCREEN RHS,2026-05-09,0.0,May-2026
TATA LOADER-OD02AY-0516,2026-05-09,0.0,May-2026
TOTAL ISSUE,2026-05-09,2452.0,May-2026
VICHELE NO.,2026-05-09,0.0,May-2026
VOLVO-300(5),2026-05-09,0.0,May-2026
VOLVO-300-7,2026-05-09,0.0,May-2026
VOLVO-380,2026-05-09,250.0,May-2026
VOLVO-480,2026-05-09,450.0,May-2026
VOLVO-480 (N),2026-05-09,100.0,May-2026
WATER PUMP,2026-05-09,0.0,May-2026
BD 85 DOZER,2026-05-10,0.0,May-2026
CRUSHER ( CONE ),2026-05-10,0.0,May-2026
CRUSHER ( JAW ),2026-05-10,0.0,May-2026
CRUSHER DG,2026-05-10,0.0,May-2026
CRUSHER(FEEDER),2026-05-10,0.0,May-2026
CRUSHER(NEW) HORRIZON,2026-05-10,0.0,May-2026
DOZZER D65E,2026-05-10,150.0,May-2026
DRILL-ELGI-650,2026-05-10,269.0,May-2026
GRADER OD09P-1732,2026-05-10,150.0,May-2026
HITACHI-120,2026-05-10,184.0,May-2026
HITACHI-350,2026-05-10,0.0,May-2026
JCB-8262 LOADER,2026-05-10,0.0,May-2026
JH01 T-8721 CHATU BABU,2026-05-10,0.0,May-2026
JH06G-4703,2026-05-10,0.0,May-2026
JH06G-5437,2026-05-10,50.0,May-2026
JH06G-5696,2026-05-10,127.0,May-2026
JH06H-3742,2026-05-10,50.0,May-2026
JH06H-5348,2026-05-10,0.0,May-2026
JH06H-6198 D.TANKER,2026-05-10,0.0,May-2026
JH06H-7764,2026-05-10,0.0,May-2026
JH06H-9654,2026-05-10,50.0,May-2026
JH06P-6214 SCORPIO,2026-05-10,35.0,May-2026
JH06T-7706,2026-05-10,50.0,May-2026
JRD-450+650-1,2026-05-10,0.0,May-2026
JRD-600+CD-360,2026-05-10,212.0,May-2026
KAMASTU-210,2026-05-10,200.0,May-2026
KOBELCO-380 DMCS,2026-05-10,0.0,May-2026
KOMASTU-200,2026-05-10,0.0,May-2026
KOMASTU-350 DMC,2026-05-10,100.0,May-2026
L-6268 SDLG,2026-05-10,0.0,May-2026
LIGHT DG NEW,2026-05-10,0.0,May-2026
LOKO CONE,2026-05-10,0.0,May-2026
LOKO TRACK JAW,2026-05-10,0.0,May-2026
OD07AR-4113 DMC,2026-05-10,0.0,May-2026
OD09A-5105,2026-05-10,0.0,May-2026
OD09A-5106,2026-05-10,50.0,May-2026
OD09A-5666,2026-05-10,0.0,May-2026
OD09A-6059,2026-05-10,50.0,May-2026
OD09AE-5513 DMC,2026-05-10,0.0,May-2026
OD09C-1371,2026-05-10,0.0,May-2026
OD09C-1962,2026-05-10,0.0,May-2026
OD09C-1964,2026-05-10,50.0,May-2026
OD09C-4824,2026-05-10,0.0,May-2026
OD09C-4879,2026-05-10,50.0,May-2026
OD09C-5609 JCB,2026-05-10,50.0,May-2026
OD09C-8163,2026-05-10,0.0,May-2026
OD09C-8164,2026-05-10,0.0,May-2026
OD09C1965,2026-05-10,0.0,May-2026
OD09C4623,2026-05-10,0.0,May-2026
OD09C4624,2026-05-10,50.0,May-2026
OD09C4625,2026-05-10,50.0,May-2026
OD09C4823,2026-05-10,0.0,May-2026
OD09C5137,2026-05-10,0.0,May-2026
OD09G-6065 CAMPER,2026-05-10,0.0,May-2026
OD09K-2512 W.TANKER,2026-05-10,0.0,May-2026
OD09K-7213 BSM BUS,2026-05-10,0.0,May-2026
OD09P-2986 (CAMPAR),2026-05-10,0.0,May-2026
OD09P-6973 W.TANKER,2026-05-10,55.0,May-2026
OD09V-5619 TATA YODHA,2026-05-10,0.0,May-2026
OD09Z-0461 OFFICE,2026-05-10,0.0,May-2026
OD09Z-1202,2026-05-10,50.0,May-2026
OD09Z-1273,2026-05-10,0.0,May-2026
OD09Z-1274,2026-05-10,0.0,May-2026
OD09Z-5613 DMC,2026-05-10,0.0,May-2026
OD09Z-5713 DMC,2026-05-10,0.0,May-2026
OD09Z-5813 DMC,2026-05-10,0.0,May-2026
OD09Z-5913 DMC,2026-05-10,0.0,May-2026
ODO9C5136,2026-05-10,0.0,May-2026
OMC DG (NIGHT USE),2026-05-10,0.0,May-2026
POWER SCREEN RHS,2026-05-10,100.0,May-2026
TATA LOADER-OD02AY-0516,2026-05-10,0.0,May-2026
TOTAL ISSUE,2026-05-10,3498.0,May-2026
VICHELE NO.,2026-05-10,0.0,May-2026
VOLVO-300(5),2026-05-10,0.0,May-2026
VOLVO-300-7,2026-05-10,200.0,May-2026
VOLVO-380,2026-05-10,250.0,May-2026
VOLVO-480,2026-05-10,380.0,May-2026
VOLVO-480 (N),2026-05-10,150.0,May-2026
WATER PUMP,2026-05-10,0.0,May-2026
BD 85 DOZER,2026-05-11,0.0,May-2026
CRUSHER ( CONE ),2026-05-11,0.0,May-2026
CRUSHER ( JAW ),2026-05-11,0.0,May-2026
CRUSHER DG,2026-05-11,0.0,May-2026
CRUSHER(FEEDER),2026-05-11,0.0,May-2026
CRUSHER(NEW) HORRIZON,2026-05-11,0.0,May-2026
DOZZER D65E,2026-05-11,100.0,May-2026
DRILL-ELGI-650,2026-05-11,0.0,May-2026
GRADER OD09P-1732,2026-05-11,0.0,May-2026
HITACHI-120,2026-05-11,125.0,May-2026
HITACHI-350,2026-05-11,0.0,May-2026
JCB-8262 LOADER,2026-05-11,262.0,May-2026
JH01 T-8721 CHATU BABU,2026-05-11,0.0,May-2026
JH06G-4703,2026-05-11,50.0,May-2026
JH06G-5437,2026-05-11,0.0,May-2026
JH06G-5696,2026-05-11,0.0,May-2026
JH06H-3742,2026-05-11,0.0,May-2026
JH06H-5348,2026-05-11,0.0,May-2026
JH06H-6198 D.TANKER,2026-05-11,0.0,May-2026
JH06H-7764,2026-05-11,0.0,May-2026
JH06H-9654,2026-05-11,0.0,May-2026
JH06P-6214 SCORPIO,2026-05-11,0.0,May-2026
JH06T-7706,2026-05-11,0.0,May-2026
JRD-450+650-1,2026-05-11,124.0,May-2026
JRD-600+CD-360,2026-05-11,0.0,May-2026
KAMASTU-210,2026-05-11,240.0,May-2026
KOBELCO-380 DMCS,2026-05-11,0.0,May-2026
KOMASTU-200,2026-05-11,0.0,May-2026
KOMASTU-350 DMC,2026-05-11,0.0,May-2026
L-6268 SDLG,2026-05-11,0.0,May-2026
LIGHT DG NEW,2026-05-11,0.0,May-2026
LOKO CONE,2026-05-11,0.0,May-2026
LOKO TRACK JAW,2026-05-11,0.0,May-2026
OD07AR-4113 DMC,2026-05-11,0.0,May-2026
OD09A-5105,2026-05-11,50.0,May-2026
OD09A-5106,2026-05-11,0.0,May-2026
OD09A-5666,2026-05-11,0.0,May-2026
OD09A-6059,2026-05-11,0.0,May-2026
OD09AE-5513 DMC,2026-05-11,0.0,May-2026
OD09C-1371,2026-05-11,0.0,May-2026
OD09C-1962,2026-05-11,0.0,May-2026
OD09C-1964,2026-05-11,0.0,May-2026
OD09C-4824,2026-05-11,0.0,May-2026
OD09C-4879,2026-05-11,0.0,May-2026
OD09C-5609 JCB,2026-05-11,0.0,May-2026
OD09C-8163,2026-05-11,0.0,May-2026
OD09C-8164,2026-05-11,0.0,May-2026
OD09C1965,2026-05-11,0.0,May-2026
OD09C4623,2026-05-11,0.0,May-2026
OD09C4624,2026-05-11,0.0,May-2026
OD09C4625,2026-05-11,0.0,May-2026
OD09C4823,2026-05-11,0.0,May-2026
OD09C5137,2026-05-11,0.0,May-2026
OD09G-6065 CAMPER,2026-05-11,52.0,May-2026
OD09K-2512 W.TANKER,2026-05-11,0.0,May-2026
OD09K-7213 BSM BUS,2026-05-11,0.0,May-2026
OD09P-2986 (CAMPAR),2026-05-11,0.0,May-2026
OD09P-6973 W.TANKER,2026-05-11,0.0,May-2026
OD09V-5619 TATA YODHA,2026-05-11,34.0,May-2026
OD09Z-0461 OFFICE,2026-05-11,0.0,May-2026
OD09Z-1202,2026-05-11,50.0,May-2026
OD09Z-1273,2026-05-11,0.0,May-2026
OD09Z-1274,2026-05-11,0.0,May-2026
OD09Z-5613 DMC,2026-05-11,0.0,May-2026
OD09Z-5713 DMC,2026-05-11,0.0,May-2026
OD09Z-5813 DMC,2026-05-11,0.0,May-2026
OD09Z-5913 DMC,2026-05-11,0.0,May-2026
ODO9C5136,2026-05-11,100.0,May-2026
OMC DG (NIGHT USE),2026-05-11,0.0,May-2026
POWER SCREEN RHS,2026-05-11,0.0,May-2026
TATA LOADER-OD02AY-0516,2026-05-11,0.0,May-2026
TOTAL ISSUE,2026-05-11,2152.0,May-2026
VICHELE NO.,2026-05-11,0.0,May-2026
VOLVO-300(5),2026-05-11,100.0,May-2026
VOLVO-300-7,2026-05-11,200.0,May-2026
VOLVO-380,2026-05-11,252.0,May-2026
VOLVO-480,2026-05-11,258.0,May-2026
VOLVO-480 (N),2026-05-11,150.0,May-2026
WATER PUMP,2026-05-11,5.0,May-2026
BD 85 DOZER,2026-05-12,0.0,May-2026
CRUSHER ( CONE ),2026-05-12,0.0,May-2026
CRUSHER ( JAW ),2026-05-12,0.0,May-2026
CRUSHER DG,2026-05-12,0.0,May-2026
CRUSHER(FEEDER),2026-05-12,0.0,May-2026
CRUSHER(NEW) HORRIZON,2026-05-12,0.0,May-2026
DOZZER D65E,2026-05-12,0.0,May-2026
DRILL-ELGI-650,2026-05-12,0.0,May-2026
GRADER OD09P-1732,2026-05-12,0.0,May-2026
HITACHI-120,2026-05-12,0.0,May-2026
HITACHI-350,2026-05-12,0.0,May-2026
JCB-8262 LOADER,2026-05-12,119.0,May-2026
JH01 T-8721 CHATU BABU,2026-05-12,0.0,May-2026
JH06G-4703,2026-05-12,0.0,May-2026
JH06G-5437,2026-05-12,0.0,May-2026
JH06G-5696,2026-05-12,0.0,May-2026
JH06H-3742,2026-05-12,0.0,May-2026
JH06H-5348,2026-05-12,0.0,May-2026
JH06H-6198 D.TANKER,2026-05-12,50.0,May-2026
JH06H-7764,2026-05-12,0.0,May-2026
JH06H-9654,2026-05-12,0.0,May-2026
JH06P-6214 SCORPIO,2026-05-12,0.0,May-2026
JH06T-7706,2026-05-12,0.0,May-2026
JRD-450+650-1,2026-05-12,0.0,May-2026
JRD-600+CD-360,2026-05-12,0.0,May-2026
KAMASTU-210,2026-05-12,112.0,May-2026
KOBELCO-380 DMCS,2026-05-12,200.0,May-2026
KOMASTU-200,2026-05-12,0.0,May-2026
KOMASTU-350 DMC,2026-05-12,0.0,May-2026
L-6268 SDLG,2026-05-12,0.0,May-2026
LIGHT DG NEW,2026-05-12,0.0,May-2026
LOKO CONE,2026-05-12,0.0,May-2026
LOKO TRACK JAW,2026-05-12,0.0,May-2026
OD07AR-4113 DMC,2026-05-12,0.0,May-2026
OD09A-5105,2026-05-12,0.0,May-2026
OD09A-5106,2026-05-12,0.0,May-2026
OD09A-5666,2026-05-12,0.0,May-2026
OD09A-6059,2026-05-12,0.0,May-2026
OD09AE-5513 DMC,2026-05-12,0.0,May-2026
OD09C-1371,2026-05-12,0.0,May-2026
OD09C-1962,2026-05-12,0.0,May-2026
OD09C-1964,2026-05-12,0.0,May-2026
OD09C-4824,2026-05-12,0.0,May-2026
OD09C-4879,2026-05-12,0.0,May-2026
OD09C-5609 JCB,2026-05-12,0.0,May-2026
OD09C-8163,2026-05-12,0.0,May-2026
OD09C-8164,2026-05-12,0.0,May-2026
OD09C1965,2026-05-12,0.0,May-2026
OD09C4623,2026-05-12,0.0,May-2026
OD09C4624,2026-05-12,0.0,May-2026
OD09C4625,2026-05-12,0.0,May-2026
OD09C4823,2026-05-12,0.0,May-2026
OD09C5137,2026-05-12,0.0,May-2026
OD09G-6065 CAMPER,2026-05-12,0.0,May-2026
OD09K-2512 W.TANKER,2026-05-12,0.0,May-2026
OD09K-7213 BSM BUS,2026-05-12,0.0,May-2026
OD09P-2986 (CAMPAR),2026-05-12,0.0,May-2026
OD09P-6973 W.TANKER,2026-05-12,0.0,May-2026
OD09V-5619 TATA YODHA,2026-05-12,0.0,May-2026
OD09Z-0461 OFFICE,2026-05-12,0.0,May-2026
OD09Z-1202,2026-05-12,0.0,May-2026
OD09Z-1273,2026-05-12,0.0,May-2026
OD09Z-1274,2026-05-12,0.0,May-2026
OD09Z-5613 DMC,2026-05-12,0.0,May-2026
OD09Z-5713 DMC,2026-05-12,0.0,May-2026
OD09Z-5813 DMC,2026-05-12,0.0,May-2026
OD09Z-5913 DMC,2026-05-12,0.0,May-2026
ODO9C5136,2026-05-12,0.0,May-2026
OMC DG (NIGHT USE),2026-05-12,0.0,May-2026
POWER SCREEN RHS,2026-05-12,0.0,May-2026
TATA LOADER-OD02AY-0516,2026-05-12,0.0,May-2026
TOTAL ISSUE,2026-05-12,581.0,May-2026
VICHELE NO.,2026-05-12,0.0,May-2026
VOLVO-300(5),2026-05-12,0.0,May-2026
VOLVO-300-7,2026-05-12,100.0,May-2026
VOLVO-380,2026-05-12,0.0,May-2026
VOLVO-480,2026-05-12,0.0,May-2026
VOLVO-480 (N),2026-05-12,0.0,May-2026
WATER PUMP,2026-05-12,0.0,May-2026
BD 85 DOZER,2026-05-13,0.0,May-2026
CRUSHER ( CONE ),2026-05-13,0.0,May-2026
CRUSHER ( JAW ),2026-05-13,0.0,May-2026
CRUSHER DG,2026-05-13,200.0,May-2026
CRUSHER(FEEDER),2026-05-13,0.0,May-2026
CRUSHER(NEW) HORRIZON,2026-05-13,0.0,May-2026
DOZZER D65E,2026-05-13,200.0,May-2026
DRILL-ELGI-650,2026-05-13,0.0,May-2026
GRADER OD09P-1732,2026-05-13,0.0,May-2026
HITACHI-120,2026-05-13,0.0,May-2026
HITACHI-350,2026-05-13,0.0,May-2026
JCB-8262 LOADER,2026-05-13,166.0,May-2026
JH01 T-8721 CHATU BABU,2026-05-13,0.0,May-2026
JH06G-4703,2026-05-13,50.0,May-2026
JH06G-5437,2026-05-13,0.0,May-2026
JH06G-5696,2026-05-13,0.0,May-2026
JH06H-3742,2026-05-13,0.0,May-2026
JH06H-5348,2026-05-13,50.0,May-2026
JH06H-6198 D.TANKER,2026-05-13,0.0,May-2026
JH06H-7764,2026-05-13,0.0,May-2026
JH06H-9654,2026-05-13,0.0,May-2026
JH06P-6214 SCORPIO,2026-05-13,27.0,May-2026
JH06T-7706,2026-05-13,50.0,May-2026
JRD-450+650-1,2026-05-13,160.0,May-2026
JRD-600+CD-360,2026-05-13,258.0,May-2026
KAMASTU-210,2026-05-13,0.0,May-2026
KOBELCO-380 DMCS,2026-05-13,0.0,May-2026
KOMASTU-200,2026-05-13,200.0,May-2026
KOMASTU-350 DMC,2026-05-13,300.0,May-2026
L-6268 SDLG,2026-05-13,0.0,May-2026
LIGHT DG NEW,2026-05-13,0.0,May-2026
LOKO CONE,2026-05-13,300.0,May-2026
LOKO TRACK JAW,2026-05-13,200.0,May-2026
OD07AR-4113 DMC,2026-05-13,125.0,May-2026
OD09A-5105,2026-05-13,56.0,May-2026
OD09A-5106,2026-05-13,0.0,May-2026
OD09A-5666,2026-05-13,0.0,May-2026
OD09A-6059,2026-05-13,0.0,May-2026
OD09AE-5513 DMC,2026-05-13,0.0,May-2026
OD09C-1371,2026-05-13,0.0,May-2026
OD09C-1962,2026-05-13,0.0,May-2026
OD09C-1964,2026-05-13,50.0,May-2026
OD09C-4824,2026-05-13,0.0,May-2026
OD09C-4879,2026-05-13,0.0,May-2026
OD09C-5609 JCB,2026-05-13,0.0,May-2026
OD09C-8163,2026-05-13,50.0,May-2026
OD09C-8164,2026-05-13,0.0,May-2026
OD09C1965,2026-05-13,0.0,May-2026
OD09C4623,2026-05-13,0.0,May-2026
OD09C4624,2026-05-13,50.0,May-2026
OD09C4625,2026-05-13,50.0,May-2026
OD09C4823,2026-05-13,0.0,May-2026
OD09C5137,2026-05-13,0.0,May-2026
OD09G-6065 CAMPER,2026-05-13,0.0,May-2026
OD09K-2512 W.TANKER,2026-05-13,100.0,May-2026
OD09K-7213 BSM BUS,2026-05-13,0.0,May-2026
OD09P-2986 (CAMPAR),2026-05-13,54.0,May-2026
OD09P-6973 W.TANKER,2026-05-13,100.0,May-2026
OD09V-5619 TATA YODHA,2026-05-13,0.0,May-2026
OD09Z-0461 OFFICE,2026-05-13,0.0,May-2026
OD09Z-1202,2026-05-13,50.0,May-2026
OD09Z-1273,2026-05-13,0.0,May-2026
OD09Z-1274,2026-05-13,0.0,May-2026
OD09Z-5613 DMC,2026-05-13,50.0,May-2026
OD09Z-5713 DMC,2026-05-13,0.0,May-2026
OD09Z-5813 DMC,2026-05-13,0.0,May-2026
OD09Z-5913 DMC,2026-05-13,0.0,May-2026
ODO9C5136,2026-05-13,50.0,May-2026
OMC DG (NIGHT USE),2026-05-13,0.0,May-2026
POWER SCREEN RHS,2026-05-13,100.0,May-2026
TATA LOADER-OD02AY-0516,2026-05-13,0.0,May-2026
TOTAL ISSUE,2026-05-13,3758.0,May-2026
VICHELE NO.,2026-05-13,0.0,May-2026
VOLVO-300(5),2026-05-13,100.0,May-2026
VOLVO-300-7,2026-05-13,0.0,May-2026
VOLVO-380,2026-05-13,250.0,May-2026
VOLVO-480,2026-05-13,257.0,May-2026
VOLVO-480 (N),2026-05-13,100.0,May-2026
WATER PUMP,2026-05-13,5.0,May-2026
BD 85 DOZER,2026-05-14,0.0,May-2026
CRUSHER ( CONE ),2026-05-14,0.0,May-2026
CRUSHER ( JAW ),2026-05-14,0.0,May-2026
CRUSHER DG,2026-05-14,0.0,May-2026
CRUSHER(FEEDER),2026-05-14,0.0,May-2026
CRUSHER(NEW) HORRIZON,2026-05-14,0.0,May-2026
DOZZER D65E,2026-05-14,0.0,May-2026
DRILL-ELGI-650,2026-05-14,0.0,May-2026
GRADER OD09P-1732,2026-05-14,0.0,May-2026
HITACHI-120,2026-05-14,150.0,May-2026
HITACHI-350,2026-05-14,250.0,May-2026
JCB-8262 LOADER,2026-05-14,165.0,May-2026
JH01 T-8721 CHATU BABU,2026-05-14,0.0,May-2026
JH06G-4703,2026-05-14,70.0,May-2026
JH06G-5437,2026-05-14,50.0,May-2026
JH06G-5696,2026-05-14,0.0,May-2026
JH06H-3742,2026-05-14,0.0,May-2026
JH06H-5348,2026-05-14,70.0,May-2026
JH06H-6198 D.TANKER,2026-05-14,0.0,May-2026
JH06H-7764,2026-05-14,0.0,May-2026
JH06H-9654,2026-05-14,50.0,May-2026
JH06P-6214 SCORPIO,2026-05-14,23.0,May-2026
JH06T-7706,2026-05-14,50.0,May-2026
JRD-450+650-1,2026-05-14,172.0,May-2026
JRD-600+CD-360,2026-05-14,186.0,May-2026
KAMASTU-210,2026-05-14,150.0,May-2026
KOBELCO-380 DMCS,2026-05-14,0.0,May-2026
KOMASTU-200,2026-05-14,0.0,May-2026
KOMASTU-350 DMC,2026-05-14,0.0,May-2026
L-6268 SDLG,2026-05-14,0.0,May-2026
LIGHT DG NEW,2026-05-14,0.0,May-2026
LOKO CONE,2026-05-14,0.0,May-2026
LOKO TRACK JAW,2026-05-14,0.0,May-2026
OD07AR-4113 DMC,2026-05-14,0.0,May-2026
OD09A-5105,2026-05-14,70.0,May-2026
OD09A-5106,2026-05-14,0.0,May-2026
OD09A-5666,2026-05-14,0.0,May-2026
OD09A-6059,2026-05-14,0.0,May-2026
OD09AE-5513 DMC,2026-05-14,114.0,May-2026
OD09C-1371,2026-05-14,0.0,May-2026
OD09C-1962,2026-05-14,0.0,May-2026
OD09C-1964,2026-05-14,0.0,May-2026
OD09C-4824,2026-05-14,0.0,May-2026
OD09C-4879,2026-05-14,0.0,May-2026
OD09C-5609 JCB,2026-05-14,0.0,May-2026
OD09C-8163,2026-05-14,0.0,May-2026
OD09C-8164,2026-05-14,0.0,May-2026
OD09C1965,2026-05-14,0.0,May-2026
OD09C4623,2026-05-14,0.0,May-2026
OD09C4624,2026-05-14,0.0,May-2026
OD09C4625,2026-05-14,50.0,May-2026
OD09C4823,2026-05-14,0.0,May-2026
OD09C5137,2026-05-14,0.0,May-2026
OD09G-6065 CAMPER,2026-05-14,0.0,May-2026
OD09K-2512 W.TANKER,2026-05-14,0.0,May-2026
OD09K-7213 BSM BUS,2026-05-14,0.0,May-2026
OD09P-2986 (CAMPAR),2026-05-14,0.0,May-2026
OD09P-6973 W.TANKER,2026-05-14,0.0,May-2026
OD09V-5619 TATA YODHA,2026-05-14,0.0,May-2026
OD09Z-0461 OFFICE,2026-05-14,0.0,May-2026
OD09Z-1202,2026-05-14,50.0,May-2026
OD09Z-1273,2026-05-14,0.0,May-2026
OD09Z-1274,2026-05-14,0.0,May-2026
OD09Z-5613 DMC,2026-05-14,50.0,May-2026
OD09Z-5713 DMC,2026-05-14,115.0,May-2026
OD09Z-5813 DMC,2026-05-14,0.0,May-2026
OD09Z-5913 DMC,2026-05-14,0.0,May-2026
ODO9C5136,2026-05-14,0.0,May-2026
OMC DG (NIGHT USE),2026-05-14,0.0,May-2026
POWER SCREEN RHS,2026-05-14,0.0,May-2026
TATA LOADER-OD02AY-0516,2026-05-14,185.0,May-2026
TOTAL ISSUE,2026-05-14,2810.0,May-2026
VICHELE NO.,2026-05-14,0.0,May-2026
VOLVO-300(5),2026-05-14,150.0,May-2026
VOLVO-300-7,2026-05-14,200.0,May-2026
VOLVO-380,2026-05-14,156.0,May-2026
VOLVO-480,2026-05-14,284.0,May-2026
VOLVO-480 (N),2026-05-14,0.0,May-2026
WATER PUMP,2026-05-14,0.0,May-2026
BD 85 DOZER,2026-05-15,0.0,May-2026
CRUSHER ( CONE ),2026-05-15,0.0,May-2026
CRUSHER ( JAW ),2026-05-15,0.0,May-2026
CRUSHER DG,2026-05-15,0.0,May-2026
CRUSHER(FEEDER),2026-05-15,0.0,May-2026
CRUSHER(NEW) HORRIZON,2026-05-15,0.0,May-2026
DOZZER D65E,2026-05-15,0.0,May-2026
DRILL-ELGI-650,2026-05-15,200.0,May-2026
GRADER OD09P-1732,2026-05-15,0.0,May-2026
HITACHI-120,2026-05-15,0.0,May-2026
HITACHI-350,2026-05-15,0.0,May-2026
JCB-8262 LOADER,2026-05-15,160.0,May-2026
JH01 T-8721 CHATU BABU,2026-05-15,0.0,May-2026
JH06G-4703,2026-05-15,0.0,May-2026
JH06G-5437,2026-05-15,0.0,May-2026
JH06G-5696,2026-05-15,0.0,May-2026
JH06H-3742,2026-05-15,0.0,May-2026
JH06H-5348,2026-05-15,0.0,May-2026
JH06H-6198 D.TANKER,2026-05-15,50.0,May-2026
JH06H-7764,2026-05-15,0.0,May-2026
JH06H-9654,2026-05-15,0.0,May-2026
JH06P-6214 SCORPIO,2026-05-15,0.0,May-2026
JH06T-7706,2026-05-15,0.0,May-2026
JRD-450+650-1,2026-05-15,251.0,May-2026
JRD-600+CD-360,2026-05-15,0.0,May-2026
KAMASTU-210,2026-05-15,200.0,May-2026
KOBELCO-380 DMCS,2026-05-15,250.0,May-2026
KOMASTU-200,2026-05-15,100.0,May-2026
KOMASTU-350 DMC,2026-05-15,0.0,May-2026
L-6268 SDLG,2026-05-15,0.0,May-2026
LIGHT DG NEW,2026-05-15,0.0,May-2026
LOKO CONE,2026-05-15,0.0,May-2026
LOKO TRACK JAW,2026-05-15,0.0,May-2026
OD07AR-4113 DMC,2026-05-15,0.0,May-2026
OD09A-5105,2026-05-15,0.0,May-2026
OD09A-5106,2026-05-15,0.0,May-2026
OD09A-5666,2026-05-15,0.0,May-2026
OD09A-6059,2026-05-15,0.0,May-2026
OD09AE-5513 DMC,2026-05-15,0.0,May-2026
OD09C-1371,2026-05-15,0.0,May-2026
OD09C-1962,2026-05-15,0.0,May-2026
OD09C-1964,2026-05-15,50.0,May-2026
OD09C-4824,2026-05-15,0.0,May-2026
OD09C-4879,2026-05-15,0.0,May-2026
OD09C-5609 JCB,2026-05-15,0.0,May-2026
OD09C-8163,2026-05-15,0.0,May-2026
OD09C-8164,2026-05-15,0.0,May-2026
OD09C1965,2026-05-15,0.0,May-2026
OD09C4623,2026-05-15,0.0,May-2026
OD09C4624,2026-05-15,0.0,May-2026
OD09C4625,2026-05-15,0.0,May-2026
OD09C4823,2026-05-15,0.0,May-2026
OD09C5137,2026-05-15,0.0,May-2026
OD09G-6065 CAMPER,2026-05-15,0.0,May-2026
OD09K-2512 W.TANKER,2026-05-15,0.0,May-2026
OD09K-7213 BSM BUS,2026-05-15,0.0,May-2026
OD09P-2986 (CAMPAR),2026-05-15,0.0,May-2026
OD09P-6973 W.TANKER,2026-05-15,0.0,May-2026
OD09V-5619 TATA YODHA,2026-05-15,0.0,May-2026
OD09Z-0461 OFFICE,2026-05-15,0.0,May-2026
OD09Z-1202,2026-05-15,0.0,May-2026
OD09Z-1273,2026-05-15,0.0,May-2026
OD09Z-1274,2026-05-15,0.0,May-2026
OD09Z-5613 DMC,2026-05-15,0.0,May-2026
OD09Z-5713 DMC,2026-05-15,0.0,May-2026
OD09Z-5813 DMC,2026-05-15,0.0,May-2026
OD09Z-5913 DMC,2026-05-15,0.0,May-2026
ODO9C5136,2026-05-15,0.0,May-2026
OMC DG (NIGHT USE),2026-05-15,0.0,May-2026
POWER SCREEN RHS,2026-05-15,100.0,May-2026
TATA LOADER-OD02AY-0516,2026-05-15,109.0,May-2026
TOTAL ISSUE,2026-05-15,2122.0,May-2026
VICHELE NO.,2026-05-15,0.0,May-2026
VOLVO-300(5),2026-05-15,0.0,May-2026
VOLVO-300-7,2026-05-15,72.0,May-2026
VOLVO-380,2026-05-15,352.0,May-2026
VOLVO-480,2026-05-15,228.0,May-2026
VOLVO-480 (N),2026-05-15,0.0,May-2026
WATER PUMP,2026-05-15,0.0,May-2026
BD 85 DOZER,2026-05-16,296.0,May-2026
CRUSHER ( CONE ),2026-05-16,0.0,May-2026
CRUSHER ( JAW ),2026-05-16,0.0,May-2026
CRUSHER DG,2026-05-16,0.0,May-2026
CRUSHER(FEEDER),2026-05-16,0.0,May-2026
CRUSHER(NEW) HORRIZON,2026-05-16,0.0,May-2026
DOZZER D65E,2026-05-16,150.0,May-2026
DRILL-ELGI-650,2026-05-16,0.0,May-2026
GRADER OD09P-1732,2026-05-16,0.0,May-2026
HITACHI-120,2026-05-16,0.0,May-2026
HITACHI-350,2026-05-16,0.0,May-2026
JCB-8262 LOADER,2026-05-16,232.0,May-2026
JH01 T-8721 CHATU BABU,2026-05-16,0.0,May-2026
JH06G-4703,2026-05-16,105.0,May-2026
JH06G-5437,2026-05-16,80.0,May-2026
JH06G-5696,2026-05-16,51.0,May-2026
JH06H-3742,2026-05-16,0.0,May-2026
JH06H-5348,2026-05-16,0.0,May-2026
JH06H-6198 D.TANKER,2026-05-16,100.0,May-2026
JH06H-7764,2026-05-16,114.0,May-2026
JH06H-9654,2026-05-16,110.0,May-2026
JH06P-6214 SCORPIO,2026-05-16,30.0,May-2026
JH06T-7706,2026-05-16,0.0,May-2026
JRD-450+650-1,2026-05-16,0.0,May-2026
JRD-600+CD-360,2026-05-16,317.0,May-2026
KAMASTU-210,2026-05-16,300.0,May-2026
KOBELCO-380 DMCS,2026-05-16,0.0,May-2026
KOMASTU-200,2026-05-16,160.0,May-2026
KOMASTU-350 DMC,2026-05-16,0.0,May-2026
L-6268 SDLG,2026-05-16,0.0,May-2026
LIGHT DG NEW,2026-05-16,0.0,May-2026
LOKO CONE,2026-05-16,0.0,May-2026
LOKO TRACK JAW,2026-05-16,0.0,May-2026
OD07AR-4113 DMC,2026-05-16,114.0,May-2026
OD09A-5105,2026-05-16,0.0,May-2026
OD09A-5106,2026-05-16,0.0,May-2026
OD09A-5666,2026-05-16,0.0,May-2026
OD09A-6059,2026-05-16,102.0,May-2026
OD09AE-5513 DMC,2026-05-16,0.0,May-2026
OD09C-1371,2026-05-16,0.0,May-2026
OD09C-1962,2026-05-16,0.0,May-2026
OD09C-1964,2026-05-16,50.0,May-2026
OD09C-4824,2026-05-16,0.0,May-2026
OD09C-4879,2026-05-16,0.0,May-2026
OD09C-5609 JCB,2026-05-16,0.0,May-2026
OD09C-8163,2026-05-16,150.0,May-2026
OD09C-8164,2026-05-16,100.0,May-2026
OD09C1965,2026-05-16,0.0,May-2026
OD09C4623,2026-05-16,0.0,May-2026
OD09C4624,2026-05-16,0.0,May-2026
OD09C4625,2026-05-16,0.0,May-2026
OD09C4823,2026-05-16,0.0,May-2026
OD09C5137,2026-05-16,0.0,May-2026
OD09G-6065 CAMPER,2026-05-16,30.0,May-2026
OD09K-2512 W.TANKER,2026-05-16,50.0,May-2026
OD09K-7213 BSM BUS,2026-05-16,100.0,May-2026
OD09P-2986 (CAMPAR),2026-05-16,0.0,May-2026
OD09P-6973 W.TANKER,2026-05-16,100.0,May-2026
OD09V-5619 TATA YODHA,2026-05-16,30.0,May-2026
OD09Z-0461 OFFICE,2026-05-16,0.0,May-2026
OD09Z-1202,2026-05-16,0.0,May-2026
OD09Z-1273,2026-05-16,0.0,May-2026
OD09Z-1274,2026-05-16,0.0,May-2026
OD09Z-5613 DMC,2026-05-16,80.0,May-2026
OD09Z-5713 DMC,2026-05-16,114.0,May-2026
OD09Z-5813 DMC,2026-05-16,109.0,May-2026
OD09Z-5913 DMC,2026-05-16,0.0,May-2026
ODO9C5136,2026-05-16,0.0,May-2026
OMC DG (NIGHT USE),2026-05-16,0.0,May-2026
POWER SCREEN RHS,2026-05-16,0.0,May-2026
TATA LOADER-OD02AY-0516,2026-05-16,230.0,May-2026
TOTAL ISSUE,2026-05-16,4239.0,May-2026
VICHELE NO.,2026-05-16,0.0,May-2026
VOLVO-300(5),2026-05-16,200.0,May-2026
VOLVO-300-7,2026-05-16,200.0,May-2026
VOLVO-380,2026-05-16,150.0,May-2026
VOLVO-480,2026-05-16,150.0,May-2026
VOLVO-480 (N),2026-05-16,0.0,May-2026
WATER PUMP,2026-05-16,5.0,May-2026
BD 85 DOZER,2026-05-17,0.0,May-2026
CRUSHER ( CONE ),2026-05-17,0.0,May-2026
CRUSHER ( JAW ),2026-05-17,0.0,May-2026
CRUSHER DG,2026-05-17,0.0,May-2026
CRUSHER(FEEDER),2026-05-17,0.0,May-2026
CRUSHER(NEW) HORRIZON,2026-05-17,0.0,May-2026
DOZZER D65E,2026-05-17,0.0,May-2026
DRILL-ELGI-650,2026-05-17,0.0,May-2026
GRADER OD09P-1732,2026-05-17,0.0,May-2026
HITACHI-120,2026-05-17,0.0,May-2026
HITACHI-350,2026-05-17,0.0,May-2026
JCB-8262 LOADER,2026-05-17,0.0,May-2026
JH01 T-8721 CHATU BABU,2026-05-17,0.0,May-2026
JH06G-4703,2026-05-17,100.0,May-2026
JH06G-5437,2026-05-17,0.0,May-2026
JH06G-5696,2026-05-17,100.0,May-2026
JH06H-3742,2026-05-17,100.0,May-2026
JH06H-5348,2026-05-17,100.0,May-2026
JH06H-6198 D.TANKER,2026-05-17,0.0,May-2026
JH06H-7764,2026-05-17,0.0,May-2026
JH06H-9654,2026-05-17,80.0,May-2026
JH06P-6214 SCORPIO,2026-05-17,0.0,May-2026
JH06T-7706,2026-05-17,114.0,May-2026
JRD-450+650-1,2026-05-17,340.0,May-2026
JRD-600+CD-360,2026-05-17,211.0,May-2026
KAMASTU-210,2026-05-17,0.0,May-2026
KOBELCO-380 DMCS,2026-05-17,0.0,May-2026
KOMASTU-200,2026-05-17,0.0,May-2026
KOMASTU-350 DMC,2026-05-17,200.0,May-2026
L-6268 SDLG,2026-05-17,0.0,May-2026
LIGHT DG NEW,2026-05-17,0.0,May-2026
LOKO CONE,2026-05-17,0.0,May-2026
LOKO TRACK JAW,2026-05-17,0.0,May-2026
OD07AR-4113 DMC,2026-05-17,0.0,May-2026
OD09A-5105,2026-05-17,100.0,May-2026
OD09A-5106,2026-05-17,0.0,May-2026
OD09A-5666,2026-05-17,0.0,May-2026
OD09A-6059,2026-05-17,0.0,May-2026
OD09AE-5513 DMC,2026-05-17,114.0,May-2026
OD09C-1371,2026-05-17,0.0,May-2026
OD09C-1962,2026-05-17,0.0,May-2026
OD09C-1964,2026-05-17,80.0,May-2026
OD09C-4824,2026-05-17,0.0,May-2026
OD09C-4879,2026-05-17,100.0,May-2026
OD09C-5609 JCB,2026-05-17,0.0,May-2026
OD09C-8163,2026-05-17,0.0,May-2026
OD09C-8164,2026-05-17,50.0,May-2026
OD09C1965,2026-05-17,0.0,May-2026
OD09C4623,2026-05-17,0.0,May-2026
OD09C4624,2026-05-17,0.0,May-2026
OD09C4625,2026-05-17,100.0,May-2026
OD09C4823,2026-05-17,0.0,May-2026
OD09C5137,2026-05-17,0.0,May-2026
OD09G-6065 CAMPER,2026-05-17,0.0,May-2026
OD09K-2512 W.TANKER,2026-05-17,50.0,May-2026
OD09K-7213 BSM BUS,2026-05-17,0.0,May-2026
OD09P-2986 (CAMPAR),2026-05-17,0.0,May-2026
OD09P-6973 W.TANKER,2026-05-17,50.0,May-2026
OD09V-5619 TATA YODHA,2026-05-17,0.0,May-2026
OD09Z-0461 OFFICE,2026-05-17,0.0,May-2026
OD09Z-1202,2026-05-17,0.0,May-2026
OD09Z-1273,2026-05-17,0.0,May-2026
OD09Z-1274,2026-05-17,0.0,May-2026
OD09Z-5613 DMC,2026-05-17,100.0,May-2026
OD09Z-5713 DMC,2026-05-17,0.0,May-2026
OD09Z-5813 DMC,2026-05-17,0.0,May-2026
OD09Z-5913 DMC,2026-05-17,0.0,May-2026
ODO9C5136,2026-05-17,100.0,May-2026
OMC DG (NIGHT USE),2026-05-17,0.0,May-2026
POWER SCREEN RHS,2026-05-17,0.0,May-2026
TATA LOADER-OD02AY-0516,2026-05-17,149.0,May-2026
TOTAL ISSUE,2026-05-17,3409.0,May-2026
VICHELE NO.,2026-05-17,0.0,May-2026
VOLVO-300(5),2026-05-17,300.0,May-2026
VOLVO-300-7,2026-05-17,100.0,May-2026
VOLVO-380,2026-05-17,300.0,May-2026
VOLVO-480,2026-05-17,0.0,May-2026
VOLVO-480 (N),2026-05-17,171.0,May-2026
WATER PUMP,2026-05-17,0.0,May-2026
BD 85 DOZER,2026-05-18,0.0,May-2026
CRUSHER ( CONE ),2026-05-18,0.0,May-2026
CRUSHER ( JAW ),2026-05-18,0.0,May-2026
CRUSHER DG,2026-05-18,0.0,May-2026
CRUSHER(FEEDER),2026-05-18,0.0,May-2026
CRUSHER(NEW) HORRIZON,2026-05-18,0.0,May-2026
DOZZER D65E,2026-05-18,150.0,May-2026
DRILL-ELGI-650,2026-05-18,100.0,May-2026
GRADER OD09P-1732,2026-05-18,0.0,May-2026
HITACHI-120,2026-05-18,0.0,May-2026
HITACHI-350,2026-05-18,100.0,May-2026
JCB-8262 LOADER,2026-05-18,150.0,May-2026
JH01 T-8721 CHATU BABU,2026-05-18,0.0,May-2026
JH06G-4703,2026-05-18,52.0,May-2026
JH06G-5437,2026-05-18,0.0,May-2026
JH06G-5696,2026-05-18,102.0,May-2026
JH06H-3742,2026-05-18,50.0,May-2026
JH06H-5348,2026-05-18,50.0,May-2026
JH06H-6198 D.TANKER,2026-05-18,0.0,May-2026
JH06H-7764,2026-05-18,0.0,May-2026
JH06H-9654,2026-05-18,0.0,May-2026
JH06P-6214 SCORPIO,2026-05-18,0.0,May-2026
JH06T-7706,2026-05-18,0.0,May-2026
JRD-450+650-1,2026-05-18,0.0,May-2026
JRD-600+CD-360,2026-05-18,200.0,May-2026
KAMASTU-210,2026-05-18,100.0,May-2026
KOBELCO-380 DMCS,2026-05-18,0.0,May-2026
KOMASTU-200,2026-05-18,0.0,May-2026
KOMASTU-350 DMC,2026-05-18,100.0,May-2026
L-6268 SDLG,2026-05-18,0.0,May-2026
LIGHT DG NEW,2026-05-18,0.0,May-2026
LOKO CONE,2026-05-18,200.0,May-2026
LOKO TRACK JAW,2026-05-18,100.0,May-2026
OD07AR-4113 DMC,2026-05-18,0.0,May-2026
OD09A-5105,2026-05-18,0.0,May-2026
OD09A-5106,2026-05-18,0.0,May-2026
OD09A-5666,2026-05-18,0.0,May-2026
OD09A-6059,2026-05-18,100.0,May-2026
OD09AE-5513 DMC,2026-05-18,0.0,May-2026
OD09C-1371,2026-05-18,0.0,May-2026
OD09C-1962,2026-05-18,0.0,May-2026
OD09C-1964,2026-05-18,0.0,May-2026
OD09C-4824,2026-05-18,0.0,May-2026
OD09C-4879,2026-05-18,0.0,May-2026
OD09C-5609 JCB,2026-05-18,0.0,May-2026
OD09C-8163,2026-05-18,51.0,May-2026
OD09C-8164,2026-05-18,50.0,May-2026
OD09C1965,2026-05-18,0.0,May-2026
OD09C4623,2026-05-18,0.0,May-2026
OD09C4624,2026-05-18,0.0,May-2026
OD09C4625,2026-05-18,50.0,May-2026
OD09C4823,2026-05-18,0.0,May-2026
OD09C5137,2026-05-18,0.0,May-2026
OD09G-6065 CAMPER,2026-05-18,0.0,May-2026
OD09K-2512 W.TANKER,2026-05-18,50.0,May-2026
OD09K-7213 BSM BUS,2026-05-18,0.0,May-2026
OD09P-2986 (CAMPAR),2026-05-18,0.0,May-2026
OD09P-6973 W.TANKER,2026-05-18,50.0,May-2026
OD09V-5619 TATA YODHA,2026-05-18,30.0,May-2026
OD09Z-0461 OFFICE,2026-05-18,0.0,May-2026
OD09Z-1202,2026-05-18,80.0,May-2026
OD09Z-1273,2026-05-18,0.0,May-2026
OD09Z-1274,2026-05-18,0.0,May-2026
OD09Z-5613 DMC,2026-05-18,0.0,May-2026
OD09Z-5713 DMC,2026-05-18,0.0,May-2026
OD09Z-5813 DMC,2026-05-18,0.0,May-2026
OD09Z-5913 DMC,2026-05-18,0.0,May-2026
ODO9C5136,2026-05-18,0.0,May-2026
OMC DG (NIGHT USE),2026-05-18,0.0,May-2026
POWER SCREEN RHS,2026-05-18,100.0,May-2026
TATA LOADER-OD02AY-0516,2026-05-18,108.0,May-2026
TOTAL ISSUE,2026-05-18,2793.0,May-2026
VICHELE NO.,2026-05-18,0.0,May-2026
VOLVO-300(5),2026-05-18,100.0,May-2026
VOLVO-300-7,2026-05-18,220.0,May-2026
VOLVO-380,2026-05-18,200.0,May-2026
VOLVO-480,2026-05-18,0.0,May-2026
VOLVO-480 (N),2026-05-18,0.0,May-2026
WATER PUMP,2026-05-18,0.0,May-2026
BD 85 DOZER,2026-05-19,0.0,May-2026
CRUSHER ( CONE ),2026-05-19,0.0,May-2026
CRUSHER ( JAW ),2026-05-19,0.0,May-2026
CRUSHER DG,2026-05-19,0.0,May-2026
CRUSHER(FEEDER),2026-05-19,0.0,May-2026
CRUSHER(NEW) HORRIZON,2026-05-19,0.0,May-2026
DOZZER D65E,2026-05-19,0.0,May-2026
DRILL-ELGI-650,2026-05-19,0.0,May-2026
GRADER OD09P-1732,2026-05-19,0.0,May-2026
HITACHI-120,2026-05-19,0.0,May-2026
HITACHI-350,2026-05-19,0.0,May-2026
JCB-8262 LOADER,2026-05-19,0.0,May-2026
JH01 T-8721 CHATU BABU,2026-05-19,0.0,May-2026
JH06G-4703,2026-05-19,0.0,May-2026
JH06G-5437,2026-05-19,0.0,May-2026
JH06G-5696,2026-05-19,0.0,May-2026
JH06H-3742,2026-05-19,0.0,May-2026
JH06H-5348,2026-05-19,0.0,May-2026
JH06H-6198 D.TANKER,2026-05-19,0.0,May-2026
JH06H-7764,2026-05-19,0.0,May-2026
JH06H-9654,2026-05-19,0.0,May-2026
JH06P-6214 SCORPIO,2026-05-19,0.0,May-2026
JH06T-7706,2026-05-19,0.0,May-2026
JRD-450+650-1,2026-05-19,0.0,May-2026
JRD-600+CD-360,2026-05-19,0.0,May-2026
KAMASTU-210,2026-05-19,0.0,May-2026
KOBELCO-380 DMCS,2026-05-19,0.0,May-2026
KOMASTU-200,2026-05-19,0.0,May-2026
KOMASTU-350 DMC,2026-05-19,0.0,May-2026
L-6268 SDLG,2026-05-19,0.0,May-2026
LIGHT DG NEW,2026-05-19,0.0,May-2026
LOKO CONE,2026-05-19,0.0,May-2026
LOKO TRACK JAW,2026-05-19,0.0,May-2026
OD07AR-4113 DMC,2026-05-19,0.0,May-2026
OD09A-5105,2026-05-19,0.0,May-2026
OD09A-5106,2026-05-19,0.0,May-2026
OD09A-5666,2026-05-19,0.0,May-2026
OD09A-6059,2026-05-19,0.0,May-2026
OD09AE-5513 DMC,2026-05-19,0.0,May-2026
OD09C-1371,2026-05-19,0.0,May-2026
OD09C-1962,2026-05-19,0.0,May-2026
OD09C-1964,2026-05-19,0.0,May-2026
OD09C-4824,2026-05-19,0.0,May-2026
OD09C-4879,2026-05-19,0.0,May-2026
OD09C-5609 JCB,2026-05-19,0.0,May-2026
OD09C-8163,2026-05-19,0.0,May-2026
OD09C-8164,2026-05-19,0.0,May-2026
OD09C1965,2026-05-19,0.0,May-2026
OD09C4623,2026-05-19,0.0,May-2026
OD09C4624,2026-05-19,0.0,May-2026
OD09C4625,2026-05-19,0.0,May-2026
OD09C4823,2026-05-19,0.0,May-2026
OD09C5137,2026-05-19,0.0,May-2026
OD09G-6065 CAMPER,2026-05-19,0.0,May-2026
OD09K-2512 W.TANKER,2026-05-19,0.0,May-2026
OD09K-7213 BSM BUS,2026-05-19,0.0,May-2026
OD09P-2986 (CAMPAR),2026-05-19,0.0,May-2026
OD09P-6973 W.TANKER,2026-05-19,0.0,May-2026
OD09V-5619 TATA YODHA,2026-05-19,0.0,May-2026
OD09Z-0461 OFFICE,2026-05-19,0.0,May-2026
OD09Z-1202,2026-05-19,0.0,May-2026
OD09Z-1273,2026-05-19,0.0,May-2026
OD09Z-1274,2026-05-19,0.0,May-2026
OD09Z-5613 DMC,2026-05-19,0.0,May-2026
OD09Z-5713 DMC,2026-05-19,0.0,May-2026
OD09Z-5813 DMC,2026-05-19,0.0,May-2026
OD09Z-5913 DMC,2026-05-19,0.0,May-2026
ODO9C5136,2026-05-19,0.0,May-2026
OMC DG (NIGHT USE),2026-05-19,0.0,May-2026
POWER SCREEN RHS,2026-05-19,0.0,May-2026
TATA LOADER-OD02AY-0516,2026-05-19,0.0,May-2026
TOTAL ISSUE,2026-05-19,0.0,May-2026
VICHELE NO.,2026-05-19,0.0,May-2026
VOLVO-300(5),2026-05-19,0.0,May-2026
VOLVO-300-7,2026-05-19,0.0,May-2026
VOLVO-380,2026-05-19,0.0,May-2026
VOLVO-480,2026-05-19,0.0,May-2026
VOLVO-480 (N),2026-05-19,0.0,May-2026
WATER PUMP,2026-05-19,0.0,May-2026
BD 85 DOZER,2026-05-20,385.0,May-2026
CRUSHER ( CONE ),2026-05-20,0.0,May-2026
CRUSHER ( JAW ),2026-05-20,0.0,May-2026
CRUSHER DG,2026-05-20,100.0,May-2026
CRUSHER(FEEDER),2026-05-20,0.0,May-2026
CRUSHER(NEW) HORRIZON,2026-05-20,0.0,May-2026
DOZZER D65E,2026-05-20,0.0,May-2026
DRILL-ELGI-650,2026-05-20,0.0,May-2026
GRADER OD09P-1732,2026-05-20,0.0,May-2026
HITACHI-120,2026-05-20,0.0,May-2026
HITACHI-350,2026-05-20,100.0,May-2026
JCB-8262 LOADER,2026-05-20,158.0,May-2026
JH01 T-8721 CHATU BABU,2026-05-20,20.0,May-2026
JH06G-4703,2026-05-20,100.0,May-2026
JH06G-5437,2026-05-20,50.0,May-2026
JH06G-5696,2026-05-20,0.0,May-2026
JH06H-3742,2026-05-20,50.0,May-2026
JH06H-5348,2026-05-20,0.0,May-2026
JH06H-6198 D.TANKER,2026-05-20,50.0,May-2026
JH06H-7764,2026-05-20,0.0,May-2026
JH06H-9654,2026-05-20,100.0,May-2026
JH06P-6214 SCORPIO,2026-05-20,36.0,May-2026
JH06T-7706,2026-05-20,100.0,May-2026
JRD-450+650-1,2026-05-20,0.0,May-2026
JRD-600+CD-360,2026-05-20,0.0,May-2026
KAMASTU-210,2026-05-20,100.0,May-2026
KOBELCO-380 DMCS,2026-05-20,200.0,May-2026
KOMASTU-200,2026-05-20,196.0,May-2026
KOMASTU-350 DMC,2026-05-20,0.0,May-2026
L-6268 SDLG,2026-05-20,0.0,May-2026
LIGHT DG NEW,2026-05-20,0.0,May-2026
LOKO CONE,2026-05-20,217.0,May-2026
LOKO TRACK JAW,2026-05-20,100.0,May-2026
OD07AR-4113 DMC,2026-05-20,0.0,May-2026
OD09A-5105,2026-05-20,0.0,May-2026
OD09A-5106,2026-05-20,0.0,May-2026
OD09A-5666,2026-05-20,0.0,May-2026
OD09A-6059,2026-05-20,100.0,May-2026
OD09AE-5513 DMC,2026-05-20,0.0,May-2026
OD09C-1371,2026-05-20,0.0,May-2026
OD09C-1962,2026-05-20,0.0,May-2026
OD09C-1964,2026-05-20,0.0,May-2026
OD09C-4824,2026-05-20,0.0,May-2026
OD09C-4879,2026-05-20,0.0,May-2026
OD09C-5609 JCB,2026-05-20,0.0,May-2026
OD09C-8163,2026-05-20,100.0,May-2026
OD09C-8164,2026-05-20,100.0,May-2026
OD09C1965,2026-05-20,0.0,May-2026
OD09C4623,2026-05-20,0.0,May-2026
OD09C4624,2026-05-20,0.0,May-2026
OD09C4625,2026-05-20,50.0,May-2026
OD09C4823,2026-05-20,0.0,May-2026
OD09C5137,2026-05-20,0.0,May-2026
OD09G-6065 CAMPER,2026-05-20,0.0,May-2026
OD09K-2512 W.TANKER,2026-05-20,100.0,May-2026
OD09K-7213 BSM BUS,2026-05-20,0.0,May-2026
OD09P-2986 (CAMPAR),2026-05-20,20.0,May-2026
OD09P-6973 W.TANKER,2026-05-20,100.0,May-2026
OD09V-5619 TATA YODHA,2026-05-20,0.0,May-2026
OD09Z-0461 OFFICE,2026-05-20,0.0,May-2026
OD09Z-1202,2026-05-20,50.0,May-2026
OD09Z-1273,2026-05-20,0.0,May-2026
OD09Z-1274,2026-05-20,0.0,May-2026
OD09Z-5613 DMC,2026-05-20,28.0,May-2026
OD09Z-5713 DMC,2026-05-20,0.0,May-2026
OD09Z-5813 DMC,2026-05-20,0.0,May-2026
OD09Z-5913 DMC,2026-05-20,0.0,May-2026
ODO9C5136,2026-05-20,0.0,May-2026
OMC DG (NIGHT USE),2026-05-20,0.0,May-2026
POWER SCREEN RHS,2026-05-20,150.0,May-2026
TATA LOADER-OD02AY-0516,2026-05-20,105.0,May-2026
TOTAL ISSUE,2026-05-20,3722.0,May-2026
VICHELE NO.,2026-05-20,0.0,May-2026
VOLVO-300(5),2026-05-20,250.0,May-2026
VOLVO-300-7,2026-05-20,202.0,May-2026
VOLVO-380,2026-05-20,0.0,May-2026
VOLVO-480,2026-05-20,0.0,May-2026
VOLVO-480 (N),2026-05-20,100.0,May-2026
WATER PUMP,2026-05-20,5.0,May-2026
BD 85 DOZER,2026-05-21,257.0,May-2026
CRUSHER ( CONE ),2026-05-21,0.0,May-2026
CRUSHER ( JAW ),2026-05-21,0.0,May-2026
CRUSHER DG,2026-05-21,100.0,May-2026
CRUSHER(FEEDER),2026-05-21,0.0,May-2026
CRUSHER(NEW) HORRIZON,2026-05-21,0.0,May-2026
DOZZER D65E,2026-05-21,0.0,May-2026
DRILL-ELGI-650,2026-05-21,0.0,May-2026
GRADER OD09P-1732,2026-05-21,0.0,May-2026
HITACHI-120,2026-05-21,0.0,May-2026
HITACHI-350,2026-05-21,0.0,May-2026
JCB-8262 LOADER,2026-05-21,129.0,May-2026
JH01 T-8721 CHATU BABU,2026-05-21,0.0,May-2026
JH06G-4703,2026-05-21,100.0,May-2026
JH06G-5437,2026-05-21,0.0,May-2026
JH06G-5696,2026-05-21,100.0,May-2026
JH06H-3742,2026-05-21,100.0,May-2026
JH06H-5348,2026-05-21,100.0,May-2026
JH06H-6198 D.TANKER,2026-05-21,0.0,May-2026
JH06H-7764,2026-05-21,100.0,May-2026
JH06H-9654,2026-05-21,0.0,May-2026
JH06P-6214 SCORPIO,2026-05-21,0.0,May-2026
JH06T-7706,2026-05-21,50.0,May-2026
JRD-450+650-1,2026-05-21,200.0,May-2026
JRD-600+CD-360,2026-05-21,170.0,May-2026
KAMASTU-210,2026-05-21,137.0,May-2026
KOBELCO-380 DMCS,2026-05-21,350.0,May-2026
KOMASTU-200,2026-05-21,152.0,May-2026
KOMASTU-350 DMC,2026-05-21,0.0,May-2026
L-6268 SDLG,2026-05-21,0.0,May-2026
LIGHT DG NEW,2026-05-21,0.0,May-2026
LOKO CONE,2026-05-21,83.0,May-2026
LOKO TRACK JAW,2026-05-21,0.0,May-2026
OD07AR-4113 DMC,2026-05-21,50.0,May-2026
OD09A-5105,2026-05-21,50.0,May-2026
OD09A-5106,2026-05-21,0.0,May-2026
OD09A-5666,2026-05-21,0.0,May-2026
OD09A-6059,2026-05-21,50.0,May-2026
OD09AE-5513 DMC,2026-05-21,50.0,May-2026
OD09C-1371,2026-05-21,0.0,May-2026
OD09C-1962,2026-05-21,0.0,May-2026
OD09C-1964,2026-05-21,0.0,May-2026
OD09C-4824,2026-05-21,100.0,May-2026
OD09C-4879,2026-05-21,0.0,May-2026
OD09C-5609 JCB,2026-05-21,0.0,May-2026
OD09C-8163,2026-05-21,100.0,May-2026
OD09C-8164,2026-05-21,100.0,May-2026
OD09C1965,2026-05-21,0.0,May-2026
OD09C4623,2026-05-21,0.0,May-2026
OD09C4624,2026-05-21,0.0,May-2026
OD09C4625,2026-05-21,50.0,May-2026
OD09C4823,2026-05-21,50.0,May-2026
OD09C5137,2026-05-21,0.0,May-2026
OD09G-6065 CAMPER,2026-05-21,0.0,May-2026
OD09K-2512 W.TANKER,2026-05-21,0.0,May-2026
OD09K-7213 BSM BUS,2026-05-21,0.0,May-2026
OD09P-2986 (CAMPAR),2026-05-21,0.0,May-2026
OD09P-6973 W.TANKER,2026-05-21,0.0,May-2026
OD09V-5619 TATA YODHA,2026-05-21,30.0,May-2026
OD09Z-0461 OFFICE,2026-05-21,0.0,May-2026
OD09Z-1202,2026-05-21,100.0,May-2026
OD09Z-1273,2026-05-21,0.0,May-2026
OD09Z-1274,2026-05-21,0.0,May-2026
OD09Z-5613 DMC,2026-05-21,100.0,May-2026
OD09Z-5713 DMC,2026-05-21,100.0,May-2026
OD09Z-5813 DMC,2026-05-21,100.0,May-2026
OD09Z-5913 DMC,2026-05-21,0.0,May-2026
ODO9C5136,2026-05-21,100.0,May-2026
OMC DG (NIGHT USE),2026-05-21,0.0,May-2026
POWER SCREEN RHS,2026-05-21,0.0,May-2026
TATA LOADER-OD02AY-0516,2026-05-21,92.0,May-2026
TOTAL ISSUE,2026-05-21,4200.0,May-2026
VICHELE NO.,2026-05-21,0.0,May-2026
VOLVO-300(5),2026-05-21,250.0,May-2026
VOLVO-300-7,2026-05-21,200.0,May-2026
VOLVO-380,2026-05-21,200.0,May-2026
VOLVO-480,2026-05-21,0.0,May-2026
VOLVO-480 (N),2026-05-21,0.0,May-2026
WATER PUMP,2026-05-21,0.0,May-2026
BD 85 DOZER,2026-05-22,150.0,May-2026
CRUSHER ( CONE ),2026-05-22,0.0,May-2026
CRUSHER ( JAW ),2026-05-22,0.0,May-2026
CRUSHER DG,2026-05-22,0.0,May-2026
CRUSHER(FEEDER),2026-05-22,0.0,May-2026
CRUSHER(NEW) HORRIZON,2026-05-22,0.0,May-2026
DOZZER D65E,2026-05-22,0.0,May-2026
DRILL-ELGI-650,2026-05-22,0.0,May-2026
GRADER OD09P-1732,2026-05-22,100.0,May-2026
HITACHI-120,2026-05-22,0.0,May-2026
HITACHI-350,2026-05-22,0.0,May-2026
JCB-8262 LOADER,2026-05-22,138.0,May-2026
JH01 T-8721 CHATU BABU,2026-05-22,0.0,May-2026
JH06G-4703,2026-05-22,50.0,May-2026
JH06G-5437,2026-05-22,100.0,May-2026
JH06G-5696,2026-05-22,100.0,May-2026
JH06H-3742,2026-05-22,0.0,May-2026
JH06H-5348,2026-05-22,80.0,May-2026
JH06H-6198 D.TANKER,2026-05-22,0.0,May-2026
JH06H-7764,2026-05-22,0.0,May-2026
JH06H-9654,2026-05-22,100.0,May-2026
JH06P-6214 SCORPIO,2026-05-22,29.0,May-2026
JH06T-7706,2026-05-22,50.0,May-2026
JRD-450+650-1,2026-05-22,171.0,May-2026
JRD-600+CD-360,2026-05-22,160.0,May-2026
KAMASTU-210,2026-05-22,80.0,May-2026
KOBELCO-380 DMCS,2026-05-22,300.0,May-2026
KOMASTU-200,2026-05-22,0.0,May-2026
KOMASTU-350 DMC,2026-05-22,200.0,May-2026
L-6268 SDLG,2026-05-22,0.0,May-2026
LIGHT DG NEW,2026-05-22,0.0,May-2026
LOKO CONE,2026-05-22,200.0,May-2026
LOKO TRACK JAW,2026-05-22,200.0,May-2026
OD07AR-4113 DMC,2026-05-22,0.0,May-2026
OD09A-5105,2026-05-22,80.0,May-2026
OD09A-5106,2026-05-22,0.0,May-2026
OD09A-5666,2026-05-22,0.0,May-2026
OD09A-6059,2026-05-22,50.0,May-2026
OD09AE-5513 DMC,2026-05-22,0.0,May-2026
OD09C-1371,2026-05-22,0.0,May-2026
OD09C-1962,2026-05-22,0.0,May-2026
OD09C-1964,2026-05-22,100.0,May-2026
OD09C-4824,2026-05-22,60.0,May-2026
OD09C-4879,2026-05-22,0.0,May-2026
OD09C-5609 JCB,2026-05-22,0.0,May-2026
OD09C-8163,2026-05-22,50.0,May-2026
OD09C-8164,2026-05-22,50.0,May-2026
OD09C1965,2026-05-22,0.0,May-2026
OD09C4623,2026-05-22,0.0,May-2026
OD09C4624,2026-05-22,100.0,May-2026
OD09C4625,2026-05-22,50.0,May-2026
OD09C4823,2026-05-22,0.0,May-2026
OD09C5137,2026-05-22,0.0,May-2026
OD09G-6065 CAMPER,2026-05-22,0.0,May-2026
OD09K-2512 W.TANKER,2026-05-22,0.0,May-2026
OD09K-7213 BSM BUS,2026-05-22,90.0,May-2026
OD09P-2986 (CAMPAR),2026-05-22,0.0,May-2026
OD09P-6973 W.TANKER,2026-05-22,0.0,May-2026
OD09V-5619 TATA YODHA,2026-05-22,0.0,May-2026
OD09Z-0461 OFFICE,2026-05-22,0.0,May-2026
OD09Z-1202,2026-05-22,0.0,May-2026
OD09Z-1273,2026-05-22,0.0,May-2026
OD09Z-1274,2026-05-22,0.0,May-2026
OD09Z-5613 DMC,2026-05-22,50.0,May-2026
OD09Z-5713 DMC,2026-05-22,0.0,May-2026
OD09Z-5813 DMC,2026-05-22,0.0,May-2026
OD09Z-5913 DMC,2026-05-22,0.0,May-2026
ODO9C5136,2026-05-22,50.0,May-2026
OMC DG (NIGHT USE),2026-05-22,0.0,May-2026
POWER SCREEN RHS,2026-05-22,100.0,May-2026
TATA LOADER-OD02AY-0516,2026-05-22,0.0,May-2026
TOTAL ISSUE,2026-05-22,3993.0,May-2026
VICHELE NO.,2026-05-22,0.0,May-2026
VOLVO-300(5),2026-05-22,0.0,May-2026
VOLVO-300-7,2026-05-22,200.0,May-2026
VOLVO-380,2026-05-22,400.0,May-2026
VOLVO-480,2026-05-22,0.0,May-2026
VOLVO-480 (N),2026-05-22,150.0,May-2026
WATER PUMP,2026-05-22,5.0,May-2026
BD 85 DOZER,2026-05-23,0.0,May-2026
CRUSHER ( CONE ),2026-05-23,0.0,May-2026
CRUSHER ( JAW ),2026-05-23,0.0,May-2026
CRUSHER DG,2026-05-23,0.0,May-2026
CRUSHER(FEEDER),2026-05-23,0.0,May-2026
CRUSHER(NEW) HORRIZON,2026-05-23,0.0,May-2026
DOZZER D65E,2026-05-23,0.0,May-2026
DRILL-ELGI-650,2026-05-23,0.0,May-2026
GRADER OD09P-1732,2026-05-23,0.0,May-2026
HITACHI-120,2026-05-23,0.0,May-2026
HITACHI-350,2026-05-23,200.0,May-2026
JCB-8262 LOADER,2026-05-23,0.0,May-2026
JH01 T-8721 CHATU BABU,2026-05-23,0.0,May-2026
JH06G-4703,2026-05-23,50.0,May-2026
JH06G-5437,2026-05-23,0.0,May-2026
JH06G-5696,2026-05-23,100.0,May-2026
JH06H-3742,2026-05-23,50.0,May-2026
JH06H-5348,2026-05-23,50.0,May-2026
JH06H-6198 D.TANKER,2026-05-23,37.0,May-2026
JH06H-7764,2026-05-23,100.0,May-2026
JH06H-9654,2026-05-23,0.0,May-2026
JH06P-6214 SCORPIO,2026-05-23,0.0,May-2026
JH06T-7706,2026-05-23,50.0,May-2026
JRD-450+650-1,2026-05-23,0.0,May-2026
JRD-600+CD-360,2026-05-23,60.0,May-2026
KAMASTU-210,2026-05-23,0.0,May-2026
KOBELCO-380 DMCS,2026-05-23,200.0,May-2026
KOMASTU-200,2026-05-23,0.0,May-2026
KOMASTU-350 DMC,2026-05-23,100.0,May-2026
L-6268 SDLG,2026-05-23,0.0,May-2026
LIGHT DG NEW,2026-05-23,0.0,May-2026
LOKO CONE,2026-05-23,0.0,May-2026
LOKO TRACK JAW,2026-05-23,0.0,May-2026
OD07AR-4113 DMC,2026-05-23,100.0,May-2026
OD09A-5105,2026-05-23,50.0,May-2026
OD09A-5106,2026-05-23,0.0,May-2026
OD09A-5666,2026-05-23,0.0,May-2026
OD09A-6059,2026-05-23,0.0,May-2026
OD09AE-5513 DMC,2026-05-23,80.0,May-2026
OD09C-1371,2026-05-23,0.0,May-2026
OD09C-1962,2026-05-23,80.0,May-2026
OD09C-1964,2026-05-23,50.0,May-2026
OD09C-4824,2026-05-23,0.0,May-2026
OD09C-4879,2026-05-23,0.0,May-2026
OD09C-5609 JCB,2026-05-23,0.0,May-2026
OD09C-8163,2026-05-23,50.0,May-2026
OD09C-8164,2026-05-23,0.0,May-2026
OD09C1965,2026-05-23,0.0,May-2026
OD09C4623,2026-05-23,0.0,May-2026
OD09C4624,2026-05-23,0.0,May-2026
OD09C4625,2026-05-23,0.0,May-2026
OD09C4823,2026-05-23,0.0,May-2026
OD09C5137,2026-05-23,0.0,May-2026
OD09G-6065 CAMPER,2026-05-23,20.0,May-2026
OD09K-2512 W.TANKER,2026-05-23,80.0,May-2026
OD09K-7213 BSM BUS,2026-05-23,0.0,May-2026
OD09P-2986 (CAMPAR),2026-05-23,0.0,May-2026
OD09P-6973 W.TANKER,2026-05-23,100.0,May-2026
OD09V-5619 TATA YODHA,2026-05-23,30.0,May-2026
OD09Z-0461 OFFICE,2026-05-23,0.0,May-2026
OD09Z-1202,2026-05-23,100.0,May-2026
OD09Z-1273,2026-05-23,0.0,May-2026
OD09Z-1274,2026-05-23,0.0,May-2026
OD09Z-5613 DMC,2026-05-23,50.0,May-2026
OD09Z-5713 DMC,2026-05-23,100.0,May-2026
OD09Z-5813 DMC,2026-05-23,100.0,May-2026
OD09Z-5913 DMC,2026-05-23,50.0,May-2026
ODO9C5136,2026-05-23,0.0,May-2026
OMC DG (NIGHT USE),2026-05-23,0.0,May-2026
POWER SCREEN RHS,2026-05-23,0.0,May-2026
TATA LOADER-OD02AY-0516,2026-05-23,100.0,May-2026
TOTAL ISSUE,2026-05-23,2707.0,May-2026
VICHELE NO.,2026-05-23,0.0,May-2026
VOLVO-300(5),2026-05-23,0.0,May-2026
VOLVO-300-7,2026-05-23,0.0,May-2026
VOLVO-380,2026-05-23,0.0,May-2026
VOLVO-480,2026-05-23,285.0,May-2026
VOLVO-480 (N),2026-05-23,100.0,May-2026
WATER PUMP,2026-05-23,5.0,May-2026
BD 85 DOZER,2026-05-24,0.0,May-2026
CRUSHER ( CONE ),2026-05-24,0.0,May-2026
CRUSHER ( JAW ),2026-05-24,0.0,May-2026
CRUSHER DG,2026-05-24,0.0,May-2026
CRUSHER(FEEDER),2026-05-24,0.0,May-2026
CRUSHER(NEW) HORRIZON,2026-05-24,0.0,May-2026
DOZZER D65E,2026-05-24,0.0,May-2026
DRILL-ELGI-650,2026-05-24,0.0,May-2026
GRADER OD09P-1732,2026-05-24,100.0,May-2026
HITACHI-120,2026-05-24,150.0,May-2026
HITACHI-350,2026-05-24,200.0,May-2026
JCB-8262 LOADER,2026-05-24,207.0,May-2026
JH01 T-8721 CHATU BABU,2026-05-24,0.0,May-2026
JH06G-4703,2026-05-24,50.0,May-2026
JH06G-5437,2026-05-24,50.0,May-2026
JH06G-5696,2026-05-24,100.0,May-2026
JH06H-3742,2026-05-24,50.0,May-2026
JH06H-5348,2026-05-24,50.0,May-2026
JH06H-6198 D.TANKER,2026-05-24,50.0,May-2026
JH06H-7764,2026-05-24,100.0,May-2026
JH06H-9654,2026-05-24,80.0,May-2026
JH06P-6214 SCORPIO,2026-05-24,0.0,May-2026
JH06T-7706,2026-05-24,0.0,May-2026
JRD-450+650-1,2026-05-24,150.0,May-2026
JRD-600+CD-360,2026-05-24,150.0,May-2026
KAMASTU-210,2026-05-24,250.0,May-2026
KOBELCO-380 DMCS,2026-05-24,250.0,May-2026
KOMASTU-200,2026-05-24,200.0,May-2026
KOMASTU-350 DMC,2026-05-24,100.0,May-2026
L-6268 SDLG,2026-05-24,0.0,May-2026
LIGHT DG NEW,2026-05-24,0.0,May-2026
LOKO CONE,2026-05-24,0.0,May-2026
LOKO TRACK JAW,2026-05-24,0.0,May-2026
OD07AR-4113 DMC,2026-05-24,0.0,May-2026
OD09A-5105,2026-05-24,54.0,May-2026
OD09A-5106,2026-05-24,0.0,May-2026
OD09A-5666,2026-05-24,0.0,May-2026
OD09A-6059,2026-05-24,50.0,May-2026
OD09AE-5513 DMC,2026-05-24,50.0,May-2026
OD09C-1371,2026-05-24,0.0,May-2026
OD09C-1962,2026-05-24,0.0,May-2026
OD09C-1964,2026-05-24,0.0,May-2026
OD09C-4824,2026-05-24,50.0,May-2026
OD09C-4879,2026-05-24,50.0,May-2026
OD09C-5609 JCB,2026-05-24,0.0,May-2026
OD09C-8163,2026-05-24,80.0,May-2026
OD09C-8164,2026-05-24,80.0,May-2026
OD09C1965,2026-05-24,0.0,May-2026
OD09C4623,2026-05-24,0.0,May-2026
OD09C4624,2026-05-24,0.0,May-2026
OD09C4625,2026-05-24,0.0,May-2026
OD09C4823,2026-05-24,0.0,May-2026
OD09C5137,2026-05-24,0.0,May-2026
OD09G-6065 CAMPER,2026-05-24,39.0,May-2026
OD09K-2512 W.TANKER,2026-05-24,0.0,May-2026
OD09K-7213 BSM BUS,2026-05-24,0.0,May-2026
OD09P-2986 (CAMPAR),2026-05-24,0.0,May-2026
OD09P-6973 W.TANKER,2026-05-24,100.0,May-2026
OD09V-5619 TATA YODHA,2026-05-24,0.0,May-2026
OD09Z-0461 OFFICE,2026-05-24,0.0,May-2026
OD09Z-1202,2026-05-24,100.0,May-2026
OD09Z-1273,2026-05-24,0.0,May-2026
OD09Z-1274,2026-05-24,0.0,May-2026
OD09Z-5613 DMC,2026-05-24,50.0,May-2026
OD09Z-5713 DMC,2026-05-24,100.0,May-2026
OD09Z-5813 DMC,2026-05-24,0.0,May-2026
OD09Z-5913 DMC,2026-05-24,50.0,May-2026
ODO9C5136,2026-05-24,0.0,May-2026
OMC DG (NIGHT USE),2026-05-24,0.0,May-2026
POWER SCREEN RHS,2026-05-24,150.0,May-2026
TATA LOADER-OD02AY-0516,2026-05-24,228.0,May-2026
TOTAL ISSUE,2026-05-24,4298.0,May-2026
VICHELE NO.,2026-05-24,0.0,May-2026
VOLVO-300(5),2026-05-24,0.0,May-2026
VOLVO-300-7,2026-05-24,300.0,May-2026
VOLVO-380,2026-05-24,300.0,May-2026
VOLVO-480,2026-05-24,0.0,May-2026
VOLVO-480 (N),2026-05-24,0.0,May-2026
WATER PUMP,2026-05-24,0.0,May-2026
BD 85 DOZER,2026-05-25,200.0,May-2026
CRUSHER ( CONE ),2026-05-25,0.0,May-2026
CRUSHER ( JAW ),2026-05-25,0.0,May-2026
CRUSHER DG,2026-05-25,0.0,May-2026
CRUSHER(FEEDER),2026-05-25,0.0,May-2026
CRUSHER(NEW) HORRIZON,2026-05-25,0.0,May-2026
DOZZER D65E,2026-05-25,0.0,May-2026
DRILL-ELGI-650,2026-05-25,0.0,May-2026
GRADER OD09P-1732,2026-05-25,0.0,May-2026
HITACHI-120,2026-05-25,0.0,May-2026
HITACHI-350,2026-05-25,239.0,May-2026
JCB-8262 LOADER,2026-05-25,196.0,May-2026
JH01 T-8721 CHATU BABU,2026-05-25,0.0,May-2026
JH06G-4703,2026-05-25,50.0,May-2026
JH06G-5437,2026-05-25,80.0,May-2026
JH06G-5696,2026-05-25,80.0,May-2026
JH06H-3742,2026-05-25,0.0,May-2026
JH06H-5348,2026-05-25,50.0,May-2026
JH06H-6198 D.TANKER,2026-05-25,50.0,May-2026
JH06H-7764,2026-05-25,80.0,May-2026
JH06H-9654,2026-05-25,50.0,May-2026
JH06P-6214 SCORPIO,2026-05-25,25.0,May-2026
JH06T-7706,2026-05-25,80.0,May-2026
JRD-450+650-1,2026-05-25,156.0,May-2026
JRD-600+CD-360,2026-05-25,50.0,May-2026
KAMASTU-210,2026-05-25,200.0,May-2026
KOBELCO-380 DMCS,2026-05-25,208.0,May-2026
KOMASTU-200,2026-05-25,0.0,May-2026
KOMASTU-350 DMC,2026-05-25,200.0,May-2026
L-6268 SDLG,2026-05-25,0.0,May-2026
LIGHT DG NEW,2026-05-25,0.0,May-2026
LOKO CONE,2026-05-25,100.0,May-2026
LOKO TRACK JAW,2026-05-25,100.0,May-2026
OD07AR-4113 DMC,2026-05-25,150.0,May-2026
OD09A-5105,2026-05-25,50.0,May-2026
OD09A-5106,2026-05-25,50.0,May-2026
OD09A-5666,2026-05-25,0.0,May-2026
OD09A-6059,2026-05-25,80.0,May-2026
OD09AE-5513 DMC,2026-05-25,50.0,May-2026
OD09C-1371,2026-05-25,0.0,May-2026
OD09C-1962,2026-05-25,50.0,May-2026
OD09C-1964,2026-05-25,0.0,May-2026
OD09C-4824,2026-05-25,50.0,May-2026
OD09C-4879,2026-05-25,50.0,May-2026
OD09C-5609 JCB,2026-05-25,0.0,May-2026
OD09C-8163,2026-05-25,100.0,May-2026
OD09C-8164,2026-05-25,80.0,May-2026
OD09C1965,2026-05-25,0.0,May-2026
OD09C4623,2026-05-25,0.0,May-2026
OD09C4624,2026-05-25,0.0,May-2026
OD09C4625,2026-05-25,50.0,May-2026
OD09C4823,2026-05-25,100.0,May-2026
OD09C5137,2026-05-25,0.0,May-2026
OD09G-6065 CAMPER,2026-05-25,0.0,May-2026
OD09K-2512 W.TANKER,2026-05-25,100.0,May-2026
OD09K-7213 BSM BUS,2026-05-25,0.0,May-2026
OD09P-2986 (CAMPAR),2026-05-25,36.0,May-2026
OD09P-6973 W.TANKER,2026-05-25,0.0,May-2026
OD09V-5619 TATA YODHA,2026-05-25,0.0,May-2026
OD09Z-0461 OFFICE,2026-05-25,0.0,May-2026
OD09Z-1202,2026-05-25,100.0,May-2026
OD09Z-1273,2026-05-25,0.0,May-2026
OD09Z-1274,2026-05-25,0.0,May-2026
OD09Z-5613 DMC,2026-05-25,50.0,May-2026
OD09Z-5713 DMC,2026-05-25,50.0,May-2026
OD09Z-5813 DMC,2026-05-25,0.0,May-2026
OD09Z-5913 DMC,2026-05-25,0.0,May-2026
ODO9C5136,2026-05-25,0.0,May-2026
OMC DG (NIGHT USE),2026-05-25,0.0,May-2026
POWER SCREEN RHS,2026-05-25,0.0,May-2026
TATA LOADER-OD02AY-0516,2026-05-25,150.0,May-2026
TOTAL ISSUE,2026-05-25,4160.0,May-2026
VICHELE NO.,2026-05-25,0.0,May-2026
VOLVO-300(5),2026-05-25,200.0,May-2026
VOLVO-300-7,2026-05-25,110.0,May-2026
VOLVO-380,2026-05-25,0.0,May-2026
VOLVO-480,2026-05-25,0.0,May-2026
VOLVO-480 (N),2026-05-25,100.0,May-2026
WATER PUMP,2026-05-25,10.0,May-2026
BD 85 DOZER,2026-05-26,0.0,May-2026
CRUSHER ( CONE ),2026-05-26,0.0,May-2026
CRUSHER ( JAW ),2026-05-26,0.0,May-2026
CRUSHER DG,2026-05-26,0.0,May-2026
CRUSHER(FEEDER),2026-05-26,0.0,May-2026
CRUSHER(NEW) HORRIZON,2026-05-26,0.0,May-2026
DOZZER D65E,2026-05-26,0.0,May-2026
DRILL-ELGI-650,2026-05-26,0.0,May-2026
GRADER OD09P-1732,2026-05-26,0.0,May-2026
HITACHI-120,2026-05-26,0.0,May-2026
HITACHI-350,2026-05-26,0.0,May-2026
JCB-8262 LOADER,2026-05-26,0.0,May-2026
JH01 T-8721 CHATU BABU,2026-05-26,0.0,May-2026
JH06G-4703,2026-05-26,0.0,May-2026
JH06G-5437,2026-05-26,0.0,May-2026
JH06G-5696,2026-05-26,0.0,May-2026
JH06H-3742,2026-05-26,0.0,May-2026
JH06H-5348,2026-05-26,0.0,May-2026
JH06H-6198 D.TANKER,2026-05-26,0.0,May-2026
JH06H-7764,2026-05-26,0.0,May-2026
JH06H-9654,2026-05-26,0.0,May-2026
JH06P-6214 SCORPIO,2026-05-26,0.0,May-2026
JH06T-7706,2026-05-26,0.0,May-2026
JRD-450+650-1,2026-05-26,0.0,May-2026
JRD-600+CD-360,2026-05-26,0.0,May-2026
KAMASTU-210,2026-05-26,0.0,May-2026
KOBELCO-380 DMCS,2026-05-26,0.0,May-2026
KOMASTU-200,2026-05-26,0.0,May-2026
KOMASTU-350 DMC,2026-05-26,0.0,May-2026
L-6268 SDLG,2026-05-26,0.0,May-2026
LIGHT DG NEW,2026-05-26,0.0,May-2026
LOKO CONE,2026-05-26,0.0,May-2026
LOKO TRACK JAW,2026-05-26,0.0,May-2026
OD07AR-4113 DMC,2026-05-26,0.0,May-2026
OD09A-5105,2026-05-26,0.0,May-2026
OD09A-5106,2026-05-26,0.0,May-2026
OD09A-5666,2026-05-26,0.0,May-2026
OD09A-6059,2026-05-26,0.0,May-2026
OD09AE-5513 DMC,2026-05-26,0.0,May-2026
OD09C-1371,2026-05-26,0.0,May-2026
OD09C-1962,2026-05-26,0.0,May-2026
OD09C-1964,2026-05-26,0.0,May-2026
OD09C-4824,2026-05-26,0.0,May-2026
OD09C-4879,2026-05-26,0.0,May-2026
OD09C-5609 JCB,2026-05-26,0.0,May-2026
OD09C-8163,2026-05-26,0.0,May-2026
OD09C-8164,2026-05-26,0.0,May-2026
OD09C1965,2026-05-26,0.0,May-2026
OD09C4623,2026-05-26,0.0,May-2026
OD09C4624,2026-05-26,0.0,May-2026
OD09C4625,2026-05-26,0.0,May-2026
OD09C4823,2026-05-26,0.0,May-2026
OD09C5137,2026-05-26,0.0,May-2026
OD09G-6065 CAMPER,2026-05-26,0.0,May-2026
OD09K-2512 W.TANKER,2026-05-26,0.0,May-2026
OD09K-7213 BSM BUS,2026-05-26,0.0,May-2026
OD09P-2986 (CAMPAR),2026-05-26,0.0,May-2026
OD09P-6973 W.TANKER,2026-05-26,0.0,May-2026
OD09V-5619 TATA YODHA,2026-05-26,0.0,May-2026
OD09Z-0461 OFFICE,2026-05-26,0.0,May-2026
OD09Z-1202,2026-05-26,0.0,May-2026
OD09Z-1273,2026-05-26,0.0,May-2026
OD09Z-1274,2026-05-26,0.0,May-2026
OD09Z-5613 DMC,2026-05-26,0.0,May-2026
OD09Z-5713 DMC,2026-05-26,0.0,May-2026
OD09Z-5813 DMC,2026-05-26,0.0,May-2026
OD09Z-5913 DMC,2026-05-26,0.0,May-2026
ODO9C5136,2026-05-26,0.0,May-2026
OMC DG (NIGHT USE),2026-05-26,0.0,May-2026
POWER SCREEN RHS,2026-05-26,0.0,May-2026
TATA LOADER-OD02AY-0516,2026-05-26,0.0,May-2026
TOTAL ISSUE,2026-05-26,0.0,May-2026
VICHELE NO.,2026-05-26,0.0,May-2026
VOLVO-300(5),2026-05-26,0.0,May-2026
VOLVO-300-7,2026-05-26,0.0,May-2026
VOLVO-380,2026-05-26,0.0,May-2026
VOLVO-480,2026-05-26,0.0,May-2026
VOLVO-480 (N),2026-05-26,0.0,May-2026
WATER PUMP,2026-05-26,0.0,May-2026
BD 85 DOZER,2026-05-27,300.0,May-2026
CRUSHER ( CONE ),2026-05-27,0.0,May-2026
CRUSHER ( JAW ),2026-05-27,0.0,May-2026
CRUSHER DG,2026-05-27,0.0,May-2026
CRUSHER(FEEDER),2026-05-27,0.0,May-2026
CRUSHER(NEW) HORRIZON,2026-05-27,0.0,May-2026
DOZZER D65E,2026-05-27,0.0,May-2026
DRILL-ELGI-650,2026-05-27,0.0,May-2026
GRADER OD09P-1732,2026-05-27,0.0,May-2026
HITACHI-120,2026-05-27,150.0,May-2026
HITACHI-350,2026-05-27,161.0,May-2026
JCB-8262 LOADER,2026-05-27,140.0,May-2026
JH01 T-8721 CHATU BABU,2026-05-27,0.0,May-2026
JH06G-4703,2026-05-27,0.0,May-2026
JH06G-5437,2026-05-27,80.0,May-2026
JH06G-5696,2026-05-27,50.0,May-2026
JH06H-3742,2026-05-27,100.0,May-2026
JH06H-5348,2026-05-27,80.0,May-2026
JH06H-6198 D.TANKER,2026-05-27,0.0,May-2026
JH06H-7764,2026-05-27,0.0,May-2026
JH06H-9654,2026-05-27,50.0,May-2026
JH06P-6214 SCORPIO,2026-05-27,0.0,May-2026
JH06T-7706,2026-05-27,0.0,May-2026
JRD-450+650-1,2026-05-27,300.0,May-2026
JRD-600+CD-360,2026-05-27,300.0,May-2026
KAMASTU-210,2026-05-27,200.0,May-2026
KOBELCO-380 DMCS,2026-05-27,350.0,May-2026
KOMASTU-200,2026-05-27,150.0,May-2026
KOMASTU-350 DMC,2026-05-27,100.0,May-2026
L-6268 SDLG,2026-05-27,0.0,May-2026
LIGHT DG NEW,2026-05-27,0.0,May-2026
LOKO CONE,2026-05-27,100.0,May-2026
LOKO TRACK JAW,2026-05-27,0.0,May-2026
OD07AR-4113 DMC,2026-05-27,50.0,May-2026
OD09A-5105,2026-05-27,0.0,May-2026
OD09A-5106,2026-05-27,0.0,May-2026
OD09A-5666,2026-05-27,0.0,May-2026
OD09A-6059,2026-05-27,0.0,May-2026
OD09AE-5513 DMC,2026-05-27,50.0,May-2026
OD09C-1371,2026-05-27,0.0,May-2026
OD09C-1962,2026-05-27,0.0,May-2026
OD09C-1964,2026-05-27,0.0,May-2026
OD09C-4824,2026-05-27,0.0,May-2026
OD09C-4879,2026-05-27,0.0,May-2026
OD09C-5609 JCB,2026-05-27,0.0,May-2026
OD09C-8163,2026-05-27,0.0,May-2026
OD09C-8164,2026-05-27,80.0,May-2026
OD09C1965,2026-05-27,0.0,May-2026
OD09C4623,2026-05-27,0.0,May-2026
OD09C4624,2026-05-27,0.0,May-2026
OD09C4625,2026-05-27,0.0,May-2026
OD09C4823,2026-05-27,0.0,May-2026
OD09C5137,2026-05-27,0.0,May-2026
OD09G-6065 CAMPER,2026-05-27,0.0,May-2026
OD09K-2512 W.TANKER,2026-05-27,0.0,May-2026
OD09K-7213 BSM BUS,2026-05-27,0.0,May-2026
OD09P-2986 (CAMPAR),2026-05-27,0.0,May-2026
OD09P-6973 W.TANKER,2026-05-27,100.0,May-2026
OD09V-5619 TATA YODHA,2026-05-27,0.0,May-2026
OD09Z-0461 OFFICE,2026-05-27,0.0,May-2026
OD09Z-1202,2026-05-27,80.0,May-2026
OD09Z-1273,2026-05-27,0.0,May-2026
OD09Z-1274,2026-05-27,0.0,May-2026
OD09Z-5613 DMC,2026-05-27,0.0,May-2026
OD09Z-5713 DMC,2026-05-27,0.0,May-2026
OD09Z-5813 DMC,2026-05-27,100.0,May-2026
OD09Z-5913 DMC,2026-05-27,50.0,May-2026
ODO9C5136,2026-05-27,0.0,May-2026
OMC DG (NIGHT USE),2026-05-27,0.0,May-2026
POWER SCREEN RHS,2026-05-27,0.0,May-2026
TATA LOADER-OD02AY-0516,2026-05-27,0.0,May-2026
TOTAL ISSUE,2026-05-27,3506.0,May-2026
VICHELE NO.,2026-05-27,0.0,May-2026
VOLVO-300(5),2026-05-27,0.0,May-2026
VOLVO-300-7,2026-05-27,200.0,May-2026
VOLVO-380,2026-05-27,0.0,May-2026
VOLVO-480,2026-05-27,0.0,May-2026
VOLVO-480 (N),2026-05-27,0.0,May-2026
WATER PUMP,2026-05-27,5.0,May-2026
BD 85 DOZER,2026-05-28,300.0,May-2026
CRUSHER ( CONE ),2026-05-28,0.0,May-2026
CRUSHER ( JAW ),2026-05-28,0.0,May-2026
CRUSHER DG,2026-05-28,0.0,May-2026
CRUSHER(FEEDER),2026-05-28,0.0,May-2026
CRUSHER(NEW) HORRIZON,2026-05-28,0.0,May-2026
DOZZER D65E,2026-05-28,0.0,May-2026
DRILL-ELGI-650,2026-05-28,0.0,May-2026
GRADER OD09P-1732,2026-05-28,0.0,May-2026
HITACHI-120,2026-05-28,0.0,May-2026
HITACHI-350,2026-05-28,200.0,May-2026
JCB-8262 LOADER,2026-05-28,122.0,May-2026
JH01 T-8721 CHATU BABU,2026-05-28,0.0,May-2026
JH06G-4703,2026-05-28,0.0,May-2026
JH06G-5437,2026-05-28,0.0,May-2026
JH06G-5696,2026-05-28,100.0,May-2026
JH06H-3742,2026-05-28,100.0,May-2026
JH06H-5348,2026-05-28,80.0,May-2026
JH06H-6198 D.TANKER,2026-05-28,0.0,May-2026
JH06H-7764,2026-05-28,50.0,May-2026
JH06H-9654,2026-05-28,80.0,May-2026
JH06P-6214 SCORPIO,2026-05-28,0.0,May-2026
JH06T-7706,2026-05-28,80.0,May-2026
JRD-450+650-1,2026-05-28,0.0,May-2026
JRD-600+CD-360,2026-05-28,262.0,May-2026
KAMASTU-210,2026-05-28,200.0,May-2026
KOBELCO-380 DMCS,2026-05-28,250.0,May-2026
KOMASTU-200,2026-05-28,0.0,May-2026
KOMASTU-350 DMC,2026-05-28,200.0,May-2026
L-6268 SDLG,2026-05-28,0.0,May-2026
LIGHT DG NEW,2026-05-28,0.0,May-2026
LOKO CONE,2026-05-28,0.0,May-2026
LOKO TRACK JAW,2026-05-28,0.0,May-2026
OD07AR-4113 DMC,2026-05-28,50.0,May-2026
OD09A-5105,2026-05-28,80.0,May-2026
OD09A-5106,2026-05-28,0.0,May-2026
OD09A-5666,2026-05-28,0.0,May-2026
OD09A-6059,2026-05-28,50.0,May-2026
OD09AE-5513 DMC,2026-05-28,68.0,May-2026
OD09C-1371,2026-05-28,0.0,May-2026
OD09C-1962,2026-05-28,100.0,May-2026
OD09C-1964,2026-05-28,0.0,May-2026
OD09C-4824,2026-05-28,10.0,May-2026
OD09C-4879,2026-05-28,0.0,May-2026
OD09C-5609 JCB,2026-05-28,0.0,May-2026
OD09C-8163,2026-05-28,100.0,May-2026
OD09C-8164,2026-05-28,50.0,May-2026
OD09C1965,2026-05-28,0.0,May-2026
OD09C4623,2026-05-28,0.0,May-2026
OD09C4624,2026-05-28,50.0,May-2026
OD09C4625,2026-05-28,50.0,May-2026
OD09C4823,2026-05-28,50.0,May-2026
OD09C5137,2026-05-28,0.0,May-2026
OD09G-6065 CAMPER,2026-05-28,0.0,May-2026
OD09K-2512 W.TANKER,2026-05-28,81.0,May-2026
OD09K-7213 BSM BUS,2026-05-28,0.0,May-2026
OD09P-2986 (CAMPAR),2026-05-28,0.0,May-2026
OD09P-6973 W.TANKER,2026-05-28,0.0,May-2026
OD09V-5619 TATA YODHA,2026-05-28,0.0,May-2026
OD09Z-0461 OFFICE,2026-05-28,0.0,May-2026
OD09Z-1202,2026-05-28,0.0,May-2026
OD09Z-1273,2026-05-28,0.0,May-2026
OD09Z-1274,2026-05-28,0.0,May-2026
OD09Z-5613 DMC,2026-05-28,0.0,May-2026
OD09Z-5713 DMC,2026-05-28,50.0,May-2026
OD09Z-5813 DMC,2026-05-28,82.0,May-2026
OD09Z-5913 DMC,2026-05-28,50.0,May-2026
ODO9C5136,2026-05-28,50.0,May-2026
OMC DG (NIGHT USE),2026-05-28,0.0,May-2026
POWER SCREEN RHS,2026-05-28,100.0,May-2026
TATA LOADER-OD02AY-0516,2026-05-28,314.0,May-2026
TOTAL ISSUE,2026-05-28,3814.0,May-2026
VICHELE NO.,2026-05-28,0.0,May-2026
VOLVO-300(5),2026-05-28,0.0,May-2026
VOLVO-300-7,2026-05-28,200.0,May-2026
VOLVO-380,2026-05-28,0.0,May-2026
VOLVO-480,2026-05-28,0.0,May-2026
VOLVO-480 (N),2026-05-28,150.0,May-2026
WATER PUMP,2026-05-28,5.0,May-2026
BD 85 DOZER,2026-05-29,250.0,May-2026
CRUSHER ( CONE ),2026-05-29,0.0,May-2026
CRUSHER ( JAW ),2026-05-29,0.0,May-2026
CRUSHER DG,2026-05-29,0.0,May-2026
CRUSHER(FEEDER),2026-05-29,0.0,May-2026
CRUSHER(NEW) HORRIZON,2026-05-29,0.0,May-2026
DOZZER D65E,2026-05-29,100.0,May-2026
DRILL-ELGI-650,2026-05-29,0.0,May-2026
GRADER OD09P-1732,2026-05-29,0.0,May-2026
HITACHI-120,2026-05-29,100.0,May-2026
HITACHI-350,2026-05-29,200.0,May-2026
JCB-8262 LOADER,2026-05-29,165.0,May-2026
JH01 T-8721 CHATU BABU,2026-05-29,0.0,May-2026
JH06G-4703,2026-05-29,100.0,May-2026
JH06G-5437,2026-05-29,0.0,May-2026
JH06G-5696,2026-05-29,80.0,May-2026
JH06H-3742,2026-05-29,50.0,May-2026
JH06H-5348,2026-05-29,100.0,May-2026
JH06H-6198 D.TANKER,2026-05-29,55.0,May-2026
JH06H-7764,2026-05-29,50.0,May-2026
JH06H-9654,2026-05-29,50.0,May-2026
JH06P-6214 SCORPIO,2026-05-29,30.0,May-2026
JH06T-7706,2026-05-29,0.0,May-2026
JRD-450+650-1,2026-05-29,200.0,May-2026
JRD-600+CD-360,2026-05-29,250.0,May-2026
KAMASTU-210,2026-05-29,250.0,May-2026
KOBELCO-380 DMCS,2026-05-29,300.0,May-2026
KOMASTU-200,2026-05-29,150.0,May-2026
KOMASTU-350 DMC,2026-05-29,100.0,May-2026
L-6268 SDLG,2026-05-29,0.0,May-2026
LIGHT DG NEW,2026-05-29,0.0,May-2026
LOKO CONE,2026-05-29,0.0,May-2026
LOKO TRACK JAW,2026-05-29,0.0,May-2026
OD07AR-4113 DMC,2026-05-29,50.0,May-2026
OD09A-5105,2026-05-29,100.0,May-2026
OD09A-5106,2026-05-29,0.0,May-2026
OD09A-5666,2026-05-29,0.0,May-2026
OD09A-6059,2026-05-29,0.0,May-2026
OD09AE-5513 DMC,2026-05-29,0.0,May-2026
OD09C-1371,2026-05-29,0.0,May-2026
OD09C-1962,2026-05-29,50.0,May-2026
OD09C-1964,2026-05-29,0.0,May-2026
OD09C-4824,2026-05-29,0.0,May-2026
OD09C-4879,2026-05-29,0.0,May-2026
OD09C-5609 JCB,2026-05-29,0.0,May-2026
OD09C-8163,2026-05-29,80.0,May-2026
OD09C-8164,2026-05-29,80.0,May-2026
OD09C1965,2026-05-29,0.0,May-2026
OD09C4623,2026-05-29,0.0,May-2026
OD09C4624,2026-05-29,50.0,May-2026
OD09C4625,2026-05-29,0.0,May-2026
OD09C4823,2026-05-29,50.0,May-2026
OD09C5137,2026-05-29,0.0,May-2026
OD09G-6065 CAMPER,2026-05-29,0.0,May-2026
OD09K-2512 W.TANKER,2026-05-29,0.0,May-2026
OD09K-7213 BSM BUS,2026-05-29,50.0,May-2026
OD09P-2986 (CAMPAR),2026-05-29,0.0,May-2026
OD09P-6973 W.TANKER,2026-05-29,0.0,May-2026
OD09V-5619 TATA YODHA,2026-05-29,30.0,May-2026
OD09Z-0461 OFFICE,2026-05-29,0.0,May-2026
OD09Z-1202,2026-05-29,100.0,May-2026
OD09Z-1273,2026-05-29,0.0,May-2026
OD09Z-1274,2026-05-29,0.0,May-2026
OD09Z-5613 DMC,2026-05-29,0.0,May-2026
OD09Z-5713 DMC,2026-05-29,0.0,May-2026
OD09Z-5813 DMC,2026-05-29,0.0,May-2026
OD09Z-5913 DMC,2026-05-29,50.0,May-2026
ODO9C5136,2026-05-29,50.0,May-2026
OMC DG (NIGHT USE),2026-05-29,0.0,May-2026
POWER SCREEN RHS,2026-05-29,0.0,May-2026
TATA LOADER-OD02AY-0516,2026-05-29,200.0,May-2026
TOTAL ISSUE,2026-05-29,4000.0,May-2026
VICHELE NO.,2026-05-29,0.0,May-2026
VOLVO-300(5),2026-05-29,0.0,May-2026
VOLVO-300-7,2026-05-29,0.0,May-2026
VOLVO-380,2026-05-29,250.0,May-2026
VOLVO-480,2026-05-29,0.0,May-2026
VOLVO-480 (N),2026-05-29,150.0,May-2026
WATER PUMP,2026-05-29,0.0,May-2026
BD 85 DOZER,2026-05-30,250.0,May-2026
CRUSHER ( CONE ),2026-05-30,0.0,May-2026
CRUSHER ( JAW ),2026-05-30,0.0,May-2026
CRUSHER DG,2026-05-30,200.0,May-2026
CRUSHER(FEEDER),2026-05-30,0.0,May-2026
CRUSHER(NEW) HORRIZON,2026-05-30,0.0,May-2026
DOZZER D65E,2026-05-30,100.0,May-2026
DRILL-ELGI-650,2026-05-30,0.0,May-2026
GRADER OD09P-1732,2026-05-30,0.0,May-2026
HITACHI-120,2026-05-30,100.0,May-2026
HITACHI-350,2026-05-30,200.0,May-2026
JCB-8262 LOADER,2026-05-30,147.0,May-2026
JH01 T-8721 CHATU BABU,2026-05-30,0.0,May-2026
JH06G-4703,2026-05-30,100.0,May-2026
JH06G-5437,2026-05-30,0.0,May-2026
JH06G-5696,2026-05-30,80.0,May-2026
JH06H-3742,2026-05-30,0.0,May-2026
JH06H-5348,2026-05-30,80.0,May-2026
JH06H-6198 D.TANKER,2026-05-30,0.0,May-2026
JH06H-7764,2026-05-30,0.0,May-2026
JH06H-9654,2026-05-30,80.0,May-2026
JH06P-6214 SCORPIO,2026-05-30,0.0,May-2026
JH06T-7706,2026-05-30,0.0,May-2026
JRD-450+650-1,2026-05-30,100.0,May-2026
JRD-600+CD-360,2026-05-30,200.0,May-2026
KAMASTU-210,2026-05-30,170.0,May-2026
KOBELCO-380 DMCS,2026-05-30,150.0,May-2026
KOMASTU-200,2026-05-30,0.0,May-2026
KOMASTU-350 DMC,2026-05-30,100.0,May-2026
L-6268 SDLG,2026-05-30,0.0,May-2026
LIGHT DG NEW,2026-05-30,0.0,May-2026
LOKO CONE,2026-05-30,0.0,May-2026
LOKO TRACK JAW,2026-05-30,0.0,May-2026
OD07AR-4113 DMC,2026-05-30,0.0,May-2026
OD09A-5105,2026-05-30,80.0,May-2026
OD09A-5106,2026-05-30,0.0,May-2026
OD09A-5666,2026-05-30,0.0,May-2026
OD09A-6059,2026-05-30,0.0,May-2026
OD09AE-5513 DMC,2026-05-30,0.0,May-2026
OD09C-1371,2026-05-30,0.0,May-2026
OD09C-1962,2026-05-30,0.0,May-2026
OD09C-1964,2026-05-30,100.0,May-2026
OD09C-4824,2026-05-30,100.0,May-2026
OD09C-4879,2026-05-30,150.0,May-2026
OD09C-5609 JCB,2026-05-30,0.0,May-2026
OD09C-8163,2026-05-30,100.0,May-2026
OD09C-8164,2026-05-30,50.0,May-2026
OD09C1965,2026-05-30,0.0,May-2026
OD09C4623,2026-05-30,0.0,May-2026
OD09C4624,2026-05-30,0.0,May-2026
OD09C4625,2026-05-30,0.0,May-2026
OD09C4823,2026-05-30,50.0,May-2026
OD09C5137,2026-05-30,0.0,May-2026
OD09G-6065 CAMPER,2026-05-30,30.0,May-2026
OD09K-2512 W.TANKER,2026-05-30,0.0,May-2026
OD09K-7213 BSM BUS,2026-05-30,0.0,May-2026
OD09P-2986 (CAMPAR),2026-05-30,0.0,May-2026
OD09P-6973 W.TANKER,2026-05-30,100.0,May-2026
OD09V-5619 TATA YODHA,2026-05-30,0.0,May-2026
OD09Z-0461 OFFICE,2026-05-30,0.0,May-2026
OD09Z-1202,2026-05-30,100.0,May-2026
OD09Z-1273,2026-05-30,0.0,May-2026
OD09Z-1274,2026-05-30,0.0,May-2026
OD09Z-5613 DMC,2026-05-30,0.0,May-2026
OD09Z-5713 DMC,2026-05-30,50.0,May-2026
OD09Z-5813 DMC,2026-05-30,0.0,May-2026
OD09Z-5913 DMC,2026-05-30,0.0,May-2026
ODO9C5136,2026-05-30,50.0,May-2026
OMC DG (NIGHT USE),2026-05-30,0.0,May-2026
POWER SCREEN RHS,2026-05-30,100.0,May-2026
TATA LOADER-OD02AY-0516,2026-05-30,150.0,May-2026
TOTAL ISSUE,2026-05-30,3847.0,May-2026
VICHELE NO.,2026-05-30,0.0,May-2026
VOLVO-300(5),2026-05-30,0.0,May-2026
VOLVO-300-7,2026-05-30,200.0,May-2026
VOLVO-380,2026-05-30,200.0,May-2026
VOLVO-480,2026-05-30,0.0,May-2026
VOLVO-480 (N),2026-05-30,0.0,May-2026
WATER PUMP,2026-05-30,0.0,May-2026
BD 85 DOZER,2026-05-31,0.0,May-2026
CRUSHER ( CONE ),2026-05-31,0.0,May-2026
CRUSHER ( JAW ),2026-05-31,0.0,May-2026
CRUSHER DG,2026-05-31,0.0,May-2026
CRUSHER(FEEDER),2026-05-31,0.0,May-2026
CRUSHER(NEW) HORRIZON,2026-05-31,0.0,May-2026
DOZZER D65E,2026-05-31,0.0,May-2026
DRILL-ELGI-650,2026-05-31,0.0,May-2026
GRADER OD09P-1732,2026-05-31,0.0,May-2026
HITACHI-120,2026-05-31,0.0,May-2026
HITACHI-350,2026-05-31,0.0,May-2026
JCB-8262 LOADER,2026-05-31,0.0,May-2026
JH01 T-8721 CHATU BABU,2026-05-31,0.0,May-2026
JH06G-4703,2026-05-31,0.0,May-2026
JH06G-5437,2026-05-31,0.0,May-2026
JH06G-5696,2026-05-31,0.0,May-2026
JH06H-3742,2026-05-31,0.0,May-2026
JH06H-5348,2026-05-31,0.0,May-2026
JH06H-6198 D.TANKER,2026-05-31,0.0,May-2026
JH06H-7764,2026-05-31,0.0,May-2026
JH06H-9654,2026-05-31,0.0,May-2026
JH06P-6214 SCORPIO,2026-05-31,0.0,May-2026
JH06T-7706,2026-05-31,0.0,May-2026
JRD-450+650-1,2026-05-31,0.0,May-2026
JRD-600+CD-360,2026-05-31,0.0,May-2026
KAMASTU-210,2026-05-31,0.0,May-2026
KOBELCO-380 DMCS,2026-05-31,0.0,May-2026
KOMASTU-200,2026-05-31,0.0,May-2026
KOMASTU-350 DMC,2026-05-31,0.0,May-2026
L-6268 SDLG,2026-05-31,0.0,May-2026
LIGHT DG NEW,2026-05-31,0.0,May-2026
LOKO CONE,2026-05-31,0.0,May-2026
LOKO TRACK JAW,2026-05-31,0.0,May-2026
OD07AR-4113 DMC,2026-05-31,0.0,May-2026
OD09A-5105,2026-05-31,0.0,May-2026
OD09A-5106,2026-05-31,0.0,May-2026
OD09A-5666,2026-05-31,0.0,May-2026
OD09A-6059,2026-05-31,0.0,May-2026
OD09AE-5513 DMC,2026-05-31,0.0,May-2026
OD09C-1371,2026-05-31,0.0,May-2026
OD09C-1962,2026-05-31,0.0,May-2026
OD09C-1964,2026-05-31,0.0,May-2026
OD09C-4824,2026-05-31,0.0,May-2026
OD09C-4879,2026-05-31,0.0,May-2026
OD09C-5609 JCB,2026-05-31,0.0,May-2026
OD09C-8163,2026-05-31,0.0,May-2026
OD09C-8164,2026-05-31,0.0,May-2026
OD09C1965,2026-05-31,0.0,May-2026
OD09C4623,2026-05-31,0.0,May-2026
OD09C4624,2026-05-31,0.0,May-2026
OD09C4625,2026-05-31,0.0,May-2026
OD09C4823,2026-05-31,0.0,May-2026
OD09C5137,2026-05-31,0.0,May-2026
OD09G-6065 CAMPER,2026-05-31,0.0,May-2026
OD09K-2512 W.TANKER,2026-05-31,0.0,May-2026
OD09K-7213 BSM BUS,2026-05-31,0.0,May-2026
OD09P-2986 (CAMPAR),2026-05-31,0.0,May-2026
OD09P-6973 W.TANKER,2026-05-31,0.0,May-2026
OD09V-5619 TATA YODHA,2026-05-31,0.0,May-2026
OD09Z-0461 OFFICE,2026-05-31,0.0,May-2026
OD09Z-1202,2026-05-31,0.0,May-2026
OD09Z-1273,2026-05-31,0.0,May-2026
OD09Z-1274,2026-05-31,0.0,May-2026
OD09Z-5613 DMC,2026-05-31,0.0,May-2026
OD09Z-5713 DMC,2026-05-31,0.0,May-2026
OD09Z-5813 DMC,2026-05-31,0.0,May-2026
OD09Z-5913 DMC,2026-05-31,0.0,May-2026
ODO9C5136,2026-05-31,0.0,May-2026
OMC DG (NIGHT USE),2026-05-31,0.0,May-2026
POWER SCREEN RHS,2026-05-31,0.0,May-2026
TATA LOADER-OD02AY-0516,2026-05-31,0.0,May-2026
TOTAL ISSUE,2026-05-31,0.0,May-2026
VICHELE NO.,2026-05-31,0.0,May-2026
VOLVO-300(5),2026-05-31,0.0,May-2026
VOLVO-300-7,2026-05-31,0.0,May-2026
VOLVO-380,2026-05-31,0.0,May-2026
VOLVO-480,2026-05-31,0.0,May-2026
VOLVO-480 (N),2026-05-31,0.0,May-2026
WATER PUMP,2026-05-31,0.0,May-2026
BD 85 DOZER,2026-06-01,0.0,June-2026
CRUSHER ( CONE ),2026-06-01,0.0,June-2026
CRUSHER ( JAW ),2026-06-01,0.0,June-2026
CRUSHER DG,2026-06-01,0.0,June-2026
CRUSHER(FEEDER),2026-06-01,0.0,June-2026
CRUSHER(NEW) HORRIZON,2026-06-01,0.0,June-2026
DOZZER D65E,2026-06-01,0.0,June-2026
DRILL-ELGI-650,2026-06-01,0.0,June-2026
GRADER OD09P-1732,2026-06-01,0.0,June-2026
HITACHI-120,2026-06-01,0.0,June-2026
HITACHI-350,2026-06-01,0.0,June-2026
JCB-8262 LOADER,2026-06-01,0.0,June-2026
JH01 T-8721 CHATU BABU,2026-06-01,0.0,June-2026
JH06G-4703,2026-06-01,0.0,June-2026
JH06G-5437,2026-06-01,0.0,June-2026
JH06G-5696,2026-06-01,0.0,June-2026
JH06H-3742,2026-06-01,0.0,June-2026
JH06H-5348,2026-06-01,0.0,June-2026
JH06H-6198 D.TANKER,2026-06-01,0.0,June-2026
JH06H-7764,2026-06-01,0.0,June-2026
JH06H-9654,2026-06-01,0.0,June-2026
JH06P-6214 SCORPIO,2026-06-01,0.0,June-2026
JH06T-7706,2026-06-01,0.0,June-2026
JRD-450+650-1,2026-06-01,0.0,June-2026
JRD-600+CD-360,2026-06-01,0.0,June-2026
KA01AN9755(NEW EICHER-DEMO),2026-06-01,0.0,June-2026
KAMASTU-210,2026-06-01,0.0,June-2026
KOBELCO-380 DMCS,2026-06-01,0.0,June-2026
KOMASTU-200,2026-06-01,0.0,June-2026
KOMASTU-210(N)_10.06.26,2026-06-01,0.0,June-2026
KOMASTU-350 DMC,2026-06-01,0.0,June-2026
L-6268 SDLG,2026-06-01,0.0,June-2026
LIGHT DG NEW(HORRIZON)_1,2026-06-01,0.0,June-2026
LIGHT DG NEW(HORRIZON)_2,2026-06-01,0.0,June-2026
LIGHT DG NEW(HORRIZON)_4,2026-06-01,0.0,June-2026
LOKO CONE,2026-06-01,0.0,June-2026
LOKO TRACK JAW,2026-06-01,0.0,June-2026
OD07AR-4113 DMC,2026-06-01,0.0,June-2026
OD09A-5105,2026-06-01,0.0,June-2026
OD09A-5106,2026-06-01,0.0,June-2026
OD09A-5666,2026-06-01,0.0,June-2026
OD09A-6059,2026-06-01,0.0,June-2026
OD09AE-5513 DMC,2026-06-01,0.0,June-2026
OD09C-1371,2026-06-01,0.0,June-2026
OD09C-1962,2026-06-01,0.0,June-2026
OD09C-1964,2026-06-01,0.0,June-2026
OD09C-4824,2026-06-01,0.0,June-2026
OD09C-4879,2026-06-01,0.0,June-2026
OD09C-5609 JCB,2026-06-01,0.0,June-2026
OD09C-8163,2026-06-01,0.0,June-2026
OD09C-8164,2026-06-01,0.0,June-2026
OD09C1965,2026-06-01,0.0,June-2026
OD09C4623,2026-06-01,0.0,June-2026
OD09C4624,2026-06-01,0.0,June-2026
OD09C4625,2026-06-01,0.0,June-2026
OD09C4823,2026-06-01,0.0,June-2026
OD09C5137,2026-06-01,0.0,June-2026
OD09G-6065 CAMPER,2026-06-01,0.0,June-2026
OD09K-2512 W.TANKER,2026-06-01,0.0,June-2026
OD09K-7213 BSM BUS,2026-06-01,0.0,June-2026
OD09P-2986 (CAMPAR),2026-06-01,0.0,June-2026
OD09P-6973 W.TANKER,2026-06-01,0.0,June-2026
OD09V-5619 TATA YODHA,2026-06-01,0.0,June-2026
OD09V-6296 SDLG-27.06.26,2026-06-01,0.0,June-2026
OD09Z-1202,2026-06-01,0.0,June-2026
OD09Z-1273,2026-06-01,0.0,June-2026
OD09Z-1274,2026-06-01,0.0,June-2026
OD09Z-5613 DMC,2026-06-01,0.0,June-2026
OD09Z-5713 DMC,2026-06-01,0.0,June-2026
OD09Z-5813 DMC,2026-06-01,0.0,June-2026
OD09Z-5913 DMC,2026-06-01,0.0,June-2026
ODO9C5136,2026-06-01,0.0,June-2026
POWER SCREEN RHS,2026-06-01,0.0,June-2026
TATA LOADER-OD02AY-0516,2026-06-01,0.0,June-2026
TOTAL ISSUE,2026-06-01,0.0,June-2026
VICHELE NO.,2026-06-01,0.0,June-2026
VOLVO-300(5),2026-06-01,0.0,June-2026
VOLVO-300-7,2026-06-01,0.0,June-2026
VOLVO-480,2026-06-01,0.0,June-2026
VOLVO-480 (N),2026-06-01,0.0,June-2026
WATER PUMP,2026-06-01,0.0,June-2026
BD 85 DOZER,2026-06-02,0.0,June-2026
CRUSHER ( CONE ),2026-06-02,0.0,June-2026
CRUSHER ( JAW ),2026-06-02,0.0,June-2026
CRUSHER DG,2026-06-02,0.0,June-2026
CRUSHER(FEEDER),2026-06-02,0.0,June-2026
CRUSHER(NEW) HORRIZON,2026-06-02,0.0,June-2026
DOZZER D65E,2026-06-02,0.0,June-2026
DRILL-ELGI-650,2026-06-02,0.0,June-2026
GRADER OD09P-1732,2026-06-02,0.0,June-2026
HITACHI-120,2026-06-02,0.0,June-2026
HITACHI-350,2026-06-02,0.0,June-2026
JCB-8262 LOADER,2026-06-02,160.0,June-2026
JH01 T-8721 CHATU BABU,2026-06-02,0.0,June-2026
JH06G-4703,2026-06-02,0.0,June-2026
JH06G-5437,2026-06-02,0.0,June-2026
JH06G-5696,2026-06-02,0.0,June-2026
JH06H-3742,2026-06-02,50.0,June-2026
JH06H-5348,2026-06-02,0.0,June-2026
JH06H-6198 D.TANKER,2026-06-02,0.0,June-2026
JH06H-7764,2026-06-02,0.0,June-2026
JH06H-9654,2026-06-02,50.0,June-2026
JH06P-6214 SCORPIO,2026-06-02,0.0,June-2026
JH06T-7706,2026-06-02,0.0,June-2026
JRD-450+650-1,2026-06-02,0.0,June-2026
JRD-600+CD-360,2026-06-02,150.0,June-2026
KA01AN9755(NEW EICHER-DEMO),2026-06-02,0.0,June-2026
KAMASTU-210,2026-06-02,125.0,June-2026
KOBELCO-380 DMCS,2026-06-02,0.0,June-2026
KOMASTU-200,2026-06-02,0.0,June-2026
KOMASTU-210(N)_10.06.26,2026-06-02,0.0,June-2026
KOMASTU-350 DMC,2026-06-02,0.0,June-2026
L-6268 SDLG,2026-06-02,0.0,June-2026
LIGHT DG NEW(HORRIZON)_1,2026-06-02,0.0,June-2026
LIGHT DG NEW(HORRIZON)_2,2026-06-02,0.0,June-2026
LIGHT DG NEW(HORRIZON)_4,2026-06-02,0.0,June-2026
LOKO CONE,2026-06-02,0.0,June-2026
LOKO TRACK JAW,2026-06-02,0.0,June-2026
OD07AR-4113 DMC,2026-06-02,0.0,June-2026
OD09A-5105,2026-06-02,0.0,June-2026
OD09A-5106,2026-06-02,0.0,June-2026
OD09A-5666,2026-06-02,0.0,June-2026
OD09A-6059,2026-06-02,100.0,June-2026
OD09AE-5513 DMC,2026-06-02,0.0,June-2026
OD09C-1371,2026-06-02,0.0,June-2026
OD09C-1962,2026-06-02,0.0,June-2026
OD09C-1964,2026-06-02,0.0,June-2026
OD09C-4824,2026-06-02,0.0,June-2026
OD09C-4879,2026-06-02,0.0,June-2026
OD09C-5609 JCB,2026-06-02,134.0,June-2026
OD09C-8163,2026-06-02,50.0,June-2026
OD09C-8164,2026-06-02,55.0,June-2026
OD09C1965,2026-06-02,0.0,June-2026
OD09C4623,2026-06-02,0.0,June-2026
OD09C4624,2026-06-02,0.0,June-2026
OD09C4625,2026-06-02,0.0,June-2026
OD09C4823,2026-06-02,0.0,June-2026
OD09C5137,2026-06-02,0.0,June-2026
OD09G-6065 CAMPER,2026-06-02,0.0,June-2026
OD09K-2512 W.TANKER,2026-06-02,0.0,June-2026
OD09K-7213 BSM BUS,2026-06-02,0.0,June-2026
OD09P-2986 (CAMPAR),2026-06-02,37.0,June-2026
OD09P-6973 W.TANKER,2026-06-02,0.0,June-2026
OD09V-5619 TATA YODHA,2026-06-02,100.0,June-2026
OD09V-6296 SDLG-27.06.26,2026-06-02,300.0,June-2026
OD09Z-1202,2026-06-02,0.0,June-2026
OD09Z-1273,2026-06-02,50.0,June-2026
OD09Z-1274,2026-06-02,0.0,June-2026
OD09Z-5613 DMC,2026-06-02,0.0,June-2026
OD09Z-5713 DMC,2026-06-02,0.0,June-2026
OD09Z-5813 DMC,2026-06-02,0.0,June-2026
OD09Z-5913 DMC,2026-06-02,0.0,June-2026
ODO9C5136,2026-06-02,0.0,June-2026
POWER SCREEN RHS,2026-06-02,0.0,June-2026
TATA LOADER-OD02AY-0516,2026-06-02,0.0,June-2026
TOTAL ISSUE,2026-06-02,1516.0,June-2026
VICHELE NO.,2026-06-02,0.0,June-2026
VOLVO-300(5),2026-06-02,0.0,June-2026
VOLVO-300-7,2026-06-02,0.0,June-2026
VOLVO-480,2026-06-02,0.0,June-2026
VOLVO-480 (N),2026-06-02,150.0,June-2026
WATER PUMP,2026-06-02,5.0,June-2026
BD 85 DOZER,2026-06-03,0.0,June-2026
CRUSHER ( CONE ),2026-06-03,0.0,June-2026
CRUSHER ( JAW ),2026-06-03,0.0,June-2026
CRUSHER DG,2026-06-03,0.0,June-2026
CRUSHER(FEEDER),2026-06-03,0.0,June-2026
CRUSHER(NEW) HORRIZON,2026-06-03,0.0,June-2026
DOZZER D65E,2026-06-03,0.0,June-2026
DRILL-ELGI-650,2026-06-03,0.0,June-2026
GRADER OD09P-1732,2026-06-03,0.0,June-2026
HITACHI-120,2026-06-03,0.0,June-2026
HITACHI-350,2026-06-03,0.0,June-2026
JCB-8262 LOADER,2026-06-03,0.0,June-2026
JH01 T-8721 CHATU BABU,2026-06-03,0.0,June-2026
JH06G-4703,2026-06-03,80.0,June-2026
JH06G-5437,2026-06-03,100.0,June-2026
JH06G-5696,2026-06-03,0.0,June-2026
JH06H-3742,2026-06-03,80.0,June-2026
JH06H-5348,2026-06-03,0.0,June-2026
JH06H-6198 D.TANKER,2026-06-03,0.0,June-2026
JH06H-7764,2026-06-03,0.0,June-2026
JH06H-9654,2026-06-03,60.0,June-2026
JH06P-6214 SCORPIO,2026-06-03,0.0,June-2026
JH06T-7706,2026-06-03,0.0,June-2026
JRD-450+650-1,2026-06-03,0.0,June-2026
JRD-600+CD-360,2026-06-03,0.0,June-2026
KA01AN9755(NEW EICHER-DEMO),2026-06-03,0.0,June-2026
KAMASTU-210,2026-06-03,128.0,June-2026
KOBELCO-380 DMCS,2026-06-03,0.0,June-2026
KOMASTU-200,2026-06-03,0.0,June-2026
KOMASTU-210(N)_10.06.26,2026-06-03,0.0,June-2026
KOMASTU-350 DMC,2026-06-03,0.0,June-2026
L-6268 SDLG,2026-06-03,0.0,June-2026
LIGHT DG NEW(HORRIZON)_1,2026-06-03,0.0,June-2026
LIGHT DG NEW(HORRIZON)_2,2026-06-03,0.0,June-2026
LIGHT DG NEW(HORRIZON)_4,2026-06-03,0.0,June-2026
LOKO CONE,2026-06-03,0.0,June-2026
LOKO TRACK JAW,2026-06-03,0.0,June-2026
OD07AR-4113 DMC,2026-06-03,0.0,June-2026
OD09A-5105,2026-06-03,0.0,June-2026
OD09A-5106,2026-06-03,0.0,June-2026
OD09A-5666,2026-06-03,0.0,June-2026
OD09A-6059,2026-06-03,0.0,June-2026
OD09AE-5513 DMC,2026-06-03,0.0,June-2026
OD09C-1371,2026-06-03,0.0,June-2026
OD09C-1962,2026-06-03,0.0,June-2026
OD09C-1964,2026-06-03,0.0,June-2026
OD09C-4824,2026-06-03,0.0,June-2026
OD09C-4879,2026-06-03,60.0,June-2026
OD09C-5609 JCB,2026-06-03,101.0,June-2026
OD09C-8163,2026-06-03,60.0,June-2026
OD09C-8164,2026-06-03,50.0,June-2026
OD09C1965,2026-06-03,0.0,June-2026
OD09C4623,2026-06-03,0.0,June-2026
OD09C4624,2026-06-03,0.0,June-2026
OD09C4625,2026-06-03,0.0,June-2026
OD09C4823,2026-06-03,0.0,June-2026
OD09C5137,2026-06-03,0.0,June-2026
OD09G-6065 CAMPER,2026-06-03,0.0,June-2026
OD09K-2512 W.TANKER,2026-06-03,0.0,June-2026
OD09K-7213 BSM BUS,2026-06-03,0.0,June-2026
OD09P-2986 (CAMPAR),2026-06-03,0.0,June-2026
OD09P-6973 W.TANKER,2026-06-03,0.0,June-2026
OD09V-5619 TATA YODHA,2026-06-03,0.0,June-2026
OD09V-6296 SDLG-27.06.26,2026-06-03,250.0,June-2026
OD09Z-1202,2026-06-03,0.0,June-2026
OD09Z-1273,2026-06-03,0.0,June-2026
OD09Z-1274,2026-06-03,0.0,June-2026
OD09Z-5613 DMC,2026-06-03,0.0,June-2026
OD09Z-5713 DMC,2026-06-03,0.0,June-2026
OD09Z-5813 DMC,2026-06-03,0.0,June-2026
OD09Z-5913 DMC,2026-06-03,0.0,June-2026
ODO9C5136,2026-06-03,0.0,June-2026
POWER SCREEN RHS,2026-06-03,0.0,June-2026
TATA LOADER-OD02AY-0516,2026-06-03,0.0,June-2026
TOTAL ISSUE,2026-06-03,1169.0,June-2026
VICHELE NO.,2026-06-03,0.0,June-2026
VOLVO-300(5),2026-06-03,0.0,June-2026
VOLVO-300-7,2026-06-03,0.0,June-2026
VOLVO-480,2026-06-03,0.0,June-2026
VOLVO-480 (N),2026-06-03,200.0,June-2026
WATER PUMP,2026-06-03,0.0,June-2026
BD 85 DOZER,2026-06-04,0.0,June-2026
CRUSHER ( CONE ),2026-06-04,0.0,June-2026
CRUSHER ( JAW ),2026-06-04,0.0,June-2026
CRUSHER DG,2026-06-04,0.0,June-2026
CRUSHER(FEEDER),2026-06-04,0.0,June-2026
CRUSHER(NEW) HORRIZON,2026-06-04,0.0,June-2026
DOZZER D65E,2026-06-04,0.0,June-2026
DRILL-ELGI-650,2026-06-04,0.0,June-2026
GRADER OD09P-1732,2026-06-04,0.0,June-2026
HITACHI-120,2026-06-04,0.0,June-2026
HITACHI-350,2026-06-04,0.0,June-2026
JCB-8262 LOADER,2026-06-04,0.0,June-2026
JH01 T-8721 CHATU BABU,2026-06-04,0.0,June-2026
JH06G-4703,2026-06-04,0.0,June-2026
JH06G-5437,2026-06-04,0.0,June-2026
JH06G-5696,2026-06-04,0.0,June-2026
JH06H-3742,2026-06-04,0.0,June-2026
JH06H-5348,2026-06-04,0.0,June-2026
JH06H-6198 D.TANKER,2026-06-04,0.0,June-2026
JH06H-7764,2026-06-04,0.0,June-2026
JH06H-9654,2026-06-04,0.0,June-2026
JH06P-6214 SCORPIO,2026-06-04,0.0,June-2026
JH06T-7706,2026-06-04,0.0,June-2026
JRD-450+650-1,2026-06-04,0.0,June-2026
JRD-600+CD-360,2026-06-04,0.0,June-2026
KA01AN9755(NEW EICHER-DEMO),2026-06-04,0.0,June-2026
KAMASTU-210,2026-06-04,0.0,June-2026
KOBELCO-380 DMCS,2026-06-04,0.0,June-2026
KOMASTU-200,2026-06-04,0.0,June-2026
KOMASTU-210(N)_10.06.26,2026-06-04,0.0,June-2026
KOMASTU-350 DMC,2026-06-04,0.0,June-2026
L-6268 SDLG,2026-06-04,0.0,June-2026
LIGHT DG NEW(HORRIZON)_1,2026-06-04,0.0,June-2026
LIGHT DG NEW(HORRIZON)_2,2026-06-04,0.0,June-2026
LIGHT DG NEW(HORRIZON)_4,2026-06-04,0.0,June-2026
LOKO CONE,2026-06-04,0.0,June-2026
LOKO TRACK JAW,2026-06-04,0.0,June-2026
OD07AR-4113 DMC,2026-06-04,0.0,June-2026
OD09A-5105,2026-06-04,0.0,June-2026
OD09A-5106,2026-06-04,0.0,June-2026
OD09A-5666,2026-06-04,0.0,June-2026
OD09A-6059,2026-06-04,0.0,June-2026
OD09AE-5513 DMC,2026-06-04,0.0,June-2026
OD09C-1371,2026-06-04,0.0,June-2026
OD09C-1962,2026-06-04,0.0,June-2026
OD09C-1964,2026-06-04,0.0,June-2026
OD09C-4824,2026-06-04,0.0,June-2026
OD09C-4879,2026-06-04,0.0,June-2026
OD09C-5609 JCB,2026-06-04,0.0,June-2026
OD09C-8163,2026-06-04,0.0,June-2026
OD09C-8164,2026-06-04,0.0,June-2026
OD09C1965,2026-06-04,0.0,June-2026
OD09C4623,2026-06-04,0.0,June-2026
OD09C4624,2026-06-04,0.0,June-2026
OD09C4625,2026-06-04,0.0,June-2026
OD09C4823,2026-06-04,0.0,June-2026
OD09C5137,2026-06-04,0.0,June-2026
OD09G-6065 CAMPER,2026-06-04,0.0,June-2026
OD09K-2512 W.TANKER,2026-06-04,0.0,June-2026
OD09K-7213 BSM BUS,2026-06-04,0.0,June-2026
OD09P-2986 (CAMPAR),2026-06-04,0.0,June-2026
OD09P-6973 W.TANKER,2026-06-04,0.0,June-2026
OD09V-5619 TATA YODHA,2026-06-04,0.0,June-2026
OD09V-6296 SDLG-27.06.26,2026-06-04,0.0,June-2026
OD09Z-1202,2026-06-04,0.0,June-2026
OD09Z-1273,2026-06-04,0.0,June-2026
OD09Z-1274,2026-06-04,0.0,June-2026
OD09Z-5613 DMC,2026-06-04,0.0,June-2026
OD09Z-5713 DMC,2026-06-04,0.0,June-2026
OD09Z-5813 DMC,2026-06-04,0.0,June-2026
OD09Z-5913 DMC,2026-06-04,0.0,June-2026
ODO9C5136,2026-06-04,0.0,June-2026
POWER SCREEN RHS,2026-06-04,0.0,June-2026
TATA LOADER-OD02AY-0516,2026-06-04,0.0,June-2026
TOTAL ISSUE,2026-06-04,200.0,June-2026
VICHELE NO.,2026-06-04,0.0,June-2026
VOLVO-300(5),2026-06-04,0.0,June-2026
VOLVO-300-7,2026-06-04,0.0,June-2026
VOLVO-480,2026-06-04,200.0,June-2026
VOLVO-480 (N),2026-06-04,0.0,June-2026
WATER PUMP,2026-06-04,0.0,June-2026
BD 85 DOZER,2026-06-05,0.0,June-2026
CRUSHER ( CONE ),2026-06-05,0.0,June-2026
CRUSHER ( JAW ),2026-06-05,0.0,June-2026
CRUSHER DG,2026-06-05,0.0,June-2026
CRUSHER(FEEDER),2026-06-05,0.0,June-2026
CRUSHER(NEW) HORRIZON,2026-06-05,0.0,June-2026
DOZZER D65E,2026-06-05,100.0,June-2026
DRILL-ELGI-650,2026-06-05,0.0,June-2026
GRADER OD09P-1732,2026-06-05,0.0,June-2026
HITACHI-120,2026-06-05,0.0,June-2026
HITACHI-350,2026-06-05,450.0,June-2026
JCB-8262 LOADER,2026-06-05,170.0,June-2026
JH01 T-8721 CHATU BABU,2026-06-05,0.0,June-2026
JH06G-4703,2026-06-05,50.0,June-2026
JH06G-5437,2026-06-05,80.0,June-2026
JH06G-5696,2026-06-05,0.0,June-2026
JH06H-3742,2026-06-05,50.0,June-2026
JH06H-5348,2026-06-05,0.0,June-2026
JH06H-6198 D.TANKER,2026-06-05,0.0,June-2026
JH06H-7764,2026-06-05,0.0,June-2026
JH06H-9654,2026-06-05,0.0,June-2026
JH06P-6214 SCORPIO,2026-06-05,0.0,June-2026
JH06T-7706,2026-06-05,0.0,June-2026
JRD-450+650-1,2026-06-05,0.0,June-2026
JRD-600+CD-360,2026-06-05,170.0,June-2026
KA01AN9755(NEW EICHER-DEMO),2026-06-05,0.0,June-2026
KAMASTU-210,2026-06-05,0.0,June-2026
KOBELCO-380 DMCS,2026-06-05,0.0,June-2026
KOMASTU-200,2026-06-05,0.0,June-2026
KOMASTU-210(N)_10.06.26,2026-06-05,0.0,June-2026
KOMASTU-350 DMC,2026-06-05,0.0,June-2026
L-6268 SDLG,2026-06-05,0.0,June-2026
LIGHT DG NEW(HORRIZON)_1,2026-06-05,0.0,June-2026
LIGHT DG NEW(HORRIZON)_2,2026-06-05,0.0,June-2026
LIGHT DG NEW(HORRIZON)_4,2026-06-05,0.0,June-2026
LOKO CONE,2026-06-05,0.0,June-2026
LOKO TRACK JAW,2026-06-05,0.0,June-2026
OD07AR-4113 DMC,2026-06-05,0.0,June-2026
OD09A-5105,2026-06-05,0.0,June-2026
OD09A-5106,2026-06-05,0.0,June-2026
OD09A-5666,2026-06-05,0.0,June-2026
OD09A-6059,2026-06-05,50.0,June-2026
OD09AE-5513 DMC,2026-06-05,0.0,June-2026
OD09C-1371,2026-06-05,0.0,June-2026
OD09C-1962,2026-06-05,0.0,June-2026
OD09C-1964,2026-06-05,0.0,June-2026
OD09C-4824,2026-06-05,0.0,June-2026
OD09C-4879,2026-06-05,80.0,June-2026
OD09C-5609 JCB,2026-06-05,0.0,June-2026
OD09C-8163,2026-06-05,50.0,June-2026
OD09C-8164,2026-06-05,0.0,June-2026
OD09C1965,2026-06-05,0.0,June-2026
OD09C4623,2026-06-05,0.0,June-2026
OD09C4624,2026-06-05,0.0,June-2026
OD09C4625,2026-06-05,80.0,June-2026
OD09C4823,2026-06-05,0.0,June-2026
OD09C5137,2026-06-05,100.0,June-2026
OD09G-6065 CAMPER,2026-06-05,22.0,June-2026
OD09K-2512 W.TANKER,2026-06-05,0.0,June-2026
OD09K-7213 BSM BUS,2026-06-05,0.0,June-2026
OD09P-2986 (CAMPAR),2026-06-05,0.0,June-2026
OD09P-6973 W.TANKER,2026-06-05,100.0,June-2026
OD09V-5619 TATA YODHA,2026-06-05,0.0,June-2026
OD09V-6296 SDLG-27.06.26,2026-06-05,250.0,June-2026
OD09Z-1202,2026-06-05,0.0,June-2026
OD09Z-1273,2026-06-05,80.0,June-2026
OD09Z-1274,2026-06-05,50.0,June-2026
OD09Z-5613 DMC,2026-06-05,0.0,June-2026
OD09Z-5713 DMC,2026-06-05,0.0,June-2026
OD09Z-5813 DMC,2026-06-05,0.0,June-2026
OD09Z-5913 DMC,2026-06-05,0.0,June-2026
ODO9C5136,2026-06-05,0.0,June-2026
POWER SCREEN RHS,2026-06-05,0.0,June-2026
TATA LOADER-OD02AY-0516,2026-06-05,0.0,June-2026
TOTAL ISSUE,2026-06-05,2387.0,June-2026
VICHELE NO.,2026-06-05,0.0,June-2026
VOLVO-300(5),2026-06-05,0.0,June-2026
VOLVO-300-7,2026-06-05,150.0,June-2026
VOLVO-480,2026-06-05,100.0,June-2026
VOLVO-480 (N),2026-06-05,200.0,June-2026
WATER PUMP,2026-06-05,5.0,June-2026
BD 85 DOZER,2026-06-06,0.0,June-2026
CRUSHER ( CONE ),2026-06-06,0.0,June-2026
CRUSHER ( JAW ),2026-06-06,0.0,June-2026
CRUSHER DG,2026-06-06,0.0,June-2026
CRUSHER(FEEDER),2026-06-06,0.0,June-2026
CRUSHER(NEW) HORRIZON,2026-06-06,0.0,June-2026
DOZZER D65E,2026-06-06,110.0,June-2026
DRILL-ELGI-650,2026-06-06,0.0,June-2026
GRADER OD09P-1732,2026-06-06,0.0,June-2026
HITACHI-120,2026-06-06,0.0,June-2026
HITACHI-350,2026-06-06,200.0,June-2026
JCB-8262 LOADER,2026-06-06,194.0,June-2026
JH01 T-8721 CHATU BABU,2026-06-06,0.0,June-2026
JH06G-4703,2026-06-06,0.0,June-2026
JH06G-5437,2026-06-06,50.0,June-2026
JH06G-5696,2026-06-06,0.0,June-2026
JH06H-3742,2026-06-06,50.0,June-2026
JH06H-5348,2026-06-06,0.0,June-2026
JH06H-6198 D.TANKER,2026-06-06,0.0,June-2026
JH06H-7764,2026-06-06,0.0,June-2026
JH06H-9654,2026-06-06,50.0,June-2026
JH06P-6214 SCORPIO,2026-06-06,30.0,June-2026
JH06T-7706,2026-06-06,0.0,June-2026
JRD-450+650-1,2026-06-06,0.0,June-2026
JRD-600+CD-360,2026-06-06,80.0,June-2026
KA01AN9755(NEW EICHER-DEMO),2026-06-06,0.0,June-2026
KAMASTU-210,2026-06-06,220.0,June-2026
KOBELCO-380 DMCS,2026-06-06,0.0,June-2026
KOMASTU-200,2026-06-06,0.0,June-2026
KOMASTU-210(N)_10.06.26,2026-06-06,0.0,June-2026
KOMASTU-350 DMC,2026-06-06,0.0,June-2026
L-6268 SDLG,2026-06-06,0.0,June-2026
LIGHT DG NEW(HORRIZON)_1,2026-06-06,0.0,June-2026
LIGHT DG NEW(HORRIZON)_2,2026-06-06,0.0,June-2026
LIGHT DG NEW(HORRIZON)_4,2026-06-06,0.0,June-2026
LOKO CONE,2026-06-06,0.0,June-2026
LOKO TRACK JAW,2026-06-06,0.0,June-2026
OD07AR-4113 DMC,2026-06-06,0.0,June-2026
OD09A-5105,2026-06-06,0.0,June-2026
OD09A-5106,2026-06-06,0.0,June-2026
OD09A-5666,2026-06-06,0.0,June-2026
OD09A-6059,2026-06-06,0.0,June-2026
OD09AE-5513 DMC,2026-06-06,0.0,June-2026
OD09C-1371,2026-06-06,0.0,June-2026
OD09C-1962,2026-06-06,50.0,June-2026
OD09C-1964,2026-06-06,100.0,June-2026
OD09C-4824,2026-06-06,0.0,June-2026
OD09C-4879,2026-06-06,0.0,June-2026
OD09C-5609 JCB,2026-06-06,170.0,June-2026
OD09C-8163,2026-06-06,50.0,June-2026
OD09C-8164,2026-06-06,50.0,June-2026
OD09C1965,2026-06-06,0.0,June-2026
OD09C4623,2026-06-06,0.0,June-2026
OD09C4624,2026-06-06,0.0,June-2026
OD09C4625,2026-06-06,110.0,June-2026
OD09C4823,2026-06-06,50.0,June-2026
OD09C5137,2026-06-06,0.0,June-2026
OD09G-6065 CAMPER,2026-06-06,0.0,June-2026
OD09K-2512 W.TANKER,2026-06-06,0.0,June-2026
OD09K-7213 BSM BUS,2026-06-06,20.0,June-2026
OD09P-2986 (CAMPAR),2026-06-06,45.0,June-2026
OD09P-6973 W.TANKER,2026-06-06,0.0,June-2026
OD09V-5619 TATA YODHA,2026-06-06,100.0,June-2026
OD09V-6296 SDLG-27.06.26,2026-06-06,300.0,June-2026
OD09Z-1202,2026-06-06,0.0,June-2026
OD09Z-1273,2026-06-06,51.0,June-2026
OD09Z-1274,2026-06-06,0.0,June-2026
OD09Z-5613 DMC,2026-06-06,0.0,June-2026
OD09Z-5713 DMC,2026-06-06,0.0,June-2026
OD09Z-5813 DMC,2026-06-06,0.0,June-2026
OD09Z-5913 DMC,2026-06-06,0.0,June-2026
ODO9C5136,2026-06-06,100.0,June-2026
POWER SCREEN RHS,2026-06-06,0.0,June-2026
TATA LOADER-OD02AY-0516,2026-06-06,0.0,June-2026
TOTAL ISSUE,2026-06-06,2535.0,June-2026
VICHELE NO.,2026-06-06,0.0,June-2026
VOLVO-300(5),2026-06-06,0.0,June-2026
VOLVO-300-7,2026-06-06,250.0,June-2026
VOLVO-480,2026-06-06,100.0,June-2026
VOLVO-480 (N),2026-06-06,0.0,June-2026
WATER PUMP,2026-06-06,5.0,June-2026
BD 85 DOZER,2026-06-07,0.0,June-2026
CRUSHER ( CONE ),2026-06-07,0.0,June-2026
CRUSHER ( JAW ),2026-06-07,0.0,June-2026
CRUSHER DG,2026-06-07,0.0,June-2026
CRUSHER(FEEDER),2026-06-07,0.0,June-2026
CRUSHER(NEW) HORRIZON,2026-06-07,0.0,June-2026
DOZZER D65E,2026-06-07,150.0,June-2026
DRILL-ELGI-650,2026-06-07,0.0,June-2026
GRADER OD09P-1732,2026-06-07,0.0,June-2026
HITACHI-120,2026-06-07,0.0,June-2026
HITACHI-350,2026-06-07,300.0,June-2026
JCB-8262 LOADER,2026-06-07,127.0,June-2026
JH01 T-8721 CHATU BABU,2026-06-07,0.0,June-2026
JH06G-4703,2026-06-07,100.0,June-2026
JH06G-5437,2026-06-07,0.0,June-2026
JH06G-5696,2026-06-07,0.0,June-2026
JH06H-3742,2026-06-07,50.0,June-2026
JH06H-5348,2026-06-07,0.0,June-2026
JH06H-6198 D.TANKER,2026-06-07,10.0,June-2026
JH06H-7764,2026-06-07,0.0,June-2026
JH06H-9654,2026-06-07,0.0,June-2026
JH06P-6214 SCORPIO,2026-06-07,0.0,June-2026
JH06T-7706,2026-06-07,0.0,June-2026
JRD-450+650-1,2026-06-07,0.0,June-2026
JRD-600+CD-360,2026-06-07,250.0,June-2026
KA01AN9755(NEW EICHER-DEMO),2026-06-07,0.0,June-2026
KAMASTU-210,2026-06-07,0.0,June-2026
KOBELCO-380 DMCS,2026-06-07,0.0,June-2026
KOMASTU-200,2026-06-07,0.0,June-2026
KOMASTU-210(N)_10.06.26,2026-06-07,0.0,June-2026
KOMASTU-350 DMC,2026-06-07,0.0,June-2026
L-6268 SDLG,2026-06-07,0.0,June-2026
LIGHT DG NEW(HORRIZON)_1,2026-06-07,0.0,June-2026
LIGHT DG NEW(HORRIZON)_2,2026-06-07,0.0,June-2026
LIGHT DG NEW(HORRIZON)_4,2026-06-07,0.0,June-2026
LOKO CONE,2026-06-07,0.0,June-2026
LOKO TRACK JAW,2026-06-07,0.0,June-2026
OD07AR-4113 DMC,2026-06-07,0.0,June-2026
OD09A-5105,2026-06-07,0.0,June-2026
OD09A-5106,2026-06-07,0.0,June-2026
OD09A-5666,2026-06-07,0.0,June-2026
OD09A-6059,2026-06-07,50.0,June-2026
OD09AE-5513 DMC,2026-06-07,0.0,June-2026
OD09C-1371,2026-06-07,0.0,June-2026
OD09C-1962,2026-06-07,0.0,June-2026
OD09C-1964,2026-06-07,0.0,June-2026
OD09C-4824,2026-06-07,0.0,June-2026
OD09C-4879,2026-06-07,0.0,June-2026
OD09C-5609 JCB,2026-06-07,143.0,June-2026
OD09C-8163,2026-06-07,0.0,June-2026
OD09C-8164,2026-06-07,0.0,June-2026
OD09C1965,2026-06-07,0.0,June-2026
OD09C4623,2026-06-07,0.0,June-2026
OD09C4624,2026-06-07,0.0,June-2026
OD09C4625,2026-06-07,0.0,June-2026
OD09C4823,2026-06-07,0.0,June-2026
OD09C5137,2026-06-07,0.0,June-2026
OD09G-6065 CAMPER,2026-06-07,0.0,June-2026
OD09K-2512 W.TANKER,2026-06-07,100.0,June-2026
OD09K-7213 BSM BUS,2026-06-07,0.0,June-2026
OD09P-2986 (CAMPAR),2026-06-07,0.0,June-2026
OD09P-6973 W.TANKER,2026-06-07,0.0,June-2026
OD09V-5619 TATA YODHA,2026-06-07,0.0,June-2026
OD09V-6296 SDLG-27.06.26,2026-06-07,250.0,June-2026
OD09Z-1202,2026-06-07,0.0,June-2026
OD09Z-1273,2026-06-07,0.0,June-2026
OD09Z-1274,2026-06-07,0.0,June-2026
OD09Z-5613 DMC,2026-06-07,0.0,June-2026
OD09Z-5713 DMC,2026-06-07,0.0,June-2026
OD09Z-5813 DMC,2026-06-07,0.0,June-2026
OD09Z-5913 DMC,2026-06-07,0.0,June-2026
ODO9C5136,2026-06-07,0.0,June-2026
POWER SCREEN RHS,2026-06-07,0.0,June-2026
TATA LOADER-OD02AY-0516,2026-06-07,0.0,June-2026
TOTAL ISSUE,2026-06-07,1880.0,June-2026
VICHELE NO.,2026-06-07,0.0,June-2026
VOLVO-300(5),2026-06-07,0.0,June-2026
VOLVO-300-7,2026-06-07,200.0,June-2026
VOLVO-480,2026-06-07,0.0,June-2026
VOLVO-480 (N),2026-06-07,0.0,June-2026
WATER PUMP,2026-06-07,0.0,June-2026
BD 85 DOZER,2026-06-08,0.0,June-2026
CRUSHER ( CONE ),2026-06-08,0.0,June-2026
CRUSHER ( JAW ),2026-06-08,0.0,June-2026
CRUSHER DG,2026-06-08,0.0,June-2026
CRUSHER(FEEDER),2026-06-08,0.0,June-2026
CRUSHER(NEW) HORRIZON,2026-06-08,0.0,June-2026
DOZZER D65E,2026-06-08,150.0,June-2026
DRILL-ELGI-650,2026-06-08,0.0,June-2026
GRADER OD09P-1732,2026-06-08,0.0,June-2026
HITACHI-120,2026-06-08,0.0,June-2026
HITACHI-350,2026-06-08,200.0,June-2026
JCB-8262 LOADER,2026-06-08,0.0,June-2026
JH01 T-8721 CHATU BABU,2026-06-08,0.0,June-2026
JH06G-4703,2026-06-08,50.0,June-2026
JH06G-5437,2026-06-08,100.0,June-2026
JH06G-5696,2026-06-08,0.0,June-2026
JH06H-3742,2026-06-08,50.0,June-2026
JH06H-5348,2026-06-08,50.0,June-2026
JH06H-6198 D.TANKER,2026-06-08,0.0,June-2026
JH06H-7764,2026-06-08,0.0,June-2026
JH06H-9654,2026-06-08,0.0,June-2026
JH06P-6214 SCORPIO,2026-06-08,0.0,June-2026
JH06T-7706,2026-06-08,0.0,June-2026
JRD-450+650-1,2026-06-08,0.0,June-2026
JRD-600+CD-360,2026-06-08,170.0,June-2026
KA01AN9755(NEW EICHER-DEMO),2026-06-08,0.0,June-2026
KAMASTU-210,2026-06-08,0.0,June-2026
KOBELCO-380 DMCS,2026-06-08,0.0,June-2026
KOMASTU-200,2026-06-08,0.0,June-2026
KOMASTU-210(N)_10.06.26,2026-06-08,0.0,June-2026
KOMASTU-350 DMC,2026-06-08,0.0,June-2026
L-6268 SDLG,2026-06-08,0.0,June-2026
LIGHT DG NEW(HORRIZON)_1,2026-06-08,0.0,June-2026
LIGHT DG NEW(HORRIZON)_2,2026-06-08,0.0,June-2026
LIGHT DG NEW(HORRIZON)_4,2026-06-08,0.0,June-2026
LOKO CONE,2026-06-08,0.0,June-2026
LOKO TRACK JAW,2026-06-08,0.0,June-2026
OD07AR-4113 DMC,2026-06-08,0.0,June-2026
OD09A-5105,2026-06-08,0.0,June-2026
OD09A-5106,2026-06-08,0.0,June-2026
OD09A-5666,2026-06-08,0.0,June-2026
OD09A-6059,2026-06-08,0.0,June-2026
OD09AE-5513 DMC,2026-06-08,0.0,June-2026
OD09C-1371,2026-06-08,0.0,June-2026
OD09C-1962,2026-06-08,0.0,June-2026
OD09C-1964,2026-06-08,0.0,June-2026
OD09C-4824,2026-06-08,0.0,June-2026
OD09C-4879,2026-06-08,50.0,June-2026
OD09C-5609 JCB,2026-06-08,0.0,June-2026
OD09C-8163,2026-06-08,0.0,June-2026
OD09C-8164,2026-06-08,0.0,June-2026
OD09C1965,2026-06-08,0.0,June-2026
OD09C4623,2026-06-08,0.0,June-2026
OD09C4624,2026-06-08,50.0,June-2026
OD09C4625,2026-06-08,50.0,June-2026
OD09C4823,2026-06-08,50.0,June-2026
OD09C5137,2026-06-08,0.0,June-2026
OD09G-6065 CAMPER,2026-06-08,0.0,June-2026
OD09K-2512 W.TANKER,2026-06-08,0.0,June-2026
OD09K-7213 BSM BUS,2026-06-08,0.0,June-2026
OD09P-2986 (CAMPAR),2026-06-08,0.0,June-2026
OD09P-6973 W.TANKER,2026-06-08,0.0,June-2026
OD09V-5619 TATA YODHA,2026-06-08,0.0,June-2026
OD09V-6296 SDLG-27.06.26,2026-06-08,250.0,June-2026
OD09Z-1202,2026-06-08,0.0,June-2026
OD09Z-1273,2026-06-08,50.0,June-2026
OD09Z-1274,2026-06-08,0.0,June-2026
OD09Z-5613 DMC,2026-06-08,0.0,June-2026
OD09Z-5713 DMC,2026-06-08,0.0,June-2026
OD09Z-5813 DMC,2026-06-08,0.0,June-2026
OD09Z-5913 DMC,2026-06-08,0.0,June-2026
ODO9C5136,2026-06-08,0.0,June-2026
POWER SCREEN RHS,2026-06-08,0.0,June-2026
TATA LOADER-OD02AY-0516,2026-06-08,0.0,June-2026
TOTAL ISSUE,2026-06-08,1575.0,June-2026
VICHELE NO.,2026-06-08,0.0,June-2026
VOLVO-300(5),2026-06-08,0.0,June-2026
VOLVO-300-7,2026-06-08,0.0,June-2026
VOLVO-480,2026-06-08,200.0,June-2026
VOLVO-480 (N),2026-06-08,0.0,June-2026
WATER PUMP,2026-06-08,5.0,June-2026
BD 85 DOZER,2026-06-09,0.0,June-2026
CRUSHER ( CONE ),2026-06-09,0.0,June-2026
CRUSHER ( JAW ),2026-06-09,0.0,June-2026
CRUSHER DG,2026-06-09,0.0,June-2026
CRUSHER(FEEDER),2026-06-09,0.0,June-2026
CRUSHER(NEW) HORRIZON,2026-06-09,0.0,June-2026
DOZZER D65E,2026-06-09,0.0,June-2026
DRILL-ELGI-650,2026-06-09,0.0,June-2026
GRADER OD09P-1732,2026-06-09,0.0,June-2026
HITACHI-120,2026-06-09,0.0,June-2026
HITACHI-350,2026-06-09,0.0,June-2026
JCB-8262 LOADER,2026-06-09,165.0,June-2026
JH01 T-8721 CHATU BABU,2026-06-09,0.0,June-2026
JH06G-4703,2026-06-09,0.0,June-2026
JH06G-5437,2026-06-09,0.0,June-2026
JH06G-5696,2026-06-09,0.0,June-2026
JH06H-3742,2026-06-09,0.0,June-2026
JH06H-5348,2026-06-09,0.0,June-2026
JH06H-6198 D.TANKER,2026-06-09,0.0,June-2026
JH06H-7764,2026-06-09,0.0,June-2026
JH06H-9654,2026-06-09,0.0,June-2026
JH06P-6214 SCORPIO,2026-06-09,0.0,June-2026
JH06T-7706,2026-06-09,0.0,June-2026
JRD-450+650-1,2026-06-09,0.0,June-2026
JRD-600+CD-360,2026-06-09,150.0,June-2026
KA01AN9755(NEW EICHER-DEMO),2026-06-09,0.0,June-2026
KAMASTU-210,2026-06-09,0.0,June-2026
KOBELCO-380 DMCS,2026-06-09,0.0,June-2026
KOMASTU-200,2026-06-09,0.0,June-2026
KOMASTU-210(N)_10.06.26,2026-06-09,0.0,June-2026
KOMASTU-350 DMC,2026-06-09,0.0,June-2026
L-6268 SDLG,2026-06-09,0.0,June-2026
LIGHT DG NEW(HORRIZON)_1,2026-06-09,0.0,June-2026
LIGHT DG NEW(HORRIZON)_2,2026-06-09,0.0,June-2026
LIGHT DG NEW(HORRIZON)_4,2026-06-09,0.0,June-2026
LOKO CONE,2026-06-09,0.0,June-2026
LOKO TRACK JAW,2026-06-09,0.0,June-2026
OD07AR-4113 DMC,2026-06-09,0.0,June-2026
OD09A-5105,2026-06-09,0.0,June-2026
OD09A-5106,2026-06-09,0.0,June-2026
OD09A-5666,2026-06-09,0.0,June-2026
OD09A-6059,2026-06-09,0.0,June-2026
OD09AE-5513 DMC,2026-06-09,0.0,June-2026
OD09C-1371,2026-06-09,0.0,June-2026
OD09C-1962,2026-06-09,0.0,June-2026
OD09C-1964,2026-06-09,0.0,June-2026
OD09C-4824,2026-06-09,0.0,June-2026
OD09C-4879,2026-06-09,0.0,June-2026
OD09C-5609 JCB,2026-06-09,0.0,June-2026
OD09C-8163,2026-06-09,0.0,June-2026
OD09C-8164,2026-06-09,0.0,June-2026
OD09C1965,2026-06-09,0.0,June-2026
OD09C4623,2026-06-09,0.0,June-2026
OD09C4624,2026-06-09,0.0,June-2026
OD09C4625,2026-06-09,0.0,June-2026
OD09C4823,2026-06-09,0.0,June-2026
OD09C5137,2026-06-09,0.0,June-2026
OD09G-6065 CAMPER,2026-06-09,20.0,June-2026
OD09K-2512 W.TANKER,2026-06-09,0.0,June-2026
OD09K-7213 BSM BUS,2026-06-09,20.0,June-2026
OD09P-2986 (CAMPAR),2026-06-09,0.0,June-2026
OD09P-6973 W.TANKER,2026-06-09,100.0,June-2026
OD09V-5619 TATA YODHA,2026-06-09,0.0,June-2026
OD09V-6296 SDLG-27.06.26,2026-06-09,250.0,June-2026
OD09Z-1202,2026-06-09,0.0,June-2026
OD09Z-1273,2026-06-09,0.0,June-2026
OD09Z-1274,2026-06-09,0.0,June-2026
OD09Z-5613 DMC,2026-06-09,0.0,June-2026
OD09Z-5713 DMC,2026-06-09,0.0,June-2026
OD09Z-5813 DMC,2026-06-09,0.0,June-2026
OD09Z-5913 DMC,2026-06-09,0.0,June-2026
ODO9C5136,2026-06-09,0.0,June-2026
POWER SCREEN RHS,2026-06-09,0.0,June-2026
TATA LOADER-OD02AY-0516,2026-06-09,0.0,June-2026
TOTAL ISSUE,2026-06-09,705.0,June-2026
VICHELE NO.,2026-06-09,0.0,June-2026
VOLVO-300(5),2026-06-09,0.0,June-2026
VOLVO-300-7,2026-06-09,0.0,June-2026
VOLVO-480,2026-06-09,0.0,June-2026
VOLVO-480 (N),2026-06-09,0.0,June-2026
WATER PUMP,2026-06-09,0.0,June-2026
BD 85 DOZER,2026-06-10,0.0,June-2026
CRUSHER ( CONE ),2026-06-10,0.0,June-2026
CRUSHER ( JAW ),2026-06-10,0.0,June-2026
CRUSHER DG,2026-06-10,0.0,June-2026
CRUSHER(FEEDER),2026-06-10,0.0,June-2026
CRUSHER(NEW) HORRIZON,2026-06-10,0.0,June-2026
DOZZER D65E,2026-06-10,0.0,June-2026
DRILL-ELGI-650,2026-06-10,0.0,June-2026
GRADER OD09P-1732,2026-06-10,0.0,June-2026
HITACHI-120,2026-06-10,0.0,June-2026
HITACHI-350,2026-06-10,200.0,June-2026
JCB-8262 LOADER,2026-06-10,0.0,June-2026
JH01 T-8721 CHATU BABU,2026-06-10,0.0,June-2026
JH06G-4703,2026-06-10,0.0,June-2026
JH06G-5437,2026-06-10,61.0,June-2026
JH06G-5696,2026-06-10,0.0,June-2026
JH06H-3742,2026-06-10,0.0,June-2026
JH06H-5348,2026-06-10,80.0,June-2026
JH06H-6198 D.TANKER,2026-06-10,0.0,June-2026
JH06H-7764,2026-06-10,0.0,June-2026
JH06H-9654,2026-06-10,0.0,June-2026
JH06P-6214 SCORPIO,2026-06-10,40.0,June-2026
JH06T-7706,2026-06-10,0.0,June-2026
JRD-450+650-1,2026-06-10,0.0,June-2026
JRD-600+CD-360,2026-06-10,150.0,June-2026
KA01AN9755(NEW EICHER-DEMO),2026-06-10,0.0,June-2026
KAMASTU-210,2026-06-10,0.0,June-2026
KOBELCO-380 DMCS,2026-06-10,0.0,June-2026
KOMASTU-200,2026-06-10,0.0,June-2026
KOMASTU-210(N)_10.06.26,2026-06-10,0.0,June-2026
KOMASTU-350 DMC,2026-06-10,0.0,June-2026
L-6268 SDLG,2026-06-10,0.0,June-2026
LIGHT DG NEW(HORRIZON)_1,2026-06-10,0.0,June-2026
LIGHT DG NEW(HORRIZON)_2,2026-06-10,0.0,June-2026
LIGHT DG NEW(HORRIZON)_4,2026-06-10,0.0,June-2026
LOKO CONE,2026-06-10,0.0,June-2026
LOKO TRACK JAW,2026-06-10,0.0,June-2026
OD07AR-4113 DMC,2026-06-10,0.0,June-2026
OD09A-5105,2026-06-10,0.0,June-2026
OD09A-5106,2026-06-10,0.0,June-2026
OD09A-5666,2026-06-10,0.0,June-2026
OD09A-6059,2026-06-10,50.0,June-2026
OD09AE-5513 DMC,2026-06-10,0.0,June-2026
OD09C-1371,2026-06-10,0.0,June-2026
OD09C-1962,2026-06-10,0.0,June-2026
OD09C-1964,2026-06-10,0.0,June-2026
OD09C-4824,2026-06-10,0.0,June-2026
OD09C-4879,2026-06-10,0.0,June-2026
OD09C-5609 JCB,2026-06-10,0.0,June-2026
OD09C-8163,2026-06-10,90.0,June-2026
OD09C-8164,2026-06-10,101.0,June-2026
OD09C1965,2026-06-10,0.0,June-2026
OD09C4623,2026-06-10,0.0,June-2026
OD09C4624,2026-06-10,0.0,June-2026
OD09C4625,2026-06-10,0.0,June-2026
OD09C4823,2026-06-10,0.0,June-2026
OD09C5137,2026-06-10,0.0,June-2026
OD09G-6065 CAMPER,2026-06-10,0.0,June-2026
OD09K-2512 W.TANKER,2026-06-10,0.0,June-2026
OD09K-7213 BSM BUS,2026-06-10,0.0,June-2026
OD09P-2986 (CAMPAR),2026-06-10,55.0,June-2026
OD09P-6973 W.TANKER,2026-06-10,0.0,June-2026
OD09V-5619 TATA YODHA,2026-06-10,0.0,June-2026
OD09V-6296 SDLG-27.06.26,2026-06-10,200.0,June-2026
OD09Z-1202,2026-06-10,0.0,June-2026
OD09Z-1273,2026-06-10,60.0,June-2026
OD09Z-1274,2026-06-10,0.0,June-2026
OD09Z-5613 DMC,2026-06-10,0.0,June-2026
OD09Z-5713 DMC,2026-06-10,0.0,June-2026
OD09Z-5813 DMC,2026-06-10,0.0,June-2026
OD09Z-5913 DMC,2026-06-10,0.0,June-2026
ODO9C5136,2026-06-10,0.0,June-2026
POWER SCREEN RHS,2026-06-10,0.0,June-2026
TATA LOADER-OD02AY-0516,2026-06-10,0.0,June-2026
TOTAL ISSUE,2026-06-10,1392.0,June-2026
VICHELE NO.,2026-06-10,0.0,June-2026
VOLVO-300(5),2026-06-10,0.0,June-2026
VOLVO-300-7,2026-06-10,0.0,June-2026
VOLVO-480,2026-06-10,200.0,June-2026
VOLVO-480 (N),2026-06-10,0.0,June-2026
WATER PUMP,2026-06-10,5.0,June-2026
BD 85 DOZER,2026-06-11,0.0,June-2026
CRUSHER ( CONE ),2026-06-11,0.0,June-2026
CRUSHER ( JAW ),2026-06-11,0.0,June-2026
CRUSHER DG,2026-06-11,0.0,June-2026
CRUSHER(FEEDER),2026-06-11,0.0,June-2026
CRUSHER(NEW) HORRIZON,2026-06-11,0.0,June-2026
DOZZER D65E,2026-06-11,0.0,June-2026
DRILL-ELGI-650,2026-06-11,0.0,June-2026
GRADER OD09P-1732,2026-06-11,0.0,June-2026
HITACHI-120,2026-06-11,0.0,June-2026
HITACHI-350,2026-06-11,0.0,June-2026
JCB-8262 LOADER,2026-06-11,0.0,June-2026
JH01 T-8721 CHATU BABU,2026-06-11,0.0,June-2026
JH06G-4703,2026-06-11,0.0,June-2026
JH06G-5437,2026-06-11,0.0,June-2026
JH06G-5696,2026-06-11,0.0,June-2026
JH06H-3742,2026-06-11,0.0,June-2026
JH06H-5348,2026-06-11,0.0,June-2026
JH06H-6198 D.TANKER,2026-06-11,0.0,June-2026
JH06H-7764,2026-06-11,0.0,June-2026
JH06H-9654,2026-06-11,0.0,June-2026
JH06P-6214 SCORPIO,2026-06-11,0.0,June-2026
JH06T-7706,2026-06-11,0.0,June-2026
JRD-450+650-1,2026-06-11,0.0,June-2026
JRD-600+CD-360,2026-06-11,0.0,June-2026
KA01AN9755(NEW EICHER-DEMO),2026-06-11,0.0,June-2026
KAMASTU-210,2026-06-11,0.0,June-2026
KOBELCO-380 DMCS,2026-06-11,0.0,June-2026
KOMASTU-200,2026-06-11,0.0,June-2026
KOMASTU-210(N)_10.06.26,2026-06-11,0.0,June-2026
KOMASTU-350 DMC,2026-06-11,0.0,June-2026
L-6268 SDLG,2026-06-11,0.0,June-2026
LIGHT DG NEW(HORRIZON)_1,2026-06-11,0.0,June-2026
LIGHT DG NEW(HORRIZON)_2,2026-06-11,0.0,June-2026
LIGHT DG NEW(HORRIZON)_4,2026-06-11,0.0,June-2026
LOKO CONE,2026-06-11,0.0,June-2026
LOKO TRACK JAW,2026-06-11,0.0,June-2026
OD07AR-4113 DMC,2026-06-11,0.0,June-2026
OD09A-5105,2026-06-11,0.0,June-2026
OD09A-5106,2026-06-11,0.0,June-2026
OD09A-5666,2026-06-11,0.0,June-2026
OD09A-6059,2026-06-11,0.0,June-2026
OD09AE-5513 DMC,2026-06-11,0.0,June-2026
OD09C-1371,2026-06-11,0.0,June-2026
OD09C-1962,2026-06-11,0.0,June-2026
OD09C-1964,2026-06-11,0.0,June-2026
OD09C-4824,2026-06-11,0.0,June-2026
OD09C-4879,2026-06-11,0.0,June-2026
OD09C-5609 JCB,2026-06-11,0.0,June-2026
OD09C-8163,2026-06-11,0.0,June-2026
OD09C-8164,2026-06-11,0.0,June-2026
OD09C1965,2026-06-11,0.0,June-2026
OD09C4623,2026-06-11,0.0,June-2026
OD09C4624,2026-06-11,0.0,June-2026
OD09C4625,2026-06-11,0.0,June-2026
OD09C4823,2026-06-11,0.0,June-2026
OD09C5137,2026-06-11,0.0,June-2026
OD09G-6065 CAMPER,2026-06-11,0.0,June-2026
OD09K-2512 W.TANKER,2026-06-11,0.0,June-2026
OD09K-7213 BSM BUS,2026-06-11,0.0,June-2026
OD09P-2986 (CAMPAR),2026-06-11,0.0,June-2026
OD09P-6973 W.TANKER,2026-06-11,0.0,June-2026
OD09V-5619 TATA YODHA,2026-06-11,0.0,June-2026
OD09V-6296 SDLG-27.06.26,2026-06-11,0.0,June-2026
OD09Z-1202,2026-06-11,0.0,June-2026
OD09Z-1273,2026-06-11,0.0,June-2026
OD09Z-1274,2026-06-11,0.0,June-2026
OD09Z-5613 DMC,2026-06-11,0.0,June-2026
OD09Z-5713 DMC,2026-06-11,0.0,June-2026
OD09Z-5813 DMC,2026-06-11,0.0,June-2026
OD09Z-5913 DMC,2026-06-11,0.0,June-2026
ODO9C5136,2026-06-11,0.0,June-2026
POWER SCREEN RHS,2026-06-11,0.0,June-2026
TATA LOADER-OD02AY-0516,2026-06-11,0.0,June-2026
TOTAL ISSUE,2026-06-11,200.0,June-2026
VICHELE NO.,2026-06-11,0.0,June-2026
VOLVO-300(5),2026-06-11,0.0,June-2026
VOLVO-300-7,2026-06-11,0.0,June-2026
VOLVO-480,2026-06-11,200.0,June-2026
VOLVO-480 (N),2026-06-11,0.0,June-2026
WATER PUMP,2026-06-11,0.0,June-2026
BD 85 DOZER,2026-06-12,0.0,June-2026
CRUSHER ( CONE ),2026-06-12,0.0,June-2026
CRUSHER ( JAW ),2026-06-12,0.0,June-2026
CRUSHER DG,2026-06-12,0.0,June-2026
CRUSHER(FEEDER),2026-06-12,0.0,June-2026
CRUSHER(NEW) HORRIZON,2026-06-12,0.0,June-2026
DOZZER D65E,2026-06-12,0.0,June-2026
DRILL-ELGI-650,2026-06-12,0.0,June-2026
GRADER OD09P-1732,2026-06-12,0.0,June-2026
HITACHI-120,2026-06-12,0.0,June-2026
HITACHI-350,2026-06-12,0.0,June-2026
JCB-8262 LOADER,2026-06-12,0.0,June-2026
JH01 T-8721 CHATU BABU,2026-06-12,0.0,June-2026
JH06G-4703,2026-06-12,40.0,June-2026
JH06G-5437,2026-06-12,0.0,June-2026
JH06G-5696,2026-06-12,0.0,June-2026
JH06H-3742,2026-06-12,70.0,June-2026
JH06H-5348,2026-06-12,0.0,June-2026
JH06H-6198 D.TANKER,2026-06-12,0.0,June-2026
JH06H-7764,2026-06-12,0.0,June-2026
JH06H-9654,2026-06-12,0.0,June-2026
JH06P-6214 SCORPIO,2026-06-12,0.0,June-2026
JH06T-7706,2026-06-12,0.0,June-2026
JRD-450+650-1,2026-06-12,0.0,June-2026
JRD-600+CD-360,2026-06-12,100.0,June-2026
KA01AN9755(NEW EICHER-DEMO),2026-06-12,0.0,June-2026
KAMASTU-210,2026-06-12,225.0,June-2026
KOBELCO-380 DMCS,2026-06-12,0.0,June-2026
KOMASTU-200,2026-06-12,0.0,June-2026
KOMASTU-210(N)_10.06.26,2026-06-12,0.0,June-2026
KOMASTU-350 DMC,2026-06-12,0.0,June-2026
L-6268 SDLG,2026-06-12,0.0,June-2026
LIGHT DG NEW(HORRIZON)_1,2026-06-12,0.0,June-2026
LIGHT DG NEW(HORRIZON)_2,2026-06-12,0.0,June-2026
LIGHT DG NEW(HORRIZON)_4,2026-06-12,0.0,June-2026
LOKO CONE,2026-06-12,0.0,June-2026
LOKO TRACK JAW,2026-06-12,0.0,June-2026
OD07AR-4113 DMC,2026-06-12,0.0,June-2026
OD09A-5105,2026-06-12,0.0,June-2026
OD09A-5106,2026-06-12,96.0,June-2026
OD09A-5666,2026-06-12,0.0,June-2026
OD09A-6059,2026-06-12,50.0,June-2026
OD09AE-5513 DMC,2026-06-12,0.0,June-2026
OD09C-1371,2026-06-12,0.0,June-2026
OD09C-1962,2026-06-12,100.0,June-2026
OD09C-1964,2026-06-12,0.0,June-2026
OD09C-4824,2026-06-12,0.0,June-2026
OD09C-4879,2026-06-12,0.0,June-2026
OD09C-5609 JCB,2026-06-12,0.0,June-2026
OD09C-8163,2026-06-12,90.0,June-2026
OD09C-8164,2026-06-12,103.0,June-2026
OD09C1965,2026-06-12,0.0,June-2026
OD09C4623,2026-06-12,0.0,June-2026
OD09C4624,2026-06-12,0.0,June-2026
OD09C4625,2026-06-12,72.0,June-2026
OD09C4823,2026-06-12,0.0,June-2026
OD09C5137,2026-06-12,0.0,June-2026
OD09G-6065 CAMPER,2026-06-12,0.0,June-2026
OD09K-2512 W.TANKER,2026-06-12,0.0,June-2026
OD09K-7213 BSM BUS,2026-06-12,36.0,June-2026
OD09P-2986 (CAMPAR),2026-06-12,0.0,June-2026
OD09P-6973 W.TANKER,2026-06-12,0.0,June-2026
OD09V-5619 TATA YODHA,2026-06-12,100.0,June-2026
OD09V-6296 SDLG-27.06.26,2026-06-12,0.0,June-2026
OD09Z-1202,2026-06-12,0.0,June-2026
OD09Z-1273,2026-06-12,97.0,June-2026
OD09Z-1274,2026-06-12,100.0,June-2026
OD09Z-5613 DMC,2026-06-12,0.0,June-2026
OD09Z-5713 DMC,2026-06-12,0.0,June-2026
OD09Z-5813 DMC,2026-06-12,0.0,June-2026
OD09Z-5913 DMC,2026-06-12,0.0,June-2026
ODO9C5136,2026-06-12,0.0,June-2026
POWER SCREEN RHS,2026-06-12,0.0,June-2026
TATA LOADER-OD02AY-0516,2026-06-12,0.0,June-2026
TOTAL ISSUE,2026-06-12,1729.0,June-2026
VICHELE NO.,2026-06-12,0.0,June-2026
VOLVO-300(5),2026-06-12,0.0,June-2026
VOLVO-300-7,2026-06-12,250.0,June-2026
VOLVO-480,2026-06-12,100.0,June-2026
VOLVO-480 (N),2026-06-12,0.0,June-2026
WATER PUMP,2026-06-12,0.0,June-2026
BD 85 DOZER,2026-06-13,0.0,June-2026
CRUSHER ( CONE ),2026-06-13,0.0,June-2026
CRUSHER ( JAW ),2026-06-13,0.0,June-2026
CRUSHER DG,2026-06-13,0.0,June-2026
CRUSHER(FEEDER),2026-06-13,0.0,June-2026
CRUSHER(NEW) HORRIZON,2026-06-13,0.0,June-2026
DOZZER D65E,2026-06-13,100.0,June-2026
DRILL-ELGI-650,2026-06-13,0.0,June-2026
GRADER OD09P-1732,2026-06-13,0.0,June-2026
HITACHI-120,2026-06-13,0.0,June-2026
HITACHI-350,2026-06-13,300.0,June-2026
JCB-8262 LOADER,2026-06-13,140.0,June-2026
JH01 T-8721 CHATU BABU,2026-06-13,0.0,June-2026
JH06G-4703,2026-06-13,50.0,June-2026
JH06G-5437,2026-06-13,0.0,June-2026
JH06G-5696,2026-06-13,0.0,June-2026
JH06H-3742,2026-06-13,50.0,June-2026
JH06H-5348,2026-06-13,50.0,June-2026
JH06H-6198 D.TANKER,2026-06-13,0.0,June-2026
JH06H-7764,2026-06-13,0.0,June-2026
JH06H-9654,2026-06-13,0.0,June-2026
JH06P-6214 SCORPIO,2026-06-13,0.0,June-2026
JH06T-7706,2026-06-13,0.0,June-2026
JRD-450+650-1,2026-06-13,0.0,June-2026
JRD-600+CD-360,2026-06-13,170.0,June-2026
KA01AN9755(NEW EICHER-DEMO),2026-06-13,0.0,June-2026
KAMASTU-210,2026-06-13,0.0,June-2026
KOBELCO-380 DMCS,2026-06-13,0.0,June-2026
KOMASTU-200,2026-06-13,0.0,June-2026
KOMASTU-210(N)_10.06.26,2026-06-13,0.0,June-2026
KOMASTU-350 DMC,2026-06-13,0.0,June-2026
L-6268 SDLG,2026-06-13,0.0,June-2026
LIGHT DG NEW(HORRIZON)_1,2026-06-13,0.0,June-2026
LIGHT DG NEW(HORRIZON)_2,2026-06-13,0.0,June-2026
LIGHT DG NEW(HORRIZON)_4,2026-06-13,0.0,June-2026
LOKO CONE,2026-06-13,0.0,June-2026
LOKO TRACK JAW,2026-06-13,0.0,June-2026
OD07AR-4113 DMC,2026-06-13,0.0,June-2026
OD09A-5105,2026-06-13,0.0,June-2026
OD09A-5106,2026-06-13,0.0,June-2026
OD09A-5666,2026-06-13,0.0,June-2026
OD09A-6059,2026-06-13,0.0,June-2026
OD09AE-5513 DMC,2026-06-13,0.0,June-2026
OD09C-1371,2026-06-13,0.0,June-2026
OD09C-1962,2026-06-13,60.0,June-2026
OD09C-1964,2026-06-13,0.0,June-2026
OD09C-4824,2026-06-13,0.0,June-2026
OD09C-4879,2026-06-13,50.0,June-2026
OD09C-5609 JCB,2026-06-13,0.0,June-2026
OD09C-8163,2026-06-13,0.0,June-2026
OD09C-8164,2026-06-13,0.0,June-2026
OD09C1965,2026-06-13,0.0,June-2026
OD09C4623,2026-06-13,0.0,June-2026
OD09C4624,2026-06-13,0.0,June-2026
OD09C4625,2026-06-13,0.0,June-2026
OD09C4823,2026-06-13,0.0,June-2026
OD09C5137,2026-06-13,0.0,June-2026
OD09G-6065 CAMPER,2026-06-13,20.0,June-2026
OD09K-2512 W.TANKER,2026-06-13,50.0,June-2026
OD09K-7213 BSM BUS,2026-06-13,0.0,June-2026
OD09P-2986 (CAMPAR),2026-06-13,0.0,June-2026
OD09P-6973 W.TANKER,2026-06-13,0.0,June-2026
OD09V-5619 TATA YODHA,2026-06-13,0.0,June-2026
OD09V-6296 SDLG-27.06.26,2026-06-13,51.0,June-2026
OD09Z-1202,2026-06-13,0.0,June-2026
OD09Z-1273,2026-06-13,0.0,June-2026
OD09Z-1274,2026-06-13,0.0,June-2026
OD09Z-5613 DMC,2026-06-13,0.0,June-2026
OD09Z-5713 DMC,2026-06-13,0.0,June-2026
OD09Z-5813 DMC,2026-06-13,0.0,June-2026
OD09Z-5913 DMC,2026-06-13,0.0,June-2026
ODO9C5136,2026-06-13,0.0,June-2026
POWER SCREEN RHS,2026-06-13,0.0,June-2026
TATA LOADER-OD02AY-0516,2026-06-13,0.0,June-2026
TOTAL ISSUE,2026-06-13,1301.0,June-2026
VICHELE NO.,2026-06-13,0.0,June-2026
VOLVO-300(5),2026-06-13,0.0,June-2026
VOLVO-300-7,2026-06-13,210.0,June-2026
VOLVO-480,2026-06-13,0.0,June-2026
VOLVO-480 (N),2026-06-13,0.0,June-2026
WATER PUMP,2026-06-13,0.0,June-2026
BD 85 DOZER,2026-06-14,0.0,June-2026
CRUSHER ( CONE ),2026-06-14,0.0,June-2026
CRUSHER ( JAW ),2026-06-14,0.0,June-2026
CRUSHER DG,2026-06-14,0.0,June-2026
CRUSHER(FEEDER),2026-06-14,0.0,June-2026
CRUSHER(NEW) HORRIZON,2026-06-14,0.0,June-2026
DOZZER D65E,2026-06-14,0.0,June-2026
DRILL-ELGI-650,2026-06-14,0.0,June-2026
GRADER OD09P-1732,2026-06-14,0.0,June-2026
HITACHI-120,2026-06-14,0.0,June-2026
HITACHI-350,2026-06-14,0.0,June-2026
JCB-8262 LOADER,2026-06-14,0.0,June-2026
JH01 T-8721 CHATU BABU,2026-06-14,0.0,June-2026
JH06G-4703,2026-06-14,0.0,June-2026
JH06G-5437,2026-06-14,0.0,June-2026
JH06G-5696,2026-06-14,0.0,June-2026
JH06H-3742,2026-06-14,0.0,June-2026
JH06H-5348,2026-06-14,0.0,June-2026
JH06H-6198 D.TANKER,2026-06-14,0.0,June-2026
JH06H-7764,2026-06-14,0.0,June-2026
JH06H-9654,2026-06-14,0.0,June-2026
JH06P-6214 SCORPIO,2026-06-14,0.0,June-2026
JH06T-7706,2026-06-14,0.0,June-2026
JRD-450+650-1,2026-06-14,0.0,June-2026
JRD-600+CD-360,2026-06-14,0.0,June-2026
KA01AN9755(NEW EICHER-DEMO),2026-06-14,0.0,June-2026
KAMASTU-210,2026-06-14,0.0,June-2026
KOBELCO-380 DMCS,2026-06-14,0.0,June-2026
KOMASTU-200,2026-06-14,0.0,June-2026
KOMASTU-210(N)_10.06.26,2026-06-14,0.0,June-2026
KOMASTU-350 DMC,2026-06-14,0.0,June-2026
L-6268 SDLG,2026-06-14,0.0,June-2026
LIGHT DG NEW(HORRIZON)_1,2026-06-14,0.0,June-2026
LIGHT DG NEW(HORRIZON)_2,2026-06-14,0.0,June-2026
LIGHT DG NEW(HORRIZON)_4,2026-06-14,0.0,June-2026
LOKO CONE,2026-06-14,0.0,June-2026
LOKO TRACK JAW,2026-06-14,0.0,June-2026
OD07AR-4113 DMC,2026-06-14,0.0,June-2026
OD09A-5105,2026-06-14,0.0,June-2026
OD09A-5106,2026-06-14,0.0,June-2026
OD09A-5666,2026-06-14,0.0,June-2026
OD09A-6059,2026-06-14,0.0,June-2026
OD09AE-5513 DMC,2026-06-14,0.0,June-2026
OD09C-1371,2026-06-14,0.0,June-2026
OD09C-1962,2026-06-14,0.0,June-2026
OD09C-1964,2026-06-14,0.0,June-2026
OD09C-4824,2026-06-14,0.0,June-2026
OD09C-4879,2026-06-14,0.0,June-2026
OD09C-5609 JCB,2026-06-14,0.0,June-2026
OD09C-8163,2026-06-14,0.0,June-2026
OD09C-8164,2026-06-14,0.0,June-2026
OD09C1965,2026-06-14,0.0,June-2026
OD09C4623,2026-06-14,0.0,June-2026
OD09C4624,2026-06-14,0.0,June-2026
OD09C4625,2026-06-14,0.0,June-2026
OD09C4823,2026-06-14,0.0,June-2026
OD09C5137,2026-06-14,0.0,June-2026
OD09G-6065 CAMPER,2026-06-14,0.0,June-2026
OD09K-2512 W.TANKER,2026-06-14,0.0,June-2026
OD09K-7213 BSM BUS,2026-06-14,0.0,June-2026
OD09P-2986 (CAMPAR),2026-06-14,0.0,June-2026
OD09P-6973 W.TANKER,2026-06-14,0.0,June-2026
OD09V-5619 TATA YODHA,2026-06-14,0.0,June-2026
OD09V-6296 SDLG-27.06.26,2026-06-14,0.0,June-2026
OD09Z-1202,2026-06-14,0.0,June-2026
OD09Z-1273,2026-06-14,0.0,June-2026
OD09Z-1274,2026-06-14,0.0,June-2026
OD09Z-5613 DMC,2026-06-14,0.0,June-2026
OD09Z-5713 DMC,2026-06-14,0.0,June-2026
OD09Z-5813 DMC,2026-06-14,0.0,June-2026
OD09Z-5913 DMC,2026-06-14,0.0,June-2026
ODO9C5136,2026-06-14,0.0,June-2026
POWER SCREEN RHS,2026-06-14,0.0,June-2026
TATA LOADER-OD02AY-0516,2026-06-14,0.0,June-2026
TOTAL ISSUE,2026-06-14,200.0,June-2026
VICHELE NO.,2026-06-14,0.0,June-2026
VOLVO-300(5),2026-06-14,0.0,June-2026
VOLVO-300-7,2026-06-14,0.0,June-2026
VOLVO-480,2026-06-14,200.0,June-2026
VOLVO-480 (N),2026-06-14,0.0,June-2026
WATER PUMP,2026-06-14,0.0,June-2026
BD 85 DOZER,2026-06-15,0.0,June-2026
CRUSHER ( CONE ),2026-06-15,0.0,June-2026
CRUSHER ( JAW ),2026-06-15,0.0,June-2026
CRUSHER DG,2026-06-15,0.0,June-2026
CRUSHER(FEEDER),2026-06-15,0.0,June-2026
CRUSHER(NEW) HORRIZON,2026-06-15,0.0,June-2026
DOZZER D65E,2026-06-15,0.0,June-2026
DRILL-ELGI-650,2026-06-15,0.0,June-2026
GRADER OD09P-1732,2026-06-15,0.0,June-2026
HITACHI-120,2026-06-15,0.0,June-2026
HITACHI-350,2026-06-15,250.0,June-2026
JCB-8262 LOADER,2026-06-15,55.0,June-2026
JH01 T-8721 CHATU BABU,2026-06-15,0.0,June-2026
JH06G-4703,2026-06-15,80.0,June-2026
JH06G-5437,2026-06-15,125.0,June-2026
JH06G-5696,2026-06-15,0.0,June-2026
JH06H-3742,2026-06-15,0.0,June-2026
JH06H-5348,2026-06-15,0.0,June-2026
JH06H-6198 D.TANKER,2026-06-15,0.0,June-2026
JH06H-7764,2026-06-15,0.0,June-2026
JH06H-9654,2026-06-15,0.0,June-2026
JH06P-6214 SCORPIO,2026-06-15,40.0,June-2026
JH06T-7706,2026-06-15,0.0,June-2026
JRD-450+650-1,2026-06-15,0.0,June-2026
JRD-600+CD-360,2026-06-15,0.0,June-2026
KA01AN9755(NEW EICHER-DEMO),2026-06-15,0.0,June-2026
KAMASTU-210,2026-06-15,0.0,June-2026
KOBELCO-380 DMCS,2026-06-15,0.0,June-2026
KOMASTU-200,2026-06-15,0.0,June-2026
KOMASTU-210(N)_10.06.26,2026-06-15,0.0,June-2026
KOMASTU-350 DMC,2026-06-15,0.0,June-2026
L-6268 SDLG,2026-06-15,0.0,June-2026
LIGHT DG NEW(HORRIZON)_1,2026-06-15,0.0,June-2026
LIGHT DG NEW(HORRIZON)_2,2026-06-15,0.0,June-2026
LIGHT DG NEW(HORRIZON)_4,2026-06-15,0.0,June-2026
LOKO CONE,2026-06-15,0.0,June-2026
LOKO TRACK JAW,2026-06-15,0.0,June-2026
OD07AR-4113 DMC,2026-06-15,0.0,June-2026
OD09A-5105,2026-06-15,100.0,June-2026
OD09A-5106,2026-06-15,0.0,June-2026
OD09A-5666,2026-06-15,0.0,June-2026
OD09A-6059,2026-06-15,0.0,June-2026
OD09AE-5513 DMC,2026-06-15,0.0,June-2026
OD09C-1371,2026-06-15,0.0,June-2026
OD09C-1962,2026-06-15,60.0,June-2026
OD09C-1964,2026-06-15,100.0,June-2026
OD09C-4824,2026-06-15,0.0,June-2026
OD09C-4879,2026-06-15,120.0,June-2026
OD09C-5609 JCB,2026-06-15,0.0,June-2026
OD09C-8163,2026-06-15,50.0,June-2026
OD09C-8164,2026-06-15,50.0,June-2026
OD09C1965,2026-06-15,0.0,June-2026
OD09C4623,2026-06-15,0.0,June-2026
OD09C4624,2026-06-15,0.0,June-2026
OD09C4625,2026-06-15,100.0,June-2026
OD09C4823,2026-06-15,0.0,June-2026
OD09C5137,2026-06-15,0.0,June-2026
OD09G-6065 CAMPER,2026-06-15,0.0,June-2026
OD09K-2512 W.TANKER,2026-06-15,50.0,June-2026
OD09K-7213 BSM BUS,2026-06-15,0.0,June-2026
OD09P-2986 (CAMPAR),2026-06-15,48.0,June-2026
OD09P-6973 W.TANKER,2026-06-15,100.0,June-2026
OD09V-5619 TATA YODHA,2026-06-15,0.0,June-2026
OD09V-6296 SDLG-27.06.26,2026-06-15,150.0,June-2026
OD09Z-1202,2026-06-15,0.0,June-2026
OD09Z-1273,2026-06-15,0.0,June-2026
OD09Z-1274,2026-06-15,0.0,June-2026
OD09Z-5613 DMC,2026-06-15,0.0,June-2026
OD09Z-5713 DMC,2026-06-15,0.0,June-2026
OD09Z-5813 DMC,2026-06-15,0.0,June-2026
OD09Z-5913 DMC,2026-06-15,0.0,June-2026
ODO9C5136,2026-06-15,0.0,June-2026
POWER SCREEN RHS,2026-06-15,0.0,June-2026
TATA LOADER-OD02AY-0516,2026-06-15,0.0,June-2026
TOTAL ISSUE,2026-06-15,2000.0,June-2026
VICHELE NO.,2026-06-15,0.0,June-2026
VOLVO-300(5),2026-06-15,0.0,June-2026
VOLVO-300-7,2026-06-15,250.0,June-2026
VOLVO-480,2026-06-15,72.0,June-2026
VOLVO-480 (N),2026-06-15,100.0,June-2026
WATER PUMP,2026-06-15,0.0,June-2026
BD 85 DOZER,2026-06-16,0.0,June-2026
CRUSHER ( CONE ),2026-06-16,0.0,June-2026
CRUSHER ( JAW ),2026-06-16,0.0,June-2026
CRUSHER DG,2026-06-16,0.0,June-2026
CRUSHER(FEEDER),2026-06-16,0.0,June-2026
CRUSHER(NEW) HORRIZON,2026-06-16,0.0,June-2026
DOZZER D65E,2026-06-16,0.0,June-2026
DRILL-ELGI-650,2026-06-16,0.0,June-2026
GRADER OD09P-1732,2026-06-16,0.0,June-2026
HITACHI-120,2026-06-16,0.0,June-2026
HITACHI-350,2026-06-16,150.0,June-2026
JCB-8262 LOADER,2026-06-16,0.0,June-2026
JH01 T-8721 CHATU BABU,2026-06-16,0.0,June-2026
JH06G-4703,2026-06-16,50.0,June-2026
JH06G-5437,2026-06-16,80.0,June-2026
JH06G-5696,2026-06-16,0.0,June-2026
JH06H-3742,2026-06-16,50.0,June-2026
JH06H-5348,2026-06-16,100.0,June-2026
JH06H-6198 D.TANKER,2026-06-16,0.0,June-2026
JH06H-7764,2026-06-16,0.0,June-2026
JH06H-9654,2026-06-16,100.0,June-2026
JH06P-6214 SCORPIO,2026-06-16,0.0,June-2026
JH06T-7706,2026-06-16,0.0,June-2026
JRD-450+650-1,2026-06-16,0.0,June-2026
JRD-600+CD-360,2026-06-16,0.0,June-2026
KA01AN9755(NEW EICHER-DEMO),2026-06-16,0.0,June-2026
KAMASTU-210,2026-06-16,0.0,June-2026
KOBELCO-380 DMCS,2026-06-16,0.0,June-2026
KOMASTU-200,2026-06-16,0.0,June-2026
KOMASTU-210(N)_10.06.26,2026-06-16,0.0,June-2026
KOMASTU-350 DMC,2026-06-16,0.0,June-2026
L-6268 SDLG,2026-06-16,0.0,June-2026
LIGHT DG NEW(HORRIZON)_1,2026-06-16,0.0,June-2026
LIGHT DG NEW(HORRIZON)_2,2026-06-16,0.0,June-2026
LIGHT DG NEW(HORRIZON)_4,2026-06-16,0.0,June-2026
LOKO CONE,2026-06-16,0.0,June-2026
LOKO TRACK JAW,2026-06-16,0.0,June-2026
OD07AR-4113 DMC,2026-06-16,0.0,June-2026
OD09A-5105,2026-06-16,100.0,June-2026
OD09A-5106,2026-06-16,0.0,June-2026
OD09A-5666,2026-06-16,0.0,June-2026
OD09A-6059,2026-06-16,0.0,June-2026
OD09AE-5513 DMC,2026-06-16,0.0,June-2026
OD09C-1371,2026-06-16,0.0,June-2026
OD09C-1962,2026-06-16,50.0,June-2026
OD09C-1964,2026-06-16,50.0,June-2026
OD09C-4824,2026-06-16,0.0,June-2026
OD09C-4879,2026-06-16,0.0,June-2026
OD09C-5609 JCB,2026-06-16,0.0,June-2026
OD09C-8163,2026-06-16,0.0,June-2026
OD09C-8164,2026-06-16,50.0,June-2026
OD09C1965,2026-06-16,0.0,June-2026
OD09C4623,2026-06-16,0.0,June-2026
OD09C4624,2026-06-16,100.0,June-2026
OD09C4625,2026-06-16,0.0,June-2026
OD09C4823,2026-06-16,0.0,June-2026
OD09C5137,2026-06-16,0.0,June-2026
OD09G-6065 CAMPER,2026-06-16,0.0,June-2026
OD09K-2512 W.TANKER,2026-06-16,0.0,June-2026
OD09K-7213 BSM BUS,2026-06-16,0.0,June-2026
OD09P-2986 (CAMPAR),2026-06-16,0.0,June-2026
OD09P-6973 W.TANKER,2026-06-16,0.0,June-2026
OD09V-5619 TATA YODHA,2026-06-16,70.0,June-2026
OD09V-6296 SDLG-27.06.26,2026-06-16,200.0,June-2026
OD09Z-1202,2026-06-16,0.0,June-2026
OD09Z-1273,2026-06-16,50.0,June-2026
OD09Z-1274,2026-06-16,0.0,June-2026
OD09Z-5613 DMC,2026-06-16,0.0,June-2026
OD09Z-5713 DMC,2026-06-16,0.0,June-2026
OD09Z-5813 DMC,2026-06-16,0.0,June-2026
OD09Z-5913 DMC,2026-06-16,0.0,June-2026
ODO9C5136,2026-06-16,0.0,June-2026
POWER SCREEN RHS,2026-06-16,0.0,June-2026
TATA LOADER-OD02AY-0516,2026-06-16,0.0,June-2026
TOTAL ISSUE,2026-06-16,1625.0,June-2026
VICHELE NO.,2026-06-16,0.0,June-2026
VOLVO-300(5),2026-06-16,0.0,June-2026
VOLVO-300-7,2026-06-16,220.0,June-2026
VOLVO-480,2026-06-16,200.0,June-2026
VOLVO-480 (N),2026-06-16,0.0,June-2026
WATER PUMP,2026-06-16,5.0,June-2026
BD 85 DOZER,2026-06-17,0.0,June-2026
CRUSHER ( CONE ),2026-06-17,0.0,June-2026
CRUSHER ( JAW ),2026-06-17,0.0,June-2026
CRUSHER DG,2026-06-17,0.0,June-2026
CRUSHER(FEEDER),2026-06-17,0.0,June-2026
CRUSHER(NEW) HORRIZON,2026-06-17,0.0,June-2026
DOZZER D65E,2026-06-17,100.0,June-2026
DRILL-ELGI-650,2026-06-17,0.0,June-2026
GRADER OD09P-1732,2026-06-17,0.0,June-2026
HITACHI-120,2026-06-17,0.0,June-2026
HITACHI-350,2026-06-17,0.0,June-2026
JCB-8262 LOADER,2026-06-17,160.0,June-2026
JH01 T-8721 CHATU BABU,2026-06-17,0.0,June-2026
JH06G-4703,2026-06-17,150.0,June-2026
JH06G-5437,2026-06-17,100.0,June-2026
JH06G-5696,2026-06-17,0.0,June-2026
JH06H-3742,2026-06-17,80.0,June-2026
JH06H-5348,2026-06-17,100.0,June-2026
JH06H-6198 D.TANKER,2026-06-17,0.0,June-2026
JH06H-7764,2026-06-17,0.0,June-2026
JH06H-9654,2026-06-17,90.0,June-2026
JH06P-6214 SCORPIO,2026-06-17,0.0,June-2026
JH06T-7706,2026-06-17,0.0,June-2026
JRD-450+650-1,2026-06-17,0.0,June-2026
JRD-600+CD-360,2026-06-17,0.0,June-2026
KA01AN9755(NEW EICHER-DEMO),2026-06-17,0.0,June-2026
KAMASTU-210,2026-06-17,165.0,June-2026
KOBELCO-380 DMCS,2026-06-17,0.0,June-2026
KOMASTU-200,2026-06-17,0.0,June-2026
KOMASTU-210(N)_10.06.26,2026-06-17,0.0,June-2026
KOMASTU-350 DMC,2026-06-17,0.0,June-2026
L-6268 SDLG,2026-06-17,0.0,June-2026
LIGHT DG NEW(HORRIZON)_1,2026-06-17,0.0,June-2026
LIGHT DG NEW(HORRIZON)_2,2026-06-17,0.0,June-2026
LIGHT DG NEW(HORRIZON)_4,2026-06-17,0.0,June-2026
LOKO CONE,2026-06-17,0.0,June-2026
LOKO TRACK JAW,2026-06-17,0.0,June-2026
OD07AR-4113 DMC,2026-06-17,0.0,June-2026
OD09A-5105,2026-06-17,150.0,June-2026
OD09A-5106,2026-06-17,0.0,June-2026
OD09A-5666,2026-06-17,0.0,June-2026
OD09A-6059,2026-06-17,0.0,June-2026
OD09AE-5513 DMC,2026-06-17,0.0,June-2026
OD09C-1371,2026-06-17,0.0,June-2026
OD09C-1962,2026-06-17,70.0,June-2026
OD09C-1964,2026-06-17,0.0,June-2026
OD09C-4824,2026-06-17,0.0,June-2026
OD09C-4879,2026-06-17,0.0,June-2026
OD09C-5609 JCB,2026-06-17,0.0,June-2026
OD09C-8163,2026-06-17,0.0,June-2026
OD09C-8164,2026-06-17,0.0,June-2026
OD09C1965,2026-06-17,0.0,June-2026
OD09C4623,2026-06-17,0.0,June-2026
OD09C4624,2026-06-17,80.0,June-2026
OD09C4625,2026-06-17,0.0,June-2026
OD09C4823,2026-06-17,0.0,June-2026
OD09C5137,2026-06-17,0.0,June-2026
OD09G-6065 CAMPER,2026-06-17,0.0,June-2026
OD09K-2512 W.TANKER,2026-06-17,0.0,June-2026
OD09K-7213 BSM BUS,2026-06-17,0.0,June-2026
OD09P-2986 (CAMPAR),2026-06-17,0.0,June-2026
OD09P-6973 W.TANKER,2026-06-17,0.0,June-2026
OD09V-5619 TATA YODHA,2026-06-17,0.0,June-2026
OD09V-6296 SDLG-27.06.26,2026-06-17,150.0,June-2026
OD09Z-1202,2026-06-17,0.0,June-2026
OD09Z-1273,2026-06-17,80.0,June-2026
OD09Z-1274,2026-06-17,0.0,June-2026
OD09Z-5613 DMC,2026-06-17,0.0,June-2026
OD09Z-5713 DMC,2026-06-17,0.0,June-2026
OD09Z-5813 DMC,2026-06-17,0.0,June-2026
OD09Z-5913 DMC,2026-06-17,0.0,June-2026
ODO9C5136,2026-06-17,0.0,June-2026
POWER SCREEN RHS,2026-06-17,0.0,June-2026
TATA LOADER-OD02AY-0516,2026-06-17,0.0,June-2026
TOTAL ISSUE,2026-06-17,1925.0,June-2026
VICHELE NO.,2026-06-17,0.0,June-2026
VOLVO-300(5),2026-06-17,0.0,June-2026
VOLVO-300-7,2026-06-17,250.0,June-2026
VOLVO-480,2026-06-17,100.0,June-2026
VOLVO-480 (N),2026-06-17,0.0,June-2026
WATER PUMP,2026-06-17,0.0,June-2026
BD 85 DOZER,2026-06-18,0.0,June-2026
CRUSHER ( CONE ),2026-06-18,0.0,June-2026
CRUSHER ( JAW ),2026-06-18,0.0,June-2026
CRUSHER DG,2026-06-18,0.0,June-2026
CRUSHER(FEEDER),2026-06-18,0.0,June-2026
CRUSHER(NEW) HORRIZON,2026-06-18,0.0,June-2026
DOZZER D65E,2026-06-18,0.0,June-2026
DRILL-ELGI-650,2026-06-18,0.0,June-2026
GRADER OD09P-1732,2026-06-18,0.0,June-2026
HITACHI-120,2026-06-18,0.0,June-2026
HITACHI-350,2026-06-18,0.0,June-2026
JCB-8262 LOADER,2026-06-18,0.0,June-2026
JH01 T-8721 CHATU BABU,2026-06-18,0.0,June-2026
JH06G-4703,2026-06-18,0.0,June-2026
JH06G-5437,2026-06-18,0.0,June-2026
JH06G-5696,2026-06-18,0.0,June-2026
JH06H-3742,2026-06-18,0.0,June-2026
JH06H-5348,2026-06-18,0.0,June-2026
JH06H-6198 D.TANKER,2026-06-18,0.0,June-2026
JH06H-7764,2026-06-18,0.0,June-2026
JH06H-9654,2026-06-18,0.0,June-2026
JH06P-6214 SCORPIO,2026-06-18,0.0,June-2026
JH06T-7706,2026-06-18,0.0,June-2026
JRD-450+650-1,2026-06-18,0.0,June-2026
JRD-600+CD-360,2026-06-18,0.0,June-2026
KA01AN9755(NEW EICHER-DEMO),2026-06-18,0.0,June-2026
KAMASTU-210,2026-06-18,0.0,June-2026
KOBELCO-380 DMCS,2026-06-18,0.0,June-2026
KOMASTU-200,2026-06-18,0.0,June-2026
KOMASTU-210(N)_10.06.26,2026-06-18,0.0,June-2026
KOMASTU-350 DMC,2026-06-18,0.0,June-2026
L-6268 SDLG,2026-06-18,0.0,June-2026
LIGHT DG NEW(HORRIZON)_1,2026-06-18,0.0,June-2026
LIGHT DG NEW(HORRIZON)_2,2026-06-18,0.0,June-2026
LIGHT DG NEW(HORRIZON)_4,2026-06-18,0.0,June-2026
LOKO CONE,2026-06-18,0.0,June-2026
LOKO TRACK JAW,2026-06-18,0.0,June-2026
OD07AR-4113 DMC,2026-06-18,0.0,June-2026
OD09A-5105,2026-06-18,0.0,June-2026
OD09A-5106,2026-06-18,0.0,June-2026
OD09A-5666,2026-06-18,0.0,June-2026
OD09A-6059,2026-06-18,0.0,June-2026
OD09AE-5513 DMC,2026-06-18,0.0,June-2026
OD09C-1371,2026-06-18,0.0,June-2026
OD09C-1962,2026-06-18,0.0,June-2026
OD09C-1964,2026-06-18,0.0,June-2026
OD09C-4824,2026-06-18,0.0,June-2026
OD09C-4879,2026-06-18,0.0,June-2026
OD09C-5609 JCB,2026-06-18,0.0,June-2026
OD09C-8163,2026-06-18,0.0,June-2026
OD09C-8164,2026-06-18,0.0,June-2026
OD09C1965,2026-06-18,0.0,June-2026
OD09C4623,2026-06-18,0.0,June-2026
OD09C4624,2026-06-18,0.0,June-2026
OD09C4625,2026-06-18,0.0,June-2026
OD09C4823,2026-06-18,0.0,June-2026
OD09C5137,2026-06-18,0.0,June-2026
OD09G-6065 CAMPER,2026-06-18,0.0,June-2026
OD09K-2512 W.TANKER,2026-06-18,0.0,June-2026
OD09K-7213 BSM BUS,2026-06-18,0.0,June-2026
OD09P-2986 (CAMPAR),2026-06-18,0.0,June-2026
OD09P-6973 W.TANKER,2026-06-18,0.0,June-2026
OD09V-5619 TATA YODHA,2026-06-18,0.0,June-2026
OD09V-6296 SDLG-27.06.26,2026-06-18,0.0,June-2026
OD09Z-1202,2026-06-18,0.0,June-2026
OD09Z-1273,2026-06-18,0.0,June-2026
OD09Z-1274,2026-06-18,0.0,June-2026
OD09Z-5613 DMC,2026-06-18,0.0,June-2026
OD09Z-5713 DMC,2026-06-18,0.0,June-2026
OD09Z-5813 DMC,2026-06-18,0.0,June-2026
OD09Z-5913 DMC,2026-06-18,0.0,June-2026
ODO9C5136,2026-06-18,0.0,June-2026
POWER SCREEN RHS,2026-06-18,0.0,June-2026
TATA LOADER-OD02AY-0516,2026-06-18,0.0,June-2026
TOTAL ISSUE,2026-06-18,220.0,June-2026
VICHELE NO.,2026-06-18,0.0,June-2026
VOLVO-300(5),2026-06-18,0.0,June-2026
VOLVO-300-7,2026-06-18,0.0,June-2026
VOLVO-480,2026-06-18,220.0,June-2026
VOLVO-480 (N),2026-06-18,0.0,June-2026
WATER PUMP,2026-06-18,0.0,June-2026
BD 85 DOZER,2026-06-19,0.0,June-2026
CRUSHER ( CONE ),2026-06-19,0.0,June-2026
CRUSHER ( JAW ),2026-06-19,0.0,June-2026
CRUSHER DG,2026-06-19,0.0,June-2026
CRUSHER(FEEDER),2026-06-19,0.0,June-2026
CRUSHER(NEW) HORRIZON,2026-06-19,0.0,June-2026
DOZZER D65E,2026-06-19,100.0,June-2026
DRILL-ELGI-650,2026-06-19,0.0,June-2026
GRADER OD09P-1732,2026-06-19,0.0,June-2026
HITACHI-120,2026-06-19,0.0,June-2026
HITACHI-350,2026-06-19,350.0,June-2026
JCB-8262 LOADER,2026-06-19,0.0,June-2026
JH01 T-8721 CHATU BABU,2026-06-19,0.0,June-2026
JH06G-4703,2026-06-19,70.0,June-2026
JH06G-5437,2026-06-19,100.0,June-2026
JH06G-5696,2026-06-19,0.0,June-2026
JH06H-3742,2026-06-19,0.0,June-2026
JH06H-5348,2026-06-19,50.0,June-2026
JH06H-6198 D.TANKER,2026-06-19,0.0,June-2026
JH06H-7764,2026-06-19,0.0,June-2026
JH06H-9654,2026-06-19,90.0,June-2026
JH06P-6214 SCORPIO,2026-06-19,0.0,June-2026
JH06T-7706,2026-06-19,0.0,June-2026
JRD-450+650-1,2026-06-19,0.0,June-2026
JRD-600+CD-360,2026-06-19,0.0,June-2026
KA01AN9755(NEW EICHER-DEMO),2026-06-19,0.0,June-2026
KAMASTU-210,2026-06-19,100.0,June-2026
KOBELCO-380 DMCS,2026-06-19,0.0,June-2026
KOMASTU-200,2026-06-19,0.0,June-2026
KOMASTU-210(N)_10.06.26,2026-06-19,0.0,June-2026
KOMASTU-350 DMC,2026-06-19,0.0,June-2026
L-6268 SDLG,2026-06-19,0.0,June-2026
LIGHT DG NEW(HORRIZON)_1,2026-06-19,0.0,June-2026
LIGHT DG NEW(HORRIZON)_2,2026-06-19,0.0,June-2026
LIGHT DG NEW(HORRIZON)_4,2026-06-19,0.0,June-2026
LOKO CONE,2026-06-19,0.0,June-2026
LOKO TRACK JAW,2026-06-19,0.0,June-2026
OD07AR-4113 DMC,2026-06-19,0.0,June-2026
OD09A-5105,2026-06-19,70.0,June-2026
OD09A-5106,2026-06-19,0.0,June-2026
OD09A-5666,2026-06-19,0.0,June-2026
OD09A-6059,2026-06-19,100.0,June-2026
OD09AE-5513 DMC,2026-06-19,0.0,June-2026
OD09C-1371,2026-06-19,0.0,June-2026
OD09C-1962,2026-06-19,0.0,June-2026
OD09C-1964,2026-06-19,130.0,June-2026
OD09C-4824,2026-06-19,0.0,June-2026
OD09C-4879,2026-06-19,0.0,June-2026
OD09C-5609 JCB,2026-06-19,0.0,June-2026
OD09C-8163,2026-06-19,0.0,June-2026
OD09C-8164,2026-06-19,0.0,June-2026
OD09C1965,2026-06-19,0.0,June-2026
OD09C4623,2026-06-19,0.0,June-2026
OD09C4624,2026-06-19,50.0,June-2026
OD09C4625,2026-06-19,100.0,June-2026
OD09C4823,2026-06-19,0.0,June-2026
OD09C5137,2026-06-19,0.0,June-2026
OD09G-6065 CAMPER,2026-06-19,20.0,June-2026
OD09K-2512 W.TANKER,2026-06-19,0.0,June-2026
OD09K-7213 BSM BUS,2026-06-19,20.0,June-2026
OD09P-2986 (CAMPAR),2026-06-19,47.0,June-2026
OD09P-6973 W.TANKER,2026-06-19,100.0,June-2026
OD09V-5619 TATA YODHA,2026-06-19,0.0,June-2026
OD09V-6296 SDLG-27.06.26,2026-06-19,100.0,June-2026
OD09Z-1202,2026-06-19,0.0,June-2026
OD09Z-1273,2026-06-19,100.0,June-2026
OD09Z-1274,2026-06-19,0.0,June-2026
OD09Z-5613 DMC,2026-06-19,0.0,June-2026
OD09Z-5713 DMC,2026-06-19,0.0,June-2026
OD09Z-5813 DMC,2026-06-19,0.0,June-2026
OD09Z-5913 DMC,2026-06-19,0.0,June-2026
ODO9C5136,2026-06-19,0.0,June-2026
POWER SCREEN RHS,2026-06-19,0.0,June-2026
TATA LOADER-OD02AY-0516,2026-06-19,0.0,June-2026
TOTAL ISSUE,2026-06-19,1902.0,June-2026
VICHELE NO.,2026-06-19,0.0,June-2026
VOLVO-300(5),2026-06-19,0.0,June-2026
VOLVO-300-7,2026-06-19,100.0,June-2026
VOLVO-480,2026-06-19,0.0,June-2026
VOLVO-480 (N),2026-06-19,100.0,June-2026
WATER PUMP,2026-06-19,5.0,June-2026
BD 85 DOZER,2026-06-20,0.0,June-2026
CRUSHER ( CONE ),2026-06-20,0.0,June-2026
CRUSHER ( JAW ),2026-06-20,0.0,June-2026
CRUSHER DG,2026-06-20,0.0,June-2026
CRUSHER(FEEDER),2026-06-20,0.0,June-2026
CRUSHER(NEW) HORRIZON,2026-06-20,0.0,June-2026
DOZZER D65E,2026-06-20,100.0,June-2026
DRILL-ELGI-650,2026-06-20,0.0,June-2026
GRADER OD09P-1732,2026-06-20,0.0,June-2026
HITACHI-120,2026-06-20,0.0,June-2026
HITACHI-350,2026-06-20,150.0,June-2026
JCB-8262 LOADER,2026-06-20,145.0,June-2026
JH01 T-8721 CHATU BABU,2026-06-20,0.0,June-2026
JH06G-4703,2026-06-20,50.0,June-2026
JH06G-5437,2026-06-20,0.0,June-2026
JH06G-5696,2026-06-20,0.0,June-2026
JH06H-3742,2026-06-20,10.0,June-2026
JH06H-5348,2026-06-20,100.0,June-2026
JH06H-6198 D.TANKER,2026-06-20,0.0,June-2026
JH06H-7764,2026-06-20,0.0,June-2026
JH06H-9654,2026-06-20,70.0,June-2026
JH06P-6214 SCORPIO,2026-06-20,0.0,June-2026
JH06T-7706,2026-06-20,0.0,June-2026
JRD-450+650-1,2026-06-20,0.0,June-2026
JRD-600+CD-360,2026-06-20,100.0,June-2026
KA01AN9755(NEW EICHER-DEMO),2026-06-20,0.0,June-2026
KAMASTU-210,2026-06-20,123.0,June-2026
KOBELCO-380 DMCS,2026-06-20,0.0,June-2026
KOMASTU-200,2026-06-20,0.0,June-2026
KOMASTU-210(N)_10.06.26,2026-06-20,0.0,June-2026
KOMASTU-350 DMC,2026-06-20,0.0,June-2026
L-6268 SDLG,2026-06-20,0.0,June-2026
LIGHT DG NEW(HORRIZON)_1,2026-06-20,0.0,June-2026
LIGHT DG NEW(HORRIZON)_2,2026-06-20,0.0,June-2026
LIGHT DG NEW(HORRIZON)_4,2026-06-20,0.0,June-2026
LOKO CONE,2026-06-20,0.0,June-2026
LOKO TRACK JAW,2026-06-20,0.0,June-2026
OD07AR-4113 DMC,2026-06-20,0.0,June-2026
OD09A-5105,2026-06-20,100.0,June-2026
OD09A-5106,2026-06-20,0.0,June-2026
OD09A-5666,2026-06-20,0.0,June-2026
OD09A-6059,2026-06-20,100.0,June-2026
OD09AE-5513 DMC,2026-06-20,0.0,June-2026
OD09C-1371,2026-06-20,0.0,June-2026
OD09C-1962,2026-06-20,100.0,June-2026
OD09C-1964,2026-06-20,0.0,June-2026
OD09C-4824,2026-06-20,100.0,June-2026
OD09C-4879,2026-06-20,0.0,June-2026
OD09C-5609 JCB,2026-06-20,0.0,June-2026
OD09C-8163,2026-06-20,50.0,June-2026
OD09C-8164,2026-06-20,0.0,June-2026
OD09C1965,2026-06-20,0.0,June-2026
OD09C4623,2026-06-20,0.0,June-2026
OD09C4624,2026-06-20,60.0,June-2026
OD09C4625,2026-06-20,80.0,June-2026
OD09C4823,2026-06-20,0.0,June-2026
OD09C5137,2026-06-20,50.0,June-2026
OD09G-6065 CAMPER,2026-06-20,0.0,June-2026
OD09K-2512 W.TANKER,2026-06-20,0.0,June-2026
OD09K-7213 BSM BUS,2026-06-20,0.0,June-2026
OD09P-2986 (CAMPAR),2026-06-20,0.0,June-2026
OD09P-6973 W.TANKER,2026-06-20,0.0,June-2026
OD09V-5619 TATA YODHA,2026-06-20,40.0,June-2026
OD09V-6296 SDLG-27.06.26,2026-06-20,100.0,June-2026
OD09Z-1202,2026-06-20,0.0,June-2026
OD09Z-1273,2026-06-20,80.0,June-2026
OD09Z-1274,2026-06-20,100.0,June-2026
OD09Z-5613 DMC,2026-06-20,0.0,June-2026
OD09Z-5713 DMC,2026-06-20,0.0,June-2026
OD09Z-5813 DMC,2026-06-20,0.0,June-2026
OD09Z-5913 DMC,2026-06-20,0.0,June-2026
ODO9C5136,2026-06-20,0.0,June-2026
POWER SCREEN RHS,2026-06-20,0.0,June-2026
TATA LOADER-OD02AY-0516,2026-06-20,0.0,June-2026
TOTAL ISSUE,2026-06-20,2565.0,June-2026
VICHELE NO.,2026-06-20,0.0,June-2026
VOLVO-300(5),2026-06-20,0.0,June-2026
VOLVO-300-7,2026-06-20,200.0,June-2026
VOLVO-480,2026-06-20,202.0,June-2026
VOLVO-480 (N),2026-06-20,250.0,June-2026
WATER PUMP,2026-06-20,5.0,June-2026
BD 85 DOZER,2026-06-21,0.0,June-2026
CRUSHER ( CONE ),2026-06-21,0.0,June-2026
CRUSHER ( JAW ),2026-06-21,0.0,June-2026
CRUSHER DG,2026-06-21,0.0,June-2026
CRUSHER(FEEDER),2026-06-21,0.0,June-2026
CRUSHER(NEW) HORRIZON,2026-06-21,0.0,June-2026
DOZZER D65E,2026-06-21,100.0,June-2026
DRILL-ELGI-650,2026-06-21,0.0,June-2026
GRADER OD09P-1732,2026-06-21,0.0,June-2026
HITACHI-120,2026-06-21,0.0,June-2026
HITACHI-350,2026-06-21,100.0,June-2026
JCB-8262 LOADER,2026-06-21,161.0,June-2026
JH01 T-8721 CHATU BABU,2026-06-21,0.0,June-2026
JH06G-4703,2026-06-21,0.0,June-2026
JH06G-5437,2026-06-21,100.0,June-2026
JH06G-5696,2026-06-21,0.0,June-2026
JH06H-3742,2026-06-21,120.0,June-2026
JH06H-5348,2026-06-21,50.0,June-2026
JH06H-6198 D.TANKER,2026-06-21,0.0,June-2026
JH06H-7764,2026-06-21,0.0,June-2026
JH06H-9654,2026-06-21,70.0,June-2026
JH06P-6214 SCORPIO,2026-06-21,40.0,June-2026
JH06T-7706,2026-06-21,0.0,June-2026
JRD-450+650-1,2026-06-21,0.0,June-2026
JRD-600+CD-360,2026-06-21,250.0,June-2026
KA01AN9755(NEW EICHER-DEMO),2026-06-21,0.0,June-2026
KAMASTU-210,2026-06-21,0.0,June-2026
KOBELCO-380 DMCS,2026-06-21,0.0,June-2026
KOMASTU-200,2026-06-21,0.0,June-2026
KOMASTU-210(N)_10.06.26,2026-06-21,0.0,June-2026
KOMASTU-350 DMC,2026-06-21,0.0,June-2026
L-6268 SDLG,2026-06-21,0.0,June-2026
LIGHT DG NEW(HORRIZON)_1,2026-06-21,0.0,June-2026
LIGHT DG NEW(HORRIZON)_2,2026-06-21,0.0,June-2026
LIGHT DG NEW(HORRIZON)_4,2026-06-21,0.0,June-2026
LOKO CONE,2026-06-21,0.0,June-2026
LOKO TRACK JAW,2026-06-21,0.0,June-2026
OD07AR-4113 DMC,2026-06-21,0.0,June-2026
OD09A-5105,2026-06-21,100.0,June-2026
OD09A-5106,2026-06-21,70.0,June-2026
OD09A-5666,2026-06-21,0.0,June-2026
OD09A-6059,2026-06-21,130.0,June-2026
OD09AE-5513 DMC,2026-06-21,0.0,June-2026
OD09C-1371,2026-06-21,0.0,June-2026
OD09C-1962,2026-06-21,120.0,June-2026
OD09C-1964,2026-06-21,150.0,June-2026
OD09C-4824,2026-06-21,100.0,June-2026
OD09C-4879,2026-06-21,0.0,June-2026
OD09C-5609 JCB,2026-06-21,0.0,June-2026
OD09C-8163,2026-06-21,0.0,June-2026
OD09C-8164,2026-06-21,0.0,June-2026
OD09C1965,2026-06-21,0.0,June-2026
OD09C4623,2026-06-21,0.0,June-2026
OD09C4624,2026-06-21,120.0,June-2026
OD09C4625,2026-06-21,80.0,June-2026
OD09C4823,2026-06-21,0.0,June-2026
OD09C5137,2026-06-21,0.0,June-2026
OD09G-6065 CAMPER,2026-06-21,0.0,June-2026
OD09K-2512 W.TANKER,2026-06-21,0.0,June-2026
OD09K-7213 BSM BUS,2026-06-21,20.0,June-2026
OD09P-2986 (CAMPAR),2026-06-21,0.0,June-2026
OD09P-6973 W.TANKER,2026-06-21,100.0,June-2026
OD09V-5619 TATA YODHA,2026-06-21,100.0,June-2026
OD09V-6296 SDLG-27.06.26,2026-06-21,300.0,June-2026
OD09Z-1202,2026-06-21,0.0,June-2026
OD09Z-1273,2026-06-21,50.0,June-2026
OD09Z-1274,2026-06-21,0.0,June-2026
OD09Z-5613 DMC,2026-06-21,0.0,June-2026
OD09Z-5713 DMC,2026-06-21,0.0,June-2026
OD09Z-5813 DMC,2026-06-21,0.0,June-2026
OD09Z-5913 DMC,2026-06-21,0.0,June-2026
ODO9C5136,2026-06-21,0.0,June-2026
POWER SCREEN RHS,2026-06-21,0.0,June-2026
TATA LOADER-OD02AY-0516,2026-06-21,0.0,June-2026
TOTAL ISSUE,2026-06-21,2931.0,June-2026
VICHELE NO.,2026-06-21,0.0,June-2026
VOLVO-300(5),2026-06-21,0.0,June-2026
VOLVO-300-7,2026-06-21,0.0,June-2026
VOLVO-480,2026-06-21,200.0,June-2026
VOLVO-480 (N),2026-06-21,300.0,June-2026
WATER PUMP,2026-06-21,0.0,June-2026
BD 85 DOZER,2026-06-22,0.0,June-2026
CRUSHER ( CONE ),2026-06-22,0.0,June-2026
CRUSHER ( JAW ),2026-06-22,0.0,June-2026
CRUSHER DG,2026-06-22,0.0,June-2026
CRUSHER(FEEDER),2026-06-22,0.0,June-2026
CRUSHER(NEW) HORRIZON,2026-06-22,0.0,June-2026
DOZZER D65E,2026-06-22,150.0,June-2026
DRILL-ELGI-650,2026-06-22,0.0,June-2026
GRADER OD09P-1732,2026-06-22,0.0,June-2026
HITACHI-120,2026-06-22,0.0,June-2026
HITACHI-350,2026-06-22,250.0,June-2026
JCB-8262 LOADER,2026-06-22,103.0,June-2026
JH01 T-8721 CHATU BABU,2026-06-22,0.0,June-2026
JH06G-4703,2026-06-22,0.0,June-2026
JH06G-5437,2026-06-22,100.0,June-2026
JH06G-5696,2026-06-22,0.0,June-2026
JH06H-3742,2026-06-22,105.0,June-2026
JH06H-5348,2026-06-22,50.0,June-2026
JH06H-6198 D.TANKER,2026-06-22,0.0,June-2026
JH06H-7764,2026-06-22,0.0,June-2026
JH06H-9654,2026-06-22,50.0,June-2026
JH06P-6214 SCORPIO,2026-06-22,0.0,June-2026
JH06T-7706,2026-06-22,0.0,June-2026
JRD-450+650-1,2026-06-22,200.0,June-2026
JRD-600+CD-360,2026-06-22,332.0,June-2026
KA01AN9755(NEW EICHER-DEMO),2026-06-22,0.0,June-2026
KAMASTU-210,2026-06-22,200.0,June-2026
KOBELCO-380 DMCS,2026-06-22,0.0,June-2026
KOMASTU-200,2026-06-22,0.0,June-2026
KOMASTU-210(N)_10.06.26,2026-06-22,0.0,June-2026
KOMASTU-350 DMC,2026-06-22,0.0,June-2026
L-6268 SDLG,2026-06-22,0.0,June-2026
LIGHT DG NEW(HORRIZON)_1,2026-06-22,0.0,June-2026
LIGHT DG NEW(HORRIZON)_2,2026-06-22,0.0,June-2026
LIGHT DG NEW(HORRIZON)_4,2026-06-22,0.0,June-2026
LOKO CONE,2026-06-22,0.0,June-2026
LOKO TRACK JAW,2026-06-22,0.0,June-2026
OD07AR-4113 DMC,2026-06-22,0.0,June-2026
OD09A-5105,2026-06-22,100.0,June-2026
OD09A-5106,2026-06-22,70.0,June-2026
OD09A-5666,2026-06-22,0.0,June-2026
OD09A-6059,2026-06-22,100.0,June-2026
OD09AE-5513 DMC,2026-06-22,0.0,June-2026
OD09C-1371,2026-06-22,0.0,June-2026
OD09C-1962,2026-06-22,80.0,June-2026
OD09C-1964,2026-06-22,100.0,June-2026
OD09C-4824,2026-06-22,0.0,June-2026
OD09C-4879,2026-06-22,0.0,June-2026
OD09C-5609 JCB,2026-06-22,0.0,June-2026
OD09C-8163,2026-06-22,50.0,June-2026
OD09C-8164,2026-06-22,0.0,June-2026
OD09C1965,2026-06-22,0.0,June-2026
OD09C4623,2026-06-22,0.0,June-2026
OD09C4624,2026-06-22,0.0,June-2026
OD09C4625,2026-06-22,50.0,June-2026
OD09C4823,2026-06-22,0.0,June-2026
OD09C5137,2026-06-22,0.0,June-2026
OD09G-6065 CAMPER,2026-06-22,20.0,June-2026
OD09K-2512 W.TANKER,2026-06-22,0.0,June-2026
OD09K-7213 BSM BUS,2026-06-22,0.0,June-2026
OD09P-2986 (CAMPAR),2026-06-22,41.0,June-2026
OD09P-6973 W.TANKER,2026-06-22,0.0,June-2026
OD09V-5619 TATA YODHA,2026-06-22,0.0,June-2026
OD09V-6296 SDLG-27.06.26,2026-06-22,150.0,June-2026
OD09Z-1202,2026-06-22,0.0,June-2026
OD09Z-1273,2026-06-22,70.0,June-2026
OD09Z-1274,2026-06-22,0.0,June-2026
OD09Z-5613 DMC,2026-06-22,0.0,June-2026
OD09Z-5713 DMC,2026-06-22,0.0,June-2026
OD09Z-5813 DMC,2026-06-22,0.0,June-2026
OD09Z-5913 DMC,2026-06-22,0.0,June-2026
ODO9C5136,2026-06-22,0.0,June-2026
POWER SCREEN RHS,2026-06-22,0.0,June-2026
TATA LOADER-OD02AY-0516,2026-06-22,0.0,June-2026
TOTAL ISSUE,2026-06-22,2726.0,June-2026
VICHELE NO.,2026-06-22,0.0,June-2026
VOLVO-300(5),2026-06-22,0.0,June-2026
VOLVO-300-7,2026-06-22,0.0,June-2026
VOLVO-480,2026-06-22,200.0,June-2026
VOLVO-480 (N),2026-06-22,150.0,June-2026
WATER PUMP,2026-06-22,5.0,June-2026
BD 85 DOZER,2026-06-23,0.0,June-2026
CRUSHER ( CONE ),2026-06-23,0.0,June-2026
CRUSHER ( JAW ),2026-06-23,0.0,June-2026
CRUSHER DG,2026-06-23,0.0,June-2026
CRUSHER(FEEDER),2026-06-23,0.0,June-2026
CRUSHER(NEW) HORRIZON,2026-06-23,0.0,June-2026
DOZZER D65E,2026-06-23,150.0,June-2026
DRILL-ELGI-650,2026-06-23,0.0,June-2026
GRADER OD09P-1732,2026-06-23,0.0,June-2026
HITACHI-120,2026-06-23,0.0,June-2026
HITACHI-350,2026-06-23,250.0,June-2026
JCB-8262 LOADER,2026-06-23,138.0,June-2026
JH01 T-8721 CHATU BABU,2026-06-23,0.0,June-2026
JH06G-4703,2026-06-23,0.0,June-2026
JH06G-5437,2026-06-23,80.0,June-2026
JH06G-5696,2026-06-23,0.0,June-2026
JH06H-3742,2026-06-23,0.0,June-2026
JH06H-5348,2026-06-23,100.0,June-2026
JH06H-6198 D.TANKER,2026-06-23,0.0,June-2026
JH06H-7764,2026-06-23,0.0,June-2026
JH06H-9654,2026-06-23,0.0,June-2026
JH06P-6214 SCORPIO,2026-06-23,0.0,June-2026
JH06T-7706,2026-06-23,0.0,June-2026
JRD-450+650-1,2026-06-23,150.0,June-2026
JRD-600+CD-360,2026-06-23,0.0,June-2026
KA01AN9755(NEW EICHER-DEMO),2026-06-23,0.0,June-2026
KAMASTU-210,2026-06-23,0.0,June-2026
KOBELCO-380 DMCS,2026-06-23,0.0,June-2026
KOMASTU-200,2026-06-23,0.0,June-2026
KOMASTU-210(N)_10.06.26,2026-06-23,0.0,June-2026
KOMASTU-350 DMC,2026-06-23,0.0,June-2026
L-6268 SDLG,2026-06-23,0.0,June-2026
LIGHT DG NEW(HORRIZON)_1,2026-06-23,0.0,June-2026
LIGHT DG NEW(HORRIZON)_2,2026-06-23,0.0,June-2026
LIGHT DG NEW(HORRIZON)_4,2026-06-23,0.0,June-2026
LOKO CONE,2026-06-23,0.0,June-2026
LOKO TRACK JAW,2026-06-23,0.0,June-2026
OD07AR-4113 DMC,2026-06-23,0.0,June-2026
OD09A-5105,2026-06-23,50.0,June-2026
OD09A-5106,2026-06-23,0.0,June-2026
OD09A-5666,2026-06-23,0.0,June-2026
OD09A-6059,2026-06-23,50.0,June-2026
OD09AE-5513 DMC,2026-06-23,0.0,June-2026
OD09C-1371,2026-06-23,0.0,June-2026
OD09C-1962,2026-06-23,80.0,June-2026
OD09C-1964,2026-06-23,50.0,June-2026
OD09C-4824,2026-06-23,70.0,June-2026
OD09C-4879,2026-06-23,0.0,June-2026
OD09C-5609 JCB,2026-06-23,0.0,June-2026
OD09C-8163,2026-06-23,0.0,June-2026
OD09C-8164,2026-06-23,100.0,June-2026
OD09C1965,2026-06-23,0.0,June-2026
OD09C4623,2026-06-23,0.0,June-2026
OD09C4624,2026-06-23,100.0,June-2026
OD09C4625,2026-06-23,0.0,June-2026
OD09C4823,2026-06-23,0.0,June-2026
OD09C5137,2026-06-23,0.0,June-2026
OD09G-6065 CAMPER,2026-06-23,0.0,June-2026
OD09K-2512 W.TANKER,2026-06-23,50.0,June-2026
OD09K-7213 BSM BUS,2026-06-23,25.0,June-2026
OD09P-2986 (CAMPAR),2026-06-23,0.0,June-2026
OD09P-6973 W.TANKER,2026-06-23,0.0,June-2026
OD09V-5619 TATA YODHA,2026-06-23,0.0,June-2026
OD09V-6296 SDLG-27.06.26,2026-06-23,250.0,June-2026
OD09Z-1202,2026-06-23,0.0,June-2026
OD09Z-1273,2026-06-23,50.0,June-2026
OD09Z-1274,2026-06-23,170.0,June-2026
OD09Z-5613 DMC,2026-06-23,0.0,June-2026
OD09Z-5713 DMC,2026-06-23,0.0,June-2026
OD09Z-5813 DMC,2026-06-23,0.0,June-2026
OD09Z-5913 DMC,2026-06-23,0.0,June-2026
ODO9C5136,2026-06-23,0.0,June-2026
POWER SCREEN RHS,2026-06-23,0.0,June-2026
TATA LOADER-OD02AY-0516,2026-06-23,0.0,June-2026
TOTAL ISSUE,2026-06-23,2018.0,June-2026
VICHELE NO.,2026-06-23,0.0,June-2026
VOLVO-300(5),2026-06-23,0.0,June-2026
VOLVO-300-7,2026-06-23,0.0,June-2026
VOLVO-480,2026-06-23,0.0,June-2026
VOLVO-480 (N),2026-06-23,0.0,June-2026
WATER PUMP,2026-06-23,0.0,June-2026
BD 85 DOZER,2026-06-24,0.0,June-2026
CRUSHER ( CONE ),2026-06-24,0.0,June-2026
CRUSHER ( JAW ),2026-06-24,0.0,June-2026
CRUSHER DG,2026-06-24,0.0,June-2026
CRUSHER(FEEDER),2026-06-24,0.0,June-2026
CRUSHER(NEW) HORRIZON,2026-06-24,0.0,June-2026
DOZZER D65E,2026-06-24,0.0,June-2026
DRILL-ELGI-650,2026-06-24,0.0,June-2026
GRADER OD09P-1732,2026-06-24,0.0,June-2026
HITACHI-120,2026-06-24,0.0,June-2026
HITACHI-350,2026-06-24,285.0,June-2026
JCB-8262 LOADER,2026-06-24,176.0,June-2026
JH01 T-8721 CHATU BABU,2026-06-24,0.0,June-2026
JH06G-4703,2026-06-24,50.0,June-2026
JH06G-5437,2026-06-24,50.0,June-2026
JH06G-5696,2026-06-24,0.0,June-2026
JH06H-3742,2026-06-24,100.0,June-2026
JH06H-5348,2026-06-24,70.0,June-2026
JH06H-6198 D.TANKER,2026-06-24,0.0,June-2026
JH06H-7764,2026-06-24,0.0,June-2026
JH06H-9654,2026-06-24,0.0,June-2026
JH06P-6214 SCORPIO,2026-06-24,0.0,June-2026
JH06T-7706,2026-06-24,0.0,June-2026
JRD-450+650-1,2026-06-24,150.0,June-2026
JRD-600+CD-360,2026-06-24,0.0,June-2026
KA01AN9755(NEW EICHER-DEMO),2026-06-24,0.0,June-2026
KAMASTU-210,2026-06-24,200.0,June-2026
KOBELCO-380 DMCS,2026-06-24,0.0,June-2026
KOMASTU-200,2026-06-24,0.0,June-2026
KOMASTU-210(N)_10.06.26,2026-06-24,0.0,June-2026
KOMASTU-350 DMC,2026-06-24,0.0,June-2026
L-6268 SDLG,2026-06-24,0.0,June-2026
LIGHT DG NEW(HORRIZON)_1,2026-06-24,0.0,June-2026
LIGHT DG NEW(HORRIZON)_2,2026-06-24,0.0,June-2026
LIGHT DG NEW(HORRIZON)_4,2026-06-24,0.0,June-2026
LOKO CONE,2026-06-24,0.0,June-2026
LOKO TRACK JAW,2026-06-24,0.0,June-2026
OD07AR-4113 DMC,2026-06-24,0.0,June-2026
OD09A-5105,2026-06-24,100.0,June-2026
OD09A-5106,2026-06-24,100.0,June-2026
OD09A-5666,2026-06-24,0.0,June-2026
OD09A-6059,2026-06-24,50.0,June-2026
OD09AE-5513 DMC,2026-06-24,0.0,June-2026
OD09C-1371,2026-06-24,0.0,June-2026
OD09C-1962,2026-06-24,50.0,June-2026
OD09C-1964,2026-06-24,50.0,June-2026
OD09C-4824,2026-06-24,0.0,June-2026
OD09C-4879,2026-06-24,0.0,June-2026
OD09C-5609 JCB,2026-06-24,0.0,June-2026
OD09C-8163,2026-06-24,0.0,June-2026
OD09C-8164,2026-06-24,50.0,June-2026
OD09C1965,2026-06-24,0.0,June-2026
OD09C4623,2026-06-24,0.0,June-2026
OD09C4624,2026-06-24,100.0,June-2026
OD09C4625,2026-06-24,100.0,June-2026
OD09C4823,2026-06-24,0.0,June-2026
OD09C5137,2026-06-24,0.0,June-2026
OD09G-6065 CAMPER,2026-06-24,20.0,June-2026
OD09K-2512 W.TANKER,2026-06-24,0.0,June-2026
OD09K-7213 BSM BUS,2026-06-24,0.0,June-2026
OD09P-2986 (CAMPAR),2026-06-24,0.0,June-2026
OD09P-6973 W.TANKER,2026-06-24,100.0,June-2026
OD09V-5619 TATA YODHA,2026-06-24,0.0,June-2026
OD09V-6296 SDLG-27.06.26,2026-06-24,120.0,June-2026
OD09Z-1202,2026-06-24,0.0,June-2026
OD09Z-1273,2026-06-24,70.0,June-2026
OD09Z-1274,2026-06-24,0.0,June-2026
OD09Z-5613 DMC,2026-06-24,0.0,June-2026
OD09Z-5713 DMC,2026-06-24,0.0,June-2026
OD09Z-5813 DMC,2026-06-24,0.0,June-2026
OD09Z-5913 DMC,2026-06-24,0.0,June-2026
ODO9C5136,2026-06-24,0.0,June-2026
POWER SCREEN RHS,2026-06-24,0.0,June-2026
TATA LOADER-OD02AY-0516,2026-06-24,0.0,June-2026
TOTAL ISSUE,2026-06-24,2596.0,June-2026
VICHELE NO.,2026-06-24,0.0,June-2026
VOLVO-300(5),2026-06-24,0.0,June-2026
VOLVO-300-7,2026-06-24,0.0,June-2026
VOLVO-480,2026-06-24,300.0,June-2026
VOLVO-480 (N),2026-06-24,200.0,June-2026
WATER PUMP,2026-06-24,5.0,June-2026
BD 85 DOZER,2026-06-25,0.0,June-2026
CRUSHER ( CONE ),2026-06-25,0.0,June-2026
CRUSHER ( JAW ),2026-06-25,0.0,June-2026
CRUSHER DG,2026-06-25,0.0,June-2026
CRUSHER(FEEDER),2026-06-25,0.0,June-2026
CRUSHER(NEW) HORRIZON,2026-06-25,0.0,June-2026
DOZZER D65E,2026-06-25,0.0,June-2026
DRILL-ELGI-650,2026-06-25,0.0,June-2026
GRADER OD09P-1732,2026-06-25,0.0,June-2026
HITACHI-120,2026-06-25,0.0,June-2026
HITACHI-350,2026-06-25,0.0,June-2026
JCB-8262 LOADER,2026-06-25,0.0,June-2026
JH01 T-8721 CHATU BABU,2026-06-25,0.0,June-2026
JH06G-4703,2026-06-25,0.0,June-2026
JH06G-5437,2026-06-25,0.0,June-2026
JH06G-5696,2026-06-25,0.0,June-2026
JH06H-3742,2026-06-25,0.0,June-2026
JH06H-5348,2026-06-25,0.0,June-2026
JH06H-6198 D.TANKER,2026-06-25,0.0,June-2026
JH06H-7764,2026-06-25,0.0,June-2026
JH06H-9654,2026-06-25,0.0,June-2026
JH06P-6214 SCORPIO,2026-06-25,0.0,June-2026
JH06T-7706,2026-06-25,0.0,June-2026
JRD-450+650-1,2026-06-25,0.0,June-2026
JRD-600+CD-360,2026-06-25,0.0,June-2026
KA01AN9755(NEW EICHER-DEMO),2026-06-25,0.0,June-2026
KAMASTU-210,2026-06-25,0.0,June-2026
KOBELCO-380 DMCS,2026-06-25,0.0,June-2026
KOMASTU-200,2026-06-25,0.0,June-2026
KOMASTU-210(N)_10.06.26,2026-06-25,0.0,June-2026
KOMASTU-350 DMC,2026-06-25,0.0,June-2026
L-6268 SDLG,2026-06-25,0.0,June-2026
LIGHT DG NEW(HORRIZON)_1,2026-06-25,0.0,June-2026
LIGHT DG NEW(HORRIZON)_2,2026-06-25,0.0,June-2026
LIGHT DG NEW(HORRIZON)_4,2026-06-25,0.0,June-2026
LOKO CONE,2026-06-25,0.0,June-2026
LOKO TRACK JAW,2026-06-25,0.0,June-2026
OD07AR-4113 DMC,2026-06-25,0.0,June-2026
OD09A-5105,2026-06-25,0.0,June-2026
OD09A-5106,2026-06-25,0.0,June-2026
OD09A-5666,2026-06-25,0.0,June-2026
OD09A-6059,2026-06-25,0.0,June-2026
OD09AE-5513 DMC,2026-06-25,0.0,June-2026
OD09C-1371,2026-06-25,0.0,June-2026
OD09C-1962,2026-06-25,0.0,June-2026
OD09C-1964,2026-06-25,0.0,June-2026
OD09C-4824,2026-06-25,0.0,June-2026
OD09C-4879,2026-06-25,0.0,June-2026
OD09C-5609 JCB,2026-06-25,0.0,June-2026
OD09C-8163,2026-06-25,0.0,June-2026
OD09C-8164,2026-06-25,0.0,June-2026
OD09C1965,2026-06-25,0.0,June-2026
OD09C4623,2026-06-25,0.0,June-2026
OD09C4624,2026-06-25,0.0,June-2026
OD09C4625,2026-06-25,0.0,June-2026
OD09C4823,2026-06-25,0.0,June-2026
OD09C5137,2026-06-25,0.0,June-2026
OD09G-6065 CAMPER,2026-06-25,0.0,June-2026
OD09K-2512 W.TANKER,2026-06-25,0.0,June-2026
OD09K-7213 BSM BUS,2026-06-25,0.0,June-2026
OD09P-2986 (CAMPAR),2026-06-25,0.0,June-2026
OD09P-6973 W.TANKER,2026-06-25,0.0,June-2026
OD09V-5619 TATA YODHA,2026-06-25,0.0,June-2026
OD09V-6296 SDLG-27.06.26,2026-06-25,0.0,June-2026
OD09Z-1202,2026-06-25,0.0,June-2026
OD09Z-1273,2026-06-25,0.0,June-2026
OD09Z-1274,2026-06-25,0.0,June-2026
OD09Z-5613 DMC,2026-06-25,0.0,June-2026
OD09Z-5713 DMC,2026-06-25,0.0,June-2026
OD09Z-5813 DMC,2026-06-25,0.0,June-2026
OD09Z-5913 DMC,2026-06-25,0.0,June-2026
ODO9C5136,2026-06-25,0.0,June-2026
POWER SCREEN RHS,2026-06-25,0.0,June-2026
TATA LOADER-OD02AY-0516,2026-06-25,0.0,June-2026
TOTAL ISSUE,2026-06-25,110.0,June-2026
VICHELE NO.,2026-06-25,0.0,June-2026
VOLVO-300(5),2026-06-25,0.0,June-2026
VOLVO-300-7,2026-06-25,0.0,June-2026
VOLVO-480,2026-06-25,110.0,June-2026
VOLVO-480 (N),2026-06-25,0.0,June-2026
WATER PUMP,2026-06-25,0.0,June-2026
BD 85 DOZER,2026-06-26,0.0,June-2026
CRUSHER ( CONE ),2026-06-26,0.0,June-2026
CRUSHER ( JAW ),2026-06-26,0.0,June-2026
CRUSHER DG,2026-06-26,0.0,June-2026
CRUSHER(FEEDER),2026-06-26,0.0,June-2026
CRUSHER(NEW) HORRIZON,2026-06-26,0.0,June-2026
DOZZER D65E,2026-06-26,0.0,June-2026
DRILL-ELGI-650,2026-06-26,0.0,June-2026
GRADER OD09P-1732,2026-06-26,0.0,June-2026
HITACHI-120,2026-06-26,0.0,June-2026
HITACHI-350,2026-06-26,0.0,June-2026
JCB-8262 LOADER,2026-06-26,0.0,June-2026
JH01 T-8721 CHATU BABU,2026-06-26,0.0,June-2026
JH06G-4703,2026-06-26,0.0,June-2026
JH06G-5437,2026-06-26,0.0,June-2026
JH06G-5696,2026-06-26,0.0,June-2026
JH06H-3742,2026-06-26,0.0,June-2026
JH06H-5348,2026-06-26,0.0,June-2026
JH06H-6198 D.TANKER,2026-06-26,0.0,June-2026
JH06H-7764,2026-06-26,0.0,June-2026
JH06H-9654,2026-06-26,0.0,June-2026
JH06P-6214 SCORPIO,2026-06-26,0.0,June-2026
JH06T-7706,2026-06-26,0.0,June-2026
JRD-450+650-1,2026-06-26,0.0,June-2026
JRD-600+CD-360,2026-06-26,0.0,June-2026
KA01AN9755(NEW EICHER-DEMO),2026-06-26,0.0,June-2026
KAMASTU-210,2026-06-26,0.0,June-2026
KOBELCO-380 DMCS,2026-06-26,0.0,June-2026
KOMASTU-200,2026-06-26,0.0,June-2026
KOMASTU-210(N)_10.06.26,2026-06-26,0.0,June-2026
KOMASTU-350 DMC,2026-06-26,0.0,June-2026
L-6268 SDLG,2026-06-26,0.0,June-2026
LIGHT DG NEW(HORRIZON)_1,2026-06-26,0.0,June-2026
LIGHT DG NEW(HORRIZON)_2,2026-06-26,0.0,June-2026
LIGHT DG NEW(HORRIZON)_4,2026-06-26,0.0,June-2026
LOKO CONE,2026-06-26,0.0,June-2026
LOKO TRACK JAW,2026-06-26,0.0,June-2026
OD07AR-4113 DMC,2026-06-26,0.0,June-2026
OD09A-5105,2026-06-26,0.0,June-2026
OD09A-5106,2026-06-26,0.0,June-2026
OD09A-5666,2026-06-26,0.0,June-2026
OD09A-6059,2026-06-26,0.0,June-2026
OD09AE-5513 DMC,2026-06-26,0.0,June-2026
OD09C-1371,2026-06-26,0.0,June-2026
OD09C-1962,2026-06-26,0.0,June-2026
OD09C-1964,2026-06-26,0.0,June-2026
OD09C-4824,2026-06-26,0.0,June-2026
OD09C-4879,2026-06-26,0.0,June-2026
OD09C-5609 JCB,2026-06-26,0.0,June-2026
OD09C-8163,2026-06-26,0.0,June-2026
OD09C-8164,2026-06-26,0.0,June-2026
OD09C1965,2026-06-26,0.0,June-2026
OD09C4623,2026-06-26,0.0,June-2026
OD09C4624,2026-06-26,0.0,June-2026
OD09C4625,2026-06-26,0.0,June-2026
OD09C4823,2026-06-26,0.0,June-2026
OD09C5137,2026-06-26,0.0,June-2026
OD09G-6065 CAMPER,2026-06-26,0.0,June-2026
OD09K-2512 W.TANKER,2026-06-26,0.0,June-2026
OD09K-7213 BSM BUS,2026-06-26,0.0,June-2026
OD09P-2986 (CAMPAR),2026-06-26,0.0,June-2026
OD09P-6973 W.TANKER,2026-06-26,0.0,June-2026
OD09V-5619 TATA YODHA,2026-06-26,0.0,June-2026
OD09V-6296 SDLG-27.06.26,2026-06-26,0.0,June-2026
OD09Z-1202,2026-06-26,0.0,June-2026
OD09Z-1273,2026-06-26,0.0,June-2026
OD09Z-1274,2026-06-26,0.0,June-2026
OD09Z-5613 DMC,2026-06-26,0.0,June-2026
OD09Z-5713 DMC,2026-06-26,0.0,June-2026
OD09Z-5813 DMC,2026-06-26,0.0,June-2026
OD09Z-5913 DMC,2026-06-26,0.0,June-2026
ODO9C5136,2026-06-26,0.0,June-2026
POWER SCREEN RHS,2026-06-26,0.0,June-2026
TATA LOADER-OD02AY-0516,2026-06-26,0.0,June-2026
TOTAL ISSUE,2026-06-26,0.0,June-2026
VICHELE NO.,2026-06-26,0.0,June-2026
VOLVO-300(5),2026-06-26,0.0,June-2026
VOLVO-300-7,2026-06-26,0.0,June-2026
VOLVO-480,2026-06-26,0.0,June-2026
VOLVO-480 (N),2026-06-26,0.0,June-2026
WATER PUMP,2026-06-26,0.0,June-2026
BD 85 DOZER,2026-06-27,0.0,June-2026
CRUSHER ( CONE ),2026-06-27,0.0,June-2026
CRUSHER ( JAW ),2026-06-27,0.0,June-2026
CRUSHER DG,2026-06-27,0.0,June-2026
CRUSHER(FEEDER),2026-06-27,0.0,June-2026
CRUSHER(NEW) HORRIZON,2026-06-27,0.0,June-2026
DOZZER D65E,2026-06-27,150.0,June-2026
DRILL-ELGI-650,2026-06-27,0.0,June-2026
GRADER OD09P-1732,2026-06-27,0.0,June-2026
HITACHI-120,2026-06-27,0.0,June-2026
HITACHI-350,2026-06-27,165.0,June-2026
JCB-8262 LOADER,2026-06-27,62.0,June-2026
JH01 T-8721 CHATU BABU,2026-06-27,0.0,June-2026
JH06G-4703,2026-06-27,50.0,June-2026
JH06G-5437,2026-06-27,0.0,June-2026
JH06G-5696,2026-06-27,0.0,June-2026
JH06H-3742,2026-06-27,0.0,June-2026
JH06H-5348,2026-06-27,100.0,June-2026
JH06H-6198 D.TANKER,2026-06-27,0.0,June-2026
JH06H-7764,2026-06-27,0.0,June-2026
JH06H-9654,2026-06-27,0.0,June-2026
JH06P-6214 SCORPIO,2026-06-27,20.0,June-2026
JH06T-7706,2026-06-27,0.0,June-2026
JRD-450+650-1,2026-06-27,200.0,June-2026
JRD-600+CD-360,2026-06-27,200.0,June-2026
KA01AN9755(NEW EICHER-DEMO),2026-06-27,0.0,June-2026
KAMASTU-210,2026-06-27,150.0,June-2026
KOBELCO-380 DMCS,2026-06-27,0.0,June-2026
KOMASTU-200,2026-06-27,0.0,June-2026
KOMASTU-210(N)_10.06.26,2026-06-27,0.0,June-2026
KOMASTU-350 DMC,2026-06-27,0.0,June-2026
L-6268 SDLG,2026-06-27,0.0,June-2026
LIGHT DG NEW(HORRIZON)_1,2026-06-27,0.0,June-2026
LIGHT DG NEW(HORRIZON)_2,2026-06-27,0.0,June-2026
LIGHT DG NEW(HORRIZON)_4,2026-06-27,0.0,June-2026
LOKO CONE,2026-06-27,0.0,June-2026
LOKO TRACK JAW,2026-06-27,0.0,June-2026
OD07AR-4113 DMC,2026-06-27,0.0,June-2026
OD09A-5105,2026-06-27,0.0,June-2026
OD09A-5106,2026-06-27,100.0,June-2026
OD09A-5666,2026-06-27,0.0,June-2026
OD09A-6059,2026-06-27,0.0,June-2026
OD09AE-5513 DMC,2026-06-27,0.0,June-2026
OD09C-1371,2026-06-27,0.0,June-2026
OD09C-1962,2026-06-27,0.0,June-2026
OD09C-1964,2026-06-27,100.0,June-2026
OD09C-4824,2026-06-27,0.0,June-2026
OD09C-4879,2026-06-27,0.0,June-2026
OD09C-5609 JCB,2026-06-27,0.0,June-2026
OD09C-8163,2026-06-27,152.0,June-2026
OD09C-8164,2026-06-27,100.0,June-2026
OD09C1965,2026-06-27,0.0,June-2026
OD09C4623,2026-06-27,0.0,June-2026
OD09C4624,2026-06-27,0.0,June-2026
OD09C4625,2026-06-27,100.0,June-2026
OD09C4823,2026-06-27,0.0,June-2026
OD09C5137,2026-06-27,0.0,June-2026
OD09G-6065 CAMPER,2026-06-27,0.0,June-2026
OD09K-2512 W.TANKER,2026-06-27,100.0,June-2026
OD09K-7213 BSM BUS,2026-06-27,20.0,June-2026
OD09P-2986 (CAMPAR),2026-06-27,20.0,June-2026
OD09P-6973 W.TANKER,2026-06-27,0.0,June-2026
OD09V-5619 TATA YODHA,2026-06-27,100.0,June-2026
OD09V-6296 SDLG-27.06.26,2026-06-27,250.0,June-2026
OD09Z-1202,2026-06-27,0.0,June-2026
OD09Z-1273,2026-06-27,100.0,June-2026
OD09Z-1274,2026-06-27,50.0,June-2026
OD09Z-5613 DMC,2026-06-27,0.0,June-2026
OD09Z-5713 DMC,2026-06-27,0.0,June-2026
OD09Z-5813 DMC,2026-06-27,0.0,June-2026
OD09Z-5913 DMC,2026-06-27,0.0,June-2026
ODO9C5136,2026-06-27,0.0,June-2026
POWER SCREEN RHS,2026-06-27,0.0,June-2026
TATA LOADER-OD02AY-0516,2026-06-27,0.0,June-2026
TOTAL ISSUE,2026-06-27,2794.0,June-2026
VICHELE NO.,2026-06-27,0.0,June-2026
VOLVO-300(5),2026-06-27,0.0,June-2026
VOLVO-300-7,2026-06-27,0.0,June-2026
VOLVO-480,2026-06-27,200.0,June-2026
VOLVO-480 (N),2026-06-27,200.0,June-2026
WATER PUMP,2026-06-27,5.0,June-2026
BD 85 DOZER,2026-06-28,0.0,June-2026
CRUSHER ( CONE ),2026-06-28,0.0,June-2026
CRUSHER ( JAW ),2026-06-28,0.0,June-2026
CRUSHER DG,2026-06-28,0.0,June-2026
CRUSHER(FEEDER),2026-06-28,0.0,June-2026
CRUSHER(NEW) HORRIZON,2026-06-28,0.0,June-2026
DOZZER D65E,2026-06-28,0.0,June-2026
DRILL-ELGI-650,2026-06-28,0.0,June-2026
GRADER OD09P-1732,2026-06-28,0.0,June-2026
HITACHI-120,2026-06-28,0.0,June-2026
HITACHI-350,2026-06-28,0.0,June-2026
JCB-8262 LOADER,2026-06-28,120.0,June-2026
JH01 T-8721 CHATU BABU,2026-06-28,0.0,June-2026
JH06G-4703,2026-06-28,80.0,June-2026
JH06G-5437,2026-06-28,100.0,June-2026
JH06G-5696,2026-06-28,0.0,June-2026
JH06H-3742,2026-06-28,100.0,June-2026
JH06H-5348,2026-06-28,60.0,June-2026
JH06H-6198 D.TANKER,2026-06-28,0.0,June-2026
JH06H-7764,2026-06-28,0.0,June-2026
JH06H-9654,2026-06-28,0.0,June-2026
JH06P-6214 SCORPIO,2026-06-28,0.0,June-2026
JH06T-7706,2026-06-28,0.0,June-2026
JRD-450+650-1,2026-06-28,0.0,June-2026
JRD-600+CD-360,2026-06-28,200.0,June-2026
KA01AN9755(NEW EICHER-DEMO),2026-06-28,0.0,June-2026
KAMASTU-210,2026-06-28,100.0,June-2026
KOBELCO-380 DMCS,2026-06-28,0.0,June-2026
KOMASTU-200,2026-06-28,0.0,June-2026
KOMASTU-210(N)_10.06.26,2026-06-28,0.0,June-2026
KOMASTU-350 DMC,2026-06-28,0.0,June-2026
L-6268 SDLG,2026-06-28,0.0,June-2026
LIGHT DG NEW(HORRIZON)_1,2026-06-28,0.0,June-2026
LIGHT DG NEW(HORRIZON)_2,2026-06-28,0.0,June-2026
LIGHT DG NEW(HORRIZON)_4,2026-06-28,0.0,June-2026
LOKO CONE,2026-06-28,0.0,June-2026
LOKO TRACK JAW,2026-06-28,0.0,June-2026
OD07AR-4113 DMC,2026-06-28,0.0,June-2026
OD09A-5105,2026-06-28,0.0,June-2026
OD09A-5106,2026-06-28,100.0,June-2026
OD09A-5666,2026-06-28,0.0,June-2026
OD09A-6059,2026-06-28,100.0,June-2026
OD09AE-5513 DMC,2026-06-28,0.0,June-2026
OD09C-1371,2026-06-28,0.0,June-2026
OD09C-1962,2026-06-28,80.0,June-2026
OD09C-1964,2026-06-28,70.0,June-2026
OD09C-4824,2026-06-28,115.0,June-2026
OD09C-4879,2026-06-28,100.0,June-2026
OD09C-5609 JCB,2026-06-28,0.0,June-2026
OD09C-8163,2026-06-28,0.0,June-2026
OD09C-8164,2026-06-28,80.0,June-2026
OD09C1965,2026-06-28,0.0,June-2026
OD09C4623,2026-06-28,0.0,June-2026
OD09C4624,2026-06-28,50.0,June-2026
OD09C4625,2026-06-28,50.0,June-2026
OD09C4823,2026-06-28,0.0,June-2026
OD09C5137,2026-06-28,0.0,June-2026
OD09G-6065 CAMPER,2026-06-28,0.0,June-2026
OD09K-2512 W.TANKER,2026-06-28,0.0,June-2026
OD09K-7213 BSM BUS,2026-06-28,0.0,June-2026
OD09P-2986 (CAMPAR),2026-06-28,0.0,June-2026
OD09P-6973 W.TANKER,2026-06-28,0.0,June-2026
OD09V-5619 TATA YODHA,2026-06-28,0.0,June-2026
OD09V-6296 SDLG-27.06.26,2026-06-28,300.0,June-2026
OD09Z-1202,2026-06-28,0.0,June-2026
OD09Z-1273,2026-06-28,0.0,June-2026
OD09Z-1274,2026-06-28,50.0,June-2026
OD09Z-5613 DMC,2026-06-28,0.0,June-2026
OD09Z-5713 DMC,2026-06-28,0.0,June-2026
OD09Z-5813 DMC,2026-06-28,0.0,June-2026
OD09Z-5913 DMC,2026-06-28,0.0,June-2026
ODO9C5136,2026-06-28,0.0,June-2026
POWER SCREEN RHS,2026-06-28,0.0,June-2026
TATA LOADER-OD02AY-0516,2026-06-28,0.0,June-2026
TOTAL ISSUE,2026-06-28,2410.0,June-2026
VICHELE NO.,2026-06-28,0.0,June-2026
VOLVO-300(5),2026-06-28,0.0,June-2026
VOLVO-300-7,2026-06-28,0.0,June-2026
VOLVO-480,2026-06-28,200.0,June-2026
VOLVO-480 (N),2026-06-28,200.0,June-2026
WATER PUMP,2026-06-28,5.0,June-2026
BD 85 DOZER,2026-06-29,0.0,June-2026
CRUSHER ( CONE ),2026-06-29,0.0,June-2026
CRUSHER ( JAW ),2026-06-29,0.0,June-2026
CRUSHER DG,2026-06-29,0.0,June-2026
CRUSHER(FEEDER),2026-06-29,0.0,June-2026
CRUSHER(NEW) HORRIZON,2026-06-29,0.0,June-2026
DOZZER D65E,2026-06-29,0.0,June-2026
DRILL-ELGI-650,2026-06-29,0.0,June-2026
GRADER OD09P-1732,2026-06-29,0.0,June-2026
HITACHI-120,2026-06-29,0.0,June-2026
HITACHI-350,2026-06-29,200.0,June-2026
JCB-8262 LOADER,2026-06-29,310.0,June-2026
JH01 T-8721 CHATU BABU,2026-06-29,0.0,June-2026
JH06G-4703,2026-06-29,80.0,June-2026
JH06G-5437,2026-06-29,80.0,June-2026
JH06G-5696,2026-06-29,0.0,June-2026
JH06H-3742,2026-06-29,50.0,June-2026
JH06H-5348,2026-06-29,100.0,June-2026
JH06H-6198 D.TANKER,2026-06-29,0.0,June-2026
JH06H-7764,2026-06-29,0.0,June-2026
JH06H-9654,2026-06-29,80.0,June-2026
JH06P-6214 SCORPIO,2026-06-29,42.0,June-2026
JH06T-7706,2026-06-29,0.0,June-2026
JRD-450+650-1,2026-06-29,256.0,June-2026
JRD-600+CD-360,2026-06-29,250.0,June-2026
KA01AN9755(NEW EICHER-DEMO),2026-06-29,0.0,June-2026
KAMASTU-210,2026-06-29,150.0,June-2026
KOBELCO-380 DMCS,2026-06-29,0.0,June-2026
KOMASTU-200,2026-06-29,0.0,June-2026
KOMASTU-210(N)_10.06.26,2026-06-29,0.0,June-2026
KOMASTU-350 DMC,2026-06-29,0.0,June-2026
L-6268 SDLG,2026-06-29,0.0,June-2026
LIGHT DG NEW(HORRIZON)_1,2026-06-29,0.0,June-2026
LIGHT DG NEW(HORRIZON)_2,2026-06-29,0.0,June-2026
LIGHT DG NEW(HORRIZON)_4,2026-06-29,0.0,June-2026
LOKO CONE,2026-06-29,0.0,June-2026
LOKO TRACK JAW,2026-06-29,0.0,June-2026
OD07AR-4113 DMC,2026-06-29,0.0,June-2026
OD09A-5105,2026-06-29,0.0,June-2026
OD09A-5106,2026-06-29,80.0,June-2026
OD09A-5666,2026-06-29,0.0,June-2026
OD09A-6059,2026-06-29,51.0,June-2026
OD09AE-5513 DMC,2026-06-29,0.0,June-2026
OD09C-1371,2026-06-29,0.0,June-2026
OD09C-1962,2026-06-29,0.0,June-2026
OD09C-1964,2026-06-29,0.0,June-2026
OD09C-4824,2026-06-29,81.0,June-2026
OD09C-4879,2026-06-29,100.0,June-2026
OD09C-5609 JCB,2026-06-29,0.0,June-2026
OD09C-8163,2026-06-29,100.0,June-2026
OD09C-8164,2026-06-29,100.0,June-2026
OD09C1965,2026-06-29,0.0,June-2026
OD09C4623,2026-06-29,0.0,June-2026
OD09C4624,2026-06-29,0.0,June-2026
OD09C4625,2026-06-29,100.0,June-2026
OD09C4823,2026-06-29,0.0,June-2026
OD09C5137,2026-06-29,0.0,June-2026
OD09G-6065 CAMPER,2026-06-29,20.0,June-2026
OD09K-2512 W.TANKER,2026-06-29,100.0,June-2026
OD09K-7213 BSM BUS,2026-06-29,95.0,June-2026
OD09P-2986 (CAMPAR),2026-06-29,50.0,June-2026
OD09P-6973 W.TANKER,2026-06-29,0.0,June-2026
OD09V-5619 TATA YODHA,2026-06-29,0.0,June-2026
OD09V-6296 SDLG-27.06.26,2026-06-29,0.0,June-2026
OD09Z-1202,2026-06-29,0.0,June-2026
OD09Z-1273,2026-06-29,100.0,June-2026
OD09Z-1274,2026-06-29,0.0,June-2026
OD09Z-5613 DMC,2026-06-29,0.0,June-2026
OD09Z-5713 DMC,2026-06-29,0.0,June-2026
OD09Z-5813 DMC,2026-06-29,0.0,June-2026
OD09Z-5913 DMC,2026-06-29,0.0,June-2026
ODO9C5136,2026-06-29,0.0,June-2026
POWER SCREEN RHS,2026-06-29,50.0,June-2026
TATA LOADER-OD02AY-0516,2026-06-29,0.0,June-2026
TOTAL ISSUE,2026-06-29,2930.0,June-2026
VICHELE NO.,2026-06-29,0.0,June-2026
VOLVO-300(5),2026-06-29,0.0,June-2026
VOLVO-300-7,2026-06-29,0.0,June-2026
VOLVO-480,2026-06-29,0.0,June-2026
VOLVO-480 (N),2026-06-29,200.0,June-2026
WATER PUMP,2026-06-29,5.0,June-2026
BD 85 DOZER,2026-06-30,0.0,June-2026
CRUSHER ( CONE ),2026-06-30,0.0,June-2026
CRUSHER ( JAW ),2026-06-30,0.0,June-2026
CRUSHER DG,2026-06-30,0.0,June-2026
CRUSHER(FEEDER),2026-06-30,0.0,June-2026
CRUSHER(NEW) HORRIZON,2026-06-30,0.0,June-2026
DOZZER D65E,2026-06-30,0.0,June-2026
DRILL-ELGI-650,2026-06-30,0.0,June-2026
GRADER OD09P-1732,2026-06-30,0.0,June-2026
HITACHI-120,2026-06-30,0.0,June-2026
HITACHI-350,2026-06-30,250.0,June-2026
JCB-8262 LOADER,2026-06-30,100.0,June-2026
JH01 T-8721 CHATU BABU,2026-06-30,0.0,June-2026
JH06G-4703,2026-06-30,50.0,June-2026
JH06G-5437,2026-06-30,80.0,June-2026
JH06G-5696,2026-06-30,0.0,June-2026
JH06H-3742,2026-06-30,51.0,June-2026
JH06H-5348,2026-06-30,80.0,June-2026
JH06H-6198 D.TANKER,2026-06-30,0.0,June-2026
JH06H-7764,2026-06-30,0.0,June-2026
JH06H-9654,2026-06-30,0.0,June-2026
JH06P-6214 SCORPIO,2026-06-30,0.0,June-2026
JH06T-7706,2026-06-30,0.0,June-2026
JRD-450+650-1,2026-06-30,0.0,June-2026
JRD-600+CD-360,2026-06-30,200.0,June-2026
KA01AN9755(NEW EICHER-DEMO),2026-06-30,0.0,June-2026
KAMASTU-210,2026-06-30,0.0,June-2026
KOBELCO-380 DMCS,2026-06-30,0.0,June-2026
KOMASTU-200,2026-06-30,0.0,June-2026
KOMASTU-210(N)_10.06.26,2026-06-30,0.0,June-2026
KOMASTU-350 DMC,2026-06-30,0.0,June-2026
L-6268 SDLG,2026-06-30,0.0,June-2026
LIGHT DG NEW(HORRIZON)_1,2026-06-30,0.0,June-2026
LIGHT DG NEW(HORRIZON)_2,2026-06-30,0.0,June-2026
LIGHT DG NEW(HORRIZON)_4,2026-06-30,0.0,June-2026
LOKO CONE,2026-06-30,0.0,June-2026
LOKO TRACK JAW,2026-06-30,0.0,June-2026
OD07AR-4113 DMC,2026-06-30,0.0,June-2026
OD09A-5105,2026-06-30,0.0,June-2026
OD09A-5106,2026-06-30,52.0,June-2026
OD09A-5666,2026-06-30,0.0,June-2026
OD09A-6059,2026-06-30,51.0,June-2026
OD09AE-5513 DMC,2026-06-30,0.0,June-2026
OD09C-1371,2026-06-30,0.0,June-2026
OD09C-1962,2026-06-30,80.0,June-2026
OD09C-1964,2026-06-30,0.0,June-2026
OD09C-4824,2026-06-30,50.0,June-2026
OD09C-4879,2026-06-30,80.0,June-2026
OD09C-5609 JCB,2026-06-30,0.0,June-2026
OD09C-8163,2026-06-30,0.0,June-2026
OD09C-8164,2026-06-30,0.0,June-2026
OD09C1965,2026-06-30,0.0,June-2026
OD09C4623,2026-06-30,0.0,June-2026
OD09C4624,2026-06-30,100.0,June-2026
OD09C4625,2026-06-30,50.0,June-2026
OD09C4823,2026-06-30,0.0,June-2026
OD09C5137,2026-06-30,0.0,June-2026
OD09G-6065 CAMPER,2026-06-30,0.0,June-2026
OD09K-2512 W.TANKER,2026-06-30,0.0,June-2026
OD09K-7213 BSM BUS,2026-06-30,0.0,June-2026
OD09P-2986 (CAMPAR),2026-06-30,0.0,June-2026
OD09P-6973 W.TANKER,2026-06-30,0.0,June-2026
OD09V-5619 TATA YODHA,2026-06-30,125.0,June-2026
OD09V-6296 SDLG-27.06.26,2026-06-30,157.0,June-2026
OD09Z-1202,2026-06-30,0.0,June-2026
OD09Z-1273,2026-06-30,100.0,June-2026
OD09Z-1274,2026-06-30,80.0,June-2026
OD09Z-5613 DMC,2026-06-30,0.0,June-2026
OD09Z-5713 DMC,2026-06-30,0.0,June-2026
OD09Z-5813 DMC,2026-06-30,0.0,June-2026
OD09Z-5913 DMC,2026-06-30,0.0,June-2026
ODO9C5136,2026-06-30,0.0,June-2026
POWER SCREEN RHS,2026-06-30,0.0,June-2026
TATA LOADER-OD02AY-0516,2026-06-30,0.0,June-2026
TOTAL ISSUE,2026-06-30,2276.0,June-2026
VICHELE NO.,2026-06-30,0.0,June-2026
VOLVO-300(5),2026-06-30,0.0,June-2026
VOLVO-300-7,2026-06-30,0.0,June-2026
VOLVO-480,2026-06-30,200.0,June-2026
VOLVO-480 (N),2026-06-30,190.0,June-2026
WATER PUMP,2026-06-30,0.0,June-2026
