DATE,SL_NO,DRIVER_NAME,VEHICLE_NO,TRIPS,SOURCE_MONTH
2026-04-01,1,SANJAY SINGH BISHT,JH06T-7706,14.0,April-2026
2026-04-01,2,MUKHTIAR SINGH,VOLVO 300-2,8.0,April-2026
2026-04-01,3,PARMJEET SINGH,JH06H-3742,13.0,April-2026
2026-04-01,4,LAL MOHAN SINGH,JH06G-5696,13.0,April-2026
2026-04-01,5,ANIL RAM,VOLVO-300(5),14.0,April-2026
2026-04-01,6,SUNIL KUMAR SINGH,JH06H-9654,17.0,April-2026
2026-04-01,7,DES RAJ,JH06H-9654,12.0,April-2026
2026-04-01,8,BIDYADHAR ARUK,VOLVO-380,18.0,April-2026
2026-04-01,9,BALVINDAR SINGH,JH06H-9654,9.0,April-2026
2026-04-01,10,PRAKASH MAHANTA,JH01 T-8721 CHATU BABU,18.0,April-2026
2026-04-01,11,JAYDHAN DAS,JH06H-5348,12.0,April-2026
2026-04-01,12,CHAMBURU MUNDARI,VOLVO-480,18.0,April-2026
2026-04-01,13,SUNDAR MOHAN BESHRA,JH06H-7764,12.0,April-2026
2026-04-01,14,RALEYA MUNDA,JH06H-9654,18.0,April-2026
2026-04-01,15,AMAN GOPE,JH01 T-8721 CHATU BABU,12.0,April-2026
2026-04-01,16,RAJENDRA PURTY,JH06H-7764,10.0,April-2026
2026-04-01,17,SUKHLAL SIRKA,JH06P-6214 SCORPIO,16.0,April-2026
2026-04-01,18,BAGAR SINGH SINKU,VOLVO-480 (N),13.0,April-2026
2026-04-01,19,,,0.0,April-2026
2026-04-01,20,,VOLVO-480 (N),10.0,April-2026
2026-04-01,21,,JH06G-5696,13.0,April-2026
2026-04-02,1,SANJAY SINGH BISHT,JH06H-9654,14.0,April-2026
2026-04-02,2,MUKHTIAR SINGH,JH01 T-8721 CHATU BABU,10.0,April-2026
2026-04-02,3,PARMJEET SINGH,,0.0,April-2026
2026-04-02,4,LAL MOHAN SINGH,JH06T-7706,16.0,April-2026
2026-04-02,5,ANIL RAM,JH06P-6214 SCORPIO,13.0,April-2026
2026-04-02,6,SUNIL KUMAR SINGH,JH06H-9654,14.0,April-2026
2026-04-02,7,DES RAJ,JCB-8262 LOADER,11.0,April-2026
2026-04-02,8,BIDYADHAR ARUK,VOLVO 300-2,10.0,April-2026
2026-04-02,9,BALVINDAR SINGH,VOLVO-480,14.0,April-2026
2026-04-02,10,PRAKASH MAHANTA,,0.0,April-2026
2026-04-02,11,JAYDHAN DAS,VOLVO-480,10.0,April-2026
2026-04-02,12,CHAMBURU MUNDARI,,0.0,April-2026
2026-04-02,13,SUNDAR MOHAN BESHRA,JH06H-9654,8.0,April-2026
2026-04-02,14,RALEYA MUNDA,,0.0,April-2026
2026-04-02,15,AMAN GOPE,JH06H-9654,16.0,April-2026
2026-04-02,16,RAJENDRA PURTY,JH06G-4703,16.0,April-2026
2026-04-02,17,SUKHLAL SIRKA,JH06G-5437,8.0,April-2026
2026-04-02,18,BAGAR SINGH SINKU,JH06G-5696,12.0,April-2026
2026-04-02,19,,JH06H-7764,16.0,April-2026
2026-04-02,20,,JH06H-7764,11.0,April-2026
2026-04-02,21,,JH06G-5696,11.0,April-2026
2026-04-03,1,SANJAY SINGH BISHT,,0.0,April-2026
2026-04-03,2,MUKHTIAR SINGH,,0.0,April-2026
2026-04-03,3,PARMJEET SINGH,VOLVO-300(5),8.0,April-2026
2026-04-03,4,LAL MOHAN SINGH,VOLVO-300(5),16.0,April-2026
2026-04-03,5,ANIL RAM,VOLVO-300(5),15.0,April-2026
2026-04-03,6,SUNIL KUMAR SINGH,,0.0,April-2026
2026-04-03,7,DES RAJ,JH01 T-8721 CHATU BABU,13.0,April-2026
2026-04-03,8,BIDYADHAR ARUK,VOLVO-380,17.0,April-2026
2026-04-03,9,BALVINDAR SINGH,VOLVO-480,9.0,April-2026
2026-04-03,10,PRAKASH MAHANTA,JH06H-5348,10.0,April-2026
2026-04-03,11,JAYDHAN DAS,JH06H-9654,15.0,April-2026
2026-04-03,12,CHAMBURU MUNDARI,JH06T-7706,11.0,April-2026
2026-04-03,13,SUNDAR MOHAN BESHRA,JH06G-5437,17.0,April-2026
2026-04-03,14,RALEYA MUNDA,VOLVO-480 (N),17.0,April-2026
2026-04-03,15,AMAN GOPE,OD09C-5609 JCB,14.0,April-2026
2026-04-03,16,RAJENDRA PURTY,JH01 T-8721 CHATU BABU,10.0,April-2026
2026-04-03,17,SUKHLAL SIRKA,JH06H-3742,11.0,April-2026
2026-04-03,18,BAGAR SINGH SINKU,VOLVO-480 (N),10.0,April-2026
2026-04-03,19,,JH06H-3742,11.0,April-2026
2026-04-03,20,,JH06H-3742,12.0,April-2026
2026-04-03,21,,JH06H-6198 D.TANKER,10.0,April-2026
2026-04-04,1,SANJAY SINGH BISHT,,0.0,April-2026
2026-04-04,2,MUKHTIAR SINGH,VOLVO-480,15.0,April-2026
2026-04-04,3,PARMJEET SINGH,JH06T-7706,15.0,April-2026
2026-04-04,4,LAL MOHAN SINGH,,0.0,April-2026
2026-04-04,5,ANIL RAM,VOLVO-480,18.0,April-2026
2026-04-04,6,SUNIL KUMAR SINGH,JH06T-7706,13.0,April-2026
2026-04-04,7,DES RAJ,,0.0,April-2026
2026-04-04,8,BIDYADHAR ARUK,,0.0,April-2026
2026-04-04,9,BALVINDAR SINGH,JH06G-5696,10.0,April-2026
2026-04-04,10,PRAKASH MAHANTA,JH06P-6214 SCORPIO,17.0,April-2026
2026-04-04,11,JAYDHAN DAS,,0.0,April-2026
2026-04-04,12,CHAMBURU MUNDARI,JCB-8262 LOADER,10.0,April-2026
2026-04-04,13,SUNDAR MOHAN BESHRA,JH06H-3742,10.0,April-2026
2026-04-04,14,RALEYA MUNDA,,0.0,April-2026
2026-04-04,15,AMAN GOPE,VOLVO 300-2,11.0,April-2026
2026-04-04,16,RAJENDRA PURTY,VOLVO-480,18.0,April-2026
2026-04-04,17,SUKHLAL SIRKA,VOLVO-300-7,12.0,April-2026
2026-04-04,18,BAGAR SINGH SINKU,,0.0,April-2026
2026-04-04,19,,JH06G-4703,17.0,April-2026
2026-04-04,20,,VOLVO-480,13.0,April-2026
2026-04-04,21,,JH06G-5696,16.0,April-2026
2026-04-05,1,SANJAY SINGH BISHT,JH06G-5696,9.0,April-2026
2026-04-05,2,MUKHTIAR SINGH,,0.0,April-2026
2026-04-05,3,PARMJEET SINGH,VOLVO-480 (N),11.0,April-2026
2026-04-05,4,LAL MOHAN SINGH,VOLVO-300(5),10.0,April-2026
2026-04-05,5,ANIL RAM,JH06H-7764,13.0,April-2026
2026-04-05,6,SUNIL KUMAR SINGH,,0.0,April-2026
2026-04-05,7,DES RAJ,,0.0,April-2026
2026-04-05,8,BIDYADHAR ARUK,JH06T-7706,10.0,April-2026
2026-04-05,9,BALVINDAR SINGH,JCB-8262 LOADER,11.0,April-2026
2026-04-05,10,PRAKASH MAHANTA,OD09C-5609 JCB,10.0,April-2026
2026-04-05,11,JAYDHAN DAS,VOLVO 300-2,18.0,April-2026
2026-04-05,12,CHAMBURU MUNDARI,VOLVO-480 (N),10.0,April-2026
2026-04-05,13,SUNDAR MOHAN BESHRA,JH01 T-8721 CHATU BABU,9.0,April-2026
2026-04-05,14,RALEYA MUNDA,VOLVO-300-7,9.0,April-2026
2026-04-05,15,AMAN GOPE,,0.0,April-2026
2026-04-05,16,RAJENDRA PURTY,VOLVO-480 (N),14.0,April-2026
2026-04-05,17,SUKHLAL SIRKA,,0.0,April-2026
2026-04-05,18,BAGAR SINGH SINKU,JH06G-4703,11.0,April-2026
2026-04-05,19,,JH06H-9654,12.0,April-2026
2026-04-05,20,,VOLVO-380,9.0,April-2026
2026-04-05,21,,VOLVO 300-2,9.0,April-2026
2026-04-06,1,SANJAY SINGH BISHT,,0.0,April-2026
2026-04-06,2,MUKHTIAR SINGH,VOLVO-380,12.0,April-2026
2026-04-06,3,PARMJEET SINGH,,0.0,April-2026
2026-04-06,4,LAL MOHAN SINGH,,0.0,April-2026
2026-04-06,5,ANIL RAM,OD09C-5609 JCB,8.0,April-2026
2026-04-06,6,SUNIL KUMAR SINGH,JH06H-6198 D.TANKER,18.0,April-2026
2026-04-06,7,DES RAJ,VOLVO-300(5),16.0,April-2026
2026-04-06,8,BIDYADHAR ARUK,,0.0,April-2026
2026-04-06,9,BALVINDAR SINGH,JH06H-6198 D.TANKER,11.0,April-2026
2026-04-06,10,PRAKASH MAHANTA,,0.0,April-2026
2026-04-06,11,JAYDHAN DAS,VOLVO-300-7,11.0,April-2026
2026-04-06,12,CHAMBURU MUNDARI,,0.0,April-2026
2026-04-06,13,SUNDAR MOHAN BESHRA,JH06H-5348,8.0,April-2026
2026-04-06,14,RALEYA MUNDA,VOLVO-300(5),13.0,April-2026
2026-04-06,15,AMAN GOPE,JH06H-9654,15.0,April-2026
2026-04-06,16,RAJENDRA PURTY,,0.0,April-2026
2026-04-06,17,SUKHLAL SIRKA,VOLVO-480,18.0,April-2026
2026-04-06,18,BAGAR SINGH SINKU,VOLVO-480,18.0,April-2026
2026-04-06,19,,JH06G-5696,15.0,April-2026
2026-04-06,20,,VOLVO-480 (N),16.0,April-2026
2026-04-06,21,,,0.0,April-2026
2026-04-07,1,SANJAY SINGH BISHT,,0.0,April-2026
2026-04-07,2,MUKHTIAR SINGH,JH06H-9654,10.0,April-2026
2026-04-07,3,PARMJEET SINGH,,0.0,April-2026
2026-04-07,4,LAL MOHAN SINGH,JH06P-6214 SCORPIO,14.0,April-2026
2026-04-07,5,ANIL RAM,JCB-8262 LOADER,14.0,April-2026
2026-04-07,6,SUNIL KUMAR SINGH,JH06T-7706,10.0,April-2026
2026-04-07,7,DES RAJ,OD09C-5609 JCB,12.0,April-2026
2026-04-07,8,BIDYADHAR ARUK,VOLVO-480,14.0,April-2026
2026-04-07,9,BALVINDAR SINGH,JH06H-3742,8.0,April-2026
2026-04-07,10,PRAKASH MAHANTA,JH06H-3742,9.0,April-2026
2026-04-07,11,JAYDHAN DAS,VOLVO-480 (N),18.0,April-2026
2026-04-07,12,CHAMBURU MUNDARI,JH06H-3742,16.0,April-2026
2026-04-07,13,SUNDAR MOHAN BESHRA,JH06H-9654,18.0,April-2026
2026-04-07,14,RALEYA MUNDA,VOLVO-480 (N),13.0,April-2026
2026-04-07,15,AMAN GOPE,JCB-8262 LOADER,10.0,April-2026
2026-04-07,16,RAJENDRA PURTY,JH06H-7764,11.0,April-2026
2026-04-07,17,SUKHLAL SIRKA,VOLVO 300-2,9.0,April-2026
2026-04-07,18,BAGAR SINGH SINKU,JH01 T-8721 CHATU BABU,9.0,April-2026
2026-04-07,19,,JH06G-4703,15.0,April-2026
2026-04-07,20,,VOLVO-380,9.0,April-2026
2026-04-07,21,,VOLVO-380,10.0,April-2026
2026-04-08,1,SANJAY SINGH BISHT,,0.0,April-2026
2026-04-08,2,MUKHTIAR SINGH,VOLVO-480 (N),10.0,April-2026
2026-04-08,3,PARMJEET SINGH,,0.0,April-2026
2026-04-08,4,LAL MOHAN SINGH,VOLVO-300-7,18.0,April-2026
2026-04-08,5,ANIL RAM,,0.0,April-2026
2026-04-08,6,SUNIL KUMAR SINGH,,0.0,April-2026
2026-04-08,7,DES RAJ,,0.0,April-2026
2026-04-08,8,BIDYADHAR ARUK,,0.0,April-2026
2026-04-08,9,BALVINDAR SINGH,JH06P-6214 SCORPIO,14.0,April-2026
2026-04-08,10,PRAKASH MAHANTA,JH06H-6198 D.TANKER,8.0,April-2026
2026-04-08,11,JAYDHAN DAS,VOLVO-300-7,14.0,April-2026
2026-04-08,12,CHAMBURU MUNDARI,JH06H-3742,8.0,April-2026
2026-04-08,13,SUNDAR MOHAN BESHRA,VOLVO-480 (N),16.0,April-2026
2026-04-08,14,RALEYA MUNDA,JH06T-7706,13.0,April-2026
2026-04-08,15,AMAN GOPE,,0.0,April-2026
2026-04-08,16,RAJENDRA PURTY,JH06H-5348,15.0,April-2026
2026-04-08,17,SUKHLAL SIRKA,JH01 T-8721 CHATU BABU,13.0,April-2026
2026-04-08,18,BAGAR SINGH SINKU,JH06G-5437,12.0,April-2026
2026-04-08,19,,JH06G-4703,13.0,April-2026
2026-04-08,20,,JH06P-6214 SCORPIO,10.0,April-2026
2026-04-08,21,,JH06G-5437,15.0,April-2026
2026-04-09,1,SANJAY SINGH BISHT,OD09C-5609 JCB,13.0,April-2026
2026-04-09,2,MUKHTIAR SINGH,VOLVO 300-2,11.0,April-2026
2026-04-09,3,PARMJEET SINGH,JH06G-5437,13.0,April-2026
2026-04-09,4,LAL MOHAN SINGH,VOLVO-480 (N),10.0,April-2026
2026-04-09,5,ANIL RAM,,0.0,April-2026
2026-04-09,6,SUNIL KUMAR SINGH,VOLVO-480,13.0,April-2026
2026-04-09,7,DES RAJ,JH06H-5348,8.0,April-2026
2026-04-09,8,BIDYADHAR ARUK,JH06H-7764,10.0,April-2026
2026-04-09,9,BALVINDAR SINGH,VOLVO-380,12.0,April-2026
2026-04-09,10,PRAKASH MAHANTA,VOLVO 300-2,18.0,April-2026
2026-04-09,11,JAYDHAN DAS,JH06T-7706,12.0,April-2026
2026-04-09,12,CHAMBURU MUNDARI,JH06H-3742,10.0,April-2026
2026-04-09,13,SUNDAR MOHAN BESHRA,,0.0,April-2026
2026-04-09,14,RALEYA MUNDA,,0.0,April-2026
2026-04-09,15,AMAN GOPE,JH06G-4703,18.0,April-2026
2026-04-09,16,RAJENDRA PURTY,VOLVO 300-2,17.0,April-2026
2026-04-09,17,SUKHLAL SIRKA,OD09C-5609 JCB,9.0,April-2026
2026-04-09,18,BAGAR SINGH SINKU,JH01 T-8721 CHATU BABU,18.0,April-2026
2026-04-09,19,,JCB-8262 LOADER,9.0,April-2026
2026-04-09,20,,VOLVO-480 (N),13.0,April-2026
2026-04-09,21,,,0.0,April-2026
2026-04-10,1,SANJAY SINGH BISHT,,0.0,April-2026
2026-04-10,2,MUKHTIAR SINGH,VOLVO-480 (N),8.0,April-2026
2026-04-10,3,PARMJEET SINGH,OD09C-5609 JCB,9.0,April-2026
2026-04-10,4,LAL MOHAN SINGH,JH06T-7706,12.0,April-2026
2026-04-10,5,ANIL RAM,JH06G-5437,14.0,April-2026
2026-04-10,6,SUNIL KUMAR SINGH,VOLVO 300-2,16.0,April-2026
2026-04-10,7,DES RAJ,,0.0,April-2026
2026-04-10,8,BIDYADHAR ARUK,OD09C-5609 JCB,15.0,April-2026
2026-04-10,9,BALVINDAR SINGH,VOLVO-480 (N),8.0,April-2026
2026-04-10,10,PRAKASH MAHANTA,JH06G-5437,13.0,April-2026
2026-04-10,11,JAYDHAN DAS,OD09C-5609 JCB,10.0,April-2026
2026-04-10,12,CHAMBURU MUNDARI,JH06G-5696,14.0,April-2026
2026-04-10,13,SUNDAR MOHAN BESHRA,JH06H-3742,11.0,April-2026
2026-04-10,14,RALEYA MUNDA,JH06G-5437,12.0,April-2026
2026-04-10,15,AMAN GOPE,JH06G-4703,14.0,April-2026
2026-04-10,16,RAJENDRA PURTY,JH06H-5348,13.0,April-2026
2026-04-10,17,SUKHLAL SIRKA,VOLVO-300(5),18.0,April-2026
2026-04-10,18,BAGAR SINGH SINKU,JH06H-5348,13.0,April-2026
2026-04-10,19,,JH06H-6198 D.TANKER,17.0,April-2026
2026-04-10,20,,VOLVO-380,18.0,April-2026
2026-04-10,21,,VOLVO-480,13.0,April-2026
2026-04-11,1,SANJAY SINGH BISHT,JH06H-5348,14.0,April-2026
2026-04-11,2,MUKHTIAR SINGH,,0.0,April-2026
2026-04-11,3,PARMJEET SINGH,JH06H-6198 D.TANKER,9.0,April-2026
2026-04-11,4,LAL MOHAN SINGH,JH06H-7764,9.0,April-2026
2026-04-11,5,ANIL RAM,JH06H-9654,14.0,April-2026
2026-04-11,6,SUNIL KUMAR SINGH,JH06H-3742,12.0,April-2026
2026-04-11,7,DES RAJ,JH06T-7706,15.0,April-2026
2026-04-11,8,BIDYADHAR ARUK,VOLVO-480,10.0,April-2026
2026-04-11,9,BALVINDAR SINGH,,0.0,April-2026
2026-04-11,10,PRAKASH MAHANTA,,0.0,April-2026
2026-04-11,11,JAYDHAN DAS,,0.0,April-2026
2026-04-11,12,CHAMBURU MUNDARI,VOLVO-480 (N),12.0,April-2026
2026-04-11,13,SUNDAR MOHAN BESHRA,VOLVO-300(5),17.0,April-2026
2026-04-11,14,RALEYA MUNDA,,0.0,April-2026
2026-04-11,15,AMAN GOPE,JH01 T-8721 CHATU BABU,14.0,April-2026
2026-04-11,16,RAJENDRA PURTY,JH06G-4703,13.0,April-2026
2026-04-11,17,SUKHLAL SIRKA,OD09C-5609 JCB,12.0,April-2026
2026-04-11,18,BAGAR SINGH SINKU,JH06P-6214 SCORPIO,10.0,April-2026
2026-04-11,19,,JH01 T-8721 CHATU BABU,18.0,April-2026
2026-04-11,20,,,0.0,April-2026
2026-04-11,21,,VOLVO 300-2,9.0,April-2026
2026-04-12,1,SANJAY SINGH BISHT,JH06G-5437,8.0,April-2026
2026-04-12,2,MUKHTIAR SINGH,JH06G-5437,10.0,April-2026
2026-04-12,3,PARMJEET SINGH,JCB-8262 LOADER,10.0,April-2026
2026-04-12,4,LAL MOHAN SINGH,JH06P-6214 SCORPIO,14.0,April-2026
2026-04-12,5,ANIL RAM,VOLVO-380,11.0,April-2026
2026-04-12,6,SUNIL KUMAR SINGH,VOLVO-480,10.0,April-2026
2026-04-12,7,DES RAJ,JCB-8262 LOADER,17.0,April-2026
2026-04-12,8,BIDYADHAR ARUK,,0.0,April-2026
2026-04-12,9,BALVINDAR SINGH,OD09C-5609 JCB,16.0,April-2026
2026-04-12,10,PRAKASH MAHANTA,JH06H-6198 D.TANKER,12.0,April-2026
2026-04-12,11,JAYDHAN DAS,VOLVO 300-2,16.0,April-2026
2026-04-12,12,CHAMBURU MUNDARI,VOLVO-380,16.0,April-2026
2026-04-12,13,SUNDAR MOHAN BESHRA,JH06G-5696,14.0,April-2026
2026-04-12,14,RALEYA MUNDA,JH06P-6214 SCORPIO,12.0,April-2026
2026-04-12,15,AMAN GOPE,JH06H-9654,10.0,April-2026
2026-04-12,16,RAJENDRA PURTY,,0.0,April-2026
2026-04-12,17,SUKHLAL SIRKA,,0.0,April-2026
2026-04-12,18,BAGAR SINGH SINKU,JH06H-9654,8.0,April-2026
2026-04-12,19,,JH01 T-8721 CHATU BABU,13.0,April-2026
2026-04-12,20,,JH06G-5437,18.0,April-2026
2026-04-12,21,,,0.0,April-2026
2026-04-13,1,SANJAY SINGH BISHT,JH01 T-8721 CHATU BABU,15.0,April-2026
2026-04-13,2,MUKHTIAR SINGH,,0.0,April-2026
2026-04-13,3,PARMJEET SINGH,JH06H-5348,18.0,April-2026
2026-04-13,4,LAL MOHAN SINGH,JH06H-7764,12.0,April-2026
2026-04-13,5,ANIL RAM,,0.0,April-2026
2026-04-13,6,SUNIL KUMAR SINGH,VOLVO-380,12.0,April-2026
2026-04-13,7,DES RAJ,,0.0,April-2026
2026-04-13,8,BIDYADHAR ARUK,VOLVO-300(5),9.0,April-2026
2026-04-13,9,BALVINDAR SINGH,JH01 T-8721 CHATU BABU,11.0,April-2026
2026-04-13,10,PRAKASH MAHANTA,JH01 T-8721 CHATU BABU,8.0,April-2026
2026-04-13,11,JAYDHAN DAS,JH06G-5696,15.0,April-2026
2026-04-13,12,CHAMBURU MUNDARI,JH06G-5696,9.0,April-2026
2026-04-13,13,SUNDAR MOHAN BESHRA,VOLVO-480 (N),10.0,April-2026
2026-04-13,14,RALEYA MUNDA,OD09C-5609 JCB,14.0,April-2026
2026-04-13,15,AMAN GOPE,JH06H-3742,13.0,April-2026
2026-04-13,16,RAJENDRA PURTY,,0.0,April-2026
2026-04-13,17,SUKHLAL SIRKA,JH01 T-8721 CHATU BABU,13.0,April-2026
2026-04-13,18,BAGAR SINGH SINKU,,0.0,April-2026
2026-04-13,19,,VOLVO-480,10.0,April-2026
2026-04-13,20,,JH06G-5696,10.0,April-2026
2026-04-13,21,,VOLVO-300-7,14.0,April-2026
2026-04-14,1,SANJAY SINGH BISHT,OD09C-5609 JCB,12.0,April-2026
2026-04-14,2,MUKHTIAR SINGH,JH06G-5437,16.0,April-2026
2026-04-14,3,PARMJEET SINGH,JH06P-6214 SCORPIO,8.0,April-2026
2026-04-14,4,LAL MOHAN SINGH,JH01 T-8721 CHATU BABU,16.0,April-2026
2026-04-14,5,ANIL RAM,,0.0,April-2026
2026-04-14,6,SUNIL KUMAR SINGH,JH06P-6214 SCORPIO,11.0,April-2026
2026-04-14,7,DES RAJ,JH06H-6198 D.TANKER,16.0,April-2026
2026-04-14,8,BIDYADHAR ARUK,,0.0,April-2026
2026-04-14,9,BALVINDAR SINGH,VOLVO-300(5),14.0,April-2026
2026-04-14,10,PRAKASH MAHANTA,JH06H-6198 D.TANKER,12.0,April-2026
2026-04-14,11,JAYDHAN DAS,JH06G-5696,18.0,April-2026
2026-04-14,12,CHAMBURU MUNDARI,JH06H-5348,15.0,April-2026
2026-04-14,13,SUNDAR MOHAN BESHRA,,0.0,April-2026
2026-04-14,14,RALEYA MUNDA,,0.0,April-2026
2026-04-14,15,AMAN GOPE,VOLVO-480,14.0,April-2026
2026-04-14,16,RAJENDRA PURTY,VOLVO-300-7,17.0,April-2026
2026-04-14,17,SUKHLAL SIRKA,JH06T-7706,18.0,April-2026
2026-04-14,18,BAGAR SINGH SINKU,JH06H-9654,8.0,April-2026
2026-04-14,19,,,0.0,April-2026
2026-04-14,20,,VOLVO-480 (N),13.0,April-2026
2026-04-14,21,,JH01 T-8721 CHATU BABU,17.0,April-2026
2026-04-15,1,SANJAY SINGH BISHT,VOLVO-480 (N),13.0,April-2026
2026-04-15,2,MUKHTIAR SINGH,,0.0,April-2026
2026-04-15,3,PARMJEET SINGH,VOLVO-480 (N),14.0,April-2026
2026-04-15,4,LAL MOHAN SINGH,JH06H-6198 D.TANKER,12.0,April-2026
2026-04-15,5,ANIL RAM,VOLVO-300(5),9.0,April-2026
2026-04-15,6,SUNIL KUMAR SINGH,,0.0,April-2026
2026-04-15,7,DES RAJ,VOLVO-480 (N),18.0,April-2026
2026-04-15,8,BIDYADHAR ARUK,JH06P-6214 SCORPIO,15.0,April-2026
2026-04-15,9,BALVINDAR SINGH,OD09C-5609 JCB,13.0,April-2026
2026-04-15,10,PRAKASH MAHANTA,,0.0,April-2026
2026-04-15,11,JAYDHAN DAS,JH06H-9654,15.0,April-2026
2026-04-15,12,CHAMBURU MUNDARI,JH06G-4703,10.0,April-2026
2026-04-15,13,SUNDAR MOHAN BESHRA,VOLVO-480 (N),17.0,April-2026
2026-04-15,14,RALEYA MUNDA,,0.0,April-2026
2026-04-15,15,AMAN GOPE,,0.0,April-2026
2026-04-15,16,RAJENDRA PURTY,JH01 T-8721 CHATU BABU,14.0,April-2026
2026-04-15,17,SUKHLAL SIRKA,VOLVO-480 (N),12.0,April-2026
2026-04-15,18,BAGAR SINGH SINKU,JH06H-6198 D.TANKER,14.0,April-2026
2026-04-15,19,,JH06H-9654,17.0,April-2026
2026-04-15,20,,JH06H-3742,9.0,April-2026
2026-04-15,21,,JH06G-4703,17.0,April-2026
2026-04-16,1,SANJAY SINGH BISHT,JH01 T-8721 CHATU BABU,9.0,April-2026
2026-04-16,2,MUKHTIAR SINGH,OD09C-5609 JCB,18.0,April-2026
2026-04-16,3,PARMJEET SINGH,VOLVO-480 (N),11.0,April-2026
2026-04-16,4,LAL MOHAN SINGH,,0.0,April-2026
2026-04-16,5,ANIL RAM,JH06H-3742,17.0,April-2026
2026-04-16,6,SUNIL KUMAR SINGH,,0.0,April-2026
2026-04-16,7,DES RAJ,,0.0,April-2026
2026-04-16,8,BIDYADHAR ARUK,VOLVO-380,18.0,April-2026
2026-04-16,9,BALVINDAR SINGH,JH06G-5437,10.0,April-2026
2026-04-16,10,PRAKASH MAHANTA,,0.0,April-2026
2026-04-16,11,JAYDHAN DAS,VOLVO-380,11.0,April-2026
2026-04-16,12,CHAMBURU MUNDARI,VOLVO-480,16.0,April-2026
2026-04-16,13,SUNDAR MOHAN BESHRA,VOLVO 300-2,10.0,April-2026
2026-04-16,14,RALEYA MUNDA,JH06H-6198 D.TANKER,11.0,April-2026
2026-04-16,15,AMAN GOPE,JH06T-7706,17.0,April-2026
2026-04-16,16,RAJENDRA PURTY,JH06G-5437,17.0,April-2026
2026-04-16,17,SUKHLAL SIRKA,VOLVO-480,16.0,April-2026
2026-04-16,18,BAGAR SINGH SINKU,JH06H-6198 D.TANKER,12.0,April-2026
2026-04-16,19,,JH06P-6214 SCORPIO,8.0,April-2026
2026-04-16,20,,JH06H-6198 D.TANKER,15.0,April-2026
2026-04-16,21,,,0.0,April-2026
2026-04-17,1,SANJAY SINGH BISHT,VOLVO-380,11.0,April-2026
2026-04-17,2,MUKHTIAR SINGH,JH06G-5696,9.0,April-2026
2026-04-17,3,PARMJEET SINGH,JH06H-5348,11.0,April-2026
2026-04-17,4,LAL MOHAN SINGH,VOLVO-300-7,16.0,April-2026
2026-04-17,5,ANIL RAM,JCB-8262 LOADER,9.0,April-2026
2026-04-17,6,SUNIL KUMAR SINGH,OD09C-5609 JCB,12.0,April-2026
2026-04-17,7,DES RAJ,JCB-8262 LOADER,14.0,April-2026
2026-04-17,8,BIDYADHAR ARUK,JH06G-5696,11.0,April-2026
2026-04-17,9,BALVINDAR SINGH,VOLVO-300-7,8.0,April-2026
2026-04-17,10,PRAKASH MAHANTA,,0.0,April-2026
2026-04-17,11,JAYDHAN DAS,,0.0,April-2026
2026-04-17,12,CHAMBURU MUNDARI,VOLVO-300-7,13.0,April-2026
2026-04-17,13,SUNDAR MOHAN BESHRA,,0.0,April-2026
2026-04-17,14,RALEYA MUNDA,JH06P-6214 SCORPIO,11.0,April-2026
2026-04-17,15,AMAN GOPE,VOLVO-300(5),10.0,April-2026
2026-04-17,16,RAJENDRA PURTY,VOLVO 300-2,14.0,April-2026
2026-04-17,17,SUKHLAL SIRKA,JH06H-3742,10.0,April-2026
2026-04-17,18,BAGAR SINGH SINKU,,0.0,April-2026
2026-04-17,19,,JCB-8262 LOADER,16.0,April-2026
2026-04-17,20,,JH06G-5437,15.0,April-2026
2026-04-17,21,,JH06G-5437,14.0,April-2026
2026-04-18,1,SANJAY SINGH BISHT,VOLVO-480 (N),8.0,April-2026
2026-04-18,2,MUKHTIAR SINGH,VOLVO-480 (N),17.0,April-2026
2026-04-18,3,PARMJEET SINGH,JH06G-5696,9.0,April-2026
2026-04-18,4,LAL MOHAN SINGH,JH06H-5348,9.0,April-2026
2026-04-18,5,ANIL RAM,,0.0,April-2026
2026-04-18,6,SUNIL KUMAR SINGH,JCB-8262 LOADER,9.0,April-2026
2026-04-18,7,DES RAJ,JH06G-5437,14.0,April-2026
2026-04-18,8,BIDYADHAR ARUK,,0.0,April-2026
2026-04-18,9,BALVINDAR SINGH,,0.0,April-2026
2026-04-18,10,PRAKASH MAHANTA,,0.0,April-2026
2026-04-18,11,JAYDHAN DAS,JH06P-6214 SCORPIO,8.0,April-2026
2026-04-18,12,CHAMBURU MUNDARI,VOLVO 300-2,9.0,April-2026
2026-04-18,13,SUNDAR MOHAN BESHRA,,0.0,April-2026
2026-04-18,14,RALEYA MUNDA,VOLVO-300-7,12.0,April-2026
2026-04-18,15,AMAN GOPE,VOLVO-300-7,16.0,April-2026
2026-04-18,16,RAJENDRA PURTY,VOLVO-300(5),16.0,April-2026
2026-04-18,17,SUKHLAL SIRKA,VOLVO-300-7,13.0,April-2026
2026-04-18,18,BAGAR SINGH SINKU,JH06G-5696,12.0,April-2026
2026-04-18,19,,JH06T-7706,17.0,April-2026
2026-04-18,20,,VOLVO-380,14.0,April-2026
2026-04-18,21,,JH06G-5437,15.0,April-2026
2026-04-19,1,SANJAY SINGH BISHT,JH06H-7764,10.0,April-2026
2026-04-19,2,MUKHTIAR SINGH,VOLVO-300(5),8.0,April-2026
2026-04-19,3,PARMJEET SINGH,JH06G-4703,12.0,April-2026
2026-04-19,4,LAL MOHAN SINGH,,0.0,April-2026
2026-04-19,5,ANIL RAM,VOLVO-480 (N),12.0,April-2026
2026-04-19,6,SUNIL KUMAR SINGH,JH06G-5696,14.0,April-2026
2026-04-19,7,DES RAJ,,0.0,April-2026
2026-04-19,8,BIDYADHAR ARUK,,0.0,April-2026
2026-04-19,9,BALVINDAR SINGH,VOLVO-300(5),10.0,April-2026
2026-04-19,10,PRAKASH MAHANTA,JH06G-5437,16.0,April-2026
2026-04-19,11,JAYDHAN DAS,JH06T-7706,10.0,April-2026
2026-04-19,12,CHAMBURU MUNDARI,JH06H-7764,15.0,April-2026
2026-04-19,13,SUNDAR MOHAN BESHRA,,0.0,April-2026
2026-04-19,14,RALEYA MUNDA,,0.0,April-2026
2026-04-19,15,AMAN GOPE,JH06H-5348,13.0,April-2026
2026-04-19,16,RAJENDRA PURTY,JH06H-6198 D.TANKER,12.0,April-2026
2026-04-19,17,SUKHLAL SIRKA,OD09C-5609 JCB,9.0,April-2026
2026-04-19,18,BAGAR SINGH SINKU,VOLVO-380,16.0,April-2026
2026-04-19,19,,VOLVO 300-2,11.0,April-2026
2026-04-19,20,,,0.0,April-2026
2026-04-19,21,,,0.0,April-2026
2026-04-20,1,SANJAY SINGH BISHT,,0.0,April-2026
2026-04-20,2,MUKHTIAR SINGH,JH06H-5348,15.0,April-2026
2026-04-20,3,PARMJEET SINGH,JH06T-7706,12.0,April-2026
2026-04-20,4,LAL MOHAN SINGH,JH06G-4703,10.0,April-2026
2026-04-20,5,ANIL RAM,VOLVO-300(5),9.0,April-2026
2026-04-20,6,SUNIL KUMAR SINGH,VOLVO-480,16.0,April-2026
2026-04-20,7,DES RAJ,VOLVO-300(5),11.0,April-2026
2026-04-20,8,BIDYADHAR ARUK,JH06P-6214 SCORPIO,11.0,April-2026
2026-04-20,9,BALVINDAR SINGH,VOLVO 300-2,13.0,April-2026
2026-04-20,10,PRAKASH MAHANTA,JH06H-3742,9.0,April-2026
2026-04-20,11,JAYDHAN DAS,JCB-8262 LOADER,16.0,April-2026
2026-04-20,12,CHAMBURU MUNDARI,JH06H-7764,10.0,April-2026
2026-04-20,13,SUNDAR MOHAN BESHRA,VOLVO-480 (N),11.0,April-2026
2026-04-20,14,RALEYA MUNDA,JH06H-5348,10.0,April-2026
2026-04-20,15,AMAN GOPE,JH01 T-8721 CHATU BABU,18.0,April-2026
2026-04-20,16,RAJENDRA PURTY,JH06T-7706,9.0,April-2026
2026-04-20,17,SUKHLAL SIRKA,VOLVO 300-2,16.0,April-2026
2026-04-20,18,BAGAR SINGH SINKU,VOLVO-300(5),11.0,April-2026
2026-04-20,19,,VOLVO-300-7,18.0,April-2026
2026-04-20,20,,JH01 T-8721 CHATU BABU,13.0,April-2026
2026-04-20,21,,,0.0,April-2026
2026-04-21,1,SANJAY SINGH BISHT,JH06T-7706,15.0,April-2026
2026-04-21,2,MUKHTIAR SINGH,,0.0,April-2026
2026-04-21,3,PARMJEET SINGH,JH06H-7764,15.0,April-2026
2026-04-21,4,LAL MOHAN SINGH,,0.0,April-2026
2026-04-21,5,ANIL RAM,JH06T-7706,18.0,April-2026
2026-04-21,6,SUNIL KUMAR SINGH,JH06H-9654,14.0,April-2026
2026-04-21,7,DES RAJ,JH06T-7706,8.0,April-2026
2026-04-21,8,BIDYADHAR ARUK,JH06G-5696,15.0,April-2026
2026-04-21,9,BALVINDAR SINGH,,0.0,April-2026
2026-04-21,10,PRAKASH MAHANTA,VOLVO-300(5),16.0,April-2026
2026-04-21,11,JAYDHAN DAS,JH06H-6198 D.TANKER,16.0,April-2026
2026-04-21,12,CHAMBURU MUNDARI,JCB-8262 LOADER,14.0,April-2026
2026-04-21,13,SUNDAR MOHAN BESHRA,VOLVO-300-7,15.0,April-2026
2026-04-21,14,RALEYA MUNDA,JH01 T-8721 CHATU BABU,11.0,April-2026
2026-04-21,15,AMAN GOPE,VOLVO-480 (N),14.0,April-2026
2026-04-21,16,RAJENDRA PURTY,JH06H-6198 D.TANKER,9.0,April-2026
2026-04-21,17,SUKHLAL SIRKA,JH06T-7706,13.0,April-2026
2026-04-21,18,BAGAR SINGH SINKU,JH01 T-8721 CHATU BABU,16.0,April-2026
2026-04-21,19,,,0.0,April-2026
2026-04-21,20,,JH06G-5696,16.0,April-2026
2026-04-21,21,,JH06P-6214 SCORPIO,17.0,April-2026
2026-04-22,1,SANJAY SINGH BISHT,VOLVO-300(5),16.0,April-2026
2026-04-22,2,MUKHTIAR SINGH,JH01 T-8721 CHATU BABU,9.0,April-2026
2026-04-22,3,PARMJEET SINGH,JH06H-9654,13.0,April-2026
2026-04-22,4,LAL MOHAN SINGH,VOLVO-380,18.0,April-2026
2026-04-22,5,ANIL RAM,JH06H-3742,10.0,April-2026
2026-04-22,6,SUNIL KUMAR SINGH,,0.0,April-2026
2026-04-22,7,DES RAJ,JH06H-7764,9.0,April-2026
2026-04-22,8,BIDYADHAR ARUK,VOLVO-380,16.0,April-2026
2026-04-22,9,BALVINDAR SINGH,JH01 T-8721 CHATU BABU,13.0,April-2026
2026-04-22,10,PRAKASH MAHANTA,JH06P-6214 SCORPIO,11.0,April-2026
2026-04-22,11,JAYDHAN DAS,JH06T-7706,9.0,April-2026
2026-04-22,12,CHAMBURU MUNDARI,VOLVO-380,15.0,April-2026
2026-04-22,13,SUNDAR MOHAN BESHRA,JH06H-3742,17.0,April-2026
2026-04-22,14,RALEYA MUNDA,JH06G-5437,10.0,April-2026
2026-04-22,15,AMAN GOPE,JH01 T-8721 CHATU BABU,12.0,April-2026
2026-04-22,16,RAJENDRA PURTY,,0.0,April-2026
2026-04-22,17,SUKHLAL SIRKA,JH01 T-8721 CHATU BABU,17.0,April-2026
2026-04-22,18,BAGAR SINGH SINKU,,0.0,April-2026
2026-04-22,19,,JH06P-6214 SCORPIO,9.0,April-2026
2026-04-22,20,,JH06G-4703,17.0,April-2026
2026-04-22,21,,JH06G-5696,11.0,April-2026
2026-04-23,1,SANJAY SINGH BISHT,JH06H-3742,13.0,April-2026
2026-04-23,2,MUKHTIAR SINGH,JH01 T-8721 CHATU BABU,14.0,April-2026
2026-04-23,3,PARMJEET SINGH,VOLVO-480 (N),17.0,April-2026
2026-04-23,4,LAL MOHAN SINGH,JCB-8262 LOADER,17.0,April-2026
2026-04-23,5,ANIL RAM,JH06H-9654,17.0,April-2026
2026-04-23,6,SUNIL KUMAR SINGH,VOLVO-300-7,15.0,April-2026
2026-04-23,7,DES RAJ,VOLVO-480 (N),13.0,April-2026
2026-04-23,8,BIDYADHAR ARUK,JH06H-5348,16.0,April-2026
2026-04-23,9,BALVINDAR SINGH,JH06H-9654,14.0,April-2026
2026-04-23,10,PRAKASH MAHANTA,JCB-8262 LOADER,15.0,April-2026
2026-04-23,11,JAYDHAN DAS,JH06H-5348,12.0,April-2026
2026-04-23,12,CHAMBURU MUNDARI,JH06P-6214 SCORPIO,9.0,April-2026
2026-04-23,13,SUNDAR MOHAN BESHRA,OD09C-5609 JCB,10.0,April-2026
2026-04-23,14,RALEYA MUNDA,VOLVO-380,13.0,April-2026
2026-04-23,15,AMAN GOPE,VOLVO-300(5),11.0,April-2026
2026-04-23,16,RAJENDRA PURTY,VOLVO-480,17.0,April-2026
2026-04-23,17,SUKHLAL SIRKA,JH06H-9654,16.0,April-2026
2026-04-23,18,BAGAR SINGH SINKU,VOLVO-300(5),16.0,April-2026
2026-04-23,19,,JH06H-9654,18.0,April-2026
2026-04-23,20,,VOLVO-480,14.0,April-2026
2026-04-23,21,,JH06G-5437,17.0,April-2026
2026-04-24,1,SANJAY SINGH BISHT,VOLVO-380,10.0,April-2026
2026-04-24,2,MUKHTIAR SINGH,VOLVO-480,9.0,April-2026
2026-04-24,3,PARMJEET SINGH,JH06H-3742,17.0,April-2026
2026-04-24,4,LAL MOHAN SINGH,JH06H-3742,14.0,April-2026
2026-04-24,5,ANIL RAM,,0.0,April-2026
2026-04-24,6,SUNIL KUMAR SINGH,JH06H-3742,18.0,April-2026
2026-04-24,7,DES RAJ,OD09C-5609 JCB,14.0,April-2026
2026-04-24,8,BIDYADHAR ARUK,,0.0,April-2026
2026-04-24,9,BALVINDAR SINGH,VOLVO-300-7,12.0,April-2026
2026-04-24,10,PRAKASH MAHANTA,VOLVO-300(5),10.0,April-2026
2026-04-24,11,JAYDHAN DAS,VOLVO-380,15.0,April-2026
2026-04-24,12,CHAMBURU MUNDARI,JH06P-6214 SCORPIO,17.0,April-2026
2026-04-24,13,SUNDAR MOHAN BESHRA,JH06T-7706,9.0,April-2026
2026-04-24,14,RALEYA MUNDA,,0.0,April-2026
2026-04-24,15,AMAN GOPE,,0.0,April-2026
2026-04-24,16,RAJENDRA PURTY,,0.0,April-2026
2026-04-24,17,SUKHLAL SIRKA,VOLVO 300-2,8.0,April-2026
2026-04-24,18,BAGAR SINGH SINKU,JH06H-7764,10.0,April-2026
2026-04-24,19,,,0.0,April-2026
2026-04-24,20,,JH06G-4703,10.0,April-2026
2026-04-24,21,,JH06H-6198 D.TANKER,16.0,April-2026
2026-04-25,1,SANJAY SINGH BISHT,VOLVO-480 (N),17.0,April-2026
2026-04-25,2,MUKHTIAR SINGH,JH06H-9654,11.0,April-2026
2026-04-25,3,PARMJEET SINGH,JH06G-5696,13.0,April-2026
2026-04-25,4,LAL MOHAN SINGH,VOLVO-300-7,8.0,April-2026
2026-04-25,5,ANIL RAM,VOLVO-380,9.0,April-2026
2026-04-25,6,SUNIL KUMAR SINGH,,0.0,April-2026
2026-04-25,7,DES RAJ,JH06T-7706,15.0,April-2026
2026-04-25,8,BIDYADHAR ARUK,JH06H-7764,11.0,April-2026
2026-04-25,9,BALVINDAR SINGH,VOLVO-300(5),14.0,April-2026
2026-04-25,10,PRAKASH MAHANTA,VOLVO-480 (N),11.0,April-2026
2026-04-25,11,JAYDHAN DAS,JH01 T-8721 CHATU BABU,8.0,April-2026
2026-04-25,12,CHAMBURU MUNDARI,,0.0,April-2026
2026-04-25,13,SUNDAR MOHAN BESHRA,JH06H-7764,17.0,April-2026
2026-04-25,14,RALEYA MUNDA,JH06G-4703,8.0,April-2026
2026-04-25,15,AMAN GOPE,JH06H-6198 D.TANKER,9.0,April-2026
2026-04-25,16,RAJENDRA PURTY,JH06G-4703,13.0,April-2026
2026-04-25,17,SUKHLAL SIRKA,VOLVO-480 (N),11.0,April-2026
2026-04-25,18,BAGAR SINGH SINKU,,0.0,April-2026
2026-04-25,19,,VOLVO-300(5),10.0,April-2026
2026-04-25,20,,JH06H-6198 D.TANKER,13.0,April-2026
2026-04-25,21,,JH06H-6198 D.TANKER,17.0,April-2026
2026-04-26,1,SANJAY SINGH BISHT,VOLVO-480,18.0,April-2026
2026-04-26,2,MUKHTIAR SINGH,VOLVO-480 (N),14.0,April-2026
2026-04-26,3,PARMJEET SINGH,JH06H-3742,15.0,April-2026
2026-04-26,4,LAL MOHAN SINGH,JH06T-7706,15.0,April-2026
2026-04-26,5,ANIL RAM,,0.0,April-2026
2026-04-26,6,SUNIL KUMAR SINGH,JH06H-6198 D.TANKER,14.0,April-2026
2026-04-26,7,DES RAJ,,0.0,April-2026
2026-04-26,8,BIDYADHAR ARUK,JH06H-7764,15.0,April-2026
2026-04-26,9,BALVINDAR SINGH,VOLVO 300-2,17.0,April-2026
2026-04-26,10,PRAKASH MAHANTA,JH06H-3742,8.0,April-2026
2026-04-26,11,JAYDHAN DAS,VOLVO-380,8.0,April-2026
2026-04-26,12,CHAMBURU MUNDARI,JH06H-5348,9.0,April-2026
2026-04-26,13,SUNDAR MOHAN BESHRA,VOLVO-380,13.0,April-2026
2026-04-26,14,RALEYA MUNDA,JH06H-7764,8.0,April-2026
2026-04-26,15,AMAN GOPE,JH06H-3742,17.0,April-2026
2026-04-26,16,RAJENDRA PURTY,VOLVO-300(5),16.0,April-2026
2026-04-26,17,SUKHLAL SIRKA,,0.0,April-2026
2026-04-26,18,BAGAR SINGH SINKU,JH06G-5696,15.0,April-2026
2026-04-26,19,,,0.0,April-2026
2026-04-26,20,,OD09C-5609 JCB,16.0,April-2026
2026-04-26,21,,VOLVO 300-2,13.0,April-2026
2026-04-27,1,SANJAY SINGH BISHT,VOLVO-300(5),18.0,April-2026
2026-04-27,2,MUKHTIAR SINGH,VOLVO-300(5),8.0,April-2026
2026-04-27,3,PARMJEET SINGH,VOLVO-380,18.0,April-2026
2026-04-27,4,LAL MOHAN SINGH,JCB-8262 LOADER,18.0,April-2026
2026-04-27,5,ANIL RAM,JH06H-6198 D.TANKER,11.0,April-2026
2026-04-27,6,SUNIL KUMAR SINGH,JH06P-6214 SCORPIO,13.0,April-2026
2026-04-27,7,DES RAJ,VOLVO 300-2,11.0,April-2026
2026-04-27,8,BIDYADHAR ARUK,VOLVO-480,15.0,April-2026
2026-04-27,9,BALVINDAR SINGH,JH06P-6214 SCORPIO,17.0,April-2026
2026-04-27,10,PRAKASH MAHANTA,VOLVO 300-2,18.0,April-2026
2026-04-27,11,JAYDHAN DAS,JH06H-5348,12.0,April-2026
2026-04-27,12,CHAMBURU MUNDARI,JH06H-5348,17.0,April-2026
2026-04-27,13,SUNDAR MOHAN BESHRA,VOLVO-300-7,11.0,April-2026
2026-04-27,14,RALEYA MUNDA,JH06G-5437,16.0,April-2026
2026-04-27,15,AMAN GOPE,JH06G-5696,14.0,April-2026
2026-04-27,16,RAJENDRA PURTY,JH06H-7764,13.0,April-2026
2026-04-27,17,SUKHLAL SIRKA,VOLVO-300(5),12.0,April-2026
2026-04-27,18,BAGAR SINGH SINKU,JH06H-9654,15.0,April-2026
2026-04-27,19,,,0.0,April-2026
2026-04-27,20,,,0.0,April-2026
2026-04-27,21,,JH01 T-8721 CHATU BABU,10.0,April-2026
2026-04-28,1,SANJAY SINGH BISHT,,0.0,April-2026
2026-04-28,2,MUKHTIAR SINGH,JH06G-5437,18.0,April-2026
2026-04-28,3,PARMJEET SINGH,JH06G-5437,8.0,April-2026
2026-04-28,4,LAL MOHAN SINGH,,0.0,April-2026
2026-04-28,5,ANIL RAM,VOLVO-480,8.0,April-2026
2026-04-28,6,SUNIL KUMAR SINGH,JH06G-5437,8.0,April-2026
2026-04-28,7,DES RAJ,JH06H-9654,16.0,April-2026
2026-04-28,8,BIDYADHAR ARUK,JH01 T-8721 CHATU BABU,16.0,April-2026
2026-04-28,9,BALVINDAR SINGH,,0.0,April-2026
2026-04-28,10,PRAKASH MAHANTA,VOLVO-480,15.0,April-2026
2026-04-28,11,JAYDHAN DAS,VOLVO 300-2,18.0,April-2026
2026-04-28,12,CHAMBURU MUNDARI,OD09C-5609 JCB,18.0,April-2026
2026-04-28,13,SUNDAR MOHAN BESHRA,,0.0,April-2026
2026-04-28,14,RALEYA MUNDA,JH06H-3742,9.0,April-2026
2026-04-28,15,AMAN GOPE,JH06P-6214 SCORPIO,14.0,April-2026
2026-04-28,16,RAJENDRA PURTY,JH06G-4703,16.0,April-2026
2026-04-28,17,SUKHLAL SIRKA,VOLVO-480 (N),15.0,April-2026
2026-04-28,18,BAGAR SINGH SINKU,,0.0,April-2026
2026-04-28,19,,VOLVO 300-2,12.0,April-2026
2026-04-28,20,,,0.0,April-2026
2026-04-28,21,,VOLVO-300-7,16.0,April-2026
2026-04-29,1,SANJAY SINGH BISHT,JH06P-6214 SCORPIO,15.0,April-2026
2026-04-29,2,MUKHTIAR SINGH,JH06G-5437,15.0,April-2026
2026-04-29,3,PARMJEET SINGH,JH06T-7706,15.0,April-2026
2026-04-29,4,LAL MOHAN SINGH,JCB-8262 LOADER,8.0,April-2026
2026-04-29,5,ANIL RAM,VOLVO-380,18.0,April-2026
2026-04-29,6,SUNIL KUMAR SINGH,VOLVO-480 (N),14.0,April-2026
2026-04-29,7,DES RAJ,JH06T-7706,17.0,April-2026
2026-04-29,8,BIDYADHAR ARUK,JH06H-7764,13.0,April-2026
2026-04-29,9,BALVINDAR SINGH,JH06T-7706,15.0,April-2026
2026-04-29,10,PRAKASH MAHANTA,,0.0,April-2026
2026-04-29,11,JAYDHAN DAS,VOLVO-300(5),9.0,April-2026
2026-04-29,12,CHAMBURU MUNDARI,VOLVO-380,15.0,April-2026
2026-04-29,13,SUNDAR MOHAN BESHRA,JH06H-7764,18.0,April-2026
2026-04-29,14,RALEYA MUNDA,JH06H-5348,8.0,April-2026
2026-04-29,15,AMAN GOPE,VOLVO-300(5),12.0,April-2026
2026-04-29,16,RAJENDRA PURTY,JH01 T-8721 CHATU BABU,9.0,April-2026
2026-04-29,17,SUKHLAL SIRKA,JH06H-9654,13.0,April-2026
2026-04-29,18,BAGAR SINGH SINKU,JH06G-5696,17.0,April-2026
2026-04-29,19,,JH06P-6214 SCORPIO,12.0,April-2026
2026-04-29,20,,JH06H-5348,17.0,April-2026
2026-04-29,21,,,0.0,April-2026
2026-04-30,1,SANJAY SINGH BISHT,VOLVO-480 (N),15.0,April-2026
2026-04-30,2,MUKHTIAR SINGH,,0.0,April-2026
2026-04-30,3,PARMJEET SINGH,VOLVO-380,17.0,April-2026
2026-04-30,4,LAL MOHAN SINGH,,0.0,April-2026
2026-04-30,5,ANIL RAM,VOLVO-480 (N),14.0,April-2026
2026-04-30,6,SUNIL KUMAR SINGH,OD09C-5609 JCB,13.0,April-2026
2026-04-30,7,DES RAJ,JH06P-6214 SCORPIO,14.0,April-2026
2026-04-30,8,BIDYADHAR ARUK,VOLVO-480 (N),13.0,April-2026
2026-04-30,9,BALVINDAR SINGH,,0.0,April-2026
2026-04-30,10,PRAKASH MAHANTA,,0.0,April-2026
2026-04-30,11,JAYDHAN DAS,,0.0,April-2026
2026-04-30,12,CHAMBURU MUNDARI,,0.0,April-2026
2026-04-30,13,SUNDAR MOHAN BESHRA,JCB-8262 LOADER,14.0,April-2026
2026-04-30,14,RALEYA MUNDA,VOLVO-380,10.0,April-2026
2026-04-30,15,AMAN GOPE,JH06G-5696,15.0,April-2026
2026-04-30,16,RAJENDRA PURTY,JH06T-7706,12.0,April-2026
2026-04-30,17,SUKHLAL SIRKA,JH06G-4703,11.0,April-2026
2026-04-30,18,BAGAR SINGH SINKU,,0.0,April-2026
2026-04-30,19,,VOLVO 300-2,15.0,April-2026
2026-04-30,20,,,0.0,April-2026
2026-04-30,21,,JH06T-7706,18.0,April-2026
2026-05-01,1,SANJAY SINGH BISHT,JH06H-7764,15.0,May-2026
2026-05-01,2,MUKHTIAR SINGH,JH06G-5437,17.0,May-2026
2026-05-01,3,PARMJEET SINGH,VOLVO-300(5),13.0,May-2026
2026-05-01,4,LAL MOHAN SINGH,VOLVO 300-2,14.0,May-2026
2026-05-01,5,ANIL RAM,VOLVO-300-7,14.0,May-2026
2026-05-01,6,SUNIL KUMAR SINGH,JH06H-7764,13.0,May-2026
2026-05-01,7,DES RAJ,,0.0,May-2026
2026-05-01,8,BIDYADHAR ARUK,JH06T-7706,16.0,May-2026
2026-05-01,9,BALVINDAR SINGH,JH06H-6198 D.TANKER,13.0,May-2026
2026-05-01,10,PRAKASH MAHANTA,OD09C-5609 JCB,17.0,May-2026
2026-05-01,11,JAYDHAN DAS,,0.0,May-2026
2026-05-01,12,CHAMBURU MUNDARI,VOLVO 300-2,9.0,May-2026
2026-05-01,13,SUNDAR MOHAN BESHRA,JH06H-6198 D.TANKER,8.0,May-2026
2026-05-01,14,RALEYA MUNDA,JH06G-4703,15.0,May-2026
2026-05-01,15,AMAN GOPE,,0.0,May-2026
2026-05-01,16,RAJENDRA PURTY,VOLVO-380,8.0,May-2026
2026-05-01,17,SUKHLAL SIRKA,VOLVO-300-7,9.0,May-2026
2026-05-01,18,BAGAR SINGH SINKU,OD09C-5609 JCB,16.0,May-2026
2026-05-01,19,,VOLVO-380,16.0,May-2026
2026-05-01,20,,JCB-8262 LOADER,17.0,May-2026
2026-05-01,21,,JH01 T-8721 CHATU BABU,16.0,May-2026
2026-05-02,1,SANJAY SINGH BISHT,JH01 T-8721 CHATU BABU,9.0,May-2026
2026-05-02,2,MUKHTIAR SINGH,VOLVO-480 (N),11.0,May-2026
2026-05-02,3,PARMJEET SINGH,JH06G-5437,13.0,May-2026
2026-05-02,4,LAL MOHAN SINGH,VOLVO-300(5),14.0,May-2026
2026-05-02,5,ANIL RAM,,0.0,May-2026
2026-05-02,6,SUNIL KUMAR SINGH,JH06H-5348,12.0,May-2026
2026-05-02,7,DES RAJ,,0.0,May-2026
2026-05-02,8,BIDYADHAR ARUK,JH06T-7706,12.0,May-2026
2026-05-02,9,BALVINDAR SINGH,JH06H-7764,18.0,May-2026
2026-05-02,10,PRAKASH MAHANTA,,0.0,May-2026
2026-05-02,11,JAYDHAN DAS,JH06H-5348,16.0,May-2026
2026-05-02,12,CHAMBURU MUNDARI,JH06H-6198 D.TANKER,16.0,May-2026
2026-05-02,13,SUNDAR MOHAN BESHRA,JH01 T-8721 CHATU BABU,12.0,May-2026
2026-05-02,14,RALEYA MUNDA,,0.0,May-2026
2026-05-02,15,AMAN GOPE,JH06H-5348,15.0,May-2026
2026-05-02,16,RAJENDRA PURTY,JH06P-6214 SCORPIO,9.0,May-2026
2026-05-02,17,SUKHLAL SIRKA,VOLVO-300-7,9.0,May-2026
2026-05-02,18,BAGAR SINGH SINKU,JH06G-5696,9.0,May-2026
2026-05-02,19,,JH06G-5696,16.0,May-2026
2026-05-02,20,,JH06H-9654,12.0,May-2026
2026-05-02,21,,VOLVO-380,8.0,May-2026
2026-05-03,1,SANJAY SINGH BISHT,JH06G-5437,12.0,May-2026
2026-05-03,2,MUKHTIAR SINGH,JH01 T-8721 CHATU BABU,9.0,May-2026
2026-05-03,3,PARMJEET SINGH,JH06H-7764,16.0,May-2026
2026-05-03,4,LAL MOHAN SINGH,VOLVO-480 (N),14.0,May-2026
2026-05-03,5,ANIL RAM,JH06P-6214 SCORPIO,9.0,May-2026
2026-05-03,6,SUNIL KUMAR SINGH,VOLVO-380,12.0,May-2026
2026-05-03,7,DES RAJ,JH01 T-8721 CHATU BABU,15.0,May-2026
2026-05-03,8,BIDYADHAR ARUK,,0.0,May-2026
2026-05-03,9,BALVINDAR SINGH,JH06G-5437,18.0,May-2026
2026-05-03,10,PRAKASH MAHANTA,JH06H-6198 D.TANKER,11.0,May-2026
2026-05-03,11,JAYDHAN DAS,JH06H-9654,8.0,May-2026
2026-05-03,12,CHAMBURU MUNDARI,JH06G-4703,13.0,May-2026
2026-05-03,13,SUNDAR MOHAN BESHRA,JH06H-9654,10.0,May-2026
2026-05-03,14,RALEYA MUNDA,,0.0,May-2026
2026-05-03,15,AMAN GOPE,VOLVO-480 (N),10.0,May-2026
2026-05-03,16,RAJENDRA PURTY,JH06H-3742,13.0,May-2026
2026-05-03,17,SUKHLAL SIRKA,JH06H-7764,17.0,May-2026
2026-05-03,18,BAGAR SINGH SINKU,JH06G-5696,14.0,May-2026
2026-05-03,19,,,0.0,May-2026
2026-05-03,20,,,0.0,May-2026
2026-05-03,21,,VOLVO 300-2,18.0,May-2026
2026-05-04,1,SANJAY SINGH BISHT,,0.0,May-2026
2026-05-04,2,MUKHTIAR SINGH,JH06H-3742,17.0,May-2026
2026-05-04,3,PARMJEET SINGH,VOLVO-300-7,16.0,May-2026
2026-05-04,4,LAL MOHAN SINGH,JH06H-9654,14.0,May-2026
2026-05-04,5,ANIL RAM,JCB-8262 LOADER,8.0,May-2026
2026-05-04,6,SUNIL KUMAR SINGH,JH06H-3742,13.0,May-2026
2026-05-04,7,DES RAJ,,0.0,May-2026
2026-05-04,8,BIDYADHAR ARUK,VOLVO 300-2,17.0,May-2026
2026-05-04,9,BALVINDAR SINGH,JCB-8262 LOADER,17.0,May-2026
2026-05-04,10,PRAKASH MAHANTA,JH06H-5348,14.0,May-2026
2026-05-04,11,JAYDHAN DAS,JH01 T-8721 CHATU BABU,15.0,May-2026
2026-05-04,12,CHAMBURU MUNDARI,JH06T-7706,18.0,May-2026
2026-05-04,13,SUNDAR MOHAN BESHRA,JH06T-7706,12.0,May-2026
2026-05-04,14,RALEYA MUNDA,JH06H-9654,14.0,May-2026
2026-05-04,15,AMAN GOPE,VOLVO-300(5),9.0,May-2026
2026-05-04,16,RAJENDRA PURTY,VOLVO-480,18.0,May-2026
2026-05-04,17,SUKHLAL SIRKA,VOLVO-480 (N),12.0,May-2026
2026-05-04,18,BAGAR SINGH SINKU,,0.0,May-2026
2026-05-04,19,,,0.0,May-2026
2026-05-04,20,,JH06P-6214 SCORPIO,14.0,May-2026
2026-05-04,21,,VOLVO 300-2,13.0,May-2026
2026-05-05,1,SANJAY SINGH BISHT,JH06H-6198 D.TANKER,17.0,May-2026
2026-05-05,2,MUKHTIAR SINGH,,0.0,May-2026
2026-05-05,3,PARMJEET SINGH,OD09C-5609 JCB,8.0,May-2026
2026-05-05,4,LAL MOHAN SINGH,VOLVO-480 (N),18.0,May-2026
2026-05-05,5,ANIL RAM,VOLVO-380,17.0,May-2026
2026-05-05,6,SUNIL KUMAR SINGH,VOLVO-300(5),14.0,May-2026
2026-05-05,7,DES RAJ,JH06H-5348,17.0,May-2026
2026-05-05,8,BIDYADHAR ARUK,VOLVO-300(5),10.0,May-2026
2026-05-05,9,BALVINDAR SINGH,VOLVO-480,18.0,May-2026
2026-05-05,10,PRAKASH MAHANTA,,0.0,May-2026
2026-05-05,11,JAYDHAN DAS,VOLVO-480,18.0,May-2026
2026-05-05,12,CHAMBURU MUNDARI,VOLVO-480 (N),18.0,May-2026
2026-05-05,13,SUNDAR MOHAN BESHRA,JH06P-6214 SCORPIO,9.0,May-2026
2026-05-05,14,RALEYA MUNDA,JH06G-5437,13.0,May-2026
2026-05-05,15,AMAN GOPE,JH06H-3742,9.0,May-2026
2026-05-05,16,RAJENDRA PURTY,,0.0,May-2026
2026-05-05,17,SUKHLAL SIRKA,,0.0,May-2026
2026-05-05,18,BAGAR SINGH SINKU,,0.0,May-2026
2026-05-05,19,,JH06H-9654,11.0,May-2026
2026-05-05,20,,JH06G-5437,10.0,May-2026
2026-05-05,21,,,0.0,May-2026
2026-05-06,1,SANJAY SINGH BISHT,,0.0,May-2026
2026-05-06,2,MUKHTIAR SINGH,JH06G-4703,15.0,May-2026
2026-05-06,3,PARMJEET SINGH,VOLVO 300-2,18.0,May-2026
2026-05-06,4,LAL MOHAN SINGH,,0.0,May-2026
2026-05-06,5,ANIL RAM,JH06H-9654,12.0,May-2026
2026-05-06,6,SUNIL KUMAR SINGH,JH06T-7706,16.0,May-2026
2026-05-06,7,DES RAJ,VOLVO-380,16.0,May-2026
2026-05-06,8,BIDYADHAR ARUK,VOLVO-380,18.0,May-2026
2026-05-06,9,BALVINDAR SINGH,VOLVO-300-7,13.0,May-2026
2026-05-06,10,PRAKASH MAHANTA,,0.0,May-2026
2026-05-06,11,JAYDHAN DAS,,0.0,May-2026
2026-05-06,12,CHAMBURU MUNDARI,JCB-8262 LOADER,13.0,May-2026
2026-05-06,13,SUNDAR MOHAN BESHRA,VOLVO 300-2,8.0,May-2026
2026-05-06,14,RALEYA MUNDA,VOLVO-480 (N),14.0,May-2026
2026-05-06,15,AMAN GOPE,VOLVO-300-7,18.0,May-2026
2026-05-06,16,RAJENDRA PURTY,JH01 T-8721 CHATU BABU,16.0,May-2026
2026-05-06,17,SUKHLAL SIRKA,JH06P-6214 SCORPIO,15.0,May-2026
2026-05-06,18,BAGAR SINGH SINKU,JH06H-6198 D.TANKER,14.0,May-2026
2026-05-06,19,,JH06G-5437,17.0,May-2026
2026-05-06,20,,JH06H-7764,11.0,May-2026
2026-05-06,21,,JH06G-5696,12.0,May-2026
2026-05-07,1,SANJAY SINGH BISHT,VOLVO-380,18.0,May-2026
2026-05-07,2,MUKHTIAR SINGH,,0.0,May-2026
2026-05-07,3,PARMJEET SINGH,,0.0,May-2026
2026-05-07,4,LAL MOHAN SINGH,,0.0,May-2026
2026-05-07,5,ANIL RAM,JH06G-4703,8.0,May-2026
2026-05-07,6,SUNIL KUMAR SINGH,JH06H-3742,11.0,May-2026
2026-05-07,7,DES RAJ,OD09C-5609 JCB,14.0,May-2026
2026-05-07,8,BIDYADHAR ARUK,JH06H-9654,13.0,May-2026
2026-05-07,9,BALVINDAR SINGH,,0.0,May-2026
2026-05-07,10,PRAKASH MAHANTA,,0.0,May-2026
2026-05-07,11,JAYDHAN DAS,,0.0,May-2026
2026-05-07,12,CHAMBURU MUNDARI,JH06H-9654,17.0,May-2026
2026-05-07,13,SUNDAR MOHAN BESHRA,,0.0,May-2026
2026-05-07,14,RALEYA MUNDA,VOLVO-380,16.0,May-2026
2026-05-07,15,AMAN GOPE,JH06P-6214 SCORPIO,15.0,May-2026
2026-05-07,16,RAJENDRA PURTY,VOLVO-300(5),9.0,May-2026
2026-05-07,17,SUKHLAL SIRKA,OD09C-5609 JCB,17.0,May-2026
2026-05-07,18,BAGAR SINGH SINKU,OD09C-5609 JCB,13.0,May-2026
2026-05-07,19,,JH06T-7706,16.0,May-2026
2026-05-07,20,,JCB-8262 LOADER,15.0,May-2026
2026-05-07,21,,JCB-8262 LOADER,12.0,May-2026
2026-05-08,1,SANJAY SINGH BISHT,JH06H-9654,15.0,May-2026
2026-05-08,2,MUKHTIAR SINGH,JCB-8262 LOADER,15.0,May-2026
2026-05-08,3,PARMJEET SINGH,JH06H-6198 D.TANKER,8.0,May-2026
2026-05-08,4,LAL MOHAN SINGH,JH06H-5348,11.0,May-2026
2026-05-08,5,ANIL RAM,,0.0,May-2026
2026-05-08,6,SUNIL KUMAR SINGH,,0.0,May-2026
2026-05-08,7,DES RAJ,JH01 T-8721 CHATU BABU,11.0,May-2026
2026-05-08,8,BIDYADHAR ARUK,JH06H-5348,16.0,May-2026
2026-05-08,9,BALVINDAR SINGH,JH06H-6198 D.TANKER,8.0,May-2026
2026-05-08,10,PRAKASH MAHANTA,JH06G-4703,15.0,May-2026
2026-05-08,11,JAYDHAN DAS,JCB-8262 LOADER,14.0,May-2026
2026-05-08,12,CHAMBURU MUNDARI,JH06H-6198 D.TANKER,15.0,May-2026
2026-05-08,13,SUNDAR MOHAN BESHRA,,0.0,May-2026
2026-05-08,14,RALEYA MUNDA,JCB-8262 LOADER,11.0,May-2026
2026-05-08,15,AMAN GOPE,OD09C-5609 JCB,9.0,May-2026
2026-05-08,16,RAJENDRA PURTY,JH06T-7706,13.0,May-2026
2026-05-08,17,SUKHLAL SIRKA,JH06H-3742,15.0,May-2026
2026-05-08,18,BAGAR SINGH SINKU,JH06G-5437,13.0,May-2026
2026-05-08,19,,,0.0,May-2026
2026-05-08,20,,JH06H-5348,12.0,May-2026
2026-05-08,21,,JH06T-7706,18.0,May-2026
2026-05-09,1,SANJAY SINGH BISHT,JH06H-7764,17.0,May-2026
2026-05-09,2,MUKHTIAR SINGH,JH06H-7764,12.0,May-2026
2026-05-09,3,PARMJEET SINGH,JH01 T-8721 CHATU BABU,13.0,May-2026
2026-05-09,4,LAL MOHAN SINGH,,0.0,May-2026
2026-05-09,5,ANIL RAM,JH06G-5696,10.0,May-2026
2026-05-09,6,SUNIL KUMAR SINGH,,0.0,May-2026
2026-05-09,7,DES RAJ,JH06G-4703,18.0,May-2026
2026-05-09,8,BIDYADHAR ARUK,JH06H-7764,13.0,May-2026
2026-05-09,9,BALVINDAR SINGH,JH06H-9654,8.0,May-2026
2026-05-09,10,PRAKASH MAHANTA,JCB-8262 LOADER,14.0,May-2026
2026-05-09,11,JAYDHAN DAS,JH06G-4703,17.0,May-2026
2026-05-09,12,CHAMBURU MUNDARI,JH06H-6198 D.TANKER,9.0,May-2026
2026-05-09,13,SUNDAR MOHAN BESHRA,VOLVO-300-7,12.0,May-2026
2026-05-09,14,RALEYA MUNDA,JH06T-7706,8.0,May-2026
2026-05-09,15,AMAN GOPE,VOLVO-480 (N),10.0,May-2026
2026-05-09,16,RAJENDRA PURTY,OD09C-5609 JCB,16.0,May-2026
2026-05-09,17,SUKHLAL SIRKA,JH01 T-8721 CHATU BABU,15.0,May-2026
2026-05-09,18,BAGAR SINGH SINKU,VOLVO-480,10.0,May-2026
2026-05-09,19,,VOLVO-480,15.0,May-2026
2026-05-09,20,,VOLVO-480,12.0,May-2026
2026-05-09,21,,OD09C-5609 JCB,8.0,May-2026
2026-05-10,1,SANJAY SINGH BISHT,VOLVO 300-2,10.0,May-2026
2026-05-10,2,MUKHTIAR SINGH,JH06G-5696,12.0,May-2026
2026-05-10,3,PARMJEET SINGH,JH06H-9654,15.0,May-2026
2026-05-10,4,LAL MOHAN SINGH,,0.0,May-2026
2026-05-10,5,ANIL RAM,,0.0,May-2026
2026-05-10,6,SUNIL KUMAR SINGH,JH06P-6214 SCORPIO,8.0,May-2026
2026-05-10,7,DES RAJ,JH01 T-8721 CHATU BABU,9.0,May-2026
2026-05-10,8,BIDYADHAR ARUK,,0.0,May-2026
2026-05-10,9,BALVINDAR SINGH,,0.0,May-2026
2026-05-10,10,PRAKASH MAHANTA,,0.0,May-2026
2026-05-10,11,JAYDHAN DAS,VOLVO-480,14.0,May-2026
2026-05-10,12,CHAMBURU MUNDARI,,0.0,May-2026
2026-05-10,13,SUNDAR MOHAN BESHRA,VOLVO-300(5),8.0,May-2026
2026-05-10,14,RALEYA MUNDA,VOLVO-480,18.0,May-2026
2026-05-10,15,AMAN GOPE,,0.0,May-2026
2026-05-10,16,RAJENDRA PURTY,VOLVO-300(5),8.0,May-2026
2026-05-10,17,SUKHLAL SIRKA,,0.0,May-2026
2026-05-10,18,BAGAR SINGH SINKU,JH06T-7706,14.0,May-2026
2026-05-10,19,,JH06T-7706,14.0,May-2026
2026-05-10,20,,,0.0,May-2026
2026-05-10,21,,JH06H-7764,13.0,May-2026
2026-05-11,1,SANJAY SINGH BISHT,VOLVO-300(5),17.0,May-2026
2026-05-11,2,MUKHTIAR SINGH,VOLVO-300-7,16.0,May-2026
2026-05-11,3,PARMJEET SINGH,,0.0,May-2026
2026-05-11,4,LAL MOHAN SINGH,JH06H-3742,18.0,May-2026
2026-05-11,5,ANIL RAM,JH06G-5696,15.0,May-2026
2026-05-11,6,SUNIL KUMAR SINGH,JH06G-5437,11.0,May-2026
2026-05-11,7,DES RAJ,JH06G-4703,8.0,May-2026
2026-05-11,8,BIDYADHAR ARUK,JH06G-5437,18.0,May-2026
2026-05-11,9,BALVINDAR SINGH,JH06G-4703,18.0,May-2026
2026-05-11,10,PRAKASH MAHANTA,,0.0,May-2026
2026-05-11,11,JAYDHAN DAS,JH06H-6198 D.TANKER,12.0,May-2026
2026-05-11,12,CHAMBURU MUNDARI,VOLVO-300(5),18.0,May-2026
2026-05-11,13,SUNDAR MOHAN BESHRA,JCB-8262 LOADER,11.0,May-2026
2026-05-11,14,RALEYA MUNDA,VOLVO-380,8.0,May-2026
2026-05-11,15,AMAN GOPE,JH06G-5696,15.0,May-2026
2026-05-11,16,RAJENDRA PURTY,OD09C-5609 JCB,16.0,May-2026
2026-05-11,17,SUKHLAL SIRKA,JH06P-6214 SCORPIO,10.0,May-2026
2026-05-11,18,BAGAR SINGH SINKU,JH01 T-8721 CHATU BABU,17.0,May-2026
2026-05-11,19,,,0.0,May-2026
2026-05-11,20,,JH01 T-8721 CHATU BABU,15.0,May-2026
2026-05-11,21,,JH01 T-8721 CHATU BABU,13.0,May-2026
2026-05-12,1,SANJAY SINGH BISHT,JH06H-5348,9.0,May-2026
2026-05-12,2,MUKHTIAR SINGH,,0.0,May-2026
2026-05-12,3,PARMJEET SINGH,VOLVO-300(5),10.0,May-2026
2026-05-12,4,LAL MOHAN SINGH,,0.0,May-2026
2026-05-12,5,ANIL RAM,,0.0,May-2026
2026-05-12,6,SUNIL KUMAR SINGH,JH06H-9654,8.0,May-2026
2026-05-12,7,DES RAJ,VOLVO-300-7,10.0,May-2026
2026-05-12,8,BIDYADHAR ARUK,,0.0,May-2026
2026-05-12,9,BALVINDAR SINGH,VOLVO-480 (N),13.0,May-2026
2026-05-12,10,PRAKASH MAHANTA,JH06G-5696,15.0,May-2026
2026-05-12,11,JAYDHAN DAS,JH06P-6214 SCORPIO,18.0,May-2026
2026-05-12,12,CHAMBURU MUNDARI,VOLVO-300-7,8.0,May-2026
2026-05-12,13,SUNDAR MOHAN BESHRA,VOLVO-480 (N),14.0,May-2026
2026-05-12,14,RALEYA MUNDA,JH06G-4703,12.0,May-2026
2026-05-12,15,AMAN GOPE,JH06H-5348,13.0,May-2026
2026-05-12,16,RAJENDRA PURTY,VOLVO-480,10.0,May-2026
2026-05-12,17,SUKHLAL SIRKA,VOLVO-480,13.0,May-2026
2026-05-12,18,BAGAR SINGH SINKU,OD09C-5609 JCB,16.0,May-2026
2026-05-12,19,,JCB-8262 LOADER,14.0,May-2026
2026-05-12,20,,VOLVO-300-7,15.0,May-2026
2026-05-12,21,,JH06P-6214 SCORPIO,15.0,May-2026
2026-05-13,1,SANJAY SINGH BISHT,VOLVO-300(5),12.0,May-2026
2026-05-13,2,MUKHTIAR SINGH,VOLVO-300(5),12.0,May-2026
2026-05-13,3,PARMJEET SINGH,JH06G-4703,14.0,May-2026
2026-05-13,4,LAL MOHAN SINGH,JH06G-5437,10.0,May-2026
2026-05-13,5,ANIL RAM,VOLVO-480,11.0,May-2026
2026-05-13,6,SUNIL KUMAR SINGH,OD09C-5609 JCB,8.0,May-2026
2026-05-13,7,DES RAJ,JH06H-6198 D.TANKER,16.0,May-2026
2026-05-13,8,BIDYADHAR ARUK,VOLVO-380,9.0,May-2026
2026-05-13,9,BALVINDAR SINGH,VOLVO 300-2,14.0,May-2026
2026-05-13,10,PRAKASH MAHANTA,VOLVO-300(5),9.0,May-2026
2026-05-13,11,JAYDHAN DAS,VOLVO-380,10.0,May-2026
2026-05-13,12,CHAMBURU MUNDARI,JH01 T-8721 CHATU BABU,11.0,May-2026
2026-05-13,13,SUNDAR MOHAN BESHRA,JH06H-3742,13.0,May-2026
2026-05-13,14,RALEYA MUNDA,JH01 T-8721 CHATU BABU,14.0,May-2026
2026-05-13,15,AMAN GOPE,OD09C-5609 JCB,15.0,May-2026
2026-05-13,16,RAJENDRA PURTY,VOLVO-480,9.0,May-2026
2026-05-13,17,SUKHLAL SIRKA,VOLVO-300-7,18.0,May-2026
2026-05-13,18,BAGAR SINGH SINKU,JH06H-7764,9.0,May-2026
2026-05-13,19,,JH06H-5348,9.0,May-2026
2026-05-13,20,,JH06H-7764,14.0,May-2026
2026-05-13,21,,VOLVO-480 (N),8.0,May-2026
2026-05-14,1,SANJAY SINGH BISHT,JH06G-5696,13.0,May-2026
2026-05-14,2,MUKHTIAR SINGH,VOLVO 300-2,12.0,May-2026
2026-05-14,3,PARMJEET SINGH,VOLVO 300-2,11.0,May-2026
2026-05-14,4,LAL MOHAN SINGH,JH06H-5348,14.0,May-2026
2026-05-14,5,ANIL RAM,,0.0,May-2026
2026-05-14,6,SUNIL KUMAR SINGH,,0.0,May-2026
2026-05-14,7,DES RAJ,VOLVO-300(5),10.0,May-2026
2026-05-14,8,BIDYADHAR ARUK,VOLVO 300-2,9.0,May-2026
2026-05-14,9,BALVINDAR SINGH,VOLVO 300-2,10.0,May-2026
2026-05-14,10,PRAKASH MAHANTA,VOLVO 300-2,12.0,May-2026
2026-05-14,11,JAYDHAN DAS,OD09C-5609 JCB,10.0,May-2026
2026-05-14,12,CHAMBURU MUNDARI,JH06P-6214 SCORPIO,14.0,May-2026
2026-05-14,13,SUNDAR MOHAN BESHRA,,0.0,May-2026
2026-05-14,14,RALEYA MUNDA,JH01 T-8721 CHATU BABU,11.0,May-2026
2026-05-14,15,AMAN GOPE,JCB-8262 LOADER,9.0,May-2026
2026-05-14,16,RAJENDRA PURTY,VOLVO-380,16.0,May-2026
2026-05-14,17,SUKHLAL SIRKA,JH06G-4703,12.0,May-2026
2026-05-14,18,BAGAR SINGH SINKU,JH06G-4703,13.0,May-2026
2026-05-14,19,,JH06G-4703,16.0,May-2026
2026-05-14,20,,VOLVO-300(5),11.0,May-2026
2026-05-14,21,,JH06H-5348,8.0,May-2026
2026-05-15,1,SANJAY SINGH BISHT,,0.0,May-2026
2026-05-15,2,MUKHTIAR SINGH,VOLVO-480 (N),9.0,May-2026
2026-05-15,3,PARMJEET SINGH,,0.0,May-2026
2026-05-15,4,LAL MOHAN SINGH,OD09C-5609 JCB,9.0,May-2026
2026-05-15,5,ANIL RAM,JH06G-5696,15.0,May-2026
2026-05-15,6,SUNIL KUMAR SINGH,VOLVO-480,8.0,May-2026
2026-05-15,7,DES RAJ,JH06H-6198 D.TANKER,14.0,May-2026
2026-05-15,8,BIDYADHAR ARUK,JH06H-6198 D.TANKER,14.0,May-2026
2026-05-15,9,BALVINDAR SINGH,VOLVO 300-2,16.0,May-2026
2026-05-15,10,PRAKASH MAHANTA,JH01 T-8721 CHATU BABU,8.0,May-2026
2026-05-15,11,JAYDHAN DAS,JH06H-9654,15.0,May-2026
2026-05-15,12,CHAMBURU MUNDARI,JH06G-4703,11.0,May-2026
2026-05-15,13,SUNDAR MOHAN BESHRA,VOLVO-480,15.0,May-2026
2026-05-15,14,RALEYA MUNDA,VOLVO 300-2,16.0,May-2026
2026-05-15,15,AMAN GOPE,,0.0,May-2026
2026-05-15,16,RAJENDRA PURTY,JCB-8262 LOADER,12.0,May-2026
2026-05-15,17,SUKHLAL SIRKA,JH01 T-8721 CHATU BABU,13.0,May-2026
2026-05-15,18,BAGAR SINGH SINKU,,0.0,May-2026
2026-05-15,19,,JH06H-3742,15.0,May-2026
2026-05-15,20,,,0.0,May-2026
2026-05-15,21,,JH06H-6198 D.TANKER,10.0,May-2026
2026-05-16,1,SANJAY SINGH BISHT,OD09C-5609 JCB,16.0,May-2026
2026-05-16,2,MUKHTIAR SINGH,JH06H-9654,18.0,May-2026
2026-05-16,3,PARMJEET SINGH,JH06G-5696,15.0,May-2026
2026-05-16,4,LAL MOHAN SINGH,JH06G-5437,10.0,May-2026
2026-05-16,5,ANIL RAM,JH06H-9654,10.0,May-2026
2026-05-16,6,SUNIL KUMAR SINGH,JH06H-6198 D.TANKER,14.0,May-2026
2026-05-16,7,DES RAJ,JH06G-5437,8.0,May-2026
2026-05-16,8,BIDYADHAR ARUK,JH06T-7706,9.0,May-2026
2026-05-16,9,BALVINDAR SINGH,VOLVO-300-7,14.0,May-2026
2026-05-16,10,PRAKASH MAHANTA,,0.0,May-2026
2026-05-16,11,JAYDHAN DAS,JH06G-5696,18.0,May-2026
2026-05-16,12,CHAMBURU MUNDARI,JH06H-9654,14.0,May-2026
2026-05-16,13,SUNDAR MOHAN BESHRA,VOLVO-380,10.0,May-2026
2026-05-16,14,RALEYA MUNDA,JH06P-6214 SCORPIO,16.0,May-2026
2026-05-16,15,AMAN GOPE,JH06G-5696,10.0,May-2026
2026-05-16,16,RAJENDRA PURTY,OD09C-5609 JCB,16.0,May-2026
2026-05-16,17,SUKHLAL SIRKA,,0.0,May-2026
2026-05-16,18,BAGAR SINGH SINKU,,0.0,May-2026
2026-05-16,19,,JH06G-5696,10.0,May-2026
2026-05-16,20,,,0.0,May-2026
2026-05-16,21,,JH06H-6198 D.TANKER,11.0,May-2026
2026-05-17,1,SANJAY SINGH BISHT,JH06H-7764,16.0,May-2026
2026-05-17,2,MUKHTIAR SINGH,JH01 T-8721 CHATU BABU,12.0,May-2026
2026-05-17,3,PARMJEET SINGH,VOLVO-480,12.0,May-2026
2026-05-17,4,LAL MOHAN SINGH,OD09C-5609 JCB,17.0,May-2026
2026-05-17,5,ANIL RAM,VOLVO-480,18.0,May-2026
2026-05-17,6,SUNIL KUMAR SINGH,,0.0,May-2026
2026-05-17,7,DES RAJ,,0.0,May-2026
2026-05-17,8,BIDYADHAR ARUK,JH06G-5696,17.0,May-2026
2026-05-17,9,BALVINDAR SINGH,JH06H-6198 D.TANKER,17.0,May-2026
2026-05-17,10,PRAKASH MAHANTA,JH06H-9654,14.0,May-2026
2026-05-17,11,JAYDHAN DAS,JH06H-5348,16.0,May-2026
2026-05-17,12,CHAMBURU MUNDARI,JH06H-7764,14.0,May-2026
2026-05-17,13,SUNDAR MOHAN BESHRA,VOLVO-380,14.0,May-2026
2026-05-17,14,RALEYA MUNDA,VOLVO-480,9.0,May-2026
2026-05-17,15,AMAN GOPE,,0.0,May-2026
2026-05-17,16,RAJENDRA PURTY,JH06G-5696,16.0,May-2026
2026-05-17,17,SUKHLAL SIRKA,JH01 T-8721 CHATU BABU,8.0,May-2026
2026-05-17,18,BAGAR SINGH SINKU,JH06T-7706,10.0,May-2026
2026-05-17,19,,,0.0,May-2026
2026-05-17,20,,VOLVO 300-2,12.0,May-2026
2026-05-17,21,,,0.0,May-2026
2026-05-18,1,SANJAY SINGH BISHT,OD09C-5609 JCB,17.0,May-2026
2026-05-18,2,MUKHTIAR SINGH,,0.0,May-2026
2026-05-18,3,PARMJEET SINGH,JH06H-7764,12.0,May-2026
2026-05-18,4,LAL MOHAN SINGH,,0.0,May-2026
2026-05-18,5,ANIL RAM,,0.0,May-2026
2026-05-18,6,SUNIL KUMAR SINGH,JH01 T-8721 CHATU BABU,11.0,May-2026
2026-05-18,7,DES RAJ,VOLVO-300(5),10.0,May-2026
2026-05-18,8,BIDYADHAR ARUK,VOLVO 300-2,17.0,May-2026
2026-05-18,9,BALVINDAR SINGH,,0.0,May-2026
2026-05-18,10,PRAKASH MAHANTA,JH06H-6198 D.TANKER,14.0,May-2026
2026-05-18,11,JAYDHAN DAS,JH06H-6198 D.TANKER,14.0,May-2026
2026-05-18,12,CHAMBURU MUNDARI,,0.0,May-2026
2026-05-18,13,SUNDAR MOHAN BESHRA,VOLVO-480,8.0,May-2026
2026-05-18,14,RALEYA MUNDA,JH06H-7764,10.0,May-2026
2026-05-18,15,AMAN GOPE,,0.0,May-2026
2026-05-18,16,RAJENDRA PURTY,JH06G-5696,16.0,May-2026
2026-05-18,17,SUKHLAL SIRKA,VOLVO-380,16.0,May-2026
2026-05-18,18,BAGAR SINGH SINKU,JH06T-7706,16.0,May-2026
2026-05-18,19,,JH06H-6198 D.TANKER,12.0,May-2026
2026-05-18,20,,JH06H-6198 D.TANKER,9.0,May-2026
2026-05-18,21,,JH06G-5696,14.0,May-2026
2026-05-19,1,SANJAY SINGH BISHT,VOLVO-300(5),9.0,May-2026
2026-05-19,2,MUKHTIAR SINGH,JH06G-5437,9.0,May-2026
2026-05-19,3,PARMJEET SINGH,VOLVO-300(5),14.0,May-2026
2026-05-19,4,LAL MOHAN SINGH,,0.0,May-2026
2026-05-19,5,ANIL RAM,JH06P-6214 SCORPIO,10.0,May-2026
2026-05-19,6,SUNIL KUMAR SINGH,VOLVO-480,13.0,May-2026
2026-05-19,7,DES RAJ,JH06H-3742,18.0,May-2026
2026-05-19,8,BIDYADHAR ARUK,OD09C-5609 JCB,18.0,May-2026
2026-05-19,9,BALVINDAR SINGH,VOLVO-380,18.0,May-2026
2026-05-19,10,PRAKASH MAHANTA,JH06H-9654,10.0,May-2026
2026-05-19,11,JAYDHAN DAS,JH06H-5348,14.0,May-2026
2026-05-19,12,CHAMBURU MUNDARI,JH06H-3742,16.0,May-2026
2026-05-19,13,SUNDAR MOHAN BESHRA,VOLVO-380,14.0,May-2026
2026-05-19,14,RALEYA MUNDA,JH06H-9654,13.0,May-2026
2026-05-19,15,AMAN GOPE,,0.0,May-2026
2026-05-19,16,RAJENDRA PURTY,JH06T-7706,16.0,May-2026
2026-05-19,17,SUKHLAL SIRKA,JH06G-4703,14.0,May-2026
2026-05-19,18,BAGAR SINGH SINKU,VOLVO-480,14.0,May-2026
2026-05-19,19,,,0.0,May-2026
2026-05-19,20,,JH06H-6198 D.TANKER,16.0,May-2026
2026-05-19,21,,VOLVO-300(5),13.0,May-2026
2026-05-20,1,SANJAY SINGH BISHT,VOLVO-480,16.0,May-2026
2026-05-20,2,MUKHTIAR SINGH,,0.0,May-2026
2026-05-20,3,PARMJEET SINGH,VOLVO-480 (N),10.0,May-2026
2026-05-20,4,LAL MOHAN SINGH,VOLVO-480 (N),11.0,May-2026
2026-05-20,5,ANIL RAM,,0.0,May-2026
2026-05-20,6,SUNIL KUMAR SINGH,VOLVO-480,10.0,May-2026
2026-05-20,7,DES RAJ,OD09C-5609 JCB,12.0,May-2026
2026-05-20,8,BIDYADHAR ARUK,VOLVO-480 (N),9.0,May-2026
2026-05-20,9,BALVINDAR SINGH,JH06G-4703,10.0,May-2026
2026-05-20,10,PRAKASH MAHANTA,JH06G-5437,8.0,May-2026
2026-05-20,11,JAYDHAN DAS,VOLVO 300-2,17.0,May-2026
2026-05-20,12,CHAMBURU MUNDARI,VOLVO-300-7,13.0,May-2026
2026-05-20,13,SUNDAR MOHAN BESHRA,,0.0,May-2026
2026-05-20,14,RALEYA MUNDA,,0.0,May-2026
2026-05-20,15,AMAN GOPE,JH06H-9654,18.0,May-2026
2026-05-20,16,RAJENDRA PURTY,JH06G-5437,8.0,May-2026
2026-05-20,17,SUKHLAL SIRKA,JH06H-3742,10.0,May-2026
2026-05-20,18,BAGAR SINGH SINKU,VOLVO-300-7,16.0,May-2026
2026-05-20,19,,JH06G-4703,14.0,May-2026
2026-05-20,20,,JH06G-4703,13.0,May-2026
2026-05-20,21,,,0.0,May-2026
2026-05-21,1,SANJAY SINGH BISHT,JH06P-6214 SCORPIO,15.0,May-2026
2026-05-21,2,MUKHTIAR SINGH,,0.0,May-2026
2026-05-21,3,PARMJEET SINGH,OD09C-5609 JCB,16.0,May-2026
2026-05-21,4,LAL MOHAN SINGH,VOLVO-380,18.0,May-2026
2026-05-21,5,ANIL RAM,OD09C-5609 JCB,17.0,May-2026
2026-05-21,6,SUNIL KUMAR SINGH,VOLVO 300-2,10.0,May-2026
2026-05-21,7,DES RAJ,JH06H-5348,12.0,May-2026
2026-05-21,8,BIDYADHAR ARUK,VOLVO-300-7,16.0,May-2026
2026-05-21,9,BALVINDAR SINGH,JH06H-9654,14.0,May-2026
2026-05-21,10,PRAKASH MAHANTA,,0.0,May-2026
2026-05-21,11,JAYDHAN DAS,JH06H-7764,9.0,May-2026
2026-05-21,12,CHAMBURU MUNDARI,JH06H-3742,15.0,May-2026
2026-05-21,13,SUNDAR MOHAN BESHRA,JH06H-5348,17.0,May-2026
2026-05-21,14,RALEYA MUNDA,VOLVO-380,11.0,May-2026
2026-05-21,15,AMAN GOPE,JH06G-5437,14.0,May-2026
2026-05-21,16,RAJENDRA PURTY,JH06T-7706,13.0,May-2026
2026-05-21,17,SUKHLAL SIRKA,VOLVO-480 (N),11.0,May-2026
2026-05-21,18,BAGAR SINGH SINKU,,0.0,May-2026
2026-05-21,19,,,0.0,May-2026
2026-05-21,20,,JH06P-6214 SCORPIO,12.0,May-2026
2026-05-21,21,,JH06P-6214 SCORPIO,11.0,May-2026
2026-05-22,1,SANJAY SINGH BISHT,VOLVO-480 (N),14.0,May-2026
2026-05-22,2,MUKHTIAR SINGH,JCB-8262 LOADER,11.0,May-2026
2026-05-22,3,PARMJEET SINGH,JH06P-6214 SCORPIO,12.0,May-2026
2026-05-22,4,LAL MOHAN SINGH,,0.0,May-2026
2026-05-22,5,ANIL RAM,,0.0,May-2026
2026-05-22,6,SUNIL KUMAR SINGH,JH01 T-8721 CHATU BABU,15.0,May-2026
2026-05-22,7,DES RAJ,OD09C-5609 JCB,10.0,May-2026
2026-05-22,8,BIDYADHAR ARUK,JH01 T-8721 CHATU BABU,11.0,May-2026
2026-05-22,9,BALVINDAR SINGH,VOLVO 300-2,9.0,May-2026
2026-05-22,10,PRAKASH MAHANTA,VOLVO-380,16.0,May-2026
2026-05-22,11,JAYDHAN DAS,JH06G-4703,18.0,May-2026
2026-05-22,12,CHAMBURU MUNDARI,JH06H-7764,14.0,May-2026
2026-05-22,13,SUNDAR MOHAN BESHRA,,0.0,May-2026
2026-05-22,14,RALEYA MUNDA,JH06T-7706,12.0,May-2026
2026-05-22,15,AMAN GOPE,JH06G-5696,8.0,May-2026
2026-05-22,16,RAJENDRA PURTY,JH06G-5437,15.0,May-2026
2026-05-22,17,SUKHLAL SIRKA,VOLVO 300-2,18.0,May-2026
2026-05-22,18,BAGAR SINGH SINKU,,0.0,May-2026
2026-05-22,19,,JH01 T-8721 CHATU BABU,14.0,May-2026
2026-05-22,20,,JH06H-5348,11.0,May-2026
2026-05-22,21,,,0.0,May-2026
2026-05-23,1,SANJAY SINGH BISHT,JH06G-4703,14.0,May-2026
2026-05-23,2,MUKHTIAR SINGH,,0.0,May-2026
2026-05-23,3,PARMJEET SINGH,JH06H-3742,11.0,May-2026
2026-05-23,4,LAL MOHAN SINGH,VOLVO-300-7,15.0,May-2026
2026-05-23,5,ANIL RAM,,0.0,May-2026
2026-05-23,6,SUNIL KUMAR SINGH,VOLVO-480,16.0,May-2026
2026-05-23,7,DES RAJ,,0.0,May-2026
2026-05-23,8,BIDYADHAR ARUK,JH06H-5348,12.0,May-2026
2026-05-23,9,BALVINDAR SINGH,JH06H-3742,18.0,May-2026
2026-05-23,10,PRAKASH MAHANTA,,0.0,May-2026
2026-05-23,11,JAYDHAN DAS,,0.0,May-2026
2026-05-23,12,CHAMBURU MUNDARI,,0.0,May-2026
2026-05-23,13,SUNDAR MOHAN BESHRA,JH06H-5348,10.0,May-2026
2026-05-23,14,RALEYA MUNDA,,0.0,May-2026
2026-05-23,15,AMAN GOPE,JH06H-5348,11.0,May-2026
2026-05-23,16,RAJENDRA PURTY,,0.0,May-2026
2026-05-23,17,SUKHLAL SIRKA,OD09C-5609 JCB,9.0,May-2026
2026-05-23,18,BAGAR SINGH SINKU,JH01 T-8721 CHATU BABU,8.0,May-2026
2026-05-23,19,,JH06G-4703,9.0,May-2026
2026-05-23,20,,JH06H-5348,14.0,May-2026
2026-05-23,21,,,0.0,May-2026
2026-05-24,1,SANJAY SINGH BISHT,JH06G-4703,14.0,May-2026
2026-05-24,2,MUKHTIAR SINGH,JH06H-5348,9.0,May-2026
2026-05-24,3,PARMJEET SINGH,,0.0,May-2026
2026-05-24,4,LAL MOHAN SINGH,JH06H-9654,10.0,May-2026
2026-05-24,5,ANIL RAM,,0.0,May-2026
2026-05-24,6,SUNIL KUMAR SINGH,OD09C-5609 JCB,14.0,May-2026
2026-05-24,7,DES RAJ,JH06G-4703,14.0,May-2026
2026-05-24,8,BIDYADHAR ARUK,JH06H-9654,11.0,May-2026
2026-05-24,9,BALVINDAR SINGH,JH06T-7706,16.0,May-2026
2026-05-24,10,PRAKASH MAHANTA,VOLVO-480 (N),17.0,May-2026
2026-05-24,11,JAYDHAN DAS,JH06H-7764,18.0,May-2026
2026-05-24,12,CHAMBURU MUNDARI,VOLVO-300(5),9.0,May-2026
2026-05-24,13,SUNDAR MOHAN BESHRA,JH06H-5348,8.0,May-2026
2026-05-24,14,RALEYA MUNDA,JH06H-7764,10.0,May-2026
2026-05-24,15,AMAN GOPE,VOLVO-300(5),8.0,May-2026
2026-05-24,16,RAJENDRA PURTY,,0.0,May-2026
2026-05-24,17,SUKHLAL SIRKA,JH06G-4703,12.0,May-2026
2026-05-24,18,BAGAR SINGH SINKU,,0.0,May-2026
2026-05-24,19,,JH06H-6198 D.TANKER,8.0,May-2026
2026-05-24,20,,,0.0,May-2026
2026-05-24,21,,,0.0,May-2026
2026-05-25,1,SANJAY SINGH BISHT,OD09C-5609 JCB,10.0,May-2026
2026-05-25,2,MUKHTIAR SINGH,JH06G-5696,11.0,May-2026
2026-05-25,3,PARMJEET SINGH,JH06P-6214 SCORPIO,14.0,May-2026
2026-05-25,4,LAL MOHAN SINGH,,0.0,May-2026
2026-05-25,5,ANIL RAM,JH06H-6198 D.TANKER,14.0,May-2026
2026-05-25,6,SUNIL KUMAR SINGH,VOLVO-300(5),11.0,May-2026
2026-05-25,7,DES RAJ,VOLVO-300(5),18.0,May-2026
2026-05-25,8,BIDYADHAR ARUK,JH06G-5696,11.0,May-2026
2026-05-25,9,BALVINDAR SINGH,VOLVO-380,13.0,May-2026
2026-05-25,10,PRAKASH MAHANTA,,0.0,May-2026
2026-05-25,11,JAYDHAN DAS,,0.0,May-2026
2026-05-25,12,CHAMBURU MUNDARI,JH06H-7764,11.0,May-2026
2026-05-25,13,SUNDAR MOHAN BESHRA,JH06P-6214 SCORPIO,14.0,May-2026
2026-05-25,14,RALEYA MUNDA,JH01 T-8721 CHATU BABU,15.0,May-2026
2026-05-25,15,AMAN GOPE,JH06H-6198 D.TANKER,13.0,May-2026
2026-05-25,16,RAJENDRA PURTY,VOLVO-300-7,11.0,May-2026
2026-05-25,17,SUKHLAL SIRKA,VOLVO-480,15.0,May-2026
2026-05-25,18,BAGAR SINGH SINKU,,0.0,May-2026
2026-05-25,19,,VOLVO-480 (N),12.0,May-2026
2026-05-25,20,,VOLVO-480 (N),8.0,May-2026
2026-05-25,21,,VOLVO 300-2,18.0,May-2026
2026-05-26,1,SANJAY SINGH BISHT,JH06P-6214 SCORPIO,18.0,May-2026
2026-05-26,2,MUKHTIAR SINGH,,0.0,May-2026
2026-05-26,3,PARMJEET SINGH,JCB-8262 LOADER,12.0,May-2026
2026-05-26,4,LAL MOHAN SINGH,VOLVO-300(5),18.0,May-2026
2026-05-26,5,ANIL RAM,JH06H-5348,13.0,May-2026
2026-05-26,6,SUNIL KUMAR SINGH,,0.0,May-2026
2026-05-26,7,DES RAJ,JH06H-6198 D.TANKER,11.0,May-2026
2026-05-26,8,BIDYADHAR ARUK,JH06H-9654,11.0,May-2026
2026-05-26,9,BALVINDAR SINGH,JH06T-7706,16.0,May-2026
2026-05-26,10,PRAKASH MAHANTA,OD09C-5609 JCB,12.0,May-2026
2026-05-26,11,JAYDHAN DAS,,0.0,May-2026
2026-05-26,12,CHAMBURU MUNDARI,JH06T-7706,8.0,May-2026
2026-05-26,13,SUNDAR MOHAN BESHRA,JH06H-7764,13.0,May-2026
2026-05-26,14,RALEYA MUNDA,,0.0,May-2026
2026-05-26,15,AMAN GOPE,VOLVO-300-7,15.0,May-2026
2026-05-26,16,RAJENDRA PURTY,JH06G-4703,18.0,May-2026
2026-05-26,17,SUKHLAL SIRKA,,0.0,May-2026
2026-05-26,18,BAGAR SINGH SINKU,JH06G-4703,10.0,May-2026
2026-05-26,19,,VOLVO-380,10.0,May-2026
2026-05-26,20,,VOLVO-300(5),10.0,May-2026
2026-05-26,21,,JH06H-7764,18.0,May-2026
2026-05-27,1,SANJAY SINGH BISHT,,0.0,May-2026
2026-05-27,2,MUKHTIAR SINGH,,0.0,May-2026
2026-05-27,3,PARMJEET SINGH,JH06H-9654,15.0,May-2026
2026-05-27,4,LAL MOHAN SINGH,,0.0,May-2026
2026-05-27,5,ANIL RAM,JH06P-6214 SCORPIO,14.0,May-2026
2026-05-27,6,SUNIL KUMAR SINGH,JH06P-6214 SCORPIO,8.0,May-2026
2026-05-27,7,DES RAJ,JH06T-7706,16.0,May-2026
2026-05-27,8,BIDYADHAR ARUK,,0.0,May-2026
2026-05-27,9,BALVINDAR SINGH,VOLVO-300(5),9.0,May-2026
2026-05-27,10,PRAKASH MAHANTA,VOLVO-380,18.0,May-2026
2026-05-27,11,JAYDHAN DAS,JCB-8262 LOADER,13.0,May-2026
2026-05-27,12,CHAMBURU MUNDARI,,0.0,May-2026
2026-05-27,13,SUNDAR MOHAN BESHRA,VOLVO-480 (N),17.0,May-2026
2026-05-27,14,RALEYA MUNDA,VOLVO-480 (N),18.0,May-2026
2026-05-27,15,AMAN GOPE,,0.0,May-2026
2026-05-27,16,RAJENDRA PURTY,,0.0,May-2026
2026-05-27,17,SUKHLAL SIRKA,,0.0,May-2026
2026-05-27,18,BAGAR SINGH SINKU,OD09C-5609 JCB,10.0,May-2026
2026-05-27,19,,,0.0,May-2026
2026-05-27,20,,,0.0,May-2026
2026-05-27,21,,JH06P-6214 SCORPIO,8.0,May-2026
2026-05-28,1,SANJAY SINGH BISHT,,0.0,May-2026
2026-05-28,2,MUKHTIAR SINGH,JH06G-5696,13.0,May-2026
2026-05-28,3,PARMJEET SINGH,JH06H-6198 D.TANKER,10.0,May-2026
2026-05-28,4,LAL MOHAN SINGH,JH06H-7764,12.0,May-2026
2026-05-28,5,ANIL RAM,VOLVO 300-2,8.0,May-2026
2026-05-28,6,SUNIL KUMAR SINGH,VOLVO-480 (N),14.0,May-2026
2026-05-28,7,DES RAJ,,0.0,May-2026
2026-05-28,8,BIDYADHAR ARUK,,0.0,May-2026
2026-05-28,9,BALVINDAR SINGH,JH06P-6214 SCORPIO,16.0,May-2026
2026-05-28,10,PRAKASH MAHANTA,JH06H-6198 D.TANKER,15.0,May-2026
2026-05-28,11,JAYDHAN DAS,VOLVO-300-7,18.0,May-2026
2026-05-28,12,CHAMBURU MUNDARI,VOLVO-480,15.0,May-2026
2026-05-28,13,SUNDAR MOHAN BESHRA,,0.0,May-2026
2026-05-28,14,RALEYA MUNDA,JH06G-4703,13.0,May-2026
2026-05-28,15,AMAN GOPE,VOLVO-300(5),14.0,May-2026
2026-05-28,16,RAJENDRA PURTY,JH06G-5696,17.0,May-2026
2026-05-28,17,SUKHLAL SIRKA,JH06G-5437,11.0,May-2026
2026-05-28,18,BAGAR SINGH SINKU,JH06H-6198 D.TANKER,17.0,May-2026
2026-05-28,19,,JH06H-6198 D.TANKER,8.0,May-2026
2026-05-28,20,,VOLVO 300-2,8.0,May-2026
2026-05-28,21,,VOLVO 300-2,16.0,May-2026
2026-05-29,1,SANJAY SINGH BISHT,VOLVO-480 (N),8.0,May-2026
2026-05-29,2,MUKHTIAR SINGH,JH06T-7706,12.0,May-2026
2026-05-29,3,PARMJEET SINGH,JH06H-9654,15.0,May-2026
2026-05-29,4,LAL MOHAN SINGH,JCB-8262 LOADER,12.0,May-2026
2026-05-29,5,ANIL RAM,JH06H-3742,16.0,May-2026
2026-05-29,6,SUNIL KUMAR SINGH,JH06P-6214 SCORPIO,18.0,May-2026
2026-05-29,7,DES RAJ,JH06G-5437,18.0,May-2026
2026-05-29,8,BIDYADHAR ARUK,,0.0,May-2026
2026-05-29,9,BALVINDAR SINGH,,0.0,May-2026
2026-05-29,10,PRAKASH MAHANTA,OD09C-5609 JCB,9.0,May-2026
2026-05-29,11,JAYDHAN DAS,VOLVO 300-2,8.0,May-2026
2026-05-29,12,CHAMBURU MUNDARI,,0.0,May-2026
2026-05-29,13,SUNDAR MOHAN BESHRA,VOLVO-480,12.0,May-2026
2026-05-29,14,RALEYA MUNDA,,0.0,May-2026
2026-05-29,15,AMAN GOPE,,0.0,May-2026
2026-05-29,16,RAJENDRA PURTY,JH06H-6198 D.TANKER,11.0,May-2026
2026-05-29,17,SUKHLAL SIRKA,VOLVO-480,14.0,May-2026
2026-05-29,18,BAGAR SINGH SINKU,VOLVO-480 (N),11.0,May-2026
2026-05-29,19,,,0.0,May-2026
2026-05-29,20,,,0.0,May-2026
2026-05-29,21,,VOLVO-480 (N),18.0,May-2026
2026-05-30,1,SANJAY SINGH BISHT,,0.0,May-2026
2026-05-30,2,MUKHTIAR SINGH,JH06P-6214 SCORPIO,12.0,May-2026
2026-05-30,3,PARMJEET SINGH,JH06T-7706,12.0,May-2026
2026-05-30,4,LAL MOHAN SINGH,JH06G-5437,17.0,May-2026
2026-05-30,5,ANIL RAM,JH06P-6214 SCORPIO,18.0,May-2026
2026-05-30,6,SUNIL KUMAR SINGH,JCB-8262 LOADER,8.0,May-2026
2026-05-30,7,DES RAJ,,0.0,May-2026
2026-05-30,8,BIDYADHAR ARUK,JH06H-6198 D.TANKER,11.0,May-2026
2026-05-30,9,BALVINDAR SINGH,VOLVO 300-2,12.0,May-2026
2026-05-30,10,PRAKASH MAHANTA,JCB-8262 LOADER,8.0,May-2026
2026-05-30,11,JAYDHAN DAS,VOLVO-300-7,11.0,May-2026
2026-05-30,12,CHAMBURU MUNDARI,VOLVO 300-2,11.0,May-2026
2026-05-30,13,SUNDAR MOHAN BESHRA,,0.0,May-2026
2026-05-30,14,RALEYA MUNDA,VOLVO-300(5),9.0,May-2026
2026-05-30,15,AMAN GOPE,,0.0,May-2026
2026-05-30,16,RAJENDRA PURTY,JH06H-6198 D.TANKER,17.0,May-2026
2026-05-30,17,SUKHLAL SIRKA,JH06H-9654,11.0,May-2026
2026-05-30,18,BAGAR SINGH SINKU,JH06H-7764,9.0,May-2026
2026-05-30,19,,VOLVO-380,12.0,May-2026
2026-05-30,20,,JH06H-3742,8.0,May-2026
2026-05-30,21,,JH06H-3742,17.0,May-2026
2026-05-31,1,SANJAY SINGH BISHT,JH06P-6214 SCORPIO,12.0,May-2026
2026-05-31,2,MUKHTIAR SINGH,JCB-8262 LOADER,11.0,May-2026
2026-05-31,3,PARMJEET SINGH,,0.0,May-2026
2026-05-31,4,LAL MOHAN SINGH,JH06H-7764,17.0,May-2026
2026-05-31,5,ANIL RAM,JH06G-4703,16.0,May-2026
2026-05-31,6,SUNIL KUMAR SINGH,,0.0,May-2026
2026-05-31,7,DES RAJ,JH06H-5348,8.0,May-2026
2026-05-31,8,BIDYADHAR ARUK,JH06P-6214 SCORPIO,14.0,May-2026
2026-05-31,9,BALVINDAR SINGH,JH06T-7706,8.0,May-2026
2026-05-31,10,PRAKASH MAHANTA,VOLVO-480 (N),9.0,May-2026
2026-05-31,11,JAYDHAN DAS,VOLVO-300(5),16.0,May-2026
2026-05-31,12,CHAMBURU MUNDARI,,0.0,May-2026
2026-05-31,13,SUNDAR MOHAN BESHRA,JH06G-4703,16.0,May-2026
2026-05-31,14,RALEYA MUNDA,JH06H-6198 D.TANKER,15.0,May-2026
2026-05-31,15,AMAN GOPE,JH06H-7764,17.0,May-2026
2026-05-31,16,RAJENDRA PURTY,JH06H-7764,10.0,May-2026
2026-05-31,17,SUKHLAL SIRKA,JH06G-5696,8.0,May-2026
2026-05-31,18,BAGAR SINGH SINKU,VOLVO-380,13.0,May-2026
2026-05-31,19,,JH06G-5696,15.0,May-2026
2026-05-31,20,,,0.0,May-2026
2026-05-31,21,,JH06H-6198 D.TANKER,12.0,May-2026
2026-06-01,1,SANJAY SINGH BISHT,VOLVO-300(5),10.0,June-2026
2026-06-01,2,MUKHTIAR SINGH,JH06G-5696,18.0,June-2026
2026-06-01,3,PARMJEET SINGH,JH06G-5437,18.0,June-2026
2026-06-01,4,LAL MOHAN SINGH,JH06T-7706,16.0,June-2026
2026-06-01,5,ANIL RAM,OD09C-5609 JCB,18.0,June-2026
2026-06-01,6,SUNIL KUMAR SINGH,JH06G-4703,15.0,June-2026
2026-06-01,7,DES RAJ,JH06H-6198 D.TANKER,8.0,June-2026
2026-06-01,8,BIDYADHAR ARUK,VOLVO-480,12.0,June-2026
2026-06-01,9,BALVINDAR SINGH,JH06G-5437,12.0,June-2026
2026-06-01,10,PRAKASH MAHANTA,JH06H-5348,10.0,June-2026
2026-06-01,11,JAYDHAN DAS,VOLVO-480 (N),11.0,June-2026
2026-06-01,12,CHAMBURU MUNDARI,JH01 T-8721 CHATU BABU,17.0,June-2026
2026-06-01,13,SUNDAR MOHAN BESHRA,VOLVO-480 (N),15.0,June-2026
2026-06-01,14,RALEYA MUNDA,VOLVO-300(5),17.0,June-2026
2026-06-01,15,AMAN GOPE,JH06P-6214 SCORPIO,17.0,June-2026
2026-06-01,16,RAJENDRA PURTY,VOLVO-300-7,15.0,June-2026
2026-06-01,17,SUKHLAL SIRKA,,0.0,June-2026
2026-06-01,18,BAGAR SINGH SINKU,JH06H-6198 D.TANKER,12.0,June-2026
2026-06-01,19,,VOLVO 300-2,17.0,June-2026
2026-06-01,20,,JH06G-5696,9.0,June-2026
2026-06-01,21,,JCB-8262 LOADER,17.0,June-2026
2026-06-02,1,SANJAY SINGH BISHT,,0.0,June-2026
2026-06-02,2,MUKHTIAR SINGH,JH06G-4703,10.0,June-2026
2026-06-02,3,PARMJEET SINGH,JH01 T-8721 CHATU BABU,18.0,June-2026
2026-06-02,4,LAL MOHAN SINGH,VOLVO-480,17.0,June-2026
2026-06-02,5,ANIL RAM,JH06G-4703,14.0,June-2026
2026-06-02,6,SUNIL KUMAR SINGH,JH06T-7706,14.0,June-2026
2026-06-02,7,DES RAJ,JH06H-3742,10.0,June-2026
2026-06-02,8,BIDYADHAR ARUK,VOLVO-300-7,14.0,June-2026
2026-06-02,9,BALVINDAR SINGH,,0.0,June-2026
2026-06-02,10,PRAKASH MAHANTA,JH06G-5437,18.0,June-2026
2026-06-02,11,JAYDHAN DAS,,0.0,June-2026
2026-06-02,12,CHAMBURU MUNDARI,,0.0,June-2026
2026-06-02,13,SUNDAR MOHAN BESHRA,VOLVO-300(5),17.0,June-2026
2026-06-02,14,RALEYA MUNDA,,0.0,June-2026
2026-06-02,15,AMAN GOPE,,0.0,June-2026
2026-06-02,16,RAJENDRA PURTY,OD09C-5609 JCB,10.0,June-2026
2026-06-02,17,SUKHLAL SIRKA,JH06H-7764,18.0,June-2026
2026-06-02,18,BAGAR SINGH SINKU,JH06P-6214 SCORPIO,9.0,June-2026
2026-06-02,19,,JH06H-9654,13.0,June-2026
2026-06-02,20,,VOLVO-480 (N),8.0,June-2026
2026-06-02,21,,VOLVO-300-7,9.0,June-2026
2026-06-03,1,SANJAY SINGH BISHT,JCB-8262 LOADER,13.0,June-2026
2026-06-03,2,MUKHTIAR SINGH,,0.0,June-2026
2026-06-03,3,PARMJEET SINGH,,0.0,June-2026
2026-06-03,4,LAL MOHAN SINGH,JH06P-6214 SCORPIO,18.0,June-2026
2026-06-03,5,ANIL RAM,JH06H-3742,9.0,June-2026
2026-06-03,6,SUNIL KUMAR SINGH,VOLVO-300-7,17.0,June-2026
2026-06-03,7,DES RAJ,VOLVO 300-2,11.0,June-2026
2026-06-03,8,BIDYADHAR ARUK,,0.0,June-2026
2026-06-03,9,BALVINDAR SINGH,JH06G-5696,17.0,June-2026
2026-06-03,10,PRAKASH MAHANTA,VOLVO-480,18.0,June-2026
2026-06-03,11,JAYDHAN DAS,JH06H-7764,16.0,June-2026
2026-06-03,12,CHAMBURU MUNDARI,VOLVO-300-7,17.0,June-2026
2026-06-03,13,SUNDAR MOHAN BESHRA,OD09C-5609 JCB,17.0,June-2026
2026-06-03,14,RALEYA MUNDA,JCB-8262 LOADER,11.0,June-2026
2026-06-03,15,AMAN GOPE,JH06P-6214 SCORPIO,16.0,June-2026
2026-06-03,16,RAJENDRA PURTY,VOLVO-300(5),8.0,June-2026
2026-06-03,17,SUKHLAL SIRKA,VOLVO-300(5),14.0,June-2026
2026-06-03,18,BAGAR SINGH SINKU,JH06G-5696,10.0,June-2026
2026-06-03,19,,JH06G-5696,13.0,June-2026
2026-06-03,20,,JCB-8262 LOADER,9.0,June-2026
2026-06-03,21,,JCB-8262 LOADER,16.0,June-2026
2026-06-04,1,SANJAY SINGH BISHT,JCB-8262 LOADER,17.0,June-2026
2026-06-04,2,MUKHTIAR SINGH,JH06G-5437,8.0,June-2026
2026-06-04,3,PARMJEET SINGH,VOLVO-480 (N),18.0,June-2026
2026-06-04,4,LAL MOHAN SINGH,JH06H-6198 D.TANKER,12.0,June-2026
2026-06-04,5,ANIL RAM,JH06H-6198 D.TANKER,10.0,June-2026
2026-06-04,6,SUNIL KUMAR SINGH,VOLVO-380,9.0,June-2026
2026-06-04,7,DES RAJ,VOLVO-380,13.0,June-2026
2026-06-04,8,BIDYADHAR ARUK,OD09C-5609 JCB,11.0,June-2026
2026-06-04,9,BALVINDAR SINGH,JH06T-7706,10.0,June-2026
2026-06-04,10,PRAKASH MAHANTA,JH06T-7706,12.0,June-2026
2026-06-04,11,JAYDHAN DAS,JH01 T-8721 CHATU BABU,18.0,June-2026
2026-06-04,12,CHAMBURU MUNDARI,JH06G-5696,16.0,June-2026
2026-06-04,13,SUNDAR MOHAN BESHRA,VOLVO-480 (N),14.0,June-2026
2026-06-04,14,RALEYA MUNDA,JH06H-6198 D.TANKER,16.0,June-2026
2026-06-04,15,AMAN GOPE,,0.0,June-2026
2026-06-04,16,RAJENDRA PURTY,JH06H-6198 D.TANKER,9.0,June-2026
2026-06-04,17,SUKHLAL SIRKA,VOLVO-300(5),16.0,June-2026
2026-06-04,18,BAGAR SINGH SINKU,VOLVO-300-7,11.0,June-2026
2026-06-04,19,,OD09C-5609 JCB,18.0,June-2026
2026-06-04,20,,JH06H-6198 D.TANKER,14.0,June-2026
2026-06-04,21,,JH06G-5696,9.0,June-2026
2026-06-05,1,SANJAY SINGH BISHT,,0.0,June-2026
2026-06-05,2,MUKHTIAR SINGH,OD09C-5609 JCB,16.0,June-2026
2026-06-05,3,PARMJEET SINGH,JH01 T-8721 CHATU BABU,17.0,June-2026
2026-06-05,4,LAL MOHAN SINGH,VOLVO-480 (N),17.0,June-2026
2026-06-05,5,ANIL RAM,VOLVO-480,16.0,June-2026
2026-06-05,6,SUNIL KUMAR SINGH,JH06H-5348,18.0,June-2026
2026-06-05,7,DES RAJ,JH06H-5348,9.0,June-2026
2026-06-05,8,BIDYADHAR ARUK,JH06H-9654,10.0,June-2026
2026-06-05,9,BALVINDAR SINGH,JH06H-3742,16.0,June-2026
2026-06-05,10,PRAKASH MAHANTA,VOLVO-300(5),17.0,June-2026
2026-06-05,11,JAYDHAN DAS,JH06G-4703,9.0,June-2026
2026-06-05,12,CHAMBURU MUNDARI,JH06H-5348,13.0,June-2026
2026-06-05,13,SUNDAR MOHAN BESHRA,,0.0,June-2026
2026-06-05,14,RALEYA MUNDA,OD09C-5609 JCB,15.0,June-2026
2026-06-05,15,AMAN GOPE,JH06H-9654,8.0,June-2026
2026-06-05,16,RAJENDRA PURTY,JH01 T-8721 CHATU BABU,9.0,June-2026
2026-06-05,17,SUKHLAL SIRKA,JH06G-5696,11.0,June-2026
2026-06-05,18,BAGAR SINGH SINKU,JH06P-6214 SCORPIO,9.0,June-2026
2026-06-05,19,,JH06G-5437,11.0,June-2026
2026-06-05,20,,,0.0,June-2026
2026-06-05,21,,JH06P-6214 SCORPIO,13.0,June-2026
2026-06-06,1,SANJAY SINGH BISHT,VOLVO-380,14.0,June-2026
2026-06-06,2,MUKHTIAR SINGH,JCB-8262 LOADER,10.0,June-2026
2026-06-06,3,PARMJEET SINGH,VOLVO-480,15.0,June-2026
2026-06-06,4,LAL MOHAN SINGH,JH06H-3742,8.0,June-2026
2026-06-06,5,ANIL RAM,OD09C-5609 JCB,11.0,June-2026
2026-06-06,6,SUNIL KUMAR SINGH,JH06G-5696,10.0,June-2026
2026-06-06,7,DES RAJ,,0.0,June-2026
2026-06-06,8,BIDYADHAR ARUK,JH06T-7706,18.0,June-2026
2026-06-06,9,BALVINDAR SINGH,,0.0,June-2026
2026-06-06,10,PRAKASH MAHANTA,VOLVO-480,14.0,June-2026
2026-06-06,11,JAYDHAN DAS,JH06T-7706,9.0,June-2026
2026-06-06,12,CHAMBURU MUNDARI,,0.0,June-2026
2026-06-06,13,SUNDAR MOHAN BESHRA,,0.0,June-2026
2026-06-06,14,RALEYA MUNDA,,0.0,June-2026
2026-06-06,15,AMAN GOPE,JH06G-5696,13.0,June-2026
2026-06-06,16,RAJENDRA PURTY,,0.0,June-2026
2026-06-06,17,SUKHLAL SIRKA,,0.0,June-2026
2026-06-06,18,BAGAR SINGH SINKU,JCB-8262 LOADER,12.0,June-2026
2026-06-06,19,,JH06T-7706,17.0,June-2026
2026-06-06,20,,OD09C-5609 JCB,15.0,June-2026
2026-06-06,21,,,0.0,June-2026
2026-06-07,1,SANJAY SINGH BISHT,,0.0,June-2026
2026-06-07,2,MUKHTIAR SINGH,JH06H-7764,18.0,June-2026
2026-06-07,3,PARMJEET SINGH,,0.0,June-2026
2026-06-07,4,LAL MOHAN SINGH,,0.0,June-2026
2026-06-07,5,ANIL RAM,,0.0,June-2026
2026-06-07,6,SUNIL KUMAR SINGH,VOLVO-480 (N),11.0,June-2026
2026-06-07,7,DES RAJ,OD09C-5609 JCB,15.0,June-2026
2026-06-07,8,BIDYADHAR ARUK,,0.0,June-2026
2026-06-07,9,BALVINDAR SINGH,OD09C-5609 JCB,14.0,June-2026
2026-06-07,10,PRAKASH MAHANTA,VOLVO-300-7,11.0,June-2026
2026-06-07,11,JAYDHAN DAS,,0.0,June-2026
2026-06-07,12,CHAMBURU MUNDARI,JH06G-5437,15.0,June-2026
2026-06-07,13,SUNDAR MOHAN BESHRA,JCB-8262 LOADER,12.0,June-2026
2026-06-07,14,RALEYA MUNDA,JH06G-5437,16.0,June-2026
2026-06-07,15,AMAN GOPE,JH06G-4703,9.0,June-2026
2026-06-07,16,RAJENDRA PURTY,,0.0,June-2026
2026-06-07,17,SUKHLAL SIRKA,VOLVO-480,10.0,June-2026
2026-06-07,18,BAGAR SINGH SINKU,JH06H-9654,11.0,June-2026
2026-06-07,19,,VOLVO-300-7,15.0,June-2026
2026-06-07,20,,JH06H-9654,8.0,June-2026
2026-06-07,21,,VOLVO-480 (N),13.0,June-2026
2026-06-08,1,SANJAY SINGH BISHT,JH06G-5696,9.0,June-2026
2026-06-08,2,MUKHTIAR SINGH,,0.0,June-2026
2026-06-08,3,PARMJEET SINGH,,0.0,June-2026
2026-06-08,4,LAL MOHAN SINGH,JH06H-7764,15.0,June-2026
2026-06-08,5,ANIL RAM,JH06G-5437,9.0,June-2026
2026-06-08,6,SUNIL KUMAR SINGH,,0.0,June-2026
2026-06-08,7,DES RAJ,JH06G-4703,9.0,June-2026
2026-06-08,8,BIDYADHAR ARUK,OD09C-5609 JCB,13.0,June-2026
2026-06-08,9,BALVINDAR SINGH,JH06G-5437,14.0,June-2026
2026-06-08,10,PRAKASH MAHANTA,JH06H-3742,8.0,June-2026
2026-06-08,11,JAYDHAN DAS,VOLVO-300-7,12.0,June-2026
2026-06-08,12,CHAMBURU MUNDARI,VOLVO 300-2,13.0,June-2026
2026-06-08,13,SUNDAR MOHAN BESHRA,,0.0,June-2026
2026-06-08,14,RALEYA MUNDA,JH06H-5348,17.0,June-2026
2026-06-08,15,AMAN GOPE,VOLVO-300(5),10.0,June-2026
2026-06-08,16,RAJENDRA PURTY,JH06G-4703,12.0,June-2026
2026-06-08,17,SUKHLAL SIRKA,VOLVO-480 (N),13.0,June-2026
2026-06-08,18,BAGAR SINGH SINKU,JH06H-3742,14.0,June-2026
2026-06-08,19,,,0.0,June-2026
2026-06-08,20,,JH06G-4703,10.0,June-2026
2026-06-08,21,,JH06P-6214 SCORPIO,13.0,June-2026
2026-06-09,1,SANJAY SINGH BISHT,JH06H-9654,12.0,June-2026
2026-06-09,2,MUKHTIAR SINGH,,0.0,June-2026
2026-06-09,3,PARMJEET SINGH,,0.0,June-2026
2026-06-09,4,LAL MOHAN SINGH,VOLVO-380,13.0,June-2026
2026-06-09,5,ANIL RAM,,0.0,June-2026
2026-06-09,6,SUNIL KUMAR SINGH,JH06H-3742,9.0,June-2026
2026-06-09,7,DES RAJ,VOLVO-480 (N),15.0,June-2026
2026-06-09,8,BIDYADHAR ARUK,JH06T-7706,11.0,June-2026
2026-06-09,9,BALVINDAR SINGH,JH06G-5696,17.0,June-2026
2026-06-09,10,PRAKASH MAHANTA,JH06H-9654,9.0,June-2026
2026-06-09,11,JAYDHAN DAS,JH06G-5437,14.0,June-2026
2026-06-09,12,CHAMBURU MUNDARI,JH06G-4703,18.0,June-2026
2026-06-09,13,SUNDAR MOHAN BESHRA,,0.0,June-2026
2026-06-09,14,RALEYA MUNDA,,0.0,June-2026
2026-06-09,15,AMAN GOPE,JH06H-6198 D.TANKER,9.0,June-2026
2026-06-09,16,RAJENDRA PURTY,JH06T-7706,12.0,June-2026
2026-06-09,17,SUKHLAL SIRKA,JH06H-6198 D.TANKER,14.0,June-2026
2026-06-09,18,BAGAR SINGH SINKU,JCB-8262 LOADER,11.0,June-2026
2026-06-09,19,,,0.0,June-2026
2026-06-09,20,,OD09C-5609 JCB,17.0,June-2026
2026-06-09,21,,JH06H-7764,10.0,June-2026
2026-06-10,1,SANJAY SINGH BISHT,JH06H-9654,15.0,June-2026
2026-06-10,2,MUKHTIAR SINGH,JH06G-5696,15.0,June-2026
2026-06-10,3,PARMJEET SINGH,VOLVO-380,12.0,June-2026
2026-06-10,4,LAL MOHAN SINGH,JH06H-9654,12.0,June-2026
2026-06-10,5,ANIL RAM,JH06H-7764,8.0,June-2026
2026-06-10,6,SUNIL KUMAR SINGH,JH06T-7706,15.0,June-2026
2026-06-10,7,DES RAJ,JH01 T-8721 CHATU BABU,9.0,June-2026
2026-06-10,8,BIDYADHAR ARUK,JH06H-5348,12.0,June-2026
2026-06-10,9,BALVINDAR SINGH,JH06H-9654,17.0,June-2026
2026-06-10,10,PRAKASH MAHANTA,JH06G-5437,15.0,June-2026
2026-06-10,11,JAYDHAN DAS,JH06H-9654,8.0,June-2026
2026-06-10,12,CHAMBURU MUNDARI,JH06H-7764,18.0,June-2026
2026-06-10,13,SUNDAR MOHAN BESHRA,VOLVO-300(5),14.0,June-2026
2026-06-10,14,RALEYA MUNDA,JCB-8262 LOADER,12.0,June-2026
2026-06-10,15,AMAN GOPE,,0.0,June-2026
2026-06-10,16,RAJENDRA PURTY,JH06H-5348,15.0,June-2026
2026-06-10,17,SUKHLAL SIRKA,JH06P-6214 SCORPIO,16.0,June-2026
2026-06-10,18,BAGAR SINGH SINKU,,0.0,June-2026
2026-06-10,19,,VOLVO-480,11.0,June-2026
2026-06-10,20,,JH01 T-8721 CHATU BABU,8.0,June-2026
2026-06-10,21,,,0.0,June-2026
2026-06-11,1,SANJAY SINGH BISHT,VOLVO-300(5),10.0,June-2026
2026-06-11,2,MUKHTIAR SINGH,VOLVO-300-7,14.0,June-2026
2026-06-11,3,PARMJEET SINGH,JCB-8262 LOADER,9.0,June-2026
2026-06-11,4,LAL MOHAN SINGH,,0.0,June-2026
2026-06-11,5,ANIL RAM,,0.0,June-2026
2026-06-11,6,SUNIL KUMAR SINGH,JH06P-6214 SCORPIO,15.0,June-2026
2026-06-11,7,DES RAJ,JH06H-6198 D.TANKER,11.0,June-2026
2026-06-11,8,BIDYADHAR ARUK,,0.0,June-2026
2026-06-11,9,BALVINDAR SINGH,VOLVO-480 (N),14.0,June-2026
2026-06-11,10,PRAKASH MAHANTA,JH06T-7706,10.0,June-2026
2026-06-11,11,JAYDHAN DAS,,0.0,June-2026
2026-06-11,12,CHAMBURU MUNDARI,JH06G-4703,11.0,June-2026
2026-06-11,13,SUNDAR MOHAN BESHRA,VOLVO-480,9.0,June-2026
2026-06-11,14,RALEYA MUNDA,JH06T-7706,9.0,June-2026
2026-06-11,15,AMAN GOPE,,0.0,June-2026
2026-06-11,16,RAJENDRA PURTY,,0.0,June-2026
2026-06-11,17,SUKHLAL SIRKA,OD09C-5609 JCB,13.0,June-2026
2026-06-11,18,BAGAR SINGH SINKU,JH06H-5348,11.0,June-2026
2026-06-11,19,,,0.0,June-2026
2026-06-11,20,,VOLVO-380,18.0,June-2026
2026-06-11,21,,JH06G-5437,15.0,June-2026
2026-06-12,1,SANJAY SINGH BISHT,JH06H-5348,11.0,June-2026
2026-06-12,2,MUKHTIAR SINGH,OD09C-5609 JCB,9.0,June-2026
2026-06-12,3,PARMJEET SINGH,JH06G-5437,13.0,June-2026
2026-06-12,4,LAL MOHAN SINGH,,0.0,June-2026
2026-06-12,5,ANIL RAM,VOLVO-480,16.0,June-2026
2026-06-12,6,SUNIL KUMAR SINGH,,0.0,June-2026
2026-06-12,7,DES RAJ,JH06H-5348,12.0,June-2026
2026-06-12,8,BIDYADHAR ARUK,JH06P-6214 SCORPIO,17.0,June-2026
2026-06-12,9,BALVINDAR SINGH,JCB-8262 LOADER,15.0,June-2026
2026-06-12,10,PRAKASH MAHANTA,,0.0,June-2026
2026-06-12,11,JAYDHAN DAS,VOLVO-300(5),14.0,June-2026
2026-06-12,12,CHAMBURU MUNDARI,,0.0,June-2026
2026-06-12,13,SUNDAR MOHAN BESHRA,JH06G-5437,15.0,June-2026
2026-06-12,14,RALEYA MUNDA,JH06H-9654,8.0,June-2026
2026-06-12,15,AMAN GOPE,VOLVO-300-7,10.0,June-2026
2026-06-12,16,RAJENDRA PURTY,JH01 T-8721 CHATU BABU,15.0,June-2026
2026-06-12,17,SUKHLAL SIRKA,,0.0,June-2026
2026-06-12,18,BAGAR SINGH SINKU,VOLVO-300(5),17.0,June-2026
2026-06-12,19,,VOLVO-480 (N),9.0,June-2026
2026-06-12,20,,VOLVO-380,8.0,June-2026
2026-06-12,21,,VOLVO-300-7,11.0,June-2026
2026-06-13,1,SANJAY SINGH BISHT,VOLVO 300-2,8.0,June-2026
2026-06-13,2,MUKHTIAR SINGH,JH06H-9654,18.0,June-2026
2026-06-13,3,PARMJEET SINGH,OD09C-5609 JCB,9.0,June-2026
2026-06-13,4,LAL MOHAN SINGH,,0.0,June-2026
2026-06-13,5,ANIL RAM,JH06T-7706,17.0,June-2026
2026-06-13,6,SUNIL KUMAR SINGH,JH06H-6198 D.TANKER,18.0,June-2026
2026-06-13,7,DES RAJ,JH06H-5348,16.0,June-2026
2026-06-13,8,BIDYADHAR ARUK,OD09C-5609 JCB,13.0,June-2026
2026-06-13,9,BALVINDAR SINGH,VOLVO-480 (N),12.0,June-2026
2026-06-13,10,PRAKASH MAHANTA,,0.0,June-2026
2026-06-13,11,JAYDHAN DAS,JH06H-6198 D.TANKER,17.0,June-2026
2026-06-13,12,CHAMBURU MUNDARI,JH06H-9654,15.0,June-2026
2026-06-13,13,SUNDAR MOHAN BESHRA,VOLVO 300-2,9.0,June-2026
2026-06-13,14,RALEYA MUNDA,JCB-8262 LOADER,10.0,June-2026
2026-06-13,15,AMAN GOPE,JH01 T-8721 CHATU BABU,12.0,June-2026
2026-06-13,16,RAJENDRA PURTY,JH06H-6198 D.TANKER,15.0,June-2026
2026-06-13,17,SUKHLAL SIRKA,JH06G-5437,10.0,June-2026
2026-06-13,18,BAGAR SINGH SINKU,JH06P-6214 SCORPIO,10.0,June-2026
2026-06-13,19,,JH06H-5348,12.0,June-2026
2026-06-13,20,,JH06H-5348,8.0,June-2026
2026-06-13,21,,JH06G-5437,11.0,June-2026
2026-06-14,1,SANJAY SINGH BISHT,VOLVO-480 (N),13.0,June-2026
2026-06-14,2,MUKHTIAR SINGH,JH06H-9654,16.0,June-2026
2026-06-14,3,PARMJEET SINGH,JH06H-3742,12.0,June-2026
2026-06-14,4,LAL MOHAN SINGH,,0.0,June-2026
2026-06-14,5,ANIL RAM,JH06H-7764,18.0,June-2026
2026-06-14,6,SUNIL KUMAR SINGH,JH06H-3742,17.0,June-2026
2026-06-14,7,DES RAJ,OD09C-5609 JCB,11.0,June-2026
2026-06-14,8,BIDYADHAR ARUK,JCB-8262 LOADER,16.0,June-2026
2026-06-14,9,BALVINDAR SINGH,JH06H-9654,14.0,June-2026
2026-06-14,10,PRAKASH MAHANTA,VOLVO-300(5),16.0,June-2026
2026-06-14,11,JAYDHAN DAS,VOLVO-300(5),16.0,June-2026
2026-06-14,12,CHAMBURU MUNDARI,VOLVO 300-2,18.0,June-2026
2026-06-14,13,SUNDAR MOHAN BESHRA,JH06G-5437,17.0,June-2026
2026-06-14,14,RALEYA MUNDA,JH06T-7706,16.0,June-2026
2026-06-14,15,AMAN GOPE,JH01 T-8721 CHATU BABU,9.0,June-2026
2026-06-14,16,RAJENDRA PURTY,JH06H-9654,9.0,June-2026
2026-06-14,17,SUKHLAL SIRKA,JH06T-7706,15.0,June-2026
2026-06-14,18,BAGAR SINGH SINKU,VOLVO-480 (N),10.0,June-2026
2026-06-14,19,,JH06P-6214 SCORPIO,17.0,June-2026
2026-06-14,20,,OD09C-5609 JCB,17.0,June-2026
2026-06-14,21,,VOLVO 300-2,9.0,June-2026
2026-06-15,1,SANJAY SINGH BISHT,,0.0,June-2026
2026-06-15,2,MUKHTIAR SINGH,JH06H-3742,18.0,June-2026
2026-06-15,3,PARMJEET SINGH,,0.0,June-2026
2026-06-15,4,LAL MOHAN SINGH,VOLVO 300-2,9.0,June-2026
2026-06-15,5,ANIL RAM,JH06H-7764,14.0,June-2026
2026-06-15,6,SUNIL KUMAR SINGH,JH06H-7764,9.0,June-2026
2026-06-15,7,DES RAJ,JH01 T-8721 CHATU BABU,15.0,June-2026
2026-06-15,8,BIDYADHAR ARUK,,0.0,June-2026
2026-06-15,9,BALVINDAR SINGH,VOLVO-300(5),16.0,June-2026
2026-06-15,10,PRAKASH MAHANTA,VOLVO-480,16.0,June-2026
2026-06-15,11,JAYDHAN DAS,JH06H-7764,17.0,June-2026
2026-06-15,12,CHAMBURU MUNDARI,JH06T-7706,18.0,June-2026
2026-06-15,13,SUNDAR MOHAN BESHRA,JH01 T-8721 CHATU BABU,11.0,June-2026
2026-06-15,14,RALEYA MUNDA,JH01 T-8721 CHATU BABU,13.0,June-2026
2026-06-15,15,AMAN GOPE,,0.0,June-2026
2026-06-15,16,RAJENDRA PURTY,OD09C-5609 JCB,17.0,June-2026
2026-06-15,17,SUKHLAL SIRKA,JH06G-4703,15.0,June-2026
2026-06-15,18,BAGAR SINGH SINKU,,0.0,June-2026
2026-06-15,19,,JH06H-7764,15.0,June-2026
2026-06-15,20,,VOLVO-480,15.0,June-2026
2026-06-15,21,,,0.0,June-2026
2026-06-16,1,SANJAY SINGH BISHT,,0.0,June-2026
2026-06-16,2,MUKHTIAR SINGH,VOLVO 300-2,12.0,June-2026
2026-06-16,3,PARMJEET SINGH,VOLVO-300-7,13.0,June-2026
2026-06-16,4,LAL MOHAN SINGH,,0.0,June-2026
2026-06-16,5,ANIL RAM,,0.0,June-2026
2026-06-16,6,SUNIL KUMAR SINGH,JH01 T-8721 CHATU BABU,10.0,June-2026
2026-06-16,7,DES RAJ,OD09C-5609 JCB,8.0,June-2026
2026-06-16,8,BIDYADHAR ARUK,JH06H-9654,11.0,June-2026
2026-06-16,9,BALVINDAR SINGH,JCB-8262 LOADER,17.0,June-2026
2026-06-16,10,PRAKASH MAHANTA,JH06H-3742,13.0,June-2026
2026-06-16,11,JAYDHAN DAS,JH06H-9654,13.0,June-2026
2026-06-16,12,CHAMBURU MUNDARI,VOLVO-380,14.0,June-2026
2026-06-16,13,SUNDAR MOHAN BESHRA,JH06H-7764,15.0,June-2026
2026-06-16,14,RALEYA MUNDA,JH06H-6198 D.TANKER,9.0,June-2026
2026-06-16,15,AMAN GOPE,JH06H-5348,8.0,June-2026
2026-06-16,16,RAJENDRA PURTY,,0.0,June-2026
2026-06-16,17,SUKHLAL SIRKA,VOLVO-480 (N),18.0,June-2026
2026-06-16,18,BAGAR SINGH SINKU,JH01 T-8721 CHATU BABU,16.0,June-2026
2026-06-16,19,,JH06P-6214 SCORPIO,18.0,June-2026
2026-06-16,20,,JH06H-7764,10.0,June-2026
2026-06-16,21,,VOLVO-480,14.0,June-2026
2026-06-17,1,SANJAY SINGH BISHT,VOLVO-300-7,13.0,June-2026
2026-06-17,2,MUKHTIAR SINGH,OD09C-5609 JCB,12.0,June-2026
2026-06-17,3,PARMJEET SINGH,JH06T-7706,14.0,June-2026
2026-06-17,4,LAL MOHAN SINGH,,0.0,June-2026
2026-06-17,5,ANIL RAM,JH06G-5696,13.0,June-2026
2026-06-17,6,SUNIL KUMAR SINGH,VOLVO-380,10.0,June-2026
2026-06-17,7,DES RAJ,JH06G-5437,10.0,June-2026
2026-06-17,8,BIDYADHAR ARUK,JH06H-7764,15.0,June-2026
2026-06-17,9,BALVINDAR SINGH,OD09C-5609 JCB,8.0,June-2026
2026-06-17,10,PRAKASH MAHANTA,,0.0,June-2026
2026-06-17,11,JAYDHAN DAS,VOLVO-300(5),17.0,June-2026
2026-06-17,12,CHAMBURU MUNDARI,,0.0,June-2026
2026-06-17,13,SUNDAR MOHAN BESHRA,JH06H-7764,12.0,June-2026
2026-06-17,14,RALEYA MUNDA,JH06H-9654,15.0,June-2026
2026-06-17,15,AMAN GOPE,,0.0,June-2026
2026-06-17,16,RAJENDRA PURTY,VOLVO-480,9.0,June-2026
2026-06-17,17,SUKHLAL SIRKA,JH06G-5696,14.0,June-2026
2026-06-17,18,BAGAR SINGH SINKU,VOLVO-480 (N),13.0,June-2026
2026-06-17,19,,JH06T-7706,16.0,June-2026
2026-06-17,20,,,0.0,June-2026
2026-06-17,21,,JH06P-6214 SCORPIO,12.0,June-2026
2026-06-18,1,SANJAY SINGH BISHT,JH06H-5348,18.0,June-2026
2026-06-18,2,MUKHTIAR SINGH,VOLVO-300-7,16.0,June-2026
2026-06-18,3,PARMJEET SINGH,VOLVO-480,11.0,June-2026
2026-06-18,4,LAL MOHAN SINGH,VOLVO-480 (N),10.0,June-2026
2026-06-18,5,ANIL RAM,,0.0,June-2026
2026-06-18,6,SUNIL KUMAR SINGH,OD09C-5609 JCB,9.0,June-2026
2026-06-18,7,DES RAJ,JH06T-7706,12.0,June-2026
2026-06-18,8,BIDYADHAR ARUK,VOLVO 300-2,11.0,June-2026
2026-06-18,9,BALVINDAR SINGH,JH06P-6214 SCORPIO,13.0,June-2026
2026-06-18,10,PRAKASH MAHANTA,JH06T-7706,10.0,June-2026
2026-06-18,11,JAYDHAN DAS,VOLVO 300-2,16.0,June-2026
2026-06-18,12,CHAMBURU MUNDARI,OD09C-5609 JCB,14.0,June-2026
2026-06-18,13,SUNDAR MOHAN BESHRA,,0.0,June-2026
2026-06-18,14,RALEYA MUNDA,OD09C-5609 JCB,17.0,June-2026
2026-06-18,15,AMAN GOPE,JH06H-9654,18.0,June-2026
2026-06-18,16,RAJENDRA PURTY,JH06T-7706,13.0,June-2026
2026-06-18,17,SUKHLAL SIRKA,,0.0,June-2026
2026-06-18,18,BAGAR SINGH SINKU,VOLVO 300-2,14.0,June-2026
2026-06-18,19,,JH01 T-8721 CHATU BABU,14.0,June-2026
2026-06-18,20,,JH06T-7706,9.0,June-2026
2026-06-18,21,,JH06G-5696,9.0,June-2026
2026-06-19,1,SANJAY SINGH BISHT,OD09C-5609 JCB,12.0,June-2026
2026-06-19,2,MUKHTIAR SINGH,JH06H-5348,15.0,June-2026
2026-06-19,3,PARMJEET SINGH,VOLVO-300(5),17.0,June-2026
2026-06-19,4,LAL MOHAN SINGH,JH01 T-8721 CHATU BABU,8.0,June-2026
2026-06-19,5,ANIL RAM,JH06T-7706,11.0,June-2026
2026-06-19,6,SUNIL KUMAR SINGH,VOLVO 300-2,11.0,June-2026
2026-06-19,7,DES RAJ,,0.0,June-2026
2026-06-19,8,BIDYADHAR ARUK,JH06H-9654,16.0,June-2026
2026-06-19,9,BALVINDAR SINGH,VOLVO-300-7,17.0,June-2026
2026-06-19,10,PRAKASH MAHANTA,JH06T-7706,15.0,June-2026
2026-06-19,11,JAYDHAN DAS,VOLVO-480 (N),14.0,June-2026
2026-06-19,12,CHAMBURU MUNDARI,OD09C-5609 JCB,10.0,June-2026
2026-06-19,13,SUNDAR MOHAN BESHRA,JCB-8262 LOADER,18.0,June-2026
2026-06-19,14,RALEYA MUNDA,JH06P-6214 SCORPIO,14.0,June-2026
2026-06-19,15,AMAN GOPE,JH06H-5348,15.0,June-2026
2026-06-19,16,RAJENDRA PURTY,JH06H-3742,16.0,June-2026
2026-06-19,17,SUKHLAL SIRKA,JH01 T-8721 CHATU BABU,12.0,June-2026
2026-06-19,18,BAGAR SINGH SINKU,JH06T-7706,16.0,June-2026
2026-06-19,19,,JH06H-9654,12.0,June-2026
2026-06-19,20,,JH06H-5348,13.0,June-2026
2026-06-19,21,,VOLVO 300-2,11.0,June-2026
2026-06-20,1,SANJAY SINGH BISHT,VOLVO-480 (N),14.0,June-2026
2026-06-20,2,MUKHTIAR SINGH,VOLVO-300-7,10.0,June-2026
2026-06-20,3,PARMJEET SINGH,,0.0,June-2026
2026-06-20,4,LAL MOHAN SINGH,,0.0,June-2026
2026-06-20,5,ANIL RAM,JH06G-5696,15.0,June-2026
2026-06-20,6,SUNIL KUMAR SINGH,VOLVO-300-7,14.0,June-2026
2026-06-20,7,DES RAJ,VOLVO-380,16.0,June-2026
2026-06-20,8,BIDYADHAR ARUK,JH06H-5348,12.0,June-2026
2026-06-20,9,BALVINDAR SINGH,JH06H-5348,15.0,June-2026
2026-06-20,10,PRAKASH MAHANTA,JH06H-7764,17.0,June-2026
2026-06-20,11,JAYDHAN DAS,JCB-8262 LOADER,10.0,June-2026
2026-06-20,12,CHAMBURU MUNDARI,JH06H-3742,14.0,June-2026
2026-06-20,13,SUNDAR MOHAN BESHRA,JH06P-6214 SCORPIO,14.0,June-2026
2026-06-20,14,RALEYA MUNDA,,0.0,June-2026
2026-06-20,15,AMAN GOPE,,0.0,June-2026
2026-06-20,16,RAJENDRA PURTY,JH06P-6214 SCORPIO,10.0,June-2026
2026-06-20,17,SUKHLAL SIRKA,,0.0,June-2026
2026-06-20,18,BAGAR SINGH SINKU,JH06H-5348,16.0,June-2026
2026-06-20,19,,VOLVO-480 (N),9.0,June-2026
2026-06-20,20,,VOLVO-480,14.0,June-2026
2026-06-20,21,,VOLVO-300(5),16.0,June-2026
2026-06-21,1,SANJAY SINGH BISHT,VOLVO-480,18.0,June-2026
2026-06-21,2,MUKHTIAR SINGH,,0.0,June-2026
2026-06-21,3,PARMJEET SINGH,VOLVO-380,10.0,June-2026
2026-06-21,4,LAL MOHAN SINGH,JH06H-9654,12.0,June-2026
2026-06-21,5,ANIL RAM,,0.0,June-2026
2026-06-21,6,SUNIL KUMAR SINGH,JH06H-7764,11.0,June-2026
2026-06-21,7,DES RAJ,VOLVO-300(5),10.0,June-2026
2026-06-21,8,BIDYADHAR ARUK,VOLVO-380,17.0,June-2026
2026-06-21,9,BALVINDAR SINGH,JH06H-3742,11.0,June-2026
2026-06-21,10,PRAKASH MAHANTA,JH06H-7764,10.0,June-2026
2026-06-21,11,JAYDHAN DAS,,0.0,June-2026
2026-06-21,12,CHAMBURU MUNDARI,JCB-8262 LOADER,8.0,June-2026
2026-06-21,13,SUNDAR MOHAN BESHRA,JH06T-7706,15.0,June-2026
2026-06-21,14,RALEYA MUNDA,JH01 T-8721 CHATU BABU,11.0,June-2026
2026-06-21,15,AMAN GOPE,JH06P-6214 SCORPIO,9.0,June-2026
2026-06-21,16,RAJENDRA PURTY,JH06H-9654,15.0,June-2026
2026-06-21,17,SUKHLAL SIRKA,JH06H-3742,9.0,June-2026
2026-06-21,18,BAGAR SINGH SINKU,JH06P-6214 SCORPIO,13.0,June-2026
2026-06-21,19,,VOLVO-380,14.0,June-2026
2026-06-21,20,,JH06G-5437,13.0,June-2026
2026-06-21,21,,JH06G-5437,17.0,June-2026
2026-06-22,1,SANJAY SINGH BISHT,VOLVO 300-2,13.0,June-2026
2026-06-22,2,MUKHTIAR SINGH,JH06H-5348,11.0,June-2026
2026-06-22,3,PARMJEET SINGH,JH01 T-8721 CHATU BABU,15.0,June-2026
2026-06-22,4,LAL MOHAN SINGH,,0.0,June-2026
2026-06-22,5,ANIL RAM,JH06H-9654,9.0,June-2026
2026-06-22,6,SUNIL KUMAR SINGH,VOLVO-480,18.0,June-2026
2026-06-22,7,DES RAJ,JH06H-7764,15.0,June-2026
2026-06-22,8,BIDYADHAR ARUK,VOLVO-300-7,12.0,June-2026
2026-06-22,9,BALVINDAR SINGH,VOLVO-300-7,13.0,June-2026
2026-06-22,10,PRAKASH MAHANTA,,0.0,June-2026
2026-06-22,11,JAYDHAN DAS,JH06G-5437,8.0,June-2026
2026-06-22,12,CHAMBURU MUNDARI,VOLVO-480,11.0,June-2026
2026-06-22,13,SUNDAR MOHAN BESHRA,JH06G-5437,15.0,June-2026
2026-06-22,14,RALEYA MUNDA,,0.0,June-2026
2026-06-22,15,AMAN GOPE,VOLVO-480,17.0,June-2026
2026-06-22,16,RAJENDRA PURTY,VOLVO 300-2,12.0,June-2026
2026-06-22,17,SUKHLAL SIRKA,JH06H-5348,17.0,June-2026
2026-06-22,18,BAGAR SINGH SINKU,VOLVO-300(5),15.0,June-2026
2026-06-22,19,,JH06T-7706,8.0,June-2026
2026-06-22,20,,,0.0,June-2026
2026-06-22,21,,VOLVO-480 (N),11.0,June-2026
2026-06-23,1,SANJAY SINGH BISHT,VOLVO 300-2,9.0,June-2026
2026-06-23,2,MUKHTIAR SINGH,VOLVO-300(5),14.0,June-2026
2026-06-23,3,PARMJEET SINGH,JH06G-5696,11.0,June-2026
2026-06-23,4,LAL MOHAN SINGH,VOLVO-300(5),14.0,June-2026
2026-06-23,5,ANIL RAM,JH06H-3742,8.0,June-2026
2026-06-23,6,SUNIL KUMAR SINGH,JH06H-3742,16.0,June-2026
2026-06-23,7,DES RAJ,VOLVO-300-7,13.0,June-2026
2026-06-23,8,BIDYADHAR ARUK,JH06P-6214 SCORPIO,18.0,June-2026
2026-06-23,9,BALVINDAR SINGH,JH06G-5437,13.0,June-2026
2026-06-23,10,PRAKASH MAHANTA,JH06H-6198 D.TANKER,13.0,June-2026
2026-06-23,11,JAYDHAN DAS,JH06G-5437,9.0,June-2026
2026-06-23,12,CHAMBURU MUNDARI,,0.0,June-2026
2026-06-23,13,SUNDAR MOHAN BESHRA,VOLVO-480,17.0,June-2026
2026-06-23,14,RALEYA MUNDA,,0.0,June-2026
2026-06-23,15,AMAN GOPE,JH06G-4703,17.0,June-2026
2026-06-23,16,RAJENDRA PURTY,VOLVO-380,15.0,June-2026
2026-06-23,17,SUKHLAL SIRKA,JH06T-7706,12.0,June-2026
2026-06-23,18,BAGAR SINGH SINKU,,0.0,June-2026
2026-06-23,19,,JH06G-5437,10.0,June-2026
2026-06-23,20,,JH06G-5696,16.0,June-2026
2026-06-23,21,,JH06G-5437,12.0,June-2026
2026-06-24,1,SANJAY SINGH BISHT,VOLVO-300-7,11.0,June-2026
2026-06-24,2,MUKHTIAR SINGH,JH06P-6214 SCORPIO,9.0,June-2026
2026-06-24,3,PARMJEET SINGH,OD09C-5609 JCB,14.0,June-2026
2026-06-24,4,LAL MOHAN SINGH,,0.0,June-2026
2026-06-24,5,ANIL RAM,,0.0,June-2026
2026-06-24,6,SUNIL KUMAR SINGH,OD09C-5609 JCB,15.0,June-2026
2026-06-24,7,DES RAJ,JH06H-9654,10.0,June-2026
2026-06-24,8,BIDYADHAR ARUK,JH06H-9654,16.0,June-2026
2026-06-24,9,BALVINDAR SINGH,OD09C-5609 JCB,8.0,June-2026
2026-06-24,10,PRAKASH MAHANTA,,0.0,June-2026
2026-06-24,11,JAYDHAN DAS,VOLVO-380,12.0,June-2026
2026-06-24,12,CHAMBURU MUNDARI,JH06H-5348,14.0,June-2026
2026-06-24,13,SUNDAR MOHAN BESHRA,JH06H-7764,16.0,June-2026
2026-06-24,14,RALEYA MUNDA,JH06H-5348,10.0,June-2026
2026-06-24,15,AMAN GOPE,VOLVO-300-7,12.0,June-2026
2026-06-24,16,RAJENDRA PURTY,JH06P-6214 SCORPIO,15.0,June-2026
2026-06-24,17,SUKHLAL SIRKA,JH06H-6198 D.TANKER,8.0,June-2026
2026-06-24,18,BAGAR SINGH SINKU,JH06H-9654,18.0,June-2026
2026-06-24,19,,JH06P-6214 SCORPIO,10.0,June-2026
2026-06-24,20,,,0.0,June-2026
2026-06-24,21,,JH06G-5696,14.0,June-2026
2026-06-25,1,SANJAY SINGH BISHT,JH06H-3742,18.0,June-2026
2026-06-25,2,MUKHTIAR SINGH,VOLVO-480,9.0,June-2026
2026-06-25,3,PARMJEET SINGH,,0.0,June-2026
2026-06-25,4,LAL MOHAN SINGH,VOLVO-480,11.0,June-2026
2026-06-25,5,ANIL RAM,JCB-8262 LOADER,13.0,June-2026
2026-06-25,6,SUNIL KUMAR SINGH,VOLVO-300(5),15.0,June-2026
2026-06-25,7,DES RAJ,JH01 T-8721 CHATU BABU,14.0,June-2026
2026-06-25,8,BIDYADHAR ARUK,JH01 T-8721 CHATU BABU,12.0,June-2026
2026-06-25,9,BALVINDAR SINGH,JH06H-3742,16.0,June-2026
2026-06-25,10,PRAKASH MAHANTA,VOLVO 300-2,10.0,June-2026
2026-06-25,11,JAYDHAN DAS,VOLVO-480,8.0,June-2026
2026-06-25,12,CHAMBURU MUNDARI,JH06G-5696,14.0,June-2026
2026-06-25,13,SUNDAR MOHAN BESHRA,JH06G-5696,13.0,June-2026
2026-06-25,14,RALEYA MUNDA,VOLVO-380,15.0,June-2026
2026-06-25,15,AMAN GOPE,VOLVO-300-7,11.0,June-2026
2026-06-25,16,RAJENDRA PURTY,VOLVO-300(5),12.0,June-2026
2026-06-25,17,SUKHLAL SIRKA,VOLVO-300-7,10.0,June-2026
2026-06-25,18,BAGAR SINGH SINKU,JH06H-5348,15.0,June-2026
2026-06-25,19,,JH01 T-8721 CHATU BABU,10.0,June-2026
2026-06-25,20,,JCB-8262 LOADER,10.0,June-2026
2026-06-25,21,,VOLVO-300-7,17.0,June-2026
2026-06-26,1,SANJAY SINGH BISHT,VOLVO-380,17.0,June-2026
2026-06-26,2,MUKHTIAR SINGH,,0.0,June-2026
2026-06-26,3,PARMJEET SINGH,JH01 T-8721 CHATU BABU,15.0,June-2026
2026-06-26,4,LAL MOHAN SINGH,JH06G-5696,11.0,June-2026
2026-06-26,5,ANIL RAM,JH06T-7706,15.0,June-2026
2026-06-26,6,SUNIL KUMAR SINGH,JH06H-5348,11.0,June-2026
2026-06-26,7,DES RAJ,VOLVO-380,13.0,June-2026
2026-06-26,8,BIDYADHAR ARUK,JH06G-5696,17.0,June-2026
2026-06-26,9,BALVINDAR SINGH,JH06H-3742,8.0,June-2026
2026-06-26,10,PRAKASH MAHANTA,JH01 T-8721 CHATU BABU,16.0,June-2026
2026-06-26,11,JAYDHAN DAS,JH06G-5437,17.0,June-2026
2026-06-26,12,CHAMBURU MUNDARI,VOLVO 300-2,16.0,June-2026
2026-06-26,13,SUNDAR MOHAN BESHRA,VOLVO-300-7,14.0,June-2026
2026-06-26,14,RALEYA MUNDA,VOLVO-480 (N),8.0,June-2026
2026-06-26,15,AMAN GOPE,VOLVO 300-2,14.0,June-2026
2026-06-26,16,RAJENDRA PURTY,VOLVO-300(5),15.0,June-2026
2026-06-26,17,SUKHLAL SIRKA,VOLVO-300-7,8.0,June-2026
2026-06-26,18,BAGAR SINGH SINKU,JH01 T-8721 CHATU BABU,14.0,June-2026
2026-06-26,19,,JH06H-7764,17.0,June-2026
2026-06-26,20,,JCB-8262 LOADER,13.0,June-2026
2026-06-26,21,,,0.0,June-2026
2026-06-27,1,SANJAY SINGH BISHT,,0.0,June-2026
2026-06-27,2,MUKHTIAR SINGH,JH06G-5696,10.0,June-2026
2026-06-27,3,PARMJEET SINGH,JH06G-4703,13.0,June-2026
2026-06-27,4,LAL MOHAN SINGH,JH06G-5437,15.0,June-2026
2026-06-27,5,ANIL RAM,JH06G-5437,18.0,June-2026
2026-06-27,6,SUNIL KUMAR SINGH,JH06P-6214 SCORPIO,17.0,June-2026
2026-06-27,7,DES RAJ,VOLVO-480 (N),18.0,June-2026
2026-06-27,8,BIDYADHAR ARUK,,0.0,June-2026
2026-06-27,9,BALVINDAR SINGH,OD09C-5609 JCB,10.0,June-2026
2026-06-27,10,PRAKASH MAHANTA,VOLVO-300-7,10.0,June-2026
2026-06-27,11,JAYDHAN DAS,JH01 T-8721 CHATU BABU,9.0,June-2026
2026-06-27,12,CHAMBURU MUNDARI,,0.0,June-2026
2026-06-27,13,SUNDAR MOHAN BESHRA,VOLVO-480 (N),10.0,June-2026
2026-06-27,14,RALEYA MUNDA,,0.0,June-2026
2026-06-27,15,AMAN GOPE,OD09C-5609 JCB,17.0,June-2026
2026-06-27,16,RAJENDRA PURTY,VOLVO-480,16.0,June-2026
2026-06-27,17,SUKHLAL SIRKA,,0.0,June-2026
2026-06-27,18,BAGAR SINGH SINKU,JCB-8262 LOADER,9.0,June-2026
2026-06-27,19,,VOLVO-480 (N),8.0,June-2026
2026-06-27,20,,,0.0,June-2026
2026-06-27,21,,,0.0,June-2026
2026-06-28,1,SANJAY SINGH BISHT,JH06P-6214 SCORPIO,12.0,June-2026
2026-06-28,2,MUKHTIAR SINGH,JH06G-4703,11.0,June-2026
2026-06-28,3,PARMJEET SINGH,JH06G-5696,15.0,June-2026
2026-06-28,4,LAL MOHAN SINGH,VOLVO-380,8.0,June-2026
2026-06-28,5,ANIL RAM,JH01 T-8721 CHATU BABU,11.0,June-2026
2026-06-28,6,SUNIL KUMAR SINGH,,0.0,June-2026
2026-06-28,7,DES RAJ,OD09C-5609 JCB,11.0,June-2026
2026-06-28,8,BIDYADHAR ARUK,VOLVO-300-7,13.0,June-2026
2026-06-28,9,BALVINDAR SINGH,JH06H-9654,10.0,June-2026
2026-06-28,10,PRAKASH MAHANTA,JH06H-9654,17.0,June-2026
2026-06-28,11,JAYDHAN DAS,VOLVO 300-2,18.0,June-2026
2026-06-28,12,CHAMBURU MUNDARI,VOLVO-300-7,13.0,June-2026
2026-06-28,13,SUNDAR MOHAN BESHRA,JH06H-6198 D.TANKER,16.0,June-2026
2026-06-28,14,RALEYA MUNDA,JCB-8262 LOADER,18.0,June-2026
2026-06-28,15,AMAN GOPE,VOLVO-380,13.0,June-2026
2026-06-28,16,RAJENDRA PURTY,VOLVO-380,16.0,June-2026
2026-06-28,17,SUKHLAL SIRKA,JH06G-5696,9.0,June-2026
2026-06-28,18,BAGAR SINGH SINKU,,0.0,June-2026
2026-06-28,19,,JH01 T-8721 CHATU BABU,11.0,June-2026
2026-06-28,20,,JH06G-4703,17.0,June-2026
2026-06-28,21,,JCB-8262 LOADER,18.0,June-2026
2026-06-29,1,SANJAY SINGH BISHT,JCB-8262 LOADER,16.0,June-2026
2026-06-29,2,MUKHTIAR SINGH,VOLVO-300(5),8.0,June-2026
2026-06-29,3,PARMJEET SINGH,,0.0,June-2026
2026-06-29,4,LAL MOHAN SINGH,JH06G-5696,12.0,June-2026
2026-06-29,5,ANIL RAM,JH06T-7706,11.0,June-2026
2026-06-29,6,SUNIL KUMAR SINGH,,0.0,June-2026
2026-06-29,7,DES RAJ,VOLVO-480,13.0,June-2026
2026-06-29,8,BIDYADHAR ARUK,VOLVO 300-2,17.0,June-2026
2026-06-29,9,BALVINDAR SINGH,JH06H-3742,14.0,June-2026
2026-06-29,10,PRAKASH MAHANTA,JH06H-5348,13.0,June-2026
2026-06-29,11,JAYDHAN DAS,,0.0,June-2026
2026-06-29,12,CHAMBURU MUNDARI,VOLVO-480 (N),16.0,June-2026
2026-06-29,13,SUNDAR MOHAN BESHRA,VOLVO-480 (N),11.0,June-2026
2026-06-29,14,RALEYA MUNDA,JH06H-7764,18.0,June-2026
2026-06-29,15,AMAN GOPE,JH06H-5348,13.0,June-2026
2026-06-29,16,RAJENDRA PURTY,JH06G-5437,14.0,June-2026
2026-06-29,17,SUKHLAL SIRKA,JH06T-7706,16.0,June-2026
2026-06-29,18,BAGAR SINGH SINKU,,0.0,June-2026
2026-06-29,19,,,0.0,June-2026
2026-06-29,20,,JH01 T-8721 CHATU BABU,9.0,June-2026
2026-06-29,21,,VOLVO-480,13.0,June-2026
2026-06-30,1,SANJAY SINGH BISHT,JH06G-5437,12.0,June-2026
2026-06-30,2,MUKHTIAR SINGH,JCB-8262 LOADER,17.0,June-2026
2026-06-30,3,PARMJEET SINGH,VOLVO-480,8.0,June-2026
2026-06-30,4,LAL MOHAN SINGH,,0.0,June-2026
2026-06-30,5,ANIL RAM,,0.0,June-2026
2026-06-30,6,SUNIL KUMAR SINGH,VOLVO-300-7,10.0,June-2026
2026-06-30,7,DES RAJ,JH06G-5437,8.0,June-2026
2026-06-30,8,BIDYADHAR ARUK,JH06H-7764,9.0,June-2026
2026-06-30,9,BALVINDAR SINGH,VOLVO-480,14.0,June-2026
2026-06-30,10,PRAKASH MAHANTA,,0.0,June-2026
2026-06-30,11,JAYDHAN DAS,VOLVO-480 (N),14.0,June-2026
2026-06-30,12,CHAMBURU MUNDARI,VOLVO-480 (N),11.0,June-2026
2026-06-30,13,SUNDAR MOHAN BESHRA,VOLVO-480,12.0,June-2026
2026-06-30,14,RALEYA MUNDA,,0.0,June-2026
2026-06-30,15,AMAN GOPE,JH06H-3742,16.0,June-2026
2026-06-30,16,RAJENDRA PURTY,JH06H-9654,9.0,June-2026
2026-06-30,17,SUKHLAL SIRKA,,0.0,June-2026
2026-06-30,18,BAGAR SINGH SINKU,VOLVO-480 (N),9.0,June-2026
2026-06-30,19,,,0.0,June-2026
2026-06-30,20,,JH06G-5696,11.0,June-2026
2026-06-30,21,,VOLVO-480 (N),16.0,June-2026
