Serial_No,WAR_Code,Customer_Code,Customer_Name,District,Branch_Area,Owner_Contact,Machine_Model,Machine_Serial_No,Year,Date_Of_Commission,Warranty_End_Date,Warranty_Status,Present_HMR,Services_Done,Machine_Age_Years
1,,82394,SIKANDAR RANA / RANA ENGINEERING,,ROURKELA,,EX210S,S210-55631,2017,2017-05-15,2018-05-14,Out of Warranty,,3,9.1
2,,72205,CHAMUNDI NATURAL STONES,CHENNAI,GUNUPUR,,ZX370G,THEDD1L0A00000220,2017,2017-06-20,2018-06-20,Out of Warranty,,1,9.0
3,,84654,VIVEK CONSTRUCTION / run at KORBA-01.03.24,,JHARSUGUDA,,ZX370G,THEDD1L0A00000296,2017,2017-11-23,,Out of Warranty,,1,8.6
4,,84796,B. RAMANAIAH CONSTRUCTION,RAYAGADA,RAYAGADA,9348737476,EX110S,S110-11470,2018,2018-07-03,2019-07-03,Out of Warranty,,1,7.9
5,,91281,SES ENGINEERING BUILDERS & CIVIL WORK,MAHARASHTRA,BHAWANIPATNA,,EX210S+,SP21-45064,2018,2018-11-28,2019-11-28,Out of Warranty,,2,7.5
6,,81331,HARISH CHANDRA HOTA,KORAPUT,JEYPORE,9437123419,EX70S,S070-17359,2019,2019-01-02,2020-01-01,Out of Warranty,,8,7.4
7,,89845,SRI KURINJI INFRASTRUCTURE(MIG),ANGUL,BARBIL,9443636466,EX200S+,SP20-27605,2019,2019-01-04,2020-01-03,Out of Warranty,,5,7.4
8,,92547,GOYAL EARTHMOVERS,RAIPUR,SHIFTED TO OTHER STATE,9669106002,EX200S+,SP20-56292,2019,2019-01-04,2020-01-03,Out of Warranty,,2,7.4
9,,92951,DURYODHAN DAS,KALAHANDI,BALANGIR,7749056707,EX70S+,SP07-18020,2019,2019-01-04,2020-01-03,Out of Warranty,,9,7.4
10,,92809,DHRITI CORPORATION,MUMBAI,SAMBALPUR,9867789838,EX200S+,SP20-56329,2019,2019-01-07,2020-01-06,Out of Warranty,,6,7.4
11,,75067,MEHRA RAM,RAJASTHAN,RAYAGADA,8078624369,EX210S+,SP21-60262,2019,2019-01-09,2020-01-08,Out of Warranty,,8,7.4
12,,92568,HARIBAR DHALI,JEYPORE,JEYPORE,9777486285,EX130S+,SP13-14050,2019,2019-01-10,2020-01-09,Out of Warranty,,7,7.4
13,,89493,TIRUPATI ENTERPRISES,JHARSUGUDA,JHARSUGUDA,9437051506,EX210S,S210-41720,2019,2019-01-10,2020-01-09,Out of Warranty,,8,7.4
14,,92569,ARABINDA BISOI,JEYPORE,JEYPORE,9348575656,EX70S+,SP07-18027,2019,2019-01-10,2020-01-09,Out of Warranty,,9,7.4
15,,92786,SAPTARISHI ENTERPRISES,JHARKHAND,SHIFTED TO OTHER STATE,7070190070,EX200S+,SP20-56237,2019,2019-01-12,2020-01-11,Out of Warranty,,3,7.4
16,,90867,KUMAR CARGO SOLUTION,RAIPUR,SHIFTED TO OTHER STATE,9893592952,EX200S+,SP20-56182,2019,2019-01-17,2020-01-16,Out of Warranty,,4,7.4
17,,11293,SARADA ENTERPRISES,ROURKELA,ROURKELA,7894418663,ZX370G,THEDD1L0T00000659,2019,2019-01-18,2020-01-17,Out of Warranty,,8,7.4
18,,89493,TIRUPATI ENTERPRISES,JHARSUGUDA,JHARSUGUDA,9437051506,EX210S,S210-41742,2019,2019-01-29,2020-01-28,Out of Warranty,,8,7.4
19,,60626,MEGHA ENGINEERING & INFRASTRUCTURE,BALANGIR,BALANGIR,7606005243,EX70S+,SP07-18120,2019,2019-01-29,2020-01-28,Out of Warranty,,9,7.4
20,,60626,MEGHA ENGINEERING & INFRASTRUCTURE,BALANGIR,BALANGIR,7606005243,EX70S+,SP07-18132,2019,2019-01-29,2020-01-28,Out of Warranty,,9,7.4
21,,60626,MEGHA ENGINEERING & INFRASTRUCTURE,BALANGIR,BALANGIR,7606005243,EX70S+,SP07-18146,2019,2019-01-29,2020-01-28,Out of Warranty,,9,7.4
22,,87374,JAY MAA DURGA EARTH & MOVERS,SAMBALPUR,JHARSUGUDA,9938771452,EX200S+,SP20-56312,2019,2019-01-30,2020-01-29,Out of Warranty,,8,7.4
23,,38812,NITYANANDA PATI,SAMBALPUR,SAMBALPUR,9861362840,EX200S+,SP20-56311,2019,2019-02-02,2020-02-01,Out of Warranty,,8,7.4
24,,90326,CHERVI SRI MINERALS  & TRADERS(MIG),"TADIPATRI,",SHIFTED TO OTHER STATE,9771181518,EX110S,S110-12213,2019,2019-02-06,2020-02-05,Out of Warranty,,6,7.3
25,,93460,OMKAR NATH PANDA,KALAHANDI,BHAWANIPATNA,7008230332,EX70S+,SP07-18125,2019,2019-02-06,2020-02-05,Out of Warranty,,9,7.3
26,,93253,AMIN MOHAMMAD,JEYPORE,JEYPORE,8018008899,EX70S+,SP07-18118,2019,2019-02-07,2020-02-06,Out of Warranty,,9,7.3
27,,93507,BHURA RAM,BALANGIR,BALANGIR,8005753708,ZX220 GI,THEDCRL0C00001611,2019,2019-02-14,2020-02-13,Out of Warranty,,8,7.3
28,,93398,BHUBANESWARI CONSTRUCTION,JAJPUR,BARBIL,9437088393,EX210S+,SP21-45296,2019,2019-02-17,2020-02-16,Out of Warranty,,8,7.3
29,,9373,NARAYANI SON'S PVT LTD,ANUGUL,SHIFTED TO OTHER STATE,,TL340H,THEWBHK0AK0000147,2019,2019-02-18,2020-02-17,Out of Warranty,,0,7.3
30,,92472,UNITED CHIPS,SAMBALPUR,JHARSUGUDA,9861343000,EX200S+,SP20-27578,2019,2019-02-22,2020-02-21,Out of Warranty,,8,7.3
31,,92874,SOMA ORAM,ROURKELA,ROURKELA,9853342710,EX210S+,SP21-45264,2019,2019-02-22,2020-02-21,Out of Warranty,,7,7.3
32,,92610,SUMEET SAMANTO(SAMANTO EARTHMOVERS),,JEYPORE,9337200677,ZX140,THEDA0L0T00000549,2019,2019-02-24,2020-02-23,Out of Warranty,,7,7.3
33,,93831,UPAMANYU MAHAKHUND,KALAHANDI,BHAWANIPATNA,8763887005,EX70S+,SP07-18139,2019,2019-02-28,2020-02-27,Out of Warranty,,9,7.3
34,,92570,RAMKHELAWAN YADAV,RANCHI,SHIFTED TO OTHER STATE,9123258273,EX210S+,SP21-60443,2019,2019-03-01,2020-02-28,Out of Warranty,,2,7.3
35,,93613,MOHAMMAD SHAHANAWAZ ATTARI,ROURKELA,ROURKELA,9439429092,EX200S+,SP20-27713,2019,2019-03-02,2020-02-29,Out of Warranty,,7,7.3
36,,85978,GIRIDHARI NAYAK,BHADRAK,BARBIL,8895731173,EX70S+,SP07-18093,2019,2019-03-05,2020-03-03,Out of Warranty,,4,7.3
37,,94097,MBC STONE CRUSHER,BOUDH,SAMBALPUR,8895563200,EX200S+,SP20-56259,2019,2019-03-06,2020-03-04,Out of Warranty,,6,7.3
38,,81768,SUPER DIESELS,SUNDERGARH,SHIFTED TO OTHER STATE,9937443774,EX210S+,SP21-60428,2019,2019-03-07,2020-03-05,Out of Warranty,,3,7.3
39,,94051,RUKSHAR ARA,JEYPORE,JEYPORE,9938649100,EX210S+,SP21-60331,2019,2019-03-08,2020-03-06,Out of Warranty,,8,7.3
40,,75514,MANOJ KUMAR NAYAK,KORAPUT,RAYAGADA,8895661616,ZX140,THEDA0L0J00000569,2019,2019-03-11,2020-03-09,Out of Warranty,,8,7.3
41,,92167,SAKET KUMAR TIBREWAL,JHARSUGUDA,JHARSUGUDA,9437054302,EX210S+,SP21-45392,2019,2019-03-25,2020-03-23,Out of Warranty,,8,7.2
42,,35763,SHREE SARADA CONSTRUCTION,SAMBALPUR,ROURKELA,9937387019,EX130S+,SP13-14150,2019,2019-03-30,2020-03-28,Out of Warranty,,9,7.2
43,,11188,SUNIL KUMAR PATEL,SAMBALPUR,JHARSUGUDA,9937057084,EX200S+,SP20-27622,2019,2019-03-30,2020-03-28,Out of Warranty,,8,7.2
44,,88779,GHANSHYAM MOHANTY,KORAPUT,JEYPORE,9438576700,EX70S+,SP07-18257,2019,2019-04-03,2020-04-01,Out of Warranty,,9,7.2
45,,67639,ASHISH KUMAR BHOI,BARGARH,BALANGIR,9861787929,ZX140,THEDA0L0E00000709,2019,2019-04-04,2020-04-02,Out of Warranty,,8,7.2
46,,57923,ODISHA BUILDERS & ENGG,RAYAGADA,RAYAGADA,9437025616,EX70S+,SP07-18271,2019,2019-04-05,2020-04-03,Out of Warranty,,9,7.2
47,,60694,SRINIVASA STONE CRUSHER,RAYAGADA,RAYAGADA,9437458226,EX130S+,SP13-14142,2019,2019-04-06,2020-04-04,Out of Warranty,,9,7.2
48,,84505,RAJLAXMI CONSTRUCTIONS LIMITED,CUTTACK,JEYPORE,8118055014,EX70S+,SP07-18272,2019,2019-04-06,2020-04-04,Out of Warranty,,8,7.2
49,,52750,ANANDA KUMAR GARG,KALAHANDI,BHAWANIPATNA,8637220211,ZX140,THEDA0L0L00000738,2019,2019-04-08,2020-04-06,Out of Warranty,,8,7.2
50,,94400,VATHSAVAI RAVI,,,,EX210S+,SP21-45635,2019,2019-04-08,2020-04-07,Out of Warranty,,2,7.2
51,,94607,HEENA PARWIN,KALAHANDI,BHAWANIPATNA,9437962266,EX200S+,SP20-56459,2019,2019-04-12,2020-04-10,Out of Warranty,,7,7.2
52,,91242,V. G. GRANITES,MALKANGIRI,SHIFTED TO OTHER STATE,9582771630,ZX370G,THEDD1L0K00000695,2019,2019-04-18,2020-04-17,Out of Warranty,,0,7.2
53,,94952,SHREE MAHADEV EARTHMOVERS,,SAMBALPUR,8249839324,EX200S+,SP20-56501,2019,2019-04-26,2020-04-24,Out of Warranty,,5,7.1
54,,37831,RKD CONSTRUCTION PVT. LTD,SUNDERGARH,SHIFTED TO OTHER STATE,8895655738,ZX220 GI,THEDCRL0C00001673,2019,2019-04-30,2020-04-28,Out of Warranty,,5,7.1
55,,37831,RKD CONSTRUCTION PVT. LTD,SUNDERGARH,SHIFTED TO OTHER STATE,8895655738,ZX220 GI,THEDCRL0H00001677,2019,2019-04-30,2020-04-28,Out of Warranty,,5,7.1
56,,37831,RKD CONSTRUCTION PVT. LTD,SUNDERGARH,SHIFTED TO OTHER STATE,8895655738,ZX220 GI,THEDCRL0L00001676,2019,2019-04-30,2020-04-28,Out of Warranty,,7,7.1
57,,94778,SARASWATI STONE QUARRY,RAYAGADA,RAYAGADA,7999790231,EX130S+,SP13-14271,2019,2019-05-02,2020-04-30,Out of Warranty,,8,7.1
58,,95056,SANGRAM MISHRA,SONEPURE,BALANGIR,9437223851,EX210S+,SP21-60571,2019,2019-05-04,2020-05-02,Out of Warranty,,7,7.1
59,,95053,DEBENDRA KUMAR SAHU,NUAPADA,BALANGIR,7894389660,EX70S+,SP07-18152,2019,2019-05-04,2020-05-02,Out of Warranty,,8,7.1
60,,37831,RKD CONSTRUCTION PVT. LTD,SUNDERGARH,SHIFTED TO OTHER STATE,8895655738,ZX220 GI,THEDCRL0C00001682,2019,2019-05-06,2020-05-04,Out of Warranty,,6,7.1
61,,91242,V. G. GRANITES,MALKANGIRI,JEYPORE,9582771630,ZX370G,THEDD1L0P00000713,2019,2019-05-07,2020-05-05,Out of Warranty,,8,7.1
62,,95001,JAYSHREE ENTERPRISES,SAMBALPUR,SAMBALPUR,9437045555,EX200S+,SP20-56532,2019,2019-05-10,2020-05-08,Out of Warranty,,8,7.1
63,,95001,JAYSHREE ENTERPRISES,SAMBALPUR,SAMBALPUR,9437045555,EX200S+,SP20-56533,2019,2019-05-10,2020-05-08,Out of Warranty,,5,7.1
64,,91106,BISHNU PRASAD PRADHAN,,SAMBALPUR,9777372331,EX210S+,SP21-60562,2019,2019-05-29,2020-05-28,Out of Warranty,,8,7.0
65,,95405,GREEN ENERGY RESOURCES,SAMBALPUR,SAMBALPUR,9437045555,EX200S+,SP20-56554,2019,2019-06-03,2020-06-02,Out of Warranty,,8,7.0
66,,88420,SADHGURU SAI DRILLERS,HYDERABAD,JHARSUGUDA,7675965553,EX210S+,SP21-45637,2019,2019-06-03,2020-06-02,Out of Warranty,,7,7.0
67,,88420,SADHGURU SAI DRILLERS,HYDERABAD,JHARSUGUDA,7675965553,EX210S+,SP21-45653,2019,2019-06-03,2020-06-02,Out of Warranty,,6,7.0
68,,95279,NA ASSOCIATES (Vijaywada) run-01.03.24,,RAYAGADA,9016666666,ZX220 GIM,THEDC0L0V00000973,2019,2019-06-05,2020-06-04,Out of Warranty,,8,7.0
69,,92168,GUNJAN DRILLING ASSOCIATES PVT LTD,,SHIFTED TO OTHER STATE,9437051506,EX210S+,SP21-45603,2019,2019-06-07,2020-06-06,Out of Warranty,,2,7.0
70,,95477,SUDAM CHARAN PANDA,,BHAWANIPATNA,9437154049,ZX140,THEDA0L0V00000803,2019,2019-06-07,2020-06-06,Out of Warranty,,8,7.0
71,,66648,SARADA NAIK,,RAYAGADA,9437777201,EX130S+,SP13-14300,2019,2019-06-10,2020-06-09,Out of Warranty,,9,7.0
72,,60626,MEGHA ENGINEERING & INFRASTRUCTURES LTD,,JHARSUGUDA,7381049358,EX70S,SP07-18313,2019,2019-06-11,2020-06-10,Out of Warranty,,7,7.0
73,,60626,MEGHA ENGINEERING & INFRASTRUCTURES LTD,,JHARSUGUDA,8018971598,EX70S,SP07-18336,2019,2019-06-11,2020-06-10,Out of Warranty,,8,7.0
74,,60626,MEGHA ENGINEERING & INFRASTRUCTURES LTD,,BALANGIR,9437848719,EX70S,SP07-18338,2019,2019-06-11,2020-06-10,Out of Warranty,,8,7.0
75,,95001,JAYSHREE ENTERPRISES,SAMBALPUR,SAMBALPUR,9437045555,EX200S+,SP20-56553,2019,2019-06-20,2020-06-19,Out of Warranty,,8,7.0
76,,95658,SHAKTI ENGINEERING CO.,KEONJHAR,BARBIL,9831139415,EX210S+,SP21-60682,2019,2019-06-25,2020-06-24,Out of Warranty,,8,7.0
77,,95235,MGR INFRASTRUCTURES,HYDERABAD,SAMBALPUR,,EX210S+,SP21-45722,2019,2019-06-25,2020-06-24,Out of Warranty,,7,7.0
78,,1125,STEEL AUTHORITY OF INDIA LTD.,SUNDARGARH,ROURKELA,8895501029,EX70S+,SP07-18337,2019,2019-07-01,2020-06-30,Out of Warranty,,9,6.9
79,,91242,V. G. GRANITES,MALKANGIRI,JEYPORE,9582771630,EX200S+,SP20-56548,2019,2019-07-01,2020-06-30,Out of Warranty,,8,6.9
80,,91242,V. G. GRANITES,MALKANGIRI,JEYPORE,9582771630,EX200S+,SP20-56614,2019,2019-07-01,2020-06-30,Out of Warranty,,8,6.9
81,,37831,RKD CONSTRUCTION PVT. LTD,SUNDERGARH,SHIFTED TO OTHER STATE,9438413617,ZX220 GI,THEDCRL0H00001680,2019,2019-07-01,2020-06-30,Out of Warranty,,9,6.9
82,,95747,BAJRANGBALI CONSTRUCTION,SUNDARGARH,ROURKELA,9238342655,EX210S+,SP21-60623,2019,2019-07-04,2020-07-03,Out of Warranty,,8,6.9
83,,95674,GURU GOBIND MOTORS PVT. LTD.,SUNDARGARH,ROURKELA,9437049559,EX210S+,SP21-60770,2019,2019-07-04,2020-07-03,Out of Warranty,,6,6.9
84,,95722,PADMACHARAN CHOUDHURY,KORAPUT,JEYPORE,9437097947,ZX140,THEDA0L0L00000884,2019,2019-07-08,2020-07-07,Out of Warranty,,8,6.9
85,,96097,RELIABLE SPONGE PVT. LTD.,SUNDARGARH,ROURKELA,9437046599,EX110S,S110-12172,2019,2019-07-17,2020-07-16,Out of Warranty,,9,6.9
86,,95658,SHAKTI ENGINEERING CO.,KEONJHAR,BARBIL,9831139415,EX210S+,SP21-60683,2019,2019-07-17,2020-07-16,Out of Warranty,,7,6.9
87,,95658,SHAKTI ENGINEERING CO.,KEONJHAR,BARBIL,9831139415,EX210S+,SP21-60779,2019,2019-07-18,2020-07-17,Out of Warranty,,6,6.9
88,,70944,KANHA ENTERPRISES,JHARSUGUDA,JHARSUGUDA,9437126699,EX200S+,SP20-56560,2019,2019-07-19,2020-07-18,Out of Warranty,,8,6.9
89,,96145,ALLIANCE EARTHMOVERS,WEST BENGAL,BARBIL,9831139415,EX210S+,SP21-60775,2019,2019-07-20,2020-07-19,Out of Warranty,,8,6.9
90,,96145,ALLIANCE EARTHMOVERS,WEST BENGAL,BARBIL,9831139415,EX210S+,SP21-60780,2019,2019-07-24,2020-07-23,Out of Warranty,,7,6.9
91,,45603,MAHADEV MOTORS,SUNDARGARH,ROURKELA,9438227103,ZX140,THEDA0L0P00000908,2019,2019-07-31,2020-07-30,Out of Warranty,,7,6.9
92,,96161,PARBATI TRADERS,CUTTACK,BHAWANIPATNA,9937758120,EX200S+,SP20-56535,2019,2019-08-01,2020-07-31,Out of Warranty,,8,6.9
93,,87374,JAY MAA DURGA EARTH & MOVERS,JHARSUGUDA,JHARSUGUDA,7653807597,EX200S+,SP20-56620,2019,2019-08-05,2020-08-04,Out of Warranty,,8,6.9
94,,91242,V. G. GRANITES,MALKANGIRI,JEYPORE,9582771630,EX200S+,SP20-28376,2019,2019-08-12,2020-08-11,Out of Warranty,,7,6.8
95,,32064,BIJAY KUMAR AGRAWAL,JHARSUGUDA,JHARSUGUDA,,ZX140,THEDA0L0A00000950,2019,2019-08-19,2020-08-18,Out of Warranty,,8,6.8
96,,82813,GADHE APPANNA,VIZAINAGARAM,RAYAGADA,,EX70S+,SP07-18314,2019,2019-08-20,2020-08-19,Out of Warranty,,8,6.8
97,,82813,GADHE APPANNA,VIZAINAGARAM,RAYAGADA,,EX70S+,SP07-18403,2019,2019-08-22,2020-08-21,Out of Warranty,,4,6.8
98,,96115,NATHJEE ENTERPRISES,JHARSUGUDA,JHARSUGUDA,9439887219,EX200S+,SP20-56627,2019,2019-10-03,2020-10-02,Out of Warranty,,6,6.7
99,,56309,TARA TARINI CONSTRCUTION PVT. LTD.,JEYPORE,JEYPORE,9439477300,ZX220 GI,THEDCRL0V00001917,2019,2019-10-09,2020-10-08,Out of Warranty,,8,6.7
100,,72544,SANTOSH KUMAR SAHOO,MALKANGIRI,JEYPORE,8895660873,EX210S+,SP21-60853,2019,2019-10-14,2020-10-13,Out of Warranty,,7,6.7
101,,97432,SINGHAL ENTERPRISES,JHARKHAND,SHIFTED TO OTHER STATE,9007168216,ZX220 GIM,THEDC0L0V00001010,2019,2019-11-13,2020-11-12,Out of Warranty,,2,6.6
102,,88420,SADHGURU SAI DRILLERS,HYDERABAD,JHARSUGUDA,7675965553,EX210S+,SP21-45750,2019,2019-11-13,2020-11-11,Out of Warranty,,7,6.6
103,,97706,AMEVA ASSOCIATES,MALKANGIRI,JEYPORE,9492222226,EX200S+,SP20-56748,2019,2019-11-15,2020-11-14,Out of Warranty,,6,6.6
104,,97828,PUNITA MISHRA,SUNDARGARH,ROURKELA,9437247634,EX200S+,SP20-56621,2019,2019-11-20,2020-11-19,Out of Warranty,,5,6.6
105,,97305,URBASHI ENTERPRISE,JHARSUGUDA,JHARSUGUDA,7873054006,EX210S+,SP21-60941,2019,2019-11-22,2020-11-21,Out of Warranty,,5,6.6
106,,97040,P. V. SUBBANAIDU AND CO,KORAPUT,SHIFTED TO OTHER STATE,9440251525,EX200S+,SP20-28447,2019,2019-11-23,2020-11-22,Out of Warranty,,4,6.6
107,,110229,JAGDISH CONSTRUCTION LIMITED,BARGARH,SHIFTED TO OTHER STATE,8358823449,TL340H,THEWBHK0CK0000249,2019,2019-11-29,2020-11-28,Out of Warranty,,3,6.5
108,,110229,JAGDISH CONSTRUCTION LIMITED,BARGARH,SHIFTED TO OTHER STATE,8358823449,TL340H,THEWBHK0KK0000272,2019,2019-11-29,2020-11-28,Out of Warranty,,3,6.5
109,,98060,MANORAMA TRADERS,RAYAGADA,RAYAGADA,9437024228,EX210S+,SP21-61079,2019,2019-12-05,2020-12-04,Out of Warranty,,7,6.5
110,,93400,KAPILESHWAR BISOI,KORAPUT,RAYAGADA,7008658518,EX200S+,SP20-56626,2019,2019-12-10,2020-12-09,Out of Warranty,,7,6.5
111,,98081,PANDA SUPPLIERS,KALAHANDI,BHAWANIPATNA,9437154073,ZX140,THEDA0L0H00000904,2019,2019-12-10,2020-12-09,Out of Warranty,,4,6.5
112,,92168,GUNJAN DRILLING ASSOCIATES PVT LTD,JHARSUGUDA,JHARSUGUDA,9437051506,EX210S+,SP21-45730,2019,2019-12-13,2020-12-12,Out of Warranty,,1,6.5
113,,91242,V. G. GRANITES,MALKANGIRI,JEYPORE,9582771630,ZX370G,THEDD1L0K00000860,2019,2019-12-16,2020-12-15,Out of Warranty,,8,6.5
114,,98274,ANUP KUMAR PRADHAN,KALAHANDI,BHAWANIPATNA,9937771127,ZX140,THEDA0L0T00001037,2019,2019-12-16,2020-12-15,Out of Warranty,,3,6.5
115,,73644,PANDURANGA STONE CRUSHERS,KORAPUT,SHIFTED TO OTHER STATE,9337147690,TL340H,THEWBHK0EK0000265,2019,2019-12-18,2020-12-17,Out of Warranty,,5,6.5
116,,75067,MEHRAM,,BHAWANIPATNA,8078624369,EX210S+,SP21-60884,2019,2019-12-20,2020-12-19,Out of Warranty,,5,6.5
117,,98325,BALAJI CONSTRUCTION COMPANY,NABARANGPUR,SHIFTED TO OTHER STATE,7976590977,ZX140,THEDA0L0P00001184,2019,2019-12-21,2020-12-20,Out of Warranty,,3,6.5
118,,93072,INDU EARTH MOVERS,,SHIFTED TO OTHER STATE,9840666469,EX200S+,SP20-28112,2019,2019-12-21,2020-12-20,Out of Warranty,,5,6.5
119,,73047,FERRO SCRAP NIGAM LTD.,SUNDARGARH,ROURKELA,9437495791,ZX370G,THEDD1L0L00000879,2019,2019-12-23,2020-12-22,Out of Warranty,,8,6.5
120,,90658,ASHISH KUMAR BARIK,DEOGARH,SAMBALPUR,9937008946,EX210S+,SP21-61075,2019,2019-12-23,2020-12-22,Out of Warranty,,3,6.5
121,,98344,SURAJ PRODUCTS LIMITED,SUNDARGARH,ROURKELA,9437049074,EX200S+,SP20-56688,2019,2019-12-24,2020-12-23,Out of Warranty,,8,6.5
122,,71344,K.C. STONE CRUSHER & K.C. STONE WORKS,SAMBALPUR,SAMBALPUR,9937204370,EX200S+,SP20-56659,2019,2019-12-24,2020-12-23,Out of Warranty,,4,6.5
123,,3180,SHREE BALAJI ENGINCONS LIMITED,SUNDARGARH,JHARSUGUDA,9348684360,EX200S+,SP20-56895,2019,2019-12-26,2020-12-25,Out of Warranty,,6,6.5
124,,98361,SUBASH KUMAR DASH,JAJPUR,BARBIL,7894435068,EX200S+,SP20-56666,2020,2020-01-02,2021-01-01,Out of Warranty,,6,6.4
125,,93072,"V. INDRANII, PROP OF INDU EARTH MOVERS",,SHIFTED TO OTHER STATE,9840666469,EX200S+,SP20-28652,2020,2020-01-02,2021-01-01,Out of Warranty,,4,6.4
126,,91242,V. G. GRANITES,MALKANGIRI,JEYPORE,9582771630,ZX370G,THEDD1L0C00000876,2020,2020-01-03,2021-01-02,Out of Warranty,,10,6.4
127,,73491,GANESWAR SUNDARAY,SAMBALPUR,SAMBALPUR,9438678127,ZX220 GI,THEDCRL0E00001955,2020,2020-01-06,2021-01-05,Out of Warranty,,7,6.4
128,,98668,RANA RAM,KALAHANDI,BHAWANIPATNA,8658553151,EX210S+,SP21-61196,2020,2020-01-16,2021-01-15,Out of Warranty,,5,6.4
129,,98595,MAA TARINI ASSOCIATES,SUNDARGARH,BALANGIR,9937134444,EX200S+,SP20-56746,2020,2020-01-19,2021-01-18,Out of Warranty,,7,6.4
130,,98513,CHIRANJIBI SAHU,JAJPUR,BARBIL,9937430200,EX210S+,SP21-61217,2020,2020-01-21,2021-01-20,Out of Warranty,,4,6.4
131,,98048,ANIL HOTA,SAMBALPUR,BALANGIR,7377301408,EX200S+,SP20-56976,2020,2020-01-21,2021-01-20,Out of Warranty,,4,6.4
132,,63115,JITENDRA PRASAD,SUNDARGARH,ROURKELA,7008535853,ZX140,THEDA0L0P00001153,2020,2020-01-22,2021-01-21,Out of Warranty,,4,6.4
133,,98405,UDAYANATH BAGHA,KORAPUT,JEYPORE,8249134766,EX70S+,SP07-18596,2020,2020-01-28,2021-01-27,Out of Warranty,,7,6.4
134,,97539,BHIKARI GOUDA,MALKANGIRI,JEYPORE,9439283353,EX130S+,SP13-14466,2020,2020-01-29,2021-01-28,Out of Warranty,,6,6.4
135,,56309,TARA TARINI CONSTRCUTION PVT. LTD.,KANDHAMAL,RAYAGADA,9439477300,ZX140,THEDA0L0J00001236,2020,2020-01-31,2021-01-30,Out of Warranty,,5,6.4
136,,56309,TARA TARINI CONSTRCUTION PVT. LTD.,KANDHAMAL,RAYAGADA,9439477300,ZX140,THEDA0L0C00001240,2020,2020-01-31,2021-01-30,Out of Warranty,,7,6.4
137,,93072,V.INDRANI (Prop. INDU EARTH MOVERS,Tiruvallur,JHARSUGUDA,,EX210S+,SP20-28652,2020,2020-02-03,2021-02-02,Out of Warranty,,4,6.4
138,,89288,KARTTIK SUNDARAY,SUNDARGARH,JHARSUGUDA,9437418819,ZX220 GI,THEDCRL0T00002008,2020,2020-02-06,2021-02-05,Out of Warranty,,6,6.3
139,,99123,SHIV SAI CONSTRUCTIONS,SUNDARGARH,SHIFTED TO OTHER STATE,9996165555,EX200S+,SP20-56996,2020,2020-02-08,2021-02-07,Out of Warranty,,1,6.3
140,,98938,PRABHUDATTA PANDA,KALAHANDI,BHAWANIPATNA,8018809329,ZX140,THEDA0L0C00001237,2020,2020-02-10,2021-02-09,Out of Warranty,,5,6.3
141,,98871,RAGHUVEER CONSTRUCTION CO.,BOUDH,BALANGIR,9413241506,ZX140,THEDA0L0A00001239,2020,2020-02-10,2021-02-09,Out of Warranty,,2,6.3
142,,98275,BHIMSEN MEHTA,JHARKHAND,SAMBALPUR,8340619028,EX210S+,SP21-46253,2020,2020-02-10,2021-02-09,Out of Warranty,,2,6.3
143,,92168,GUNJAN DRILLING ASSOCIATES PVT LTD,JHARSUGUDA,JHARSUGUDA,9437051506,EX210S+,SP21-45733,2020,2020-02-12,2021-02-11,Out of Warranty,,7,6.3
144,,99281,SUJIT KUMAR PANDA,KALAHANDI,BHAWANIPATNA,9437092372,EX70S+,SP07-18665,2020,2020-02-17,2021-02-16,Out of Warranty,,4,6.3
145,,99306,BIJAYA KUMAR PATTNAYAK,SUNDARGARH,ROURKELA,7008529626,EX70S+,SP07-18652,2020,2020-02-20,2021-02-19,Out of Warranty,,7,6.3
146,,99200,AMRES SAI CONSTRUCTION PVT. LTD.,RAYAGADA,RAYAGADA,8018517043,EX130S+,SP13-14492,2020,2020-02-20,2021-02-19,Out of Warranty,,6,6.3
147,,99341,UNICORN CONSTRUCTION,SAMBALPUR,SAMBALPUR,9437008633,EX200S+,SP20-56804,2020,2020-02-22,2021-02-21,Out of Warranty,,2,6.3
148,,99341,UNICORN CONSTRUCTION,SAMBALPUR,SAMBALPUR,9437008633,EX200S+,SP20-57003,2020,2020-02-22,2021-02-21,Out of Warranty,,1,6.3
149,,89493,TIRUPATI ENTERPRISES,JHARSUGUDA,JHARSUGUDA,9437051506,EX210S+,SP21-45734,2020,2020-02-24,2021-02-23,Out of Warranty,,8,6.3
150,,77476,PRAMOD KUMAR SWAIN,MALKANGIRI,JEYPORE,8280241094,ZX140,THEDA0L0C00001277,2020,2020-03-04,2021-03-04,Out of Warranty,,7,6.3
151,,90658,ASHISH KUMAR BARIK,DEOGARH,SAMBALPUR,9937008946,EX210S+,SP21-61214,2020,2020-03-05,2021-03-05,Out of Warranty,,2,6.3
152,,99339,JMC PROJECTS (INDIA) LTD.,KORAPUT,JEYPORE,8094444308,ZX33U,THEADBL0T00038899,2020,2020-03-11,2021-03-11,Out of Warranty,,6,6.3
153,,87243,RIKADA KANDA GORI,RAYAGADA,RAYAGADA,7985655501,EX200S+,SP20-56953,2020,2020-03-15,2021-03-15,Out of Warranty,,4,6.2
154,,91824,JAY MINING & INDUSTRIES,SUNDARGARH,ROURKELA,9437044254,ZX140,THEDA0L0T00001152,2020,2020-03-18,2021-03-18,Out of Warranty,,7,6.2
155,,85092,GANAPATHI ROCK DRILLS,HYDERABAD,JHARSUGUDA,,EX210S+,SP21-45954,2020,2020-03-18,2021-03-17,Out of Warranty,,7,6.2
156,,83641,SHIVAM CONDEV PVT. LTD,BOUDH,SHIFTED TO OTHER STATE,9556289713,EX130S+,SP13-14531,2020,2020-03-21,2021-03-21,Out of Warranty,,3,6.2
157,,83641,SHIVAM CONDEV PVT. LTD,KANDHAMAL,SHIFTED TO OTHER STATE,8280005373,EX130S+,SP13-14544,2020,2020-03-23,2021-03-22,Out of Warranty,,6,6.2
158,,88566,ADWIK ENTERPRISES,SAMBALPUR,SAMBALPUR,9583511111,EX210S+,SP21-61314,2020,2020-05-17,2021-05-16,Out of Warranty,,6,6.1
159,,99889,ANIMESH SARKAR,MALKANGIRI,JEYPORE,7853887060,EX70S+,SP07-18705,2020,2020-05-21,2021-05-20,Out of Warranty,,8,6.1
160,,99923,ALKA STONES (PROP.: DILIP KUMAR THAKER),RAYAGADA,RAYAGADA,,EX130S+,SP13-14556,2020,2020-06-06,2021-06-05,Out of Warranty,,9,6.0
161,,99749,SHREEMA TRADERS (PROP.: RAMESH CHANDRA DASH),NABARANGPUR,JEYPORE,,ZX140,THEDA0L0H00001289,2020,2020-06-07,2021-06-06,Out of Warranty,,5,6.0
162,,85750,BASUDEV SAHOO,DHENKANAL,BARBIL,,EX210S+,SP21-61362,2020,2020-06-08,2021-06-07,Out of Warranty,,3,6.0
163,,110229,JAGDISH CONSTRUCTION LIMITED,BARGARH,SAMBALPUR,8358823449,EX200S+,SP20-57019,2020,2020-06-27,2021-06-26,Out of Warranty,,7,6.0
164,,37831,RKD CONSTRUCTION PVT. LTD,SUNDARGARH,SHIFTED TO OTHER STATE,6370375276,EX70S+,SP07-18701,2020,2020-06-28,2021-06-27,Out of Warranty,,7,6.0
165,,110065,PRASANTA MOHARANA,KORAPUT,JEYPORE,9861633355,ZX140,THEDA0L0V00001286,2020,2020-06-28,2021-06-27,Out of Warranty,,6,6.0
166,,110229,JAGDISH CONSTRUCTION LIMITED,BARGARH,SAMBALPUR,8358823449,EX200S+,SP20-57050,2020,2020-07-02,2021-07-01,Out of Warranty,,6,5.9
167,,110497,SANTOSH KUMAR MISHRA,ANGUL,SAMBALPUR,9938594189,EX70S+,SP07-18715,2020,2020-07-04,2021-07-03,Out of Warranty,,7,5.9
168,,79732,HARESH KUMAR PATEL,BOLANGIR,BALANGIR,9437074691,EX200S+,SP20-57001,2020,2020-07-10,2021-07-09,Out of Warranty,,3,5.9
169,,110467,SYED MOHAMMAD GOUSUDDIN,KORAPUT,SHIFTED TO OTHER STATE,7702290344,ZX220 GIM,THEDC0L0L00001267,2020,2020-07-12,2021-07-11,Out of Warranty,,1,5.9
170,,110649,SHREYASH ENTERPRISES,SUNDARGARH,BALANGIR,9438418819,EX210S+,SP21-61369,2020,2020-07-31,2021-07-30,Out of Warranty,,6,5.9
171,,110489,SONALI STONE CRUSHER,NUAPADA,BALANGIR,9777436333,EX200S+,SP20-28914,2020,2020-08-07,2021-08-06,Out of Warranty,,8,5.8
172,,90658,ASHISH KU. BARIK (BHAWANI STONE CRUSHER),BOUDH,BARBIL,9937008946,EX210S+,SP21-61418,2020,2020-08-12,2021-08-11,Out of Warranty,,0,5.8
173,,76469,BAJWA INFRASTRUCTURE PVT. LTD.,SUNDARGARH,ROURKELA,9463997540,ZX220 GI,THEDCRL0J00002188,2020,2020-08-20,2021-08-19,Out of Warranty,,5,5.8
174,,110696,CHANDRIKA PATRA,NABARANGPUR,JEYPORE,9937062607,ZX140,THEDA0L0K00001297,2020,2020-08-22,2021-08-21,Out of Warranty,,4,5.8
175,,110729,P. JOGI RAJU,NABARANGPUR,JEYPORE,9938459346,ZX140,THEDA0L0L00001291,2020,2020-08-22,2021-08-21,Out of Warranty,,3,5.8
176,,97844,UNITED INFRACORE LTD.,JHARSUGUDA,JHARSUGUDA,7978794383,ZX220 GI,THEDCRL0V00002209,2020,2020-08-30,2021-08-29,Out of Warranty,,3,5.8
177,,111144,R.S. ENTERPRISES,SAMBALPUR,JHARSUGUDA,9338843000,ZX220 GI,THEDCRL0L00002214,2020,2020-09-02,2021-09-01,Out of Warranty,,5,5.8
178,,97706,AMEVA ASSOCIATES,MALKANGIRI,JEYPORE,6371746413,EX200S+,SP20-57063,2020,2020-09-09,2021-09-08,Out of Warranty,,6,5.8
179,,110508,SHREE SURYADEVIS CONSTRUCTIONS,SAMBALPUR,SAMBALPUR,9100583525,EX200S+,SP20-57012,2020,2020-09-11,2021-09-10,Out of Warranty,,3,5.7
180,,111424,ADANU MAJHI,KALAHANDI,BHAWANIPATNA,8093780474,EX200S+,SP20-57092,2020,2020-09-17,2021-09-16,Out of Warranty,,7,5.7
181,,81768,SUPER DIESELS,SUNDARGARH,ROURKELA,9937443774,EX210S+,SP21-61483,2020,2020-09-22,2021-09-21,Out of Warranty,,7,5.7
182,,111919,KUNDULA BALA SANTOSH KUMAR,SAMBALPUR,SAMBALPUR,6300690055,EX200S+,SP20-57267,2020,2020-10-18,2021-10-17,Out of Warranty,,4,5.6
183,,98600,KLP ENTERPRISES,TELENGANA,SHIFTED TO OTHER STATE,9443251732,EX210S+,SP21-46499,2020,2020-10-19,2021-10-18,Out of Warranty,,2,5.6
184,,70944,KANHA ENTERPRISES,JHARSUGUDA,JHARSUGUDA,9437061424,EX200S+,SP20-57137,2020,2020-10-25,2021-10-24,Out of Warranty,,5,5.6
185,,112178,MOHAN LAL PRADHAN,KALAHANDI,BHAWANIPATNA,9938895321,ZX140,THEDA0L0J00001379,2020,2020-10-26,2021-10-25,Out of Warranty,,4,5.6
186,,112640,TIRUPATI CONSTRUCTION,JHARSUGUDA,JHARSUGUDA,8328850015,EX200S+,SP20-57086,2020,2020-11-14,2021-11-13,Out of Warranty,,4,5.6
187,,112263,SUJIT BAIRAGI,NABARANGPUR,JEYPORE,9777248097,EX70S+,SP07-18674,2020,2020-11-19,2021-11-18,Out of Warranty,,3,5.6
188,,112734,ANIL ENTERPRISES,SUNDARGARH,ROURKELA,9437168294,EX200S+,SP20-57288,2020,2020-11-23,2021-11-22,Out of Warranty,,8,5.5
189,,112734,ANIL ENTERPRISES,SUNDARGARH,ROURKELA,9437168294,EX200S+,SP20-57299,2020,2020-11-25,2021-11-24,Out of Warranty,,8,5.5
190,,113547,TIRUMALA LOGISTICS,VISAKHAPATNAM,RAYAGADA,,EX200S+,SP20-57411,2021,2021-01-08,2022-01-07,Out of Warranty,,3,5.4
191,,78291,SONU SINGH,RAYAGADA,RAYAGADA,9337296320,EX130S+,SP13-14542,2020,2020-11-27,2021-11-26,Out of Warranty,,6,5.5
192,,96097,RELIABLE SPONGE PVT. LTD.,SUNDARGARH,ROURKELA,9437046599,EX200S+,SP20-57326,2020,2020-11-28,2021-11-27,Out of Warranty,,6,5.5
193,,112789,SUPER DIESELS,SUNDARGARH,ROURKELA,9938413473,EX130S+,SP13-14722,2020,2020-11-28,2021-11-27,Out of Warranty,,7,5.5
194,,27766,MAHANADI COALFIELDS LTD.,ANGUL,JHARSUGUDA,9561662649,ZX370G,THEDD1L0J00001041,2020,2020-11-29,2021-11-28,Out of Warranty,,10,5.5
195,233,82250,RUDRA MANI PODHA,SAMBALPUR,SAMBALPUR,9437257931,EX200S+,SP20-57321,2020,2020-11-30,2021-11-29,Out of Warranty,,4,5.5
196,,78075,DANTESHWARI MINERALS,SAMBALPUR,SHIFTED TO OTHER STATE,9937102550,EX200S+,SP20-57322,2020,2020-12-04,2021-12-03,Out of Warranty,,1,5.5
197,,112917,CHAMUNDI NATURAL STONES,MALKANGIRI,JEYPORE,9840336890,ZX220 GI,THEDCRL0C00002323,2020,2020-12-06,2021-12-05,Out of Warranty,,6,5.5
198,,98344,SURAJ PRODUCTS LIMITED,SUNDARGARH,ROURKELA,9437960011,EX200S+,SP20-57324,2020,2020-12-08,2021-12-07,Out of Warranty,,8,5.5
199,,113036,DYNAMIC ENGINEERING & TECHNOLOGY,SAMBALPUR,BALANGIR,8260768516,TL340H,THEWBHK0VL0000391,2020,2020-12-09,2021-12-08,Out of Warranty,,5,5.5
200,,99749,SHREEMA TRADERS (PROP.: RAMESH CHANDRA DASH),NABARANGPUR,JEYPORE,9437040398,ZX140,THEDA0L0K00001476,2020,2020-12-12,2021-12-11,Out of Warranty,,3,5.5
201,,112604,LOGISTICS HUB,ANGUL,SAMBALPUR,7752016758,TMX20S,S020-3224,2020,2020-12-14,2021-12-13,Out of Warranty,,1,5.5
202,,1124,SRI DURGA CONDEV (P) LTD.,SONEPUR,BALANGIR,9438389180,EX200S+,SP20-29016,2020,2020-12-17,2021-12-16,Out of Warranty,,6,5.5
203,,1124,SRI DURGA CONDEV (P) LTD.,SONEPUR,BALANGIR,9438389180,EX200S+,SP20-29187,2020,2020-12-19,2021-12-18,Out of Warranty,,5,5.5
204,,99639,VFPL-ASIPL JV COMPANY,JHARSUGUDA,JHARSUGUDA,7008555794,EX200S+,SP20-29189,2020,2020-12-21,2021-12-20,Out of Warranty,,4,5.5
205,,81331,HARISH CHANDRA HOTA,KORAPUT,JEYPORE,9437123410,EX70S+,SP07-18947,2020,2020-12-23,2021-12-22,Out of Warranty,,6,5.5
206,,1124,SRI DURGA CONDEV (P) LTD.,SONEPUR,BALANGIR,9438389180,EX200S+,SP20-57352,2020,2020-12-25,2021-12-24,Out of Warranty,,4,5.5
207,,84505,RAJLAXMI CONSTRUCTION LTD.,KORAPUT,BHAWANIPATNA,8118055014,ZX140,THEDA0L0T00001510,2020,2020-12-28,2021-12-27,Out of Warranty,,6,5.5
208,,86467,KRISHNA BUILDCON PVT. LTD.,JHARSUGUDA,SHIFTED TO OTHER STATE,9425250511,EX210S+,SP21-46555,2020,2020-12-10,2021-12-09,Out of Warranty,,1,5.5
209,,112775,SRI SAI DRILLING COMPANY,HYDERABAD,JHARSUGUDA,,EX210S+,SP21-46420,2020,2020-12-07,2021-12-06,Out of Warranty,,7,5.5
210,,99749,SHREEMA TRADERS (PROP.: RAMESH CHANDRA DASH),NABARANGPUR,ROURKELA,9437040398,ZX140,THEDA0L0K00001526,2021,2021-01-02,2022-01-01,Out of Warranty,,3,5.4
211,,96161,PARBATI TRADERS,KALAHANDI,BHAWANIPATNA,8249264488,EX210S+,SP21-61762,2021,2021-01-06,2022-01-05,Out of Warranty,,8,5.4
212,,96161,PARBATI TRADERS,KALAHANDI,BHAWANIPATNA,8249264488,EX210S+,SP21-61766,2021,2021-01-06,2022-01-05,Out of Warranty,,8,5.4
213,,22403,SUSANTA KUMAR BADHAI,DHENKANAL,SHIFTED TO OTHER STATE,7008352226,EX200S+,SP20-29181,2021,2021-01-10,2022-01-09,Out of Warranty,,3,5.4
214,,112402,PROJECTS & CONTRACTOR,JHARSUGUDA,JHARSUGUDA,9937893596,EX210S+,SP21-61629,2021,2021-01-13,2022-01-12,Out of Warranty,,2,5.4
215,,113550,JITENDRA KUMAR PARIDA,KEONJHAR,BARBIL,9861504010,EX210S+,SP21-61772,2021,2021-01-16,2022-01-15,Out of Warranty,,5,5.4
216,,73907,SUMEET & ASSOCIATES,SONEPUR,BALANGIR,9937817411,EX210S+,SP21-46628,2021,2021-01-25,2022-01-24,Out of Warranty,,6,5.4
217,,113503,SAGAR PANDA,JHARSUGUDA,JHARSUGUDA,9938167120,EX70S+,SP07-19029,2021,2021-01-25,2022-01-24,Out of Warranty,,6,5.4
218,,113870,SREEMA CONSTRUCTION,BARGARH,SAMBALPUR,7978262900,EX70S+,SP07-19047,2021,2021-02-03,2022-02-02,Out of Warranty,,4,5.4
219,,114344,RABINDRA MADKAMI,MALKANGIRI,JEYPORE,7735963509,EX200S+,SP20-29174,2021,2021-02-06,2022-02-05,Out of Warranty,,6,5.3
220,,94097,MBC STONE CRUSHER,BOUDH,BALANGIR,8895563200,TL340H,THEWBHK0LM0000427,2021,2021-02-24,2022-02-23,Out of Warranty,,3,5.3
221,,73842,HIMANSHU KUMAR PATEL,SONEPUR,BALANGIR,9777488621,EX210S+,SP21-46711,2021,2021-03-05,2022-03-04,Out of Warranty,,7,5.3
222,,94097,MBC STONE CRUSHER,BOUDH,BALANGIR,8895563200,EX200S+,SP20-57575,2021,2021-03-15,2022-03-14,Out of Warranty,,4,5.2
223,,25375,SANJIT KUMAR NAIK,SUNDARGARH,ROURKELA,9437041234,EX200S+,SP20-57375,2021,2021-03-20,2022-03-19,Out of Warranty,,4,5.2
224,,115295,MSA ENGINEERS & CONTRACTORS,SUNDARGARH,ROURKELA,9439429092,EX200S+,SP20-57576,2021,2021-03-20,2022-03-19,Out of Warranty,,6,5.2
225,,81331,HARISH CHANDRA HOTA,KORAPUT,JEYPORE,9437123410,EX70S+,SP07-19145,2021,2021-03-23,2022-03-22,Out of Warranty,,4,5.2
226,,87057,SUSANTA KUMAR HOTA,KORAPUT,JEYPORE,8637232421,EX70S+,SP07-19150,2021,2021-03-26,2022-03-25,Out of Warranty,,6,5.2
227,,114794,SRI SAI EARTH WORKS,KORAPUT,JEYPORE,9849470413,EX200S+,SP20-57609,2021,2021-03-26,2022-03-25,Out of Warranty,,4,5.2
228,,75204,SALEELO KUMAR SENAPATI,KANDHAMAL,RAYAGADA,8763036565,EX70S+,SP07-19170,2021,2021-03-27,2022-03-26,Out of Warranty,,7,5.2
229,,75204,SALEELO KUMAR SENAPATI,KANDHAMAL,RAYAGADA,8763036565,EX70S+,SP07-19171,2021,2021-03-27,2022-03-26,Out of Warranty,,7,5.2
230,,115173,R.P CONSTRUCTION,KORAPUT,SHIFTED TO OTHER STATE,9431071625,EX200S+,SP20-29377,2021,2021-03-27,2022-03-26,Out of Warranty,,6,5.2
231,,77369,LINGARAJ MAJHI,KALAHANDI,BHAWANIPATNA,,EX200S+,SP20-57736,2021,2021-05-23,2022-05-22,Out of Warranty,,7,5.1
232,,81149,SOMNATH PATRA,KORAPUT,JEYPORE,8895115554,ZX140,THEDA0L0T00001541,2021,2021-04-05,2022-04-04,Out of Warranty,,5,5.2
233,,81149,SOMNATH PATRA,KORAPUT,JEYPORE,8895115554,ZX140,THEDA0L0K00001588,2021,2021-04-05,2022-04-04,Out of Warranty,,5,5.2
234,,73907,SUMIT & ASSOCIATES,SAMBALPUR,SAMBALPUR,,EX70S+,SP07-19163,2021,2021-04-06,2022-04-05,Out of Warranty,,6,5.2
235,,114986,DEBARAJ PUJARI,NABARANGPUR,JEYPORE,7008899596,EX130S+,SP13-14811,2021,2021-04-07,2022-04-06,Out of Warranty,,5,5.2
236,,115801,JAGANNATH TRANSPORT,SUNDARGARH,ROURKELA,9437048653,EX210S+,SP21-46734,2021,2021-04-09,2022-04-08,Out of Warranty,,8,5.2
237,,115831,MANSUR TOMAR,SAMBALPUR,SAMBALPUR,9556307027,EX200S+,SP20-57570,2021,2021-04-16,2022-04-15,Out of Warranty,,6,5.2
238,,94539,RKSA BUILDCON PVT. LTD,KALAHANDI,SHIFTED TO OTHER STATE,9031177777,EX70S+,SP07-19242,2021,2021-04-21,2022-04-20,Out of Warranty,,2,5.1
239,,64708,BISAN SINGH,KORAPUT,JEYPORE,7008168016,EX130S+,SP13-14538,2021,2021-04-21,2022-04-20,Out of Warranty,,4,5.1
240,,112913,PRADEP SINGH,KALAHANDI,BHAWANIPATNA,9996211085,ZX220 GI,THEDC0L0L00001284,2021,2021-05-04,2022-05-03,Out of Warranty,,9,5.1
241,,115801,JAGANNATH TRANSPORT,SUNDARGARH,ROURKELA,9437048653,EX210S+,SP21-46790,2021,2021-05-10,2022-05-09,Out of Warranty,,10,5.1
242,,115229,CR BUILDERS,DEOGARH,JHARSUGUDA,9437055631,EX70S+,SP07-19205,2021,2021-05-26,2022-05-25,Out of Warranty,,5,5.0
243,,92615,KALYANI PATEL,CHHATTISGARH,JHARSUGUDA,9575234012,EX210S+,SP21-62046,2021,2021-06-06,2022-06-05,Out of Warranty,,4,5.0
244,,99889,ANIMESH SARKAR,MALKANGIRI,JEYPORE,7853887060,EX130S+,SP13-14884,2021,2021-06-07,2022-06-06,Out of Warranty,,7,5.0
245,,27712,CENTRAL INDIA ASSOCIATES,SUNDARGARH,ROURKELA,9425565272,EX210S+,SP21-62089,2021,2021-06-09,2022-06-08,Out of Warranty,,8,5.0
246,,399822,CHENNAI RADHA ENGINEERING,KALAHANDI,BHAWANIPATNA,7077711420,EX200S+,SP20-29372,2021,2021-06-23,2022-06-22,Out of Warranty,,8,5.0
247,,116251,GANGA RAJ GOPALACHETTY,RAYAGADA,RAYAGADA,8018012759,EX200S+,SP20-57574,2021,2021-07-05,2022-07-04,Out of Warranty,,4,4.9
248,,116411,MANAS RANJAN BANUA,KALAHANDI,BHAWANIPATNA,8249063353,ZX140H,THEDA0L0L00001808,2021,2021-07-12,2022-07-11,Out of Warranty,,8,4.9
249,,116659,PRAKASH KUMAR NAHAK,KORAPUT,JEYPORE,7008278760,EX70S+,SP07-19204,2021,2021-07-09,2022-07-08,Out of Warranty,,7,4.9
250,,116617,BINORI LOGISTICS,SUNDARGARH,KEONJHAR,9437455837,EX130S+,SP13-14875,2021,2021-07-13,2022-07-12,Out of Warranty,,9,4.9
251,,121094,SUJIT KUMAR,KEONJHAR,SHIFTED TO OTHER STATE,9973067895,EX210S+,SP21-61978,2021,2021-07-17,2022-07-16,Out of Warranty,,4,4.9
252,,88168,VENKATESWAR ASSOCIATES,SALEM,JHARSUGUDA,9842256669,EX210S+,SP21-47056,2021,2021-07-27,2022-07-26,Out of Warranty,,6,4.9
253,,116675,PD INFRASTRUCTURE,KORAPUT,JEYPORE,7670334540,EX130S+,SP13-14927,2021,2021-07-21,2022-07-20,Out of Warranty,,5,4.9
254,,116625,TRINATH SASU,KORAPUT,RAYAGADA,7327891411,EX70S+,SP07-19228,2021,2021-07-16,2022-07-15,Out of Warranty,,6,4.9
255,,73491,GANESWAER SUNDARAY,SAMBALUR,ROURKELA,955868127,EX210S+,SP21-46808,2021,2021-07-26,2022-07-25,Out of Warranty,,5,4.9
256,,115801,JAGANNATH TRANSPORT,SUNDARGARH,ROURKELA,9437048653,EX210S+,SP21-62059,2021,2021-07-26,2022-07-25,Out of Warranty,,8,4.9
257,,88220,SANTANU KUMAR PADHI,JHARSUGUDA,JHARSUGUDA,8328877079,EX210S+,SP21-62068,2021,2021-07-30,2022-07-29,Out of Warranty,,4,4.9
258,,121713,M/s. BRIJESH AGRAWAL,ANGUL,JEYPORE,9755096371,ZX220 GI,THEDC0L0J00001506,2021,2021-08-04,2022-08-03,Out of Warranty,,10,4.9
259,,4529,ANSHIKA EARTH MOVERS,JHARSUGUDA,JHARSUGUDA,9893807753,EX210S+,SP21-46737,2021,2021-08-08,2022-08-07,Out of Warranty,,1,4.8
260,,116657,MURALI RANA,KALAHANDI,BHAWANIPATNA,6372363798,EX130S+,SP13-14898,2021,2021-08-20,2022-08-19,Out of Warranty,,6,4.8
261,,115801,JAGANNATH TRANSPORT,SUNDARGARH,ROURKELA,9437048653,EX210S+,SP21-62066,2021,2021-08-28,2022-08-27,Out of Warranty,,10,4.8
262,,114794,M/S.SRI SAI EARTH WORKS,KORAPUT,JEYPORE,9849470413,EX200S+,SP20-57857,2021,2021-08-30,2022-08-29,Out of Warranty,,3,4.8
263,,122750,GURU HANJARIA,Koraput,JEYPORE,9937663933,EX200S+,SP20-57746,2021,2021-08-30,2022-08-29,Out of Warranty,,6,4.8
264,,115801,JAGANNATH TRANSPORT,SUNDARGARH,ROURKELA,9437048653,EX210S+,SP21-62139,2021,2021-08-30,2022-08-29,Out of Warranty,,10,4.8
265,,115801,JAGANNATH TRANSPORT,SUNDARGARH,ROURKELA,9437048653,EX210S+,SP21-62125,2021,2021-08-31,2022-08-30,Out of Warranty,,9,4.8
266,,124752,AKSH KUMAR AGRAWAL,BOLANGIR,BALANGIR,9437639880,EX200S+,SP20-57797,2021,2021-09-07,2022-09-06,Out of Warranty,,5,4.8
267,,124972,OM TRANSPORT,SUNDARGARH,ROURKELA,9437047608,EX210S+,SP21-62129,2021,2021-09-17,2022-09-16,Out of Warranty,,6,4.7
268,,122444,SIBA SANKAR SWAIN,BARGARH,SAMBALPUR,8249077699,EX70S+,SP07-19224,2021,2021-09-20,2022-09-19,Out of Warranty,,7,4.7
269,,98469,MANAS RANJAN SAHOO,KEONJHAR,SHIFTED TO OTHER STATE,6370932727,ZX370G,THEDD1L0K00001295,2021,2021-09-25,2022-09-24,Out of Warranty,,4,4.7
270,,125808,BLUE EDGE TRADE VENTURE PVT. LTD.,KEONJHAR,BARBIL,7978378930,TL340H PRM,THEWBJK0KM0000010,2021,2021-09-27,2022-09-26,Out of Warranty,,7,4.7
271,,126986,SHREE BALAJI ENGINCONS LIMITED,SUNDARGARH,JHARSUGUDA,9078002040,EX200S+,SP20-57811,2021,2021-10-13,2022-10-12,Out of Warranty,,10,4.7
272,,124739,GURU PRASAD PODHA,KALAHANDI,BHAWANIPATNA,6370720530,EX130S+,SP13-14963,2021,2021-10-13,2022-10-12,Out of Warranty,,6,4.7
273,,126986,SHREE BALAJI ENGINCONS LIMITED,SUNDARGARH,JHARSUGUDA,9078002040,EX200S+,SP20-57836,2021,2021-10-14,2022-10-13,Out of Warranty,,10,4.7
274,,116039,PH ENTERPRISES,KEONJHAR,BARBIL,9933378945,ZX140,THEDA0L0C00001795,2021,2021-10-19,2022-10-18,Out of Warranty,,8,4.6
275,,126529,MILLENNIUM INFRA AND REALTY PROJECTS PVT. LTD.,SUNDARGARH,SHIFTED TO OTHER STATE,9000928345,EX200S+,SP20-29715,2021,2021-10-21,2022-10-20,Out of Warranty,,4,4.6
276,,126986,SHREE BALAJI ENGINCONS LIMITED,SUNDARGARH,JHARSUGUDA,9078002040,EX200S+,SP20-57847,2021,2021-11-01,2022-10-31,Out of Warranty,,10,4.6
277,,126986,SHREE BALAJI ENGINCONS LIMITED,SUNDARGARH,JHARSUGUDA,9078002040,EX200S+,SP20-57837,2021,2021-11-01,2022-10-31,Out of Warranty,,10,4.6
278,,127384,MEGA CONSTRUCTION,KORAPUT,JEYPORE,6371857774,EX130S+,SP13-14969,2021,2021-11-04,2022-11-03,Out of Warranty,,5,4.6
279,,128163,BISAN SINGH,KORAPUT,JEYPORE,7008168016,EX70S+,SP07-19315,2021,2021-11-04,2022-11-03,Out of Warranty,,4,4.6
280,,96714,UTTAM KUMAR NAYAK,SUNDARGARH,ROURKELA,9937055525,EX210S+,SP21-62123,2021,2021-11-06,2022-11-05,Out of Warranty,,8,4.6
281,,119829,S.R. CONSTRUCTION,KEONJHAR,BARBIL,8639777758,ZX220 GI,THEDC0L0V00001590,2021,2021-11-06,2022-11-05,Out of Warranty,,10,4.6
282,,127897,RAJINDRA ROHIDAS,JHARSUGUDA,JHARSUGUDA,8328877079,EX210S+,SP21-62156,2021,2021-11-08,2022-11-07,Out of Warranty,,5,4.6
283,,127767,GANESH SAHU,KALAHANDI,BHAWANIPATNA,9178299582,EX200S+,SP20-57841,2021,2021-11-08,2022-11-07,Out of Warranty,,9,4.6
284,,98595,MAA TARINI ASSOCIATES,BALANGIR,BALANGIR,7008331449,EX200S+,SP20-57856,2021,2021-11-10,2022-11-09,Out of Warranty,,8,4.6
285,,127820,LABENDRA NANDA,BALANGIR,BALANGIR,9438067791,EX210S+,SP21-62122,2021,2021-11-15,2022-11-14,Out of Warranty,,5,4.6
286,,116829,SHIVAM CONDEV PVT. LTD.,KEONJHAR,SHIFTED TO OTHER STATE,9606983829,ZX370G,THEDD1L0A00001335,2021,2021-11-15,2022-11-14,Out of Warranty,,8,4.6
287,,116829,SHIVAM CONDEV PVT. LTD.,KORAPUT,SHIFTED TO OTHER STATE,9606983829,ZX370G,THEDD1L0H00001337,2021,2021-11-23,2022-11-22,Out of Warranty,,2,4.6
288,,25453,MURARILAL AGRAWAL,KALAHANDI,BHAWANIPATNA,9938770403,EX130S+,SP13-14987,2021,2021-11-24,2022-11-23,Out of Warranty,,5,4.5
289,,54510,MAHESH INFRASTRUCTURE PVT. LTD.,KEONJHAR,BARBIL,9438127195,EX210S+,SP21-62188,2021,2021-11-24,2022-11-23,Out of Warranty,,6,4.5
290,,89461,ROYAL CONTRACTOR & SUPPLIER,BOLANGIR,SHIFTED TO OTHER STATE,9677967222,EX200S+,SP20-58028,2021,2021-12-03,2022-12-02,Out of Warranty,,4,4.5
291,,95001,JAYSHREE ENTERPRISES,SAMBALPUR,SAMBALPUR,9937045555,EX200S+,SP20-57872,2021,2021-12-06,2022-12-05,Out of Warranty,,5,4.5
292,,56309,TARA TARINI CONSTRCUTION PVT. LTD.,KORAPUT,JEYPORE,9939477300,ZX220 GI,THEDCRL0H00002795,2021,2021-12-06,2022-12-05,Out of Warranty,,10,4.5
293,,92615,KALYANI PATEL,JHARSUGUDA,JHARSUGUDA,9575234012,EX210S+,SP21-62385,2021,2021-12-06,2022-12-05,Out of Warranty,,3,4.5
294,,129280,CLASSIC CONSTRUCTION,KEONJHAR,BARBIL,9437950220,EX130S+,SP13-14992,2021,2021-12-08,2022-12-07,Out of Warranty,,6,4.5
295,,129294,MANTINI PRAKASH RAO,RAYAGADA,RAYAGADA,8917576790,EX130S+,SP13-14993,2021,2021-12-09,2022-12-08,Out of Warranty,,4,4.5
296,,27692,BHUSHAN POWER AND STEEL LTD,SAMBALPUR,JHARSUGUDA,9437118902,ZX23U,THEACDL0E00000133,2021,2021-12-13,2022-12-12,Out of Warranty,,6,4.5
297,,129722,SUNDARAY CONSTRUCTION,SUNDARGARH,JHARSUGUDA,9114333333,ZX220 GI,THEDCRL0J00002837,2021,2021-12-18,2022-12-17,Out of Warranty,,10,4.5
298,,128938,KRISHAV LOGISTICS PVT. LTD.,SAMBALPUR,JHARSUGUDA,7381635420,EX210S+,SP21-62202,2021,2021-12-20,2022-12-19,Out of Warranty,,10,4.5
299,,54280,ANIL KUMAR MISHRA,SUNDARGARH,ROURKELA,9437347634,EX200S+,SP20-57860,2021,2021-12-26,2022-12-25,Out of Warranty,,5,4.5
300,,114738,MAA SAMALESWARI SPUN PIPES,SAMBALPUR,JHARSUGUDA,,TL340H,THEWBHK0TM0000434,2021,2021-03-16,2022-03-15,Out of Warranty,,4,5.2
301,,111082,MHS DRILLING & MINING SOLUTION,KEONJHAR,BARBIL,9669429999,EX200S+,SP21-45836,2020,2020-12-01,2021-11-30,Out of Warranty,,6,5.5
302,,116529,LAVANYABATI MINERALS PVT. LTD.,SUNDARGARH,BARBIL,9437007031,EX210S+,SP21-62062,2021,2021-06-25,2022-06-24,Out of Warranty,,7,5.0
303,,96369,RAZAK ALI KHAN,SUNDARGARH,BARBIL,9437413853,TL340H,THEWBHK0PM0000452,2021,2021-06-05,2022-06-04,Out of Warranty,,7,5.0
304,,67928,MONALISA ENGICON,SAMBALPUR,SAMBALPUR,9439537095,EX70S+,SP07-19155,2021,2021-04-06,2022-04-05,Out of Warranty,,7,5.2
305,,124790,JAGADAMBA SINGH,KEONJHAR,BARBIL,9178744867,ZX370G,THEDD1L0H00001290,2021,2021-12-18,2022-12-17,Out of Warranty,,8,4.5
306,,116284,SANGRAMJIT NATH,BOUDH,SHIFTED TO OTHER STATE,8249327296,EX215S+,SP21-47230,2021,2021-12-30,2022-12-29,Out of Warranty,,3,4.4
307,,130728,NIRANJAN PRADHAN,KEONJHAR,BARBIL,9437232976,EX215S+,SP21-47206,2022,2022-01-03,2023-01-02,Out of Warranty,,10,4.4
308,,125980,SAHADEV MANDAL,MALKANGIRI,JEYPORE,9861448602,EX130S+,SP13-14968,2022,2022-01-04,2023-01-03,Out of Warranty,,9,4.4
309,,112576,M.K. CHOUDHARY CONST,SIKAR,SAMBALPUR,,ZX220 GI,THEDCRL0J00002322,2020,2020-12-21,2021-12-20,Out of Warranty,,1,5.5
310,,115173,R.P. CONST & COMPANY,SIKAR,SHIFTED TO OTHER STATE,,EX200S+,SP20-29377,2021,2021-03-27,2022-03-26,Out of Warranty,,4,5.2
311,,99587,MUTYALAMMATALLI NIRMANS CONSTRUCTION,VISHAKHAPATNAM,JEYPORE,9949278223,EX200S+,SP20-28721,2020,2020-02-27,2021-02-25,Out of Warranty,,2,6.3
312,,99587,MUTYALAMMATALLI NIRMANS CONSTRUCTION,VISHAKHAPATNAM,JEYPORE,9949278223,EX200S+,SP20-28951,2020,2020-10-07,2021-10-06,Out of Warranty,,2,5.7
314,,113531,UTTAM KUMAR OJHA,RANGAREDDI,JEYPORE,,ZX140,THEDA0L0L00001422,2021,2021-01-23,2022-01-22,Out of Warranty,,5,5.4
315,,111315,MAITOMA DEVELOPERS,PURULIA,SHIFTED TO OTHER STATE,,EX210S+,SP21-46007,2020,2020-09-23,2021-09-22,Out of Warranty,,6,5.7
316,,13969,Somanath Panda,CUTTACK,SHIFTED TO OTHER STATE,9437023552,EX210S+,SP20-57880,2021,2021-08-28,2022-08-27,Out of Warranty,,2,4.8
318,,88168,VENKATESWAR ASSOCIATES,SONBHADRA,JHARSUGUDA,9842256669,EX210S+,SP21-47092,2021,2021-11-12,2022-11-11,Out of Warranty,,6,4.6
319,,88168,VENKATESWARA ASSOCIATES,SONBHADRA,JHARSUGUDA,7708814296,EX210S+,SP21-47157,2021,2021-10-14,2022-10-13,Out of Warranty,,11,4.7
320,,27712,CENTRAL INDIA ASSOCIATES,SUNDARGARH,ROURKELA,9425565272,EX210S+,SP21-62412,2022,2022-01-12,2023-01-11,Out of Warranty,,7,4.4
321,,56309,TARA TARINI CONSTRCUTION PVT. LTD.,KORAPUT,JEYPORE,9939477300,EX70S+,SP07-19501,2022,2022-01-21,2023-01-20,Out of Warranty,,6,4.4
322,,71668,RAJKUMAR TILAK NAIK,KORAPUT,SHIFTED TO OTHER STATE,9421491932,EX210S+,SP21-62393,2022,2022-01-21,2023-01-20,Out of Warranty,,6,4.4
323,,131823,SONU CONTRACTOR & SUPPLIERS,BALANGIR,BALANGIR,9777492109,EX200S+,SP20-58104,2022,2022-01-24,2023-01-23,Out of Warranty,,8,4.4
324,,132216,RAJRAJESWARI INFRAPROJECTS PVT LTD,KALAHANDI,BHAWANIPATNA,8917281171,EX70S+,SP07-19491,2022,2022-01-24,2023-01-23,Out of Warranty,,6,4.4
325,,131797,PRA INDIA PVT.LTD.,NUAPADA,JEYPORE,8224007709,ZX220 GIM,THEDC0L0K00001617,2022,2022-01-25,2023-01-24,Out of Warranty,,6,4.4
326,,131797,PRA INDIA PVT.LTD.,NUAPADA,JEYPORE,8224007709,ZX220 GIM,THEDC0L0C00001614,2022,2022-01-25,2023-01-24,Out of Warranty,,6,4.4
327,,131704,RAMRKH RAM,NABARANGPUR,GUNUPUR,9893784417,EX210S+,SP21-62437,2022,2022-01-25,2023-01-24,Out of Warranty,,5,4.4
328,,130375,PRITAM KUMAR,DEOGARH,SHIFTED TO OTHER STATE,9470561611,EX215S+,SP22-80212,2022,2022-01-27,2023-01-26,Out of Warranty,,0,4.4
329,,64802,GOUTTAM MONDAL,MALKANGIRI,JEYPORE,9861322028,ZX140,THEDA0L0V00001806,2022,2022-01-29,2023-01-28,Out of Warranty,,8,4.4
330,,110903,Manas Ranjan Samal,JAJPUR,BHUBANESWAR,,EX210S+,SP21-61436,2020,2020-08-05,2021-08-04,Out of Warranty,,2,5.9
331,,63289,NEELKANTHA RAO GANDHI,MALKANGIRI,JEYPORE,9937511144,ZX220 GI,THEDCRL0E00002944,2022,2022-02-06,2023-02-05,Out of Warranty,,11,4.3
332,,56309,TARA TARINI CONSTRCUTION PVT. LTD.,KORAPUT,JEYPORE,8895115554,ZX140,THEDA0L0H00001776,2021,2021-05-11,2022-05-10,Out of Warranty,,6,5.1
333,,84157,Madhusudan Bisoi,KORAPUT,RAYAGADA,,ZX140,THEDA0L0T00001653,2021,2021-03-27,2022-03-26,Out of Warranty,,5,5.2
334,,93487,MRI INFRASTRUCTURE,DELHI,,7464933024,EX210S+,SP21-60419,2019,2019-02-17,2020-02-16,Out of Warranty,,0,7.3
335,,98302,M/S. BALIHARA CONSTRUCTION COMPANY,BIKANER,JHARSUGUDA,,EX210S+,SP21-61006,2019,2019-12-23,2020-12-21,Out of Warranty,,3,6.5
336,,77298,CHOUDHARY BROTHERS,KORAPUT,SHIFTED TO OTHER STATE,6350406621,ZX370G,THEDD1L0L00001420,2022,2022-02-05,2023-02-04,Out of Warranty,,3,4.3
337,,130330,AMRENDRA CHAKRA,KEONJHAR,BARBIL,7853961231,TL340H PRM,THEWBJK0CM0000052,2022,2022-02-05,2023-02-04,Out of Warranty,,6,4.3
338,,112681,SAMARPIT ASSOCIATES,KEONJHAR,BARBIL,8249398521,TL340H PRM,THEWBJK0EM0000048,2022,2022-02-05,2023-02-04,Out of Warranty,,7,4.3
339,,113922,SRI HARSH EARTHMOVERS & SUPPLIERS,ANDHRAPRADESH,SAMBALPUR,9652605847,EX200S+,SP20-57364,2021,2021-01-18,2022-01-17,Out of Warranty,,5,5.4
340,,111315,MAITOMA DEVELOPERS,West Bengal,BARBIL,8101059076,EX210S+,SP21-62153,2021,2021-11-01,2022-10-31,Out of Warranty,,7,4.6
341,,133135,P PRABEEN RAO,NABARANGPUR,JEYPORE,6371001690,ZX140,THEDA0L0K00001882,2022,2022-02-10,2023-02-09,Out of Warranty,,8,4.3
342,,130948,AMITAV MOHANTY,BALANGIR,BALANGIR,7008516767,EX210S+,SP21-47207,2022,2022-02-10,2023-02-09,Out of Warranty,,4,4.3
343,,132216,RAJRAJESHWARI INFRAPROJECTS PVT. LTD.,KALAHANDI,BHAWANIPATNA,8917281171,EX130S+,SP13-15151,2022,2022-02-13,2023-02-12,Out of Warranty,,8,4.3
344,,75204,SOLEELO KUMAR SENAPATI,KANDHAMAL,RAYAGADA,8763036565,EX130S+,SP13-15162,2022,2022-02-16,2023-02-15,Out of Warranty,,8,4.3
345,,133711,KISHORE CHANDRA SIBALA,RAYAGADA,RAYAGADA,9692248793,EX70S+,SP07-19546,2022,2022-02-17,2023-02-16,Out of Warranty,,8,4.3
346,,132421,DAS ENGINEERING,DEBGARH,JHARSUGUDA,9340403300,EX210S+,SP21-62530,2022,2022-02-17,2023-02-16,Out of Warranty,,10,4.3
347,,133707,KIRAN KUMAR GAUDA,MALKANGIRI,JEYPORE,9437912555,ZX140,THEDA0L0K00002014,2022,2022-02-21,2023-02-20,Out of Warranty,,8,4.3
348,,132988,B. RAMANAIAH CONSTRUCTION,GUNUPUR,RAYAGADA,9866315936,EX200S+,SP20-57865,2022,2022-02-21,2023-02-20,Out of Warranty,,9,4.3
349,,46109,KESHAB SAHUKAR,RAYAGADA,BALANGIR,7008763279,EX130S+,SP13-15157,2022,2022-02-22,2023-02-21,Out of Warranty,,7,4.3
350,,132909,AMIR KUMAR MACHA,KORAPUT,JEYPORE,9078683571,ZX140,THEDA0L0J00002080,2022,2022-02-28,2023-02-27,Out of Warranty,,8,4.3
351,,134261,SAMBHU PRASAD GUPTA,NUAPADA,BALANGIR,9777224917,ZX140,THEDA0L0E00002119,2022,2022-02-28,2023-02-27,Out of Warranty,,8,4.3
352,,132216,RAJRAJESHWARI INFRAPROJECTS PVT. LTD.,BALANGIR,BALANGIR,8917281171,ZX140,THEDA0L0L00001811,2022,2022-03-01,2023-02-28,Out of Warranty,,8,4.3
353,,134612,DEBA ENTERPRISES,SUNDARGARH,ROURKELA,7008852673,EX200S+,SP20-57884,2022,2022-03-02,2023-03-01,Out of Warranty,,10,4.3
354,,11293,SARADA ENTERPRISES,SUNDARGARH,ROURKELA,7894418651,EX215S+,SP21-62541,2022,2022-03-02,2023-03-01,Out of Warranty,,8,4.3
355,,113868,KUMAR DEBADATTA,NAYAGARH,BHAWANIPATNA,,EX130S+,SP13-14765,2021,2021-01-15,2022-01-14,Out of Warranty,,4,5.4
356,,79732,HARESH KUMAR PATEL,BALANGIR,BALANGIR,9437074691,TL340H,THEWBHK0CM0000450,2021,2021-04-13,2022-04-12,Out of Warranty,,6,5.2
357,,27692,BHUSHAN POWER AND STEEL LTD,SAMBALPUR,JHARSUGUDA,9437118902,EX215S+,SP22-80249,2022,2022-03-05,2023-03-04,Out of Warranty,,11,4.3
358,,112788,BALAJI CONSTRUCTION COMPANY,SIKAR,SAMBALPUR,,EX210S+,SP21-61645,2020,2020-11-26,2021-11-25,Out of Warranty,,3,5.5
359,,115086,JADHAV DEEPIKA NAIK,ADILABAD,SHIFTED TO OTHER STATE,9502174566,EX210S+,SP21-46571,2021,2021-03-13,2022-03-12,Out of Warranty,,7,5.2
360,,128780,AMBIKA CONSTRUCTION COMPANY,JAMMU,JHARSUGUDA,9530343333,EX210S+,SP21-62293,2021,2021-12-14,2022-12-13,Out of Warranty,,5,4.5
361,,128780,AMBIKA CONSTRUCTION COMPANY,JAMMU,JHARSUGUDA,9530343333,EX210S+,SP21-62207,2021,2021-12-02,2022-12-01,Out of Warranty,,5,4.5
362,,116829,TATA HITACHI CONSTRUCTION MACHINERY PVT LTD,BANGALORE,JEYPORE,,ZX370G,THEDD1L0A00001268,2021,2021-08-08,2022-08-07,Out of Warranty,,3,4.8
363,,130211,SHREE JAGANNATH STONE WORKS,NUAPADA,BALANGIR,8917210601,EX200S+,SP20-57915,2022,2022-03-05,2023-03-04,Out of Warranty,,7,4.3
364,,134626,SWAROOPA RAM,KALAHANDI,JEYPORE,8917256692,ZX220 GI,THEDCRL0C00002998,2022,2022-03-08,2023-03-07,Out of Warranty,,10,4.3
365,,112894,ATC BUILDING MATERIALS SUPPLIER,KORAPUT,SHIFTED TO OTHER STATE,9991665602,ZX220 GIM,THEDC0L0H00001626,2022,2022-03-11,2023-03-10,Out of Warranty,,5,4.3
366,,54435,SANJAY KUMAR MISHRA,KANDHAMAL,RAYAGADA,9438007119,EX70S+,SP07-19542,2022,2022-03-14,2023-03-13,Out of Warranty,,8,4.2
367,,22354,RKD CONSTRUCTION,SUNDARGARH,SHIFTED TO OTHER STATE,8847870958,ZX220 GI,THEDC0L0L00001642,2022,2022-03-14,2023-03-13,Out of Warranty,,6,4.2
368,,22354,RKD CONSTRUCTION,SUNDARGARH,SHIFTED TO OTHER STATE,8847870958,ZX220 GI,THEDC0L0K00001648,2022,2022-03-14,2023-03-13,Out of Warranty,,2,4.2
369,,22354,RKD CONSTRUCTION,SUNDARGARH,SHIFTED TO OTHER STATE,8847870958,ZX220 GI,THEDC0L0V00001623,2022,2022-03-14,2023-03-13,Out of Warranty,,2,4.2
370,,132532,SUDHANSHU SHEKHAR BISOYI,NABARANGPUR,JEYPORE,9937839335,EX70S+,SP07-19456,2022,2022-02-15,2023-02-14,Out of Warranty,,7,4.3
371,,97658,PRAVIN SHANTARAM PATIL,PUNE,ROURKELA,9552565256,EX200S+,SP20-56719,2020,2020-01-06,2021-01-04,Out of Warranty,,2,6.4
372,,97658,PRAVIN SHANTARAM PATIL,PUNE,ROURKELA,9552565256,EX200S+,SP20-56959,2020,2020-03-12,2021-03-11,Out of Warranty,,0,6.3
373,,90095,Tarun Kumar Choudhary Jee Enterprises,,SHIFTED TO OTHER STATE,7004802363,EX215S+,SP22-80257,2022,2022-03-03,2023-03-02,Out of Warranty,,1,4.3
374,,135279,LENKA SURESH,RAYAGADA,RAYAGADA,7848926527,EX200S+,SP20-57954,2022,2022-03-21,2023-03-20,Out of Warranty,,6,4.2
375,,134352,BASUDEV RAO,MALKANGIRI,JEYPORE,7848926527,ZX140,THEDA0L0L00002120,2022,2022-03-22,2023-03-21,Out of Warranty,,8,4.2
376,,54435,SANJAY KUMAR MISHRA,RAYAGADA,RAYAGADA,9438007119,EX70S+,SP07-19465,2022,2022-03-23,2023-03-22,Out of Warranty,,8,4.2
377,,115801,JAGANNATH TRANSPORT,SUNDARGARH,ROURKELA,9437048653,EX210S+,SP21-62586,2022,2022-04-02,2023-04-01,Out of Warranty,,8,4.2
378,,135679,SANTOSH KUMAR MEHER,NUAPADA,BALANGIR,9777075995,EX210S+,SP21-62588,2022,2022-04-05,2023-04-04,Out of Warranty,,3,4.2
379,,115801,JAGANNATH TRANSPORT,SUNDARGARH,ROURKELA,9437048653,EX210S+,SP21-62575,2022,2022-04-07,2023-04-06,Out of Warranty,,10,4.2
380,,136970,Annapurna Suppliers,BOLANGIR,BALANGIR,9861185411,EX210S+,SP21-62476,2022,2022-04-08,2023-04-07,Out of Warranty,,8,4.2
381,,135906,MANOJ KUMAR SINGH,NABARANGPUR,JEYPORE,7972557726,ZX220 GIM,THEDC0L0A00001672,2022,2022-04-14,2023-04-13,Out of Warranty,,10,4.2
382,,126986,SHREE BALAJI ENGINCONS LIMITED,SAMBALPUR,SHIFTED TO OTHER STATE,993798219,EX200S+,SP20-58051,2022,2022-04-16,2023-04-15,Out of Warranty,,8,4.2
383,,135265,PRACHI ROADWAYS,SUNDARGARH,ROURKELA,7008536347/9437084038,EX210S+,SP21-62518,2022,2022-04-16,2023-04-15,Out of Warranty,,7,4.2
384,,115295,MSA ENGINEERS & CONTRACTORS CO,SUNDARGARH,ROURKELA,943929092/7008275002,EX210S+,SP21-62577,2022,2022-04-16,2023-04-15,Out of Warranty,,8,4.2
385,,115801,JAGANNATH TRANSPORT,SUNDARGARH,ROURKELA,9437048653,EX210S+,SP21-62571,2022,2022-04-13,2023-04-12,Out of Warranty,,10,4.2
386,,1124,SRI DURGA CONDEV (P) LTD.,CUTTACK,BALANGIR,0671-682632,EX200S+,SP20-56927,2020,2020-02-18,2021-02-16,Out of Warranty,,3,6.3
387,,113503,SAGAR PANDA,JHARSUGUDA,JHARSUGUDA,9938167120,EX200S+,SP20-57963,2022,2022-04-20,2023-04-19,Out of Warranty,,5,4.1
388,,115801,JAGANNATH TRANSPORT,SUNDARGARH,ROURKELA,9437048653,EX210S+,SP21-47516,2022,2022-04-22,2023-04-21,Out of Warranty,,7,4.1
389,,131020,PARWAT SINGH,JODHPUR,BALANGIR,9664171941,EX210S+,SP21-62444,2022,2022-01-05,2023-01-04,Out of Warranty,,6,4.4
390,,115256,Ashutosh Mohanty,BOLANGIR,BALANGIR,8249317667,EX210S+,SP21-46715,2021,2021-03-15,2022-03-14,Out of Warranty,,2,5.2
391,,77298,CHOUDHARY BROTHERS Prop:GHAMANDA RAM,KORAPUT,SHIFTED TO OTHER STATE,6350406621,ZX370G,THEDD1L0A00001450,2022,2022-04-19,2023-04-18,Out of Warranty,,3,4.1
392,,87280,ARYA CONSTRUCTION,SAMBALPUR,SHIFTED TO OTHER STATE,9437006833,EX200S+,SP20-57968,2022,2022-04-29,2023-04-28,Out of Warranty,,4,4.1
393,,71668,RAJKUMAR TILAK NAIK,KORAPUT,SHIFTED TO OTHER STATE,9552272755,EX210S+,SP21-47511,2022,2022-05-02,2023-05-01,Out of Warranty,,5,4.1
394,,138005,LALLAN CHOURASIYA,SAMBALPUR,JHARSUGUDA,9556162761,EX200S+,SP20-57959,2022,2022-05-04,2023-05-03,Out of Warranty,,9,4.1
395,,112574,SP ENTERPRISES,SIKAR,BALANGIR,,ZX220 GI,THEDCRL0J00002353,2020,2020-12-25,2021-12-24,Out of Warranty,,4,5.5
396,,81768,Super Diesel,SUNDARGARH,ROURKELA,,EX130S+,SP13-14854,2021,2021-03-27,2022-03-26,Out of Warranty,,4,5.2
397,,62094,PRABHAT KUMAR PADHI,KALAHANDI,JEYPORE,9437234328,ZX140,THEDA0L0T00002141,2022,2022-05-07,2023-05-06,Out of Warranty,,7,4.1
398,,138076,SATYANARAYAN MAHAKUD,KORAPUT,JEYPORE,7008091944,EX70 PRM,P070-20026,2022,2022-05-05,2023-05-04,Out of Warranty,,6,4.1
399,,126986,SHREE BALAJI ENGINCONS LIMITED,SUNDARGARH,JHARSUGUDA,9078002040,EX200S+,SP20-58247,2022,2022-05-06,2023-05-05,Out of Warranty,,10,4.1
400,,138079,SHREE RADHARAMAN STONE CRUSHER PVT.LTD.,SUNDARGARH,JHARSUGUDA,9078002040,EX200S+,SP20-58250,2022,2022-05-06,2023-05-05,Out of Warranty,,8,4.1
401,,138110,PURNA KUMAR SAHU,KORAPUT,JEYPORE,8917472532,EX70S+,SP07-19566,2022,2022-05-09,2023-05-08,Out of Warranty,,5,4.1
402,,84505,RAJALAXMI CONSTRUCTIONS LIMITED,KORAPUT,SAMBALPUR,9937034724,ZX140,THEDA0L0V00002146,2022,2022-05-13,2023-05-12,Out of Warranty,,8,4.1
403,,84505,RAJALAXMI CONSTRUCTIONS LIMITED,KORAPUT,SAMBALPUR,9937034724,ZX140,THEDA0L0L00002134,2022,2022-05-13,2023-05-12,Out of Warranty,,8,4.1
404,,138807,PRABHUPADA CONSTRUCTIONS PVT. LTD.,RAYAGADA,RAYAGADA,9938627624,EX70 PRM,P070-20041,2022,2022-05-19,2023-05-18,Out of Warranty,,7,4.1
405,,115801,JAGANNATH TRANSPORT,SUNDARGARH,ROURKELA,9437048653,EX210S+,SP21-47500,2022,2022-05-26,2023-05-25,Out of Warranty,,7,4.0
406,,115801,JAGANNATH TRANSPORT,SUNDARGARH,ROURKELA,9437048653,EX210S+,SP21-47470,2022,2022-05-26,2023-05-25,Out of Warranty,,6,4.0
407,,136275,JULI MEHER,KALAHANDI,BHAWANIPATNA,9937188899,EX70S+,SP07-19560,2022,2022-05-29,2023-05-28,Out of Warranty,,2,4.0
408,,139459,MAA SAKUMBARI SPONGE PVT.LTD.,SUNDARGARH,ROURKELA,9337400053,ZX220 GI,THEDC0L0K00001696,2022,2022-05-31,2023-05-30,Out of Warranty,,7,4.0
409,,139235,SRL MINING AND DEVELOPER PVT.LTD.,KORAPUT,JEYPORE,9977822347,EX200S+,SP20-58236,2022,2022-06-01,2023-05-31,Out of Warranty,,6,4.0
410,,138253,JYANI ENTERPRISES,NABARANGPUR,SHIFTED TO OTHER STATE,9413304789,ZX220 GI,THEDCRL0J00003115,2022,2022-06-02,2023-06-01,Out of Warranty,,6,4.0
411,,115843,SAI SRINIVAS STONE CRUSHER,RAYAGADA,GUNUPUR,9437338892,EX210S+,SP21-47502,2022,2022-06-04,2023-06-03,Out of Warranty,,3,4.0
412,,126986,SHREE BALAJI ENGINCONS LIMITED,SUNDARGARH,SHIFTED TO OTHER STATE,9078002040,EX200S+,SP20-58293,2022,2022-06-06,2023-06-05,Out of Warranty,,2,4.0
413,,126986,SHREE BALAJI ENGINCONS LIMITED,SUNDARGARH,JHARSUGUDA,9078002040,EX200S+,SP20-58298,2022,2022-06-06,2023-06-05,Out of Warranty,,9,4.0
414,,126986,SHREE BALAJI ENGINCONS LIMITED,SUNDARGARH,BALANGIR,9078002040,EX200S+,SP20-58302,2022,2022-06-06,2023-06-05,Out of Warranty,,6,4.0
415,,126986,SHREE BALAJI ENGINCONS LIMITED,SUNDARGARH,JHARSUGUDA,9078002040,EX200S+,SP20-58308,2022,2022-06-06,2023-06-05,Out of Warranty,,10,4.0
416,,138430,Kishor Hantal,KORAPUT,JEYPORE,6371870477,ZX140,THEDA0L0A00002228,2022,2022-06-07,2023-06-06,Out of Warranty,,7,4.0
417,,135906,MANOJ KUMAR SINGH,NABARANGPUR,JEYPORE,7972557726,ZX220 GI,THEDC0L0K00001701,2022,2022-06-07,2023-06-06,Out of Warranty,,10,4.0
418,,139578,RSC INFRATECH DEVELOPERS LLP,SUNDARGARH,SHIFTED TO OTHER STATE,9785357447,EX210S+,SP21-62699,2022,2022-06-28,2023-06-27,Out of Warranty,,3,4.0
419,,130954,R R CRUSHER,MALKANGIRI,JEYPORE,9437030238,EX210S+,SP21-62716,2022,2022-06-30,2023-06-29,Out of Warranty,,4,4.0
420,,95001,JAYSHREE ENTERPRISES,SAMBALPUR,SAMBALPUR,9437045555,EX200S+,SP20-58328,2022,2022-07-02,2023-07-01,Out of Warranty,,1,3.9
421,,95001,JAYSHREE ENTERPRISES,SAMBALPUR,JHARSUGUDA,9437045555,EX200S+,SP20-58329,2022,2022-07-02,2023-07-01,Out of Warranty,,1,3.9
422,,88560,RAJ CONSTRUCTION,JHARKHAND,SHIFTED TO OTHER STATE,9431192963,EX215S+,SP22-80297,2022,2022-07-02,2023-07-01,Out of Warranty,,1,3.9
423,,17241,ARSS Infrastructure Projects Ltd,khorda,SAMBALPUR,,EX200S+,SP20-57626,2021,2021-04-12,2022-04-11,Out of Warranty,,5,5.2
424,,17241,ARSS Infrastructure Projects Ltd,khorda,SAMBALPUR,,EX200S+,SP20-57651,2021,2021-04-12,2022-04-11,Out of Warranty,,6,5.2
425,,135053,Sarit Kumar Padhi,Jharsuguda,JHARSUGUDA,7205930567,EX210S+,SP21-62504,2022,2022-04-20,2023-04-19,Out of Warranty,,5,4.1
426,,17241,ARSS Infrastructure Projects Ltd,khorda,SAMBALPUR,,EX200S+,SP20-57628,2021,2021-04-12,2022-04-11,Out of Warranty,,6,5.2
427,,17241,ARSS Infrastructure Projects Ltd,khorda,SAMBALPUR,,EX200S+,SP20-57624,2021,2021-04-12,2022-04-11,Out of Warranty,,6,5.2
428,,88050,Nanda Infra Construction Pvt.Ltd,BARGARH,SAMBALPUR,9437067175,EX130S+,SP13-15212,2022,2022-07-28,2023-07-27,Out of Warranty,,5,3.9
429,,142071,KAPISHRESHTH ENTERPRISES,CHATTISGARH,SHIFTED TO OTHER STATE,9039412026,EX210S+,SP21-62787,2022,2022-08-02,2023-08-01,Out of Warranty,,1,3.9
430,,142499,JAGADISH BARIK,NUAPADA,BHAWANIPATNA,9937125138,EX130S+,SP13-15384,2022,2022-08-05,2023-08-04,Out of Warranty,,4,3.9
431,,142325,JAY AMBEY STONE WORKS,SAMBALPUR,SAMBALPUR,9937968515/8847872229,EX210S+,SP21-62731,2022,2022-08-06,2023-08-05,Out of Warranty,,10,3.8
432,,27692,BHUSHAN POWER AND STEEL LTD,SAMBALPUR,JHARSUGUDA,8093454005,EX215S+,SP22-80308,2022,2022-08-20,2023-08-19,Out of Warranty,,10,3.8
433,,126986,SHREE BALAJI ENGINCONS LIMITED,JHARSUGUDA,SHIFTED TO OTHER STATE,9078002040,TMX20S,SP02-5162,2022,2022-08-25,2023-08-24,Out of Warranty,,0,3.8
434,233,133966,TIRUPATI DRILLING & MINING SERVICES PVT. LTD.,JHARSUGUDA,JHARSUGUDA,9437051506,EX215S+,SP22-80285,2022,2022-08-25,2023-08-24,Out of Warranty,,10,3.8
435,,124752,AKSH KUMAR AGRAWAL,BALANGIR,BALANGIR,9937773324,EX200S+,SP20-57956,2022,2022-08-26,2023-08-25,Out of Warranty,,5,3.8
436,,92615,KALYANI PATEL,CHATTISGARH,SHIFTED TO OTHER STATE,9575234012,EX210S+,SP21-62807,2022,2022-08-30,2023-08-29,Out of Warranty,,1,3.8
437,,143790,NEMANI RAMA KRISHNA,KORAPUT,RAYAGADA,9853338888,ZX370G,THEDD1L0L00001577,2022,2022-09-05,2023-09-04,Out of Warranty,,10,3.8
438,,143494,MANA INFRASTRUCTURE,KORAPUT,SHIFTED TO OTHER STATE,9553333334,ZX370G,THEDD1L0H00001516,2022,2022-09-05,2023-09-04,Out of Warranty,,10,3.8
439,,128938,KRISHAV LOGISTICS PVT. LTD.,SAMBALPUR,JHARSUGUDA,7381635420,EX210S+,SP21-62821,2022,2022-09-08,2023-09-07,Out of Warranty,,10,3.8
440,,128938,KRISHAV LOGISTICS PVT. LTD.,SAMBALPUR,JHARSUGUDA,7381635420,EX210S+,SP21-62813,2022,2022-09-07,2023-09-06,Out of Warranty,,9,3.8
441,,121036,PRATHAM EPC PROJECTS PVT. LTD.,TAMILNADU,GUNUPUR,9512235061,EX200S+,SP20-58333,2022,2022-09-07,2023-09-06,Out of Warranty,,1,3.8
442,,121036,PRATHAM EPC PROJECTS PVT. LTD.,TAMILNADU,GUNUPUR,9512235061,EX200S+,SP20-58341,2022,2022-09-07,2023-09-06,Out of Warranty,,1,3.8
443,,66883,SANJAY SHARMA,CHATTISGARH,JHARSUGUDA,9300222172,EX210S+,SP21-62832,2022,2022-09-07,2023-09-06,Out of Warranty,,1,3.8
444,,138253,JYANI ENTERPRISES,NABARANGPUR,SHIFTED TO OTHER STATE,9413304789,ZX220 GI,THEDCRL0A00003247,2022,2022-09-09,2023-09-08,Out of Warranty,,5,3.8
445,233,133966,TIRUPATI DRILLING & MINING SERVICES PVT. LTD.,JHARSUGUDA,JHARSUGUDA,9437051506,EX215S+,SP22-80286,2022,2022-09-21,2023-09-20,Out of Warranty,,5,3.7
446,,126986,SHREE BALAJI ENGINCONS LIMITED,JHARSUGUDA,JHARSUGUDA,9078002040,EX200S+,SP20-58419,2022,2022-09-10,2023-09-09,Out of Warranty,,9,3.8
447,,126986,SHREE BALAJI ENGINCONS LIMITED,JHARSUGUDA,JHARSUGUDA,9078002040,EX200S+,SP20-58426,2022,2022-09-10,2023-09-09,Out of Warranty,,10,3.8
448,,126986,SHREE BALAJI ENGINCONS LIMITED,JHARSUGUDA,JHARSUGUDA,9078002040,EX200S+,SP20-58423,2022,2022-09-10,2023-09-09,Out of Warranty,,10,3.8
449,,126986,SHREE BALAJI ENGINCONS LIMITED,JHARSUGUDA,JHARSUGUDA,9078002040,EX200S+,SP20-58421,2022,2022-09-10,2023-09-09,Out of Warranty,,4,3.8
450,,126986,SHREE BALAJI ENGINCONS LIMITED,JHARSUGUDA,JHARSUGUDA,9078002040,EX200S+,SP20-58417,2022,2022-09-10,2023-09-09,Out of Warranty,,8,3.8
451,,89575,CHENNAI RADHA ENGINEERING,JHARSUGUDA,JHARSUGUDA,9527200666,EX200S+,SP20-58403,2022,2022-09-16,2023-09-15,Out of Warranty,,9,3.7
452,,145335,SHRI BALAJI CONSTRUCTION COMPANY,SUNDARGARH,SHIFTED TO OTHER STATE,7999832190,EX210S+,SP21-62846,2022,2022-10-06,2023-10-05,Out of Warranty,,10,3.7
453,,1124,SRI DURGA CONDEV (P) LTD.,NUAPADA,BALANGIR,9937431041,EX200S+,SP20-58456,2022,2022-10-07,2023-10-06,Out of Warranty,,7,3.7
454,,1124,SRI DURGA CONDEV (P) LTD.,SAMBALPUR,SHIFTED TO OTHER STATE,6372415551,EX200S+,SP20-58455,2022,2022-10-08,2023-10-07,Out of Warranty,,4,3.7
455,,86616,SAROJ KUMAR MOHANTY,BARGARH,SAMBALPUR,8249254744,EX200S+,SP20-65017,2022,2022-10-08,2023-10-07,Out of Warranty,,2,3.7
456,,66883,SANJAY SHARMA,Jharsuguda,JHARSUGUDA,9300222172,EX210S+,SP21-62925,2022,2022-10-22,2023-10-21,Out of Warranty,,1,3.6
457,,142004,VASUDHA INFRA PROJECTS,BOUDH,SAMBALPUR,9885159333,EX210S+,SP21-62814,2022,2022-08-11,2023-08-10,Out of Warranty,,3,3.8
458,,79475,Nageshwar Saw,ANDHRA PRADESH,SHIFTED TO OTHER STATE,9631464471,EX210S+,SP21-47136,2022,2022-03-04,2023-03-03,Out of Warranty,,5,4.3
459,,79475,Nageshwar Saw,ANDHRA PRADESH,SHIFTED TO OTHER STATE,9631464471,EX210S+,SP21-47133,2022,2022-01-29,2023-01-28,Out of Warranty,,5,4.4
461,,134150,DEBENDRA KUMAR BEHERA,CUTTACK,SHIFTED TO OTHER STATE,9337704848,ZX220 GI,THEDC0L0K00001620,2022,2022-03-02,2023-03-01,Out of Warranty,,7,4.3
462,,80629,BASUDEV NAYAK,NASHIK,JEYPORE,7620199252,EX215S+,SP22-80184,2021,2021-10-21,2022-10-20,Out of Warranty,,6,4.6
463,,146098,ADARSH CONSTRUCTION,SUNDARGARH,JHARSUGUDA,7587339982,EX210S+,SP21-62970,2022,2022-10-28,2023-10-27,Out of Warranty,,8,3.6
464,,145243,MINTECH ASSOCIATES,KORAPUT,BALANGIR,9776640484,EX130S+,SP13-15425,2022,2022-11-14,2023-11-13,Out of Warranty,,2,3.6
465,,146783,UDAYA NATHA KHILLO,MALKANGIRI,JEYPORE,8280514579/9439445687,EX130S+,SP13-15371,2022,2022-11-02,2023-11-01,Out of Warranty,,5,3.6
466,,146888,SALASAR CONSTRUCTION COMPANY,SUNDARGARH,SHIFTED TO OTHER STATE,7690897091,EX210S+,SP21-62928,2022,2022-11-09,2023-11-08,Out of Warranty,,6,3.6
467,,146727,GOURAHARI GOUDA,NABARANGPUR,JEYPORE,9178145500,EX70 PRM,P070-20252,2022,2022-11-18,2023-11-17,Out of Warranty,,3,3.6
468,,128261,NARAYAN PADHIARY,MALKANGIRI,JEYPORE,9777777315,ZX140,THEDA0L0J00002404,2022,2022-11-18,2023-11-17,Out of Warranty,,8,3.6
469,,113927,PRUTHWIRAJ PATRA,BOLANGIR,BALANGIR,9437204394,ZX140,THEDA0L0K00002398,2022,2022-11-20,2023-11-19,Out of Warranty,,8,3.6
470,,147191,GITANJALI PANDA,MALKANGIRI,JEYPORE,707746776,ZX140,THEDA0L0H00002409,2022,2022-11-19,2023-11-18,Out of Warranty,,8,3.6
471,,147399,PRIME MINING INDIA PVT. LTD.,NUAPADA,SHIFTED TO OTHER STATE,6370517295,EX200S+,SP20-58346,2022,2022-11-23,2023-11-22,Out of Warranty,,2,3.6
472,,147394,SUSANTA KUMAR DASH,KORAPUT,JEYPORE,7354539123,EX70 PRM,P070-20172,2022,2022-11-24,2023-11-23,Out of Warranty,,7,3.5
473,,27612,TRIVENI ENGICONS PVT. LTD.,SAMBALPUR,SHIFTED TO OTHER STATE,9234004434,EX200S+,SP20-58482,2022,2022-11-24,2023-11-23,Out of Warranty,,3,3.5
474,,27612,TRIVENI ENGICONS PVT. LTD.,SAMBALPUR,BHUBANESWAR,9234004434,EX200S+,SP20-58478,2022,2022-11-24,2023-11-23,Out of Warranty,,3,3.5
475,,125980,SAHADEV MANDAL,MALKANGIRI,JEYPORE,9861448602,ZX140,THEDA0L0T00002253,2022,2022-12-02,2023-12-01,Out of Warranty,,8,3.5
476,,147940,SHIVSHAKTI ENTERPRISES,KORAPUT,JEYPORE,7008346234,EX70 PRM,P070-20320,2022,2022-12-03,2023-12-02,Out of Warranty,,4,3.5
477,233,140163,Ajit Kumar Gouda,GANJAM,SHIFTED TO OTHER STATE,6370139936,EX200S+,SP20-58304,2022,2022-10-06,2023-10-05,Out of Warranty,,5,3.7
478,,115361,LALI GOUDA,GANJAM,RAYAGADA,6371928044,EX70S+,SP07-19130,2021,2021-03-22,2022-03-21,Out of Warranty,,3,5.2
481,,126986,SHREE BALAJI ENGINCONS LIMITED,SAMBALPUR,JHARSUGUDA,9078002040,EX200S+,SP20-58495,2022,2022-12-10,2023-12-09,Out of Warranty,,10,3.5
482,,126986,SHREE BALAJI ENGINCONS LIMITED,SAMBALPUR,JHARSUGUDA,9078002040,EX200S+,SP20-58499,2022,2022-12-10,2023-12-09,Out of Warranty,,10,3.5
483,,74558,Lord Gupteswar Project Private Limited,Khorda,SAMBALPUR,8077896128,EX200S+,SP20-57587,2021,2021-05-07,2022-05-06,Out of Warranty,,0,5.1
484,,99114,VEERA SAI CONSTRUCTION,EAST GODAVARI,SHIFTED TO OTHER STATE,9441200211,ZX220 GI,THEDCRL0C00003391,2022,2022-12-13,2023-12-12,Out of Warranty,,2,3.5
485,,88560,RAJ CONSTRUCTION,JHARKHAND,SHIFTED TO OTHER STATE,9939371144,EX215S+,SP22-80381,2022,2022-12-13,2023-12-12,Out of Warranty,,1,3.5
486,,147686,BANSHI LAL,JAYPORE,SHIFTED TO OTHER STATE,9660298959,EX210S+,SP21-62884,2022,2022-12-15,2023-12-14,Out of Warranty,,7,3.5
487,,148497,DEBENDRA MAHAKUD,KALAHANDI,BHAWANIPATNA,9668577682,EX210S+,SP21-62990,2022,2022-12-18,2023-12-17,Out of Warranty,,8,3.5
488,,149403,JAIVEER HANUMAN STONE CRUSHER,NUAPADA,BHAWANIPATNA,9437070772,EX200S+,SP20-58399,2022,2022-12-28,2023-12-27,Out of Warranty,,6,3.5
489,,113927,PRUTHWIRAJ PATRA,BALANGIR,BALANGIR,9437204394,ZX140,THEDA0L0A00002441,2022,2022-12-30,2023-12-29,Out of Warranty,,8,3.4
490,,146323,CHUDAMANI PATEL,JHARSUGUDA,JHARSUGUDA,7978208791,EX200S+,SP20-65059,2022,2022-12-26,2023-12-25,Out of Warranty,,7,3.5
491,,89138,VENKATESWARA ASSOCIATES,JHARSUGUDA,JHARSUGUDA,9842256669,EX210S+,SP21-47299,2022,2022-02-07,2023-02-06,Out of Warranty,,8,4.3
492,,89138,VENKATESWARA ASSOCIATES,JHARSUGUDA,JHARSUGUDA,9842256669,EX210S+,SP21-47528,2022,2022-07-29,2023-07-28,Out of Warranty,,4,3.9
493,,134321,CHOUDHARY CONSTRUCTIONS,SIKAR,SHIFTED TO OTHER STATE,,EX210S+,SP21-62352,2022,2022-03-05,2023-03-04,Out of Warranty,,6,4.3
494,,27712,CENTRAL INDIA ASSOCIATES,Sundergarh,ROURKELA,9425565272,ZX370G,THEDD1L0K00001121,2021,2021-02-13,2022-02-12,Out of Warranty,,7,5.3
496,,150258,KANHU CHARAN SAHU,KALAHANDI,BHAWANIPATNA,9937954976,EX70 PRM,P070-20400,2023,2023-01-04,2024-01-03,Out of Warranty,,6,3.4
497,,149374,KSR INFRACON PVT.LTD.,Koraput,SHIFTED TO OTHER STATE,9848195353,EX200S+,SP20-30668,2023,2023-01-09,2024-01-08,Out of Warranty,,3,3.4
498,,150450,MSP METALLICS LIMITED,JHARSUGUDA,JHARSUGUDA,8170013582,EX200S+,SP20-65070,2023,2023-01-10,2024-01-09,Out of Warranty,,10,3.4
499,,150450,MSP METALLICS LIMITED,JHARSUGUDA,JHARSUGUDA,8170013582,EX200S+,SP20-65071,2023,2023-01-10,2024-01-09,Out of Warranty,,10,3.4
500,,96885,Aradhya Constructions,KHORDHA,SHIFTED TO OTHER STATE,7684982506,TMX20S,SP02-5024,2022,2022-05-02,2023-05-01,Out of Warranty,,4,4.1
501,,149885,MAHARAJ BISWAS,MALKANGIRI,JEYPORE,8457969311,ZX140,THEDA0L0J00002466,2023,2023-01-16,2024-01-15,Out of Warranty,,6,3.4
502,232,148846,HKGN CONSTRUCTIONS,NABARANGPUR,JEYPORE,9437972986,ZX140,THEDA0L0T00002463,2023,2023-01-17,2024-01-16,Out of Warranty,,5,3.4
503,,150222,SATYA PRAKASH PATI,BOLANGIR,JEYPORE,7008932254,EX200S+,SP20-58480,2023,2023-01-14,2024-01-13,Out of Warranty,,5,3.4
504,,128855,MURARILAL AGRAWAL,KALAHANDI,BHAWANIPATNA,9938770403,EX130S+,SP13-15523,2023,2023-01-15,2024-01-14,Out of Warranty,,3,3.4
505,,149768,DEWARAM CHOUDHARY,BHAWANIPATNA,BHAWANIPATNA,9571616250,ZX140,THEDA0L0K00002465,2023,2023-01-19,2024-01-18,Out of Warranty,,5,3.4
506,,140314,GURDEEP KATARIA & CO,GAJAPATI,SHIFTED TO OTHER STATE,9781141444,EX200S+,SP20-65072,2023,2023-01-23,2024-01-22,Out of Warranty,,6,3.4
507,,150355,SOBHA CONSTRUCTION,SAMBALPUR,JEYPORE,8328939505/9439184422,EX210S+,SP21-63040,2023,2023-01-27,2024-01-26,Out of Warranty,,4,3.4
508,,72544,SANTOSH KUMAR ROUT,MALKANGIRI,JEYPORE,9439783271,ZX220 GI,THEDCRL0J00003454,2023,2023-01-30,2024-01-29,Out of Warranty,,10,3.4
509,,150335,KUNTIKA NAIK,RAYAGADA,RAYAGADA,9937231059,TL340H PRM,THEWBJK0PN0000198,2023,2023-01-31,2024-01-30,Out of Warranty,,4,3.4
510,,97844,UNITED INFRACORE LIMITED,JHARSUGUDA,JHARSUGUDA,8456890118,ZX220 GI,THEDCRL0V00003456,2023,2023-01-31,2024-01-30,Out of Warranty,,8,3.4
511,,149443,Ashirbad Eng & Construction Pvt. Ltd,Khordha,SHIFTED TO OTHER STATE,9853374781,EX210S+,SP21-62995,2022,2022-12-23,2023-12-22,Out of Warranty,,5,3.5
512,,98056,VIRGIN ROCK PRIVATE LIMITED,SRIKAKULAM,JEYPORE,7337226518,ZX370G,THEDD1L0V00001026,2020,2020-10-21,2021-10-20,Out of Warranty,,8,5.6
513,,134034,VIJAY SUKAR SAW,Jharkhand,SHIFTED TO OTHER STATE,9766604231,EX210S+,SP21-62584,2022,2022-03-12,2023-03-11,Out of Warranty,,3,4.3
514,,145510,SIBARAM PRADHAN,KALAHANDI,JEYPORE,7008467225,EX130S+,SP13-15552,2023,2023-02-10,2024-02-09,Out of Warranty,,7,3.3
516,,144164,SAIKRUPA ASSOCIATES,Dhenkanal,SHIFTED TO OTHER STATE,9937180847,EX210S+,SP21-62788,2022,2022-09-19,2023-09-18,Out of Warranty,,2,3.7
517,,152219,BISWAMITRA SAHU,BOLANGIR,BALANGIR,9777023850,EX200S+,SP20-65028,2023,2023-02-13,2024-02-12,Out of Warranty,,7,3.3
518,,149374,KSR INFRACON PVT.LTD.,Koraput,RAYAGADA,9848195353,EX200S+,SP20-30687,2023,2023-02-22,2024-02-21,Out of Warranty,,6,3.3
519,,88168,VENKATESWARA ASSOCIATES,SONBHADRA,JHARSUGUDA,9406021894,EX210S+,SP21-47527,2022,2022-07-28,2023-07-27,Out of Warranty,,6,3.9
520,,56309,TARA TARINI CONSTRCUTION PVT. LTD.,NABARANGPUR,JEYPORE,9439477200,ZX140,THEDA0L0E00002489,2023,2023-03-10,2024-03-08,Out of Warranty,,6,3.3
521,,56309,TARA TARINI CONSTRCUTION PVT. LTD.,NABARANGPUR,JEYPORE,9439477200,ZX140,THEDA0L0H00002491,2023,2023-03-10,2024-03-08,Out of Warranty,,5,3.3
522,,126986,SHREE BALAJI ENGINCONS LIMITED,JHARSUGUDA,JHARSUGUDA,9078002040,ZX370G,THEDD1L0H00001693,2023,2023-03-03,2024-03-01,Out of Warranty,,10,3.3
523,,145318,Tuleswar Naik,KALAHANDI,BALANGIR,8249579177,ZX140,THEDA0L0K00002482,2023,2023-03-03,2024-03-01,Out of Warranty,,5,3.3
524,,145318,MSP Infracon Pvt. Ltd.,KANDHAMAL,BHAWANIPATNA,9776651111,EX70 PRM,P070-20499,2023,2023-03-06,2024-03-04,Out of Warranty,,4,3.3
525,,145318,MSP Infracon Pvt. Ltd.,KANDHAMAL,BHAWANIPATNA,9776651111,EX70 PRM,P070-20509,2023,2023-03-06,2024-03-04,Out of Warranty,,5,3.3
526,233,64648,Unistar Company,SUNDARGARH,ROURKELA,9238489175,EX210S+,SP21-63258,2023,2023-03-06,2024-03-04,Out of Warranty,,5,3.3
527,,150431,Arun Kumar Duruka,MALKANGIRI,JEYPORE,9777999007,ZX140,THEDA0L0K00002479,2023,2023-03-09,2024-03-07,Out of Warranty,,3,3.3
528,,153293,Harihara Mahapatra,KALAHANDI,BHAWANIPATNA,9439219730,ZX140,THEDA0L0V00002499,2023,2023-03-10,2024-03-08,Out of Warranty,,6,3.3
529,,67415,Upendra Kumar Patra,KORAPUT,JEYPORE,9437748587,ZX140,THEDA0L0L00002506,2023,2023-03-07,2024-03-05,Out of Warranty,,6,3.3
530,,76403,Gupteswar Crusher Unit,KORAPUT,GUNUPUR,9437748587,ZX140,THEDA0L0E00002492,2023,2023-03-07,2024-03-05,Out of Warranty,,6,3.3
531,,30858,Gupteswar Infrastructure,Koraput,JEYPORE,9437748587,ZX140,THEDA0L0C00002503,2023,2023-03-13,2024-03-11,Out of Warranty,,6,3.2
532,,149374,KSR Infracon Pvt. Ltd.,Koraput,RAYAGADA,9848195353,EX200S+,SP20-30697,2023,2023-03-21,2024-03-19,Out of Warranty,,7,3.2
533,,74558,Lord Gupteswar Project Private Limited,Khorda,SAMBALPUR,8077896128,EX200S+,SP20-57592,2021,2021-05-05,2022-05-04,Out of Warranty,,0,5.1
534,,153778,Ajit Kumar Kar,MALKANGIRI,JEYPORE,7655875165,EX70 PRM,P070-20533,2023,2023-03-24,2024-03-22,Out of Warranty,,4,3.2
535,,86542,Purna Chandra Goudo,Koraput,MALKANGIRI,7978540078,EX70 PRM,P070-20532,2023,2023-03-28,2024-03-26,Out of Warranty,,5,3.2
536,,154482,RR Industry,SAMBALPUR,SAMBALPUR,9338843000,ZX220 GI,THEDCRL0T00003529,2023,2023-03-29,2024-03-27,Out of Warranty,,8,3.2
537,,154855,Singh & Associates,SAMBALPUR,SAMBALPUR,9386604040,EX210S+,SP21-63261,2023,2023-03-31,2024-03-29,Out of Warranty,,10,3.2
538,,154855,Singh & Associates,SAMBALPUR,SAMBALPUR,9386604040,EX210S+,SP21-63201,2023,2023-03-31,2024-03-29,Out of Warranty,,10,3.2
539,233,78413,ORISSA METALIKS PVT.LTD.,KOLKATA,JHARSUGUDA,8170013582,EX200S+,SP20-58095,2022,2022-01-12,2023-01-11,Out of Warranty,,7,4.4
540,,156258,Sananda Thakur,BALANGIR,BALANGIR,9937290061,EX70 PRM,P070-20489,2023,2023-04-05,2024-04-03,Out of Warranty,,5,3.2
541,,115801,JAGANNATH TRANSPORT,SUNDARGARH,ROURKELA,9437048653,EX210S+,SP21-63298,2023,2023-04-06,2024-04-04,Out of Warranty,,8,3.2
542,,115801,JAGANNATH TRANSPORT,SUNDARGARH,ROURKELA,9437048653,EX210S+,SP21-63301,2023,2023-04-06,2024-04-04,Out of Warranty,,9,3.2
543,,27612,TRIVENI ENGICONS PVT. LTD.,NUAPADA,BHAWANIPATNA,9234004434,EX200S+,SP20-58650,2023,2023-04-13,2024-04-11,Out of Warranty,,5,3.2
544,,139235,SRL MINING AND DEVELOPER PRIVATE LIMITED,KORAPUT,SHIFTED TO OTHER STATE,9977822347,EX200S+,SP20-58577,2023,2023-04-13,2024-04-11,Out of Warranty,,1,3.2
545,,133877,RISHABH MINING PVT.LTD.,RAYAGADA,RAYAGADA,9829629090,ZX370G,THEDD1L0H00001709,2023,2023-04-17,2024-04-15,Out of Warranty,,8,3.2
546,,133877,RISHABH MINING PVT.LTD.,RAYAGADA,RAYAGADA,9829629090,ZX220 GI,THEDCRL0A00003491,2023,2023-04-18,2024-04-16,Out of Warranty,,5,3.2
547,,154855,Singh & Associates,SAMBALPUR,SAMBALPUR,9386604040,ZX220 GI,THEDCRL0C00003643,2023,2023-04-17,2024-04-15,Out of Warranty,,10,3.2
548,,155698,BHARAT MIRGAN,NABARANGPUR,JEYPORE,8917589830,EX130S+,SP13-15666,2023,2023-04-23,2024-04-21,Out of Warranty,,5,3.1
549,,137772,K2 Associates,ANUGUL,SHIFTED TO OTHER STATE,7682959665,EX210S+,SP21-47478,2022,2022-05-09,2023-05-08,Out of Warranty,,2,4.1
550,,112709,TULSI CONSTRUCTION COMPANY,JODHPUR,BALANGIR,8005941350,EX200S+,SP20-57261,2020,2020-11-18,2021-11-17,Out of Warranty,,9,5.6
551,,81768,Super Diesel,SUNDARGARH,SHIFTED TO OTHER STATE,9938413473,EX130S+,SP13-15577,2023,2023-04-21,2024-04-19,Out of Warranty,,7,3.1
552,,92442,DEEP TRANSPORT ENTERPRISE,BARDHAMAN WESTBENGAL,RAYAGADA,9434124329,EX210S+,SP21-62351,2021,2021-12-03,2022-12-02,Out of Warranty,,5,4.5
554,,99636,KULDIP MUNSI SAW,Koraput,SHIFTED TO OTHER STATE,9890095114,EX210S+,SP21-63265,2023,2023-04-24,2024-04-22,Out of Warranty,,1,3.1
555,172/233,156992,ORISSA METALIKS PVT.LTD.,JHARSUGUDA,JHARSUGUDA,8170013582,EX200S+,SP20-65190,2023,2023-04-28,2024-04-26,Out of Warranty,,10,3.1
556,,115554,Shradha Associates,Andhra Pradesh,RAYAGADA,8698055789,EX210S+,SP21-46925,2021,2021-04-07,2022-04-06,Out of Warranty,,5,5.2
557,,155397,Alok Kumar Sharma,Sundargarh,ROURKELA,7008559587,EX210S+,SP21-63306,2023,2023-05-01,2024-04-29,Out of Warranty,,6,3.1
558,,157658,Narayan Jena,JHARSUGUDA,JHARSUGUDA,9938480796,ZX140,THEDA0L0V00002521,2023,2023-05-05,2024-05-03,Out of Warranty,,5,3.1
559,,27692,BHUSHAN POWER AND STEEL LTD,SAMBALPUR,JHARSUGUDA,9437118902,ZX23U,THEACDL0L00000260,2023,2023-05-13,2024-05-11,Out of Warranty,,6,3.1
560,,131773,NIHAR RANJAN BEHERA,KHORDHA,SHIFTED TO OTHER STATE,9937553183,EX210S+,SP21-62544,2022,2022-03-24,2023-03-23,Out of Warranty,,4,4.2
561,,17450,GORAI & BROTHERS,Burdwan,RAYAGADA,9434024329,EX210S+,SP21-62330,2021,2021-01-12,2022-01-11,Out of Warranty,,4,5.4
562,,113927,Pruthwiraj Patra,Bolangir,BALANGIR,9437204394,ZX140,THEDA0L0J00002550,2023,2023-05-10,2024-05-08,Out of Warranty,,6,3.1
563,,157921,YASHPARI PROPERTIES LLP,SUNDARGARH,ROURKELA,9437960825/933789978,EX210S+,SP21-63350,2023,2023-05-10,2024-05-08,Out of Warranty,,9,3.1
564,,113927,Pruthwiraj Patra,Bolangir,BALANGIR,9437204394,ZX140,THEDA0L0L00002568,2023,2023-05-10,2024-05-08,Out of Warranty,,6,3.1
565,,75204,Soleelo Kumar Senapati,KANDHAMAL,RAYAGADA,9938966565,EX130S+,SP13-15675,2023,2023-05-12,2024-05-10,Out of Warranty,,6,3.1
567,,158231,Aryan Ispat & Power Pvt. Ltd.,SAMBALPUR,JHARSUGUDA,9303473018,EX200S+,SP20-58634,2023,2023-05-18,2024-05-16,Out of Warranty,,10,3.1
568,,27612,TRIVENI ENGICONS PVT. LTD.,NUAPADA,BHAWANIPATNA,9234004434,EX200S+,SP20-58631,2023,2023-05-31,2024-05-29,Out of Warranty,,5,3.0
569,,157734,MANA RAM CHUDHARY,KANTABANJI,BALANGIR,7684899667,EX215S+,SP22-80490,2023,2023-06-02,2024-05-31,Out of Warranty,,5,3.0
570,,156785,ARNS INFRAPROJECTS PVT. LTD.,KALAHANDI,BHAWANIPATNA,9437639880,EX70 PRM,P070-20577,2023,2023-06-02,2024-05-31,Out of Warranty,,6,3.0
571,,158127,KOTARU SRINIVASA RAO,KORAPUT,MALKANGIRI,9348175525,ZX370G,THEDD1L0H00001743,2023,2023-06-09,2024-06-07,Out of Warranty,,6,3.0
572,,158494,Gangadhar Pradhan,RAYAGADA,SHIFTED TO OTHER STATE,7978986478,EX70 PRM,P070-20654,2023,2023-06-11,2024-06-09,Out of Warranty,,4,3.0
573,172/233,156992,ORISSA METALIKS PVT.LTD.,JHARSUGUDA,JHARSUGUDA,8170013582,EX200S+,SP20-65257,2023,2023-06-15,2024-06-13,Out of Warranty,,7,3.0
574,,159681,Dharma Infrastructure,Gujrat,JHARSUGUDA,9979107603,EX200S+,SP20-58657,2023,2023-06-22,2024-06-20,Out of Warranty,,4,3.0
575,,76094,Shreeman and Aman Infra Private Limited,KHORDHA,BALANGIR,6372734554,EX70S+,SP07-19494,2022,2022-02-16,2023-02-15,Out of Warranty,,8,4.3
576,,159425,Unicorn India Pvt. Ltd.,MALKANGIRI,JEYPORE,7008908881,ZX33U,THEADBL0E00041007,2023,2023-06-26,2024-06-24,Out of Warranty,,6,3.0
577,,134612,DEBA ENTERPRISES,SUNDARGARH,ROURKELA,7008852673,EX215S+,SP22-80463,2023,2023-06-28,2024-06-26,Out of Warranty,,9,3.0
578,233,156992,ORISSA METALIKS PVT.LTD.,JHARSUGUDA,JHARSUGUDA,8170013582,EX70 PRM,P070-20686,2023,2023-06-30,2024-06-28,Out of Warranty,,6,3.0
579,,157171,PRATYPTANNA CHHATOI,MALKANGIRI,JEYPORE,8280884818,ZX220 GI,THEDC0L0L00001804,2023,2023-07-01,2024-06-29,Out of Warranty,,3,2.9
580,,88050,Nanda Infra Construction Pvt.Ltd,BARGARH,BALANGIR,9437067175,EX130S+,SP13-15694,2023,2023-07-24,2024-07-22,Out of Warranty,,6,2.9
581,,160414,OM ENTERPRISES,CHATTISGARH,SHIFTED TO OTHER STATE,8516001700,EX215S+,SP22-80519,2023,2023-07-26,2024-07-24,Out of Warranty,,6,2.9
582,232,156785,ARNS INFRAPROJECTS PVT. LTD.,BALANGIR,BHAWANIPATNA,9437639880,EX70 PRM,P070-20685,2023,2023-07-31,2024-07-29,Out of Warranty,,6,2.9
583,,158479,JRC Infra,CUTTACK,JHARSUGUDA,9785357447,ZX33U,THEADBL0K00041160,2023,2023-08-04,2024-08-02,Out of Warranty,,6,2.9
584,,143730,MACHINO INTERNATIONAL PVT. LTD,ANDHRA PRADESH,SHIFTED TO OTHER STATE,9999740401,EX200S+,SP20-30433,2022,2022-09-28,2023-09-27,Out of Warranty,,5,3.7
585,,161651,Envirocare Infrasolution Pvt.Ltd.,SUNDARGARH,ROURKELA,9692600936,EX200S+,SP20-65310,2023,2023-08-05,2024-08-03,Out of Warranty,,7,2.9
586,,161651,Envirocare Infrasolution Pvt.Ltd.,SUNDARGARH,ROURKELA,9692600936,EX200S+,SP20-65314,2023,2023-08-05,2024-08-03,Out of Warranty,,7,2.9
587,,161651,Envirocare Infrasolution Pvt.Ltd.,SUNDARGARH,ROURKELA,9692600936,EX200S+,SP20-65315,2023,2023-08-05,2024-08-03,Out of Warranty,,7,2.9
588,,161651,Envirocare Infrasolution Pvt.Ltd.,SUNDARGARH,ROURKELA,9692600936,EX200S+,SP20-65316,2023,2023-08-05,2024-08-03,Out of Warranty,,7,2.9
589,,160937,Deeprock TMS Pvt. Ltd.,Hyderabad,RAYAGADA,7702213244,EX200S+,SP20-58715,2023,2023-08-08,2024-08-06,Out of Warranty,,6,2.8
590,,92569,Arabinda Bisoi,Koraput,JEYPORE,9348122752,EX70 PRM,P070-20647,2023,2023-08-14,2024-08-12,Out of Warranty,,4,2.8
591,,159681,Dharma Infrastructure,Gujrat,SHIFTED TO OTHER STATE,7574887300,EX200S+,SP20-58722,2023,2023-08-16,2024-08-14,Out of Warranty,,4,2.8
592,,89138,VENKATESWARA ASSOCIATES,JHARSUGUDA,JHARSUGUDA,9442156669,EX210S+,SP21-48030,2023,2023-02-03,2024-02-02,Out of Warranty,,10,3.4
593,,161697,Sri Jagannath Stone Crusher,KALAHANDI,BHAWANIPATNA,9437070807,EX200S+,SP20-58691,2023,2023-08-18,2024-08-16,Out of Warranty,,6,2.8
594,,162290,Upendra Bag,NUAPADA,BHAWANIPATNA,9937247461,EX130S+,SP13-15723,2023,2023-08-21,2024-08-19,Out of Warranty,,6,2.8
595,,161695,A&U Engineers,Koraput,JEYPORE,9439287888,EX210S+,SP21-63418,2023,2023-08-23,2024-08-21,Out of Warranty,,6,2.8
596,,162563,Jiten Muduli,SAMBALPUR,SAMBALPUR,7847065644,EX210S+,SP21-63311,2023,2023-09-01,2024-08-30,Out of Warranty,,7,2.8
597,172/233,156992,ORISSA METALIKS PVT.LTD.,KENDUJHAR,JHARSUGUDA,8170013582,EX200S+,SP20-65330,2023,2023-08-28,2024-08-26,Out of Warranty,,7,2.8
598,,161697,Sri Jagannath Stone Crusher,KALAHANDI,BHAWANIPATNA,9437070807,EX200S+,SP20-58741,2023,2023-09-08,2024-09-06,Out of Warranty,,5,2.8
599,,75204,Soleelo Kumar Senapati,RAYAGADA,RAYAGADA,8763036565,EX70 PRM,P070-20723,2023,2023-09-15,2024-09-13,Out of Warranty,,6,2.7
600,,98060,MANORAMA TRADERS,CUTTACK,GUNUPUR,9437024228,EX210S+,SP21-63408,2023,2023-09-20,2024-09-18,Out of Warranty,,10,2.7
601,,162256,Gopal Chandra Sahoo,NUAPADA,BHAWANIPATNA,9437070772,EX130S+,SP13-15788,2023,2023-09-19,2024-09-17,Out of Warranty,,8,2.7
602,,163380,BIGHNARAJ MEHER,NUAPADA,BHAWANIPATNA,8018926518,EX215S+,SP22-80509,2023,2023-09-24,2024-09-22,Out of Warranty,,4,2.7
603,,116039,P.H. Enterprises,SUNDARGARH,ROURKELA,8359944262/8093010427,EX210S+,SP21-63546,2023,2023-09-25,2024-09-23,Out of Warranty,,10,2.7
604,,27712,CENTRAL INDIA ASSOCIATES,SUNDARGARH,ROURKELA,9425565272,ZX370G,THEDD1L0K00001877,2023,2023-09-29,2024-09-27,Out of Warranty,,5,2.7
605,,164685,NATIONAL ENTERPRISES,SUNDARGARH,ROURKELA,9937323063,ZX370G,THEDD1L0H00001838,2023,2023-10-13,2024-10-11,Out of Warranty,,8,2.7
606,172/233,156992,ORISSA METALIKS PVT.LTD.,JHARSUGUDA,JHARSUGUDA,8170013582,EX200S+,SP20-65378,2023,2023-10-11,2024-10-09,Out of Warranty,,10,2.7
607,,164689,Tulasee Construction,Deogarh,SAMBALPUR,9777265511,ZX140,THEDHJL0L00003026,2023,2023-10-16,2024-10-14,Out of Warranty,,6,2.7
608,,162343,Kanti Sahu,NUAPADA,BALANGIR,7381984650,ZX140,THEDA0L0J00002645,2023,2023-10-17,2024-10-15,Out of Warranty,,5,2.7
609,,164980,Suresh Chandra Swain,Puri,JEYPORE,7606894878,EX70 PRM,P070-20785,2023,2023-03-11,2024-03-09,Out of Warranty,,5,3.3
610,,113594,SAINIK MINING (INDIA) PRIVATE LIMITED,CHITTISGARH,JHARSUGUDA,7611115720,EX210S+,SP21-46844,2021,2021-03-06,2022-03-05,Out of Warranty,,8,5.3
611,,114091,VAZIR SINGH,DURG,JEYPORE,7611115720,ZX220 GI,THEDCRL0P00002415,2021,2021-01-23,2022-01-22,Out of Warranty,,10,5.4
612,,88168,VENKATESWARA ASSOCIATES,SONBHADRA,JHARSUGUDA,9406021894,EX210S+,SP21-47245,2021,2021-11-29,2022-11-28,Out of Warranty,,3,4.5
613,,164363,Phoenix Solutions,SUNDARGARH,ROURKELA,9937010278,EX215S+,SP22-80556,2023,2023-10-25,2024-10-23,Out of Warranty,,6,2.6
614,,162750,SADANANDA BISWAS,MALKANGIRI,JEYPORE,7978368750,EX70 PRM,P070-20804,2023,2023-10-25,2024-10-23,Out of Warranty,,6,2.6
615,,116659,PRAKASH KUMAR NAHAK,KORAPUT,JEYPORE,7008278760,EX70 PRM,P070-20803,2023,2023-10-25,2024-10-23,Out of Warranty,,5,2.6
616,232,162916,RAM DAS NIRIKI,Koraput,JEYPORE,7008797307,EX70 PRM,P070-20820,2023,2023-10-27,2024-10-25,Out of Warranty,,7,2.6
617,232,112789,Super Diesel,SUNDARGARH,ROURKELA,9938413473,EX130S+,SP13-15837,2023,2023-10-30,2024-10-28,Out of Warranty,,9,2.6
618,233,166019,BK Retails,SUNDARGARH,ROURKELA,7978854083,EX200S+,SP20-65181,2023,2023-10-31,2024-10-29,Out of Warranty,,7,2.6
619,172/233,156992,ORISSA METALIKS PVT.LTD.,Jharsuguda,JHARSUGUDA,8170013582,EX210S+ Infra,SP20-65425,2023,2023-06-12,2024-06-10,Out of Warranty,,10,3.0
620,89,73047,FERRO SCRAP NIGAM LTD.,Rourkela,ROURKELA,6354006859,ZX370G,THEDD1L0A00001898,2023,2023-11-03,2024-11-01,Out of Warranty,,9,2.6
621,233,165717,R.S. Infrastructure,NUAPADA,BHAWANIPATNA,9556800629/Insite-9178795386,EX210S+,SP21-63604,2023,2023-11-03,2024-11-01,Out of Warranty,,8,2.6
622,233,140163,Ajit Kumar Gouda,GANJAM,SHIFTED TO OTHER STATE,6370139936,EX200S+,SP20-58304,2022,2022-10-06,2023-10-05,Out of Warranty,,3,3.7
623,233,153291,DHARMENDRA MAHANTA,KENDUJHAR,SHIFTED TO OTHER STATE,7978646929,EX200S+,SP20-65106,2023,2023-03-15,2024-03-13,Out of Warranty,,8,3.2
624,233,164681,MOHAMMAD ASIF PATEL,Chhattisgarh,SHIFTED TO OTHER STATE,7987114029,EX210S+,SP21-63601,2023,2023-10-25,2024-10-23,Out of Warranty,,5,2.6
625,233,166197,A THIRUPATI MINES,KORAPUT,JEYPORE,7008855299,ZX370G,THEDD1L0V00001902,2023,2023-11-10,2024-11-08,Out of Warranty,,5,2.6
626,233,166197,A THIRUPATI MINES,KORAPUT,JEYPORE,7008855299,ZX370G,THEDD1L0C00001901,2023,2023-11-10,2024-11-08,Out of Warranty,,6,2.6
627,232,25453,MURARILAL AGRAWAL,KALAHANDI,BHAWANIPATNA,9938770403,EX130S+,SP13-15829,2023,2023-11-10,2024-11-08,Out of Warranty,,3,2.6
628,232,68829,Jitendra Mohanty,MALKANGIRI,JEYPORE,9556103355,ZX140,THEDHJL0K00003035,2023,2023-11-15,2024-11-13,Out of Warranty,,4,2.6
629,232,167813,Biraja Prasada Pattanaik,Dhenkanal,SAMBALPUR,6370172174,EX130S+,SP13-15825,2023,2023-12-18,2024-12-16,Out of Warranty,,6,2.5
630,233,165416,APEKSHA MINING ENGINEERS PVT. LTD.,Udaipur,ROURKELA,9928998700,EX210S+,SP21-48571,2023,2023-11-04,2024-11-02,Out of Warranty,,8,2.6
631,233,36611,MIDWEST GRANITE PVT. LTD.,KORAPUT,SHIFTED TO OTHER STATE,9391848467,ZX370G,THEDD1L0L00001921,2023,2023-12-08,2024-12-06,Out of Warranty,,0,2.5
632,233,36611,MIDWEST GRANITE PVT. LTD.,KORAPUT,SHIFTED TO OTHER STATE,9391848467,ZX370G,THEDD1L0H00001922,2023,2023-12-09,2024-12-07,Out of Warranty,,4,2.5
633,233,78075,Danteswari Mineral,SAMBALPUR,JHARSUGUDA,9938955611,EX200S+,SP20-58817,2023,2023-12-07,2024-12-05,Out of Warranty,,8,2.5
634,233,168171,Kanchana Construction,SUNDARGARH,ROURKELA,8895526888,ZX220 GI,THEDCRL0H00003848,2023,2023-12-12,2024-12-10,Out of Warranty,,6,2.5
635,172/233,156992,ORISSA METALIKS PVT.LTD.,JHARSUGUDA,JHARSUGUDA,8170013582,EX200S+ Infra,SP20-65480,2023,2023-12-16,2024-12-14,Out of Warranty,,10,2.5
636,172/233,156992,ORISSA METALIKS PVT.LTD.,JHARSUGUDA,JHARSUGUDA,8170013582,EX200S+ Infra,SP20-65478,2023,2023-12-16,2024-12-14,Out of Warranty,,10,2.5
637,232,146406,B P Construction,KHURDA,SAMBALPUR,7004772088,EX70 PRM,P070-20873,2023,2023-12-18,2024-12-16,Out of Warranty,,6,2.5
638,232,168228,BIPINA BIHARI PATRA,KANDHAMAL,RAYAGADA,7978033010,EX130S+,SP13-15793,2023,2023-12-19,2024-12-17,Out of Warranty,,6,2.5
639,232,168368,Bhabatosh Debanath,NABARANGPUR,JEYPORE,8144893811,ZX140,THEDHJL0T00003078,2023,2023-12-22,2024-12-20,Out of Warranty,,4,2.5
640,232,169494,KUSHA KUMAR SAHU,SUBARNAPUR,SAMBALPUR,9437330180,EX70 PRM,P070-20884,2023,2023-12-25,2024-12-23,Out of Warranty,,6,2.5
641,232,169459,SANDEEP BISOI,NABARANGPUR,JEYPORE,8018281818,EX130 PRM,P130-16027,2023,2023-12-27,2024-12-25,Out of Warranty,,6,2.5
642,232,169504,CHAKA DOLA CONSTRUCTIONS,KORAPUT,JEYPORE,9438576700,ZX140,THEDHJL0C00003099,2023,2023-12-27,2024-12-25,Out of Warranty,,4,2.5
643,233,166833,HIRA MEMA JARU,Gujrat,ROURKELA,9825241421,EX210S+,SP21-85037,2023,2023-12-27,2024-12-25,Out of Warranty,,6,2.5
644,233,169388,Ambaji Rocks and Minerals,KALAHANDI,BHAWANIPATNA,9200070097,ZX370G,THEDD1L0K00001930,2023,2023-12-29,2024-12-27,Out of Warranty,,10,2.5
645,233,166833,HIRA MEMA JARU,Gujrat,SHIFTED TO OTHER STATE,9825241421,EX210 Prime,SP21-85002,2023,2023-12-27,2024-12-25,Out of Warranty,,5,2.5
646,233,169882,JAYAPRAKASH PATI,Bolangir,BALANGIR,9337626004,EX200S+ Infra,SP20-65444,2024,2024-01-04,2025-01-02,Out of Warranty,,4,2.4
647,233,71602,S.P CONSTRUCTIONS,NABARANGPUR,JEYPORE,7666399999,EX200S+ Infra,SP20-65405,2024,2024-01-05,2025-01-03,Out of Warranty,,4,2.4
648,233,134612,DEBA ENTERPRISES,SUNDARGARH,ROURKELA,7008852673,EX215S+,SP22-80586,2024,2024-01-02,2024-12-31,Out of Warranty,,8,2.4
649,117,169823,Kusa Padal,KORAPUT,JEYPORE,7978640205,TL340H PRM,THEWBJK0CP0000337,2024,2024-01-06,2025-01-04,Out of Warranty,,5,2.4
650,233,36611,MIDWEST GRANITE PVT. LTD.,Hyderabad,SHIFTED TO OTHER STATE,9391848467,EX200S+ Infra,SP20-30969,2024,2024-01-10,2025-01-08,Out of Warranty,,5,2.4
651,233,169479,Suvendra Kumar Sathpathy,BOUDH,BALANGIR,9938859329,EX210 Prime,SP21-85047,2024,2024-01-08,2025-01-06,Out of Warranty,,5,2.4
652,232,66234,L.N. Infrastructure & Constructions Pvt. Ltd.,BARGARH,JHARSUGUDA,7381332572,EX70 PRM,P070-20907,2024,2024-01-08,2025-01-06,Out of Warranty,,7,2.4
653,232,146727,GOURAHARI GOUDA,NABARANGPUR,JEYPORE,9178145500,ZX140,THEDHJL0H00003075,2024,2024-01-09,2025-01-07,Out of Warranty,,2,2.4
654,232,56309,TARA TARINI CONSTRCUTION PVT. LTD.,KORAPUT,JEYPORE,9439477200,ZX140,THEDHJL0J00003117,2024,2024-01-15,2025-01-13,Out of Warranty,,4,2.4
655,232,56309,TARA TARINI CONSTRCUTION PVT. LTD.,KORAPUT,JEYPORE,9439477200,ZX140,THEDHJL0H00003125,2024,2024-01-15,2025-01-13,Out of Warranty,,5,2.4
656,233,145443,M CHANDU KUMAR,ANDHRA PRADESH,JEYPORE,8500378893,EX210S+,SP21-47718,2023,2023-02-17,2024-02-16,Out of Warranty,,6,3.3
657,232,170289,RUTENDRA JENA,SUNDARGARH,ROURKELA,8249089755,EX70 PRM,P070-20947,2024,2024-01-10,2025-01-08,Out of Warranty,,5,2.4
658,233,110501,Swarup Kumar Patra,Keonjhar,BALANGIR,9178204111,EX210S+,SP21-61503,2020,2020-12-06,2021-12-05,Out of Warranty,,4,5.5
659,233,74571,SANJAY KUMAR PRADHAN,JHARSUGUDA,SAMBALPUR,9668310731/7077743800,ZX220 GI,THEDCRL0C00003867,2024,2024-01-11,2025-01-09,Out of Warranty,,9,2.4
660,233,74571,SANJAY KUMAR PRADHAN,JHARSUGUDA,BALANGIR,9668310731/7077743800,ZX220 GI,THEDCRL0C00003892,2024,2024-01-11,2025-01-09,Out of Warranty,,7,2.4
661,232,156785,ARNS INFRAPROJECTS PVT. LTD.,Bolangir,BHAWANIPATNA,9437639880,EX70 PRM,P070-20945,2024,2024-01-13,2025-01-11,Out of Warranty,,5,2.4
662,233,168167,MOHAN NATH,Keonjhar,SHIFTED TO OTHER STATE,9853037015,EX210S+,SP21-85010,2024,2024-01-13,2025-01-11,Out of Warranty,,4,2.4
663,233,56629,PRADEEP KUMAR PADHI,Koraput,JEYPORE,9438266237,EX200S+ Infra,SP20-65297,2024,2024-01-15,2025-01-13,Out of Warranty,,2,2.4
664,233,168333,SANJEEV KUMAR SAHU,KALAHANDI,BHAWANIPATNA,7008662667/9437092258,EX200S+ Infra,SP20-65487,2024,2024-01-16,2025-01-14,Out of Warranty,,5,2.4
665,233,146406,B.P CONSTRUCTION,KHURDA,BALANGIR,7004772088,EX210 Prime,SP21-85040,2024,2024-01-16,2025-01-14,Out of Warranty,,6,2.4
666,233,170398,MAA BHAGABATI CONSTRUCTION/PANKAJ KUMAR,Koraput,JEYPORE,8709927605,EX200S+ Infra,SP20-65481,2024,2024-01-17,2025-01-15,Out of Warranty,,5,2.4
667,232,2589,INDIAN METALS & FERRO ALLOYS LTD,RAYAGADA,RAYAGADA,9937299543,EX70 PRM,P070-20934,2024,2024-01-19,2025-01-17,Out of Warranty,,6,2.4
668,233,168113,ASHISH TRADERS,KALAHANDI,BHAWANIPATNA,8114768185,ZX220 GI,THEDCRL0C00003898,2024,2024-01-22,2025-01-20,Out of Warranty,,2,2.4
669,232,146406,B.P CONSTRUCTION,KHURDA,BALANGIR,7004772088,EX70 PRM,P070-20950,2024,2024-01-22,2025-01-20,Out of Warranty,,5,2.4
670,233,169993,SAROJ KUMAR MEHER,BARGARH,BALANGIR,9777436333,ZX220 GI,THEDCRL0K00005008,2024,2024-01-29,2025-01-27,Out of Warranty,,6,2.4
671,233,110489,RAMESH CHANDRA MEHER,NUAPADA,BALANGIR,9777744498,ZX220 GI,THEDCRL0P00005010,2024,2024-01-31,2025-01-29,Out of Warranty,,5,2.4
672,233,171525,MAA SAMALESWARI STONE CRUSHER,SONEPUR,BALANGIR,9238839394,EX215S+,SP22-80631,2024,2024-01-30,2025-01-28,Out of Warranty,,4,2.4
674,233,172091,SEKH MAHAMAD WAJID,BARAGARH,BALANGIR,9556365404,EX200S+,SP20-65561,2024,2024-02-03,2025-02-01,Out of Warranty,,2,2.4
675,232,75204,Soleelo Kumar Senapati,RAYAGADA,RAYAGADA,6857251123,EX70 PRM,P070-20979,2023,2023-02-12,2024-02-11,Out of Warranty,,6,3.3
676,232,84157,Madhusudan Bisoi,Koraput,JEYPORE,9938890980,EX70 PRM,P070-20988,2024,2024-02-06,2025-02-04,Out of Warranty,,6,2.3
677,233,126986,SHREE BALAJI ENGINCONS LIMITED,JHARSUGUDA,JHARSUGUDA,9078002040,EX210 Prime,SP21-85090,2024,2024-02-07,2025-02-05,Out of Warranty,,8,2.3
678,233,126986,SHREE BALAJI ENGINCONS LIMITED,JHARSUGUDA,JHARSUGUDA,9078002040,EX210 Prime,SP21-85080,2024,2024-02-07,2025-02-05,Out of Warranty,,10,2.3
679,232,156785,ARNS INFRAPROJECTS PVT. LTD.,Bolangir,BHAWANIPATNA,9937773324,EX70 PRM,P070-21013,2024,2024-02-12,2025-02-10,Out of Warranty,,6,2.3
680,233,126986,SHREE BALAJI ENGINCONS LIMITED,JHARSUGUDA,SHIFTED TO OTHER STATE,9078002040,EX210 Prime,SP21-85073,2024,2024-02-10,2025-02-08,Out of Warranty,,5,2.3
681,233,126986,SHREE BALAJI ENGINCONS LIMITED,JHARSUGUDA,JHARSUGUDA,9078002040,EX210 Prime,SP21-85114,2024,2024-02-10,2025-02-08,Out of Warranty,,8,2.3
682,233,83761,DRILLMAN,RAIPUR,JHARSUGUDA,9165895250,EX215S+,SP22-80587,2023,2023-12-26,2024-12-24,Out of Warranty,,1,2.5
683,233,69946,SRINIBAS MISHRA,SONEPUR,BALANGIR,6370341371,EX200S+,SP20-75012,2024,2024-02-11,2025-02-09,Out of Warranty,,5,2.3
683,232,25453,MURARILAL AGRAWAL,KALAHANDI,BHAWANIPATNA,9938770403,EX130 PRM,P130-16123,2024,2024-02-12,2025-02-10,Out of Warranty,,4,2.3
684,232,172346,MAGA RAM CHOUDHARY,Rajastan,BHAWANIPATNA,9937349120,ZX140,THEDHJL0K00003147,2024,2024-02-12,2025-02-10,Out of Warranty,,6,2.3
685,232,126986,SHREE BALAJI ENGINCONS LIMITED,JHARSUGUDA,SHIFTED TO OTHER STATE,9078002040,EX130 PRM,P130-16109,2024,2024-02-13,2025-02-11,Out of Warranty,,7,2.3
686,232,126986,SHREE BALAJI ENGINCONS LIMITED,JHARSUGUDA,SHIFTED TO OTHER STATE,9078002040,EX130 PRM,P130-16128,2024,2024-02-13,2025-02-11,Out of Warranty,,0,2.3
687,233,126986,SHREE BALAJI ENGINCONS LIMITED,JHARSUGUDA,JHARSUGUDA,9078002040,ZX370G,THEDD1L0C00001986,2024,2024-02-10,2025-02-08,Out of Warranty,,10,2.3
688,233,114344,RABINDRA MADKAMI,MALKANGIRI,JEYPORE,7735963502,EX200S+,SP20-65564,2024,2024-02-14,2025-02-12,Out of Warranty,,3,2.3
689,233,173313,ASHISH CHOUDHURY,KORAPUT,JEYPORE,8917554584,EX210 Prime,SP21-85089,2024,2024-02-14,2025-02-12,Out of Warranty,,6,2.3
690,233,169504,Chakadola Constructions,Koraput,JEYPORE,7504031954,EX200 Prime,SP20-75013,2024,2024-02-16,2025-02-14,Out of Warranty,,3,2.3
691,232,173377,BALAJI CONSTRUCTION COMPANY,PHULBANI,BALANGIR,7894761809,ZX140,THEDHJL0L00003172,2024,2024-02-22,2025-02-20,Out of Warranty,,6,2.3
692,233,27612,TRIVENI ENGICONS PVT. LTD.,NUAPADA,BHAWANIPATNA,9234004434,EX200S+,SP20-58805,2024,2024-02-23,2025-02-21,Out of Warranty,,5,2.3
693,233,27612,TRIVENI ENGICONS PVT. LTD.,NUAPADA,BHAWANIPATNA,9234004434,EX200S+,SP20-58807,2024,2024-02-23,2025-02-21,Out of Warranty,,6,2.3
694,232,81331,HARISH CHANDRA HOTA,KORAPUT,JEYPORE,7978866474,ZX140,THEDHJL0C00003135,2024,2024-02-26,2025-02-24,Out of Warranty,,4,2.3
695,232,1119,THAKUR BUILDTECH PVT. LTD.,KALAHANDI,BHAWANIPATNA,9437624991,EX130 PRM,P130-16139,2024,2024-02-27,2025-02-25,Out of Warranty,,6,2.3
696,232,1119,THAKUR BUILDTECH PVT. LTD.,KALAHANDI,BHAWANIPATNA,9437624991,EX130 PRM,P130-16149,2024,2024-02-27,2025-02-25,Out of Warranty,,6,2.3
700,233,154779,PANUGANTI MASAIAH,Telangana,SHIFTED TO OTHER STATE,9515921910,EX210S+,SP21-48123,2023,2023-04-07,2024-04-05,Out of Warranty,,5,3.2
702,233,69946,SRINIBAS MISHRA,SONEPUR,BALANGIR,6370341371,EX200 Prime,SP20-75008,2024,2024-02-29,2025-02-27,Out of Warranty,,6,2.3
703,232,172659,UMA SANKAR SAHU,Malkangiri,JEYPORE,9937024060,ZX140,THEDHJL0K00003150,2024,2024-03-02,2025-03-01,Out of Warranty,,5,2.3
704,233,166197,A THIRUPATI MINES,Koraput,JEYPORE,7008855299,ZX220 GI,THEDCRL0K00005042,2024,2024-03-02,2025-03-01,Out of Warranty,,4,2.3
705,233,174642,BIKASH CHANDRA RAO,SUNDARGARH,JHARSUGUDA,9439734329,EX210 Prime,SP21-85003,2024,2024-03-06,2025-03-05,Out of Warranty,,6,2.3
706,233,174866,SHRADDHA EARTH MOVERS,KOLKATA,SHIFTED TO OTHER STATE,6291378837,EX210 Prime,SP21-85175,2024,2024-03-07,2025-03-06,Out of Warranty,,6,2.3
707,233,171264,INTERNATIONAL IMPEX,KOLKATA,JHARSUGUDA,6291378837,EX210 Prime,SP21-85202,2024,2024-03-07,2025-03-06,Out of Warranty,,9,2.3
708,233,27612,TRIVENI ENGICONS PVT. LTD.,NUAPADA,BHAWANIPATNA,9234004434,EX200S+,SP20-58818,2024,2024-03-11,2025-03-10,Out of Warranty,,5,2.3
709,233,27612,TRIVENI ENGICONS PVT. LTD.,NUAPADA,BHAWANIPATNA,9234004434,EX200S+,SP20-58819,2024,2024-03-11,2025-03-10,Out of Warranty,,4,2.3
710,232,7327,NIRMAN BUILDERS,SAMBALPUR,SAMBALPUR,9337938079,EX70 PRM,P070-21001,2024,2024-03-19,2025-03-18,Out of Warranty,,5,2.2
711,232,7327,NIRMAN BUILDERS,SAMBALPUR,SAMBALPUR,9337938079,EX70 PRM,P070-21028,2024,2024-03-19,2025-03-18,Out of Warranty,,5,2.2
712,232,70598,PRANAB KUMAR SAMANTARA,KORAPUT,MALKANGIRI,9178924406,EX70 PRM,P070-21027,2024,2024-03-21,2025-03-20,Out of Warranty,,7,2.2
713,232,72667,BHASKAR CHANDRA NAYAK,KORAPUT,JEYPORE,8249739909,EX70 PRM,P070-21075,2024,2024-03-22,2025-03-21,Out of Warranty,,5,2.2
714,233,110497,SANTOSH KUMAR MISHRA,SONEPUR,BALANGIR,8658828425,EX210 Prime,SP21-85194,2024,2024-03-23,2025-03-22,Out of Warranty,,2,2.2
715,233,16427,Padmalaya Earth Movers,Nagarkurnool,SHIFTED TO OTHER STATE,9440071248,ZX370G,THEDD1L0C00001865,2023,2023-09-28,2024-09-26,Out of Warranty,,6,2.7
716,233,16427,Padmalaya Earth Movers,Nagarkurnool,JEYPORE,9440071248,ZX370G,THEDD1L0A00001867,2023,2023-10-05,2024-10-03,Out of Warranty,,6,2.7
717,233,87072,VENKATESWARA ASSOCIATES-MP,Singrauli,JHARSUGUDA,9442156669,EX210 Prime,SP21-21042,2024,2024-01-12,2025-01-10,Out of Warranty,,8,2.4
718,233,88168,VENKATESWARA ASSOCIATES-UP,uttar pradesh,JHARSUGUDA,7999836202,EX210 Prime,SP21-21043,2024,2024-01-09,2025-01-07,Out of Warranty,,9,2.4
719,232,75204,Soleelo Kumar Senapati,RAYAGADA,RAYAGADA,9938966565,EX70 PRM,P070-21088,2024,2024-03-31,2025-03-30,Out of Warranty,,6,2.2
720,232,75204,Soleelo Kumar Senapati,RAYAGADA,RAYAGADA,9938966565,EX70 PRM,P070-21085,2024,2024-03-31,2025-03-30,Out of Warranty,,5,2.2
721,233,48697,Ramani Ranjan Pati,RAYAGADA,RAYAGADA,8018517043,EX200S+ Infra,SP20-65677,2024,2024-03-31,2025-03-30,Out of Warranty,,4,2.2
722,233,134261,SAMBHU PRASAD,NUAPADA,BALANGIR,9777224917,EX200 Prime,SP20-75012,2024,2024-03-31,2025-03-30,Out of Warranty,,2,2.2
723,233,75681,BINODINI INFRASTRUCTURE PVT. LTD.,KALAHANDI,BHAWANIPATNA,9835990393,ZX370G,THEDD1L0A00002002,2024,2024-04-02,2025-04-01,Out of Warranty,,5,2.2
724,233,175817,BENDHA CONSTRUCTION COMPANY,KORAPUT,JEYPORE,9829305424,ZX370G,THEDD1L0E00001971,2024,2024-04-03,2025-04-02,Out of Warranty,,5,2.2
725,232,56309,TARA TARINI CONSTRCUTION PVT. LTD.,KORAPUT,JEYPORE,9439477300,ZX140,THEDHJL0P00003194,2024,2024-04-03,2025-04-02,Out of Warranty,,4,2.2
726,232,56309,TARA TARINI CONSTRCUTION PVT. LTD.,KORAPUT,JEYPORE,9439477300,ZX140,THEDHJL0T00003209,2024,2024-04-03,2025-04-02,Out of Warranty,,3,2.2
727,233,176354,DHANESWAR SAHU,SAMBALPUR,SAMBALPUR,8658591359/8917626523,EX210 Prime,SP21-85228,2024,2024-04-05,2025-04-04,Out of Warranty,,4,2.2
728,233,97844,UNITED INFRACORE LIMITED,JHARSUGUDA,JHARSUGUDA,7739555500,ZX220 GI,THEDCRL0L00005100,2024,2024-04-06,2025-04-05,Out of Warranty,,10,2.2
729,233,134612,Deba Enterprises,SUNDARGARH,ROURKELA,7008852673,EX215 Prime,SP22-95048,2024,2024-04-09,2025-04-08,Out of Warranty,,8,2.2
730,233,87424,CHANDRA SEKHAR JENA,NABARANGPUR,JEYPORE,8895070189,EX210 Prime,SP21-85230,2024,2024-04-10,2025-04-09,Out of Warranty,,4,2.2
731,233,176782,KARTTIK NAIK,BOUDH,BALANGIR,9178095544,EX200S+ Infra,SP20-65715,2024,2024-04-15,2025-04-14,Out of Warranty,,7,2.2
732,233,70156,BHRAMARBAR NAYAK,Balesore,BALANGIR,7538025259,EX200S+ Infra,SP20-65712,2024,2024-04-17,2025-04-16,Out of Warranty,,6,2.2
733,233,175016,DEBASHISH MAJHI,BARGARH,SAMBALPUR,9938307828,EX200S+ Infra,SP20-65689,2024,2024-04-03,2025-04-02,Out of Warranty,,5,2.2
734,209,175279,TERRA TEK EQUIPMENT SOLUTIONS,Telangana,ROURKELA,8790367647,EX210 Prime,SP21-21121,2024,2024-03-23,2025-03-22,Out of Warranty,,8,2.2
735,233,177512,KAMALINI BEHERA,Bolangir,BALANGIR,9337616275,EX210 Prime,SP21-85287,2024,2024-05-02,2025-05-01,Out of Warranty,,3,2.1
736,232,177267,RADHA MADHAB STONE CRUSHER,SAMBALPUR,SAMBALPUR,9437056107,EX130 PRM,P130-16235,2024,2024-05-02,2025-05-01,Out of Warranty,,5,2.1
737,233,126986,SHREE BALAJI ENGINCONS LIMITED,JHARSUGUDA,SHIFTED TO OTHER STATE,9937298560,EX210 Prime,SP21-85320,2024,2024-05-05,2025-05-04,Out of Warranty,,3,2.1
738,233,126986,SHREE BALAJI ENGINCONS LIMITED,JHARSUGUDA,SHIFTED TO OTHER STATE,9937298560,EX210 Prime,SP21-85315,2024,2024-05-05,2025-05-04,Out of Warranty,,4,2.1
739,233,126986,SHREE BALAJI ENGINCONS LIMITED,JHARSUGUDA,SHIFTED TO OTHER STATE,9937298560,EX210 Prime,SP21-85311,2024,2024-05-05,2025-05-04,Out of Warranty,,2,2.1
740,233,126986,SHREE BALAJI ENGINCONS LIMITED,JHARSUGUDA,BALANGIR,9937298560,EX210 Prime,SP21-85305,2024,2024-05-05,2025-05-04,Out of Warranty,,8,2.1
741,233,126986,SHREE BALAJI ENGINCONS LIMITED,JHARSUGUDA,JHARSUGUDA,9937298560,EX210 Prime,SP21-85300,2024,2024-05-05,2025-05-04,Out of Warranty,,8,2.1
742,233,27692,BHUSHAN POWER AND STEEL LTD,SAMBALPUR,JHARSUGUDA,9937299586,EX215S+,SP22-95061,2024,2024-05-06,2025-05-05,Out of Warranty,,10,2.1
743,233,175394,SWASTIK CONSTRUCTION,RAIPUR,JEYPORE,8878333039,EX200S+ Infra,SP20-65687,2024,2024-05-07,2025-05-06,Out of Warranty,,3,2.1
744,232,178361,ASA CONSTRUCTION,SAMBALPUR,SAMBALPUR,8249304077,ZX140,THEDHJL0P00003180,2024,2024-05-09,2025-05-08,Out of Warranty,,5,2.1
745,233,132756,Anshika Earthmovers,RAIGARH,JHARSUGUDA,9300222172,EX210S+,SP21-62502,2022,2022-02-14,2023-02-13,Out of Warranty,,11,4.3
747,233,167254,G. ENGINEERING,GANJAM,BALANGIR,8338883132,EX210S+,SP21-63682,2023,2023-12-30,2024-12-28,Out of Warranty,,5,2.5
748,233,94778,SARASWATI STONE QUARRY,Rayagada,RAYAGADA,8770536905,EX200 Prime,SP20-50018,2024,2024-05-14,2025-05-13,Out of Warranty,,4,2.1
749,233,178995,SATI IRON & CASTING,West Bengal,ROURKELA,9883284012,EX210 Prime,SP21-85359,2024,2024-05-27,2025-05-26,Out of Warranty,,8,2.0
750,233,179187,RAJSHREE CONSTRUCTIONS,KENDRAPARA,ROURKELA,9386557894,EX200 Prime,SP20-75076,2024,2024-06-03,2025-06-02,Out of Warranty,,5,2.0
751,35,158807,MAA TARA TRADING CO.,West Bengal,JHARSUGUDA,7001896660,TL340H PRM,THEWBJK0LP0000293,2024,2024-01-09,2025-01-07,Out of Warranty,,7,2.4
752,233,178995,SATI IRON & CASTING,WEST BENGAL,ROURKELA,9883284012,TL340H PRM,THEWBJK0CR0000432,2024,2024-06-03,2025-06-02,Out of Warranty,,8,2.0
753,233,178995,SATI IRON & CASTING,WEST BENGAL,ROURKELA,9883284012,TL340H PRM,THEWBJK0TR0000433,2024,2024-06-03,2025-06-02,Out of Warranty,,9,2.0
754,233,97844,UNITED INFRACORE LIMITED,JHARSUGUDA,JHARSUGUDA,7739555500,ZX220 GI,THEDCRL0E00005147,2024,2024-06-05,2025-06-04,Out of Warranty,,5,2.0
755,233,179198,KAMMU CHANDRASEKAR,TELENGANA,JEYPORE,9133331399,ZX220 GI,THEDCRL0V00005112,2024,2024-06-05,2025-06-04,Out of Warranty,,3,2.0
756,233,180749,MAHAMMAD IMRAN,RAYAGADA,RAYAGADA,8270007777,EX200S+,SP20-50024,2024,2024-07-08,2025-07-07,Out of Warranty,,5,1.9
757,233,180006,MYTHRI INFRASTRUCTURE AND MINING INDIA PRIVATE LIMITED,RAYAGADA,RAYAGADA,9989048403,EX210S+ Infra,SP20-32008,2024,2024-07-04,2025-07-03,Out of Warranty,,3,1.9
758,233,180006,MYTHRI INFRASTRUCTURE AND MINING INDIA PRIVATE LIMITED,RAYAGADA,RAYAGADA,9989048403,EX210S+ Infra,SP20-32010,2024,2024-07-04,2025-07-03,Out of Warranty,,3,1.9
759,117,97844,UNITED INFRACORE LIMITED,KEONJHAR,JHARSUGUDA,8789617270,TL340H PRM,THEWBJK0JN0000169,2022,2022-08-31,2023-08-30,Out of Warranty,,6,3.8
760,117,97844,UNITED INFRACORE LIMITED,KEONJHAR,JHARSUGUDA,8789617270,TL340H PRM,THEWBJK0PN0000170,2022,2022-08-31,2023-08-30,Out of Warranty,,6,3.8
761,233,178995,SATI IRON & CASTING,WEST BENGAL,ROURKELA,9883284012,TL340H PRM,THEWBJK0TR0000464,2024,2024-07-31,2025-07-30,Out of Warranty,,10,1.9
762,35,181745,RAMESH CHAND GROVER,KORAPUT,JEYPORE,9893405044,TL340H PRM,THEWBJK0LR0000460,2024,2024-07-31,2025-07-30,Out of Warranty,,9,1.9
763,233,181886,MANOJ ENTERPRISES,Rourkela,ROURKELA,9437044581,EX200 Prime,SP20-50049,2024,2024-08-03,2025-08-02,Out of Warranty,,3,1.9
764,,89138,VENKATESWARA ASSOCIATES,JHARSUGUDA,JHARSUGUDA,7488734995,EX210 Prime,SP21-21162,2024,2024-03-11,2025-03-10,Out of Warranty,,6,2.3
765,,116829,Shivam Condev Pvt Ltd/TATA HITACHI CONSTRUCTION MACHINERY COMPANY PRIVATE LIMITED(Rental business),BANGALORE,JEYPORE,8917414903,ZX370G,THEDD1L0C00001297,2021,2021-10-20,2022-10-19,Out of Warranty,,6,4.6
766,,116829,Shivam Condev Pvt Ltd/TATA HITACHI CONSTRUCTION MACHINERY COMPANY PRIVATE LIMITED(Rental business),BANGALORE,JEYPORE,8917414903,ZX370G,THEDD1L0A00001299,2021,2021-10-25,2022-10-24,Out of Warranty,,6,4.6
767,,116829,Shivam Condev Pvt Ltd/TATA HITACHI CONSTRUCTION MACHINERY COMPANY PRIVATE LIMITED(Rental business),BANGALORE,JEYPORE,8917414903,ZX370G,THEDD1L0C00001325,2021,2021-11-25,2022-11-24,Out of Warranty,,4,4.5
768,,116829,Shivam Condev Pvt Ltd/TATA HITACHI CONSTRUCTION MACHINERY COMPANY PRIVATE LIMITED(Rental business),BANGALORE,JEYPORE,8917414903,ZX370G,THEDD1L0H00001337,2021,2021-11-23,2022-11-22,Out of Warranty,,5,4.6
769,233,160414,OM ENTERPRISES,CHATTISGARH,SHIFTED TO OTHER STATE,8516001700,EX215S+,SP22-40099,2024,2024-07-11,2025-07-10,Out of Warranty,,4,1.9
770,233,182203,AMIT KUMAR AGRAWAL,NUAPADA,BHAWANIPATNA,9437264448,EX215S+,SP22-95112,2024,2024-08-06,2025-08-05,Out of Warranty,,4,1.8
771,233,182415,JHAJHARIYA NIRMAN LIMITED,JHARSUGUDA,SHIFTED TO OTHER STATE,8120001481,ZX370G,THEDD1L0K00002107,2024,2024-08-07,2025-08-06,Out of Warranty,,0,1.8
772,232,146427,AVALIN CHAKRA,Puri,JEYPORE,8260196710,EX70 PRM,P070-20351,2024,2024-02-27,2025-02-25,Out of Warranty,,2,2.3
773,233,172000,Srinivas Construction & Earthmovers,Ganjam,SHIFTED TO OTHER STATE,9441118568,EX200 Prime,SP20-75022,2024,2024-02-26,2025-02-24,Out of Warranty,,5,2.3
774,233,1125,STEEL AUTHORITY OF INDIA LTD.,SUNDARGARH,ROURKELA,8895500770,EX210 Prime,SP21-85477,2024,2024-09-10,2025-09-09,Out of Warranty,,3,1.8
775,233,183775,NAGAJAN KANABHAI ODEDRA / Shree Jaleswar Stone Crusher,Baliguda,JEYPORE,8238239418,EX215 Prime,SP22-95126,2024,2024-09-17,2025-09-16,Out of Warranty,,4,1.7
776,233,126986,SHREE BALAJI ENGINCONS LIMITED,JHARSUGUDA,JHARSUGUDA,9937298560,EX210 Prime,SP21-85468,2024,2024-09-18,2025-09-17,Out of Warranty,,7,1.7
777,232,58092,RUDRA PRASAD PANIGRAHI,Rayagada,RAYAGADA,9937033334,ZX140,THEDHJL0C00003256,2024,2024-09-18,2025-09-17,Out of Warranty,,2,1.7
778,233,183959,K RAMANA RAO & CO,Rayagada,RAYAGADA,9246677144,EX200S+ Infra,SP20-50087,2024,2024-09-20,2025-09-19,Out of Warranty,,5,1.7
779,233,183959,K RAMANA RAO & CO,Rayagada,RAYAGADA,9246677144,EX200S+,SP20-50116,2024,2024-11-16,2025-11-15,Out of Warranty,,5,1.6
780,232,1125,STEEL AUTHORITY OF INDIA LTD.,SUNDARGARH,ROURKELA,8895500770,EX70S+,P070-21268,2024,2024-09-30,2025-09-29,Out of Warranty,,4,1.7
781,19657,1125,STEEL AUTHORITY OF INDIA LTD.,SUNDARGARH,ROURKELA,8895500770,TL340H PRM,THEWBJK0TR0000478,2024,2024-10-09,2025-10-08,Out of Warranty,,4,1.7
782,233,92167,SAKET KUMAR TIBREWAL,JHARSUGUDA,JHARSUGUDA,9437054302,EX215 Prime,SP22-95113,2024,2024-10-04,2025-10-03,Out of Warranty,,7,1.7
783,233,183599,SANTOSH TRANSPORT,SUNDARGARH,ROURKELA,7008534964/8249414652,EX215 Prime,SP22-95129,2024,2024-10-07,2025-10-06,Out of Warranty,,6,1.7
784,232,137172,RKD CONSTRUCTION,RANCHI,BALANGIR,7328865216,ZX220 GI,THEDCRL0V00005210,2024,2024-10-08,2025-10-07,Out of Warranty,,6,1.7
785,232,137172,RKD CONSTRUCTION,RANCHI,BALANGIR,7328865136,ZX140,THEDHJL0E00003403,2024,2024-10-08,2025-10-07,Out of Warranty,,5,1.7
786,233,129360,LABA CHARAN PANDA,KALAHANDI,BHAWANIPATNA,9337137709,EX200S+,SP20-50101,2024,2024-10-08,2025-10-07,Out of Warranty,,3,1.7
787,232,183412,NILA SAUNTA,KORAPUT,JEYPORE,8328927217,ZX140,THEDHJL0A00003395,2024,2024-10-16,2025-10-15,Out of Warranty,,4,1.7
788,233,179694,ACCEL SHIPPING PVT. LTD.,CUTTACK,BHAWANIPATNA,9776011116,EX210S+,SP20-68068,2024,2024-10-08,2025-10-07,Out of Warranty,,6,1.7
789,233,179694,ACCEL SHIPPING PVT. LTD.,CUTTACK,BHAWANIPATNA,9776011116,EX210S+,SP20-68096,2024,2024-10-09,2025-10-08,Out of Warranty,,6,1.7
790,232,184402,ASISH HALDAR,NABARANGPUR,JEYPORE,8658749397,ZX140,THEDHJL0T00003405,2024,2024-10-09,2025-10-08,Out of Warranty,,3,1.7
791,233,184838,DURGA VEERABABU CONSTRUCTIONS,EAST GODAVARI,JEYPORE,9777244982,EX200 Prime,SP20-75096,2024,2024-10-09,2025-10-08,Out of Warranty,,4,1.7
792,233,175231,VISION INFRA EQUIPMENT SOLUTIONS LTD.,Baliguda,SHIFTED TO OTHER STATE,9975056222,TL340H PRM,THEWBJK0HR0000508,2024,2024-10-15,2025-10-14,Out of Warranty,,6,1.7
793,233,113422,SANTI CONSTRUCTION SAMBALPUR PVT. LTD.,SAMBALPUR,SHIFTED TO OTHER STATE,9437050507,EX215 Prime,SP22-95171,2024,2024-10-01,2025-09-30,Out of Warranty,,1,1.7
794,233,185349,JASOBANTA SAHU,BOUDH,BALANGIR,9937130403,EX215 Prime,SP22-95172,2024,2024-10-19,2025-10-18,Out of Warranty,,5,1.6
795,233,133966,TIRUPATI DRILLING & MINING SERVICES PVT. LTD.,JHARSUGUDA,JHARSUGUDA,9437051506,EX215 Prime,SP22-95110,2024,2024-10-21,2025-10-20,Out of Warranty,,7,1.6
796,89,73047,FERRO SCRAP NIGAM LTD.,SUNDARGARH,ROURKELA,6354006859,ZX370G,THEDD1L0C00002157,2024,2024-10-23,2025-10-22,Out of Warranty,,4,1.6
797,232,25453,MURARILAL AGRAWAL,Kalahandi,BHAWANIPATNA,7978139760,EX130 PRM,P130-16287,2024,2024-10-29,2025-10-28,Out of Warranty,,3,1.6
798,233,183599,SANTOSH TRANSPORT,SUNDARGARH,ROURKELA,7008534964/8249414652,EX215 Prime,SP22-95170,2024,2024-11-02,2025-11-01,Out of Warranty,,6,1.6
801,233,96426,MAA DURGA MINING,Jharkhand,BHAWANIPATNA,9771150280,EX215 Prime,SP22-95156,2024,2024-11-01,2025-10-31,Out of Warranty,,5,1.6
802,188,186377,EXECUTIVE OFFICER BOLANGIR MUNICIPALTY,Bolangir,BALANGIR,7008029141,TMX20S,SP02-5452,2024,2024-11-02,2025-11-01,Out of Warranty,,2,1.6
803,233,98595,MAA TARINI MINING ASSOCIATES,SUNDARGARH,BALANGIR,7008331449,EX200 Prime,SP20-50163,2024,2024-11-04,2025-11-03,Out of Warranty,,3,1.6
804,232,186980,ANIL KUMAR SAW,BALANGIR,SHIFTED TO OTHER STATE,7870453958,EX210S+ Infra,SP20-68132,2024,2024-11-07,2025-11-06,Out of Warranty,,2,1.6
805,233,134612,Deba Enterprises,ROURKELA,ROURKELA,6370998890,EX215 Prime,SP22-95094,2024,2024-06-14,2025-06-13,Out of Warranty,,8,2.0
806,232,25453,MURARILAL AGRAWAL,Kalahandi,BHAWANIPATNA,9938770403,EX130 PRM,P130-16308,2024,2024-11-11,2025-11-10,Out of Warranty,,2,1.6
807,233,98377,ARNAV CONSTRUCTION,KALAHANDI,BARBIL,7008456080,EX200S+,SP20-50181,2024,2024-11-14,2025-11-13,Out of Warranty,,7,1.6
808,233,187577 / 189880,GANESH KUMAR KATHAYAT,BOUDH,Other State,9127903300,EX210S+ Infra,SP20-68160,2024,2024-11-14,2025-11-13,Out of Warranty,,5,1.6
809,232,81331,HARISH CHANDRA HOTA,KORAPUT,JEYPORE,7978866474,EX70 PRM,P070-21295,2024,2024-11-18,2025-11-17,Out of Warranty,,4,1.6
810,232,81331,HARISH CHANDRA HOTA,KORAPUT,JEYPORE,7978866474,EX70 PRM,P070-21296,2024,2024-11-18,2025-11-17,Out of Warranty,,3,1.6
811,233,129360,LABA CHARAN PANDA,KALAHANDI,BHAWANIPATNA,9337137709,EX200S+,SP20-50207,2024,2024-11-15,2025-11-14,Out of Warranty,,2,1.6
812,233,180441,DINI BHOI,BARGARH,SHIFTED TO OTHER STATE,8637219367,EX210 Prime,SP21-85286,2024,2024-11-20,2025-11-19,Out of Warranty,,0,1.6
813,233,187740,PRAKASH PADHEE,JHARSUGUDA,JHARSUGUDA,9437256518,EX210 Prime,SP21-85539,2024,2024-11-23,2025-11-22,Out of Warranty,,4,1.5
814,232,187322,MOHIT KUMAR MUND,KALAHANDI,BHAWANIPATNA,‪8249060581‬,ZX140,THEDHJL0C00003421,2024,2024-11-16,2025-11-15,Out of Warranty,,4,1.6
815,233,73491,GANEWAR SUNDARAY,SAMBALPUR,SAMBALPUR,9556868127,EX210 Prime,SP21-85562,2024,2024-12-01,2025-11-30,Out of Warranty,,5,1.5
816,233,130167,JAYADEV JENA,Puri,SAMBALPUR,7008517822,EX210S+,SP21-47189,2021,2021-12-31,2022-12-30,Out of Warranty,,8,4.4
817,232,54435,Sanjay Kumar Mishra,RAYAGADA,RAYAGADA,9438007119,EX130 PRM,P130-16326,2024,2024-12-05,2025-12-04,Out of Warranty,,6,1.5
818,233,165367,J D CORPORATION,Haryana,JHARSUGUDA,7988496905,EX200S+,SP20-65397,2023,2023-10-23,2024-10-21,Out of Warranty,,7,2.6
819,233,165367,J D CORPORATION,Haryana,SHIFTED TO OTHER STATE,7988496905,EX200S+,SP20-65383,2023,2023-10-25,2024-10-23,Out of Warranty,,6,2.6
820,232,188070,LOKESWAR RAO BURADA,Rayagada,RAYAGADA,9178590184,EX70 PRM,P070-21111,2024,2024-12-05,2025-12-04,Out of Warranty,,6,1.5
821,233,167656,BIKASH CHANDRA AGRAWALA,Balangir,BALANGIR,9583851138,EX210 Prime,SP20-68109,2024,2024-12-09,2025-12-08,Out of Warranty,,3,1.5
822,232,187833,SANTANA DHALI,MALKANGIRI,JEYPORE,8280078543,ZX140,THEDHJL0C00003449,2024,2024-12-12,2025-12-11,Out of Warranty,,3,1.5
823,233,116829,TATA HITACHI CONSTRUCTION MACHINERY,Karnataka,JHARSUGUDA,8917414903,EX200S+,SP20-35333,2023,2023-12-12,2024-12-10,Out of Warranty,,3,2.5
824,233,116829,TATA HITACHI CONSTRUCTION MACHINERY,Karnataka,JHARSUGUDA,8917414903,EX200S+,SP20-65531,2024,2024-01-27,2025-01-25,Out of Warranty,,3,2.4
824,233,116829,TATA HITACHI CONSTRUCTION MACHINERY,Karnataka,JHARSUGUDA,8917414903,EX200S+,SP20-35320,2023,2023-12-12,2024-12-10,Out of Warranty,,3,2.5
825,233,116829,TATA HITACHI CONSTRUCTION MACHINERY,Karnataka,JHARSUGUDA,8917414903,EX200S+,SP20-35354,2023,2023-12-11,2024-12-09,Out of Warranty,,3,2.5
826,183,159425,Unicorn India Pvt. Ltd.,CUTTACK,RAYAGADA,7008908881,ZX33U,THEADBL0P00041898,2024,2024-12-26,2025-12-25,Out of Warranty,,3,1.5
827,233,132421,DAS ENGINEERING,SAMBALPUR,SAMBALPUR,9340403300,EX200 Prime,SP20-50100,2024,2024-12-27,2025-12-26,Out of Warranty,,3,1.5
828,232,188964,Sanjib Gaigouria,Boudh,SAMBALPUR,6370761829,EX70 PRM,P070-21248,2025,2025-01-09,2026-01-08,Out of Warranty,,3,1.4
830,231,172675,A K CONSTRUCTION CO.,Haryana,BHAWANIPATNA,9118980000,ZX23U,THEACDL0P00000279,2024,2024-02-09,2025-02-07,Out of Warranty,,5,2.3
831,231,177534,SANWAL CONSTRUCTION COMPANY,Haryana,BHAWANIPATNA,9118980000,ZX23U,THEACDL0E00000312,2024,2024-05-31,2025-05-30,Out of Warranty,,4,2.0
832,232,189989,Krishna Chandra Mandal,MALKANGIRI,JEYPORE,9438071816,ZX140,THEDHJL0E00003479,2025,2025-01-13,2026-01-12,Out of Warranty,,4,1.4
833,233,191725,AVTAR EARTHMOVERS,BHAWANIPATNA,BHAWANIPATNA,9437070336,EX210S+,SP20-68196,2025,2025-01-15,2026-01-14,Out of Warranty,,4,1.4
834,233,27612,TRIVENI ENGICONS PVT. LTD.,Nuapada,BHAWANIPATNA,9234004434,EX200 Prime,SP20-75195,2025,2025-01-16,2026-01-15,Out of Warranty,,4,1.4
835,233,27612,TRIVENI ENGICONS PVT. LTD.,Nuapada,BHAWANIPATNA,9234004434,EX200 Prime,SP20-75198,2025,2025-01-20,2026-01-19,Out of Warranty,,4,1.4
836,233,111698,MAYANK CONSTRUCTION Prop:PURUSOTAM VERMA Prop:PURUSOTAM VERMA,SHIVPURI,BALANGIR,8318732291,EX215S+,SP22-80521,2023,2023-10-19,2024-10-17,Out of Warranty,,5,2.6
837,232,189758,ALOK GANTAYAT,NABARANGPUR,JEYPORE,7008070210,ZX140,THEDHJL0L00003477,2025,2025-01-22,2026-01-21,Out of Warranty,,3,1.4
838,233,189880,GANESH KUMAR KATHAYAT,Boudh,Other State,9129703300,EX210 Prime,SP21-85681,2025,2025-01-27,2026-01-26,Out of Warranty,,4,1.4
839,28,191741,TULSI CARRYING PRIVATE LIMITED,KOLKATA,ROURKELA,6299564630,TL340H PRM,THEWBJK0CR0000558,2025,2025-01-28,2026-01-27,Out of Warranty,,5,1.4
840,233,92168,GUNJAN DRILLING ASSOCIATES PVT LTD,Jharsuguda,JHARSUGUDA,9437051506,EX215S+,SP22-80449,2023,2023-03-16,2024-03-14,Out of Warranty,,6,3.2
841,233,192514,PRAKASH KUMAR SINGH,Rayagada,RAYAGADA,9777461808,EX200S+ Infra,SP20-50284,2025,2025-02-01,2026-01-31,Out of Warranty,,4,1.4
842,233,115295,MSA ENGINEERS & CONTRACTORS CO,SUNDARGARH,ROURKELA,7008275002,EX210 Prime,SP21-85674,2025,2025-02-03,2026-02-02,Out of Warranty,,5,1.4
843,233,144915,S.R. Granites,Khammam,JEYPORE,9640761624,ZX370G,THEDD1L0C00001597,2022,2022-10-18,2023-10-17,Out of Warranty,,6,3.6
844,233,169388,Ambaji Rocks and Minerals,KALAHANDI,BHAWANIPATNA,9200070097,ZX220 GI,THEDCDL0L00005374,2025,2025-02-08,2026-02-07,Out of Warranty,,6,1.3
945,233,16427,Padmalaya Earth Movers,Nagarkurnool,JEYPORE,9440071248,ZX370G,THEDD1L0E00002263,2025,2025-02-10,2026-02-09,Out of Warranty,,3,1.3
946,233,193663,Dandapani Padhy,NABARANGPUR,JEYPORE,9938577784,EX200 Prime,SP20-75205,2025,2025-02-14,2026-02-13,Out of Warranty,,3,1.3
945,233,193139,H. S. M. CONSTRUCTION,West Bengal,ROURKELA,9933788465,EX210 Prime,SP21-85695,2025,2025-02-13,2026-02-12,Out of Warranty,,2,1.3
946,233,16427,Padmalaya Earth Movers,Nagarkurnool,SHIFTED TO OTHER STATE,9440071248,ZX370G,THEDD1L0C00002264,2025,2025-02-17,2026-02-16,Out of Warranty,,0,1.3
947,233,156992,Orissa Metaliks Private Limited,Sundergarh,ROURKELA,8170013582,ZX370G,THEDD1L0J00002268,2025,2025-03-05,2026-03-04,Out of Warranty,,7,1.3
948,233,160438,Aditya Narayan Rath,KHURDA,BHAWANIPATNA,9437009737,EX210 Prime,SP21-85659,2025,2025-02-24,2026-02-23,Out of Warranty,,4,1.3
949,233,160438,Aditya Narayan Rath,KHURDA,BHAWANIPATNA,9437009737,EX210 Prime,SP21-85660,2025,2025-02-24,2026-02-23,Out of Warranty,,6,1.3
950,233,194569,SINGHAL ENTERPRISES,JHARSUGUDA,JHARSUGUDA,8753121888,EX210 Prime,SP21-85710,2025,2025-02-28,2026-02-27,Out of Warranty,,4,1.3
951,233,194336,Mishra Enterprises,SAMBALPUR,JHARSUGUDA,9937111111,EX200S+,SP20-50314,2025,2025-03-03,2026-03-02,Out of Warranty,,5,1.3
952,21953,156992,Orissa Metaliks Private Limited,SUNDARGARH,ROURKELA,8170013582,EX70 PRM,P070-21393,2025,2025-03-07,2026-03-06,Out of Warranty,,7,1.3
953,233,143024,NRKR Projects,Telangana,SHIFTED TO OTHER STATE,9989899222,EX200S+,SP20-30246,2022,2022-09-12,2023-09-11,Out of Warranty,,5,3.7
954,232,193887,Chandra Sekhar Sahukar,Rayagada,RAYAGADA,7894927139,EX70 PRM,P070-21423,2025,2025-03-15,2026-03-14,Out of Warranty,,2,1.2
955,21951,156992,Orissa Metaliks Private Limited,Sundergarh,ROURKELA,8170013582,EX200S+ Infra,THEDJLL0C00050349,2025,2025-03-24,2026-03-23,Out of Warranty,,6,1.2
956,21951,156992,Orissa Metaliks Private Limited,Sundergarh,SHIFTED TO OTHER STATE,8170013582,EX200S+ Infra,THEDJLL0H00050350,2025,2025-03-25,2026-03-24,Out of Warranty,,3,1.2
957,233,193887,PJR PROJECT CONSTRUCTIONS PVT. LTD.,KORAPUT,JEYPORE,7013840447,EX200S+ Infra,THEDJLL0C00010403,2025,2025-03-24,2026-03-23,Out of Warranty,,3,1.2
958,233,191589,SRC Company Infra Pvt Ltd,JHARSUGUDA,ROURKELA,9963025072,ZX220 GI,THEDCDL0L00005343,2025,2025-03-22,2026-03-21,Out of Warranty,,3,1.2
959,233,193275,Sanjay Kumar Lath,BALANGIR,BALANGIR,7077446158,EX200S+,SP20-50296,2025,2025-03-28,2026-03-27,Out of Warranty,,2,1.2
960,233,64648,Unistar Company,SUNDARGARH,ROURKELA,9238489175,EX210S+,SP20-68295,2025,2025-03-31,2026-03-30,Out of Warranty,,2,1.2
961,233,64648,Unistar Company,SUNDARGARH,ROURKELA,9238489175,EX70 PRM,P070-21451,2025,2025-04-07,2026-04-06,Out of Warranty,,4,1.2
962,233,126986,SHREE BALAJI ENGINCONS LIMITED,JHARSUGUDA,SHIFTED TO OTHER STATE,9078002040,EX210 Prime,THEDJLL2K00085818,2025,2025-04-01,2026-03-31,Out of Warranty,,3,1.2
963,232,197037,SAI VAISHNAVI ENTERPRISES,KORAPUT,JEYPORE,7788805555,ZX140,THEDHJL0T00003548,2025,2025-04-04,2026-04-03,Out of Warranty,,2,1.2
964,233,170870,SINGHAL ENTERPRISES,SUNDARGARH,ROURKELA,9078160163,ZX220 GI,THEDCDL0A00005454,2025,2025-04-14,2026-04-13,Out of Warranty,,9,1.2
965,232,159658,BALAJI CONSTRUCTION COMPANY,Chhattisgarh,BALANGIR,9575556789,EX130S+,SP13-15713,2023,2023-07-05,2024-07-03,Out of Warranty,,7,2.9
966,232,111139,NARAYAN BISOI,Koraput,JEYPORE,8658408044,ZX140,THEDHJL0L00003608,2025,2025-04-15,2026-04-14,Out of Warranty,,1,1.2
967,233,197074,Usha Infrastructure,Sambalpur,SAMBALPUR,7381336985,EX210 Prime,THEDJLL0J00068341,2025,2025-04-16,2026-04-15,Out of Warranty,,1,1.2
968,233,149443,Ashirbad Eng & Construction Pvt. Ltd,Khordha,BALANGIR,9237522685,EX210S+,SP21-63135,2023,2023-02-15,2024-02-14,Out of Warranty,,6,3.3
969,232,197191,GIRIDHARI DASH,JHARSUGUDA,JHARSUGUDA,9437253821,EX70 PRM,P070-21289,2025,2025-04-18,2026-04-17,Out of Warranty,,4,1.1
970,232,194820,TANUSHREE CONSTRUCTION,Bolangir,JEYPORE,9337616275,ZX140,THEDHJL0J00003490,2025,2025-04-18,2026-04-17,Out of Warranty,,1,1.1
971,232,196784,Sifan Kumar Dash,BARGARH,SAMBALPUR,9861304277,EX130 PRM,THEDHML0C00016459,2025,2025-04-21,2026-04-20,Out of Warranty,,3,1.1
972,232,196506,Sanjay Kumar Mathur,KALAHANDI,BHAWANIPATNA,9658006087,EX130 PRM,THEDHML0J00016418,2025,2025-04-28,2026-04-27,Out of Warranty,,3,1.1
973,232,198562,Allapa Akhil Kumar,Rayagada,RAYAGADA,8018808456,EX70 PRM,P070-21422,2025,2025-05-07,2026-05-06,Out of Warranty,,4,1.1
974,232,148551,Pati Constructions,Khordha,RAYAGADA,9437032318,EX130 PRM,P130-16401,2025,2025-05-08,2026-05-07,Out of Warranty,,2,1.1
975,233,161026,OM CORPORATION/ NILESH SHAMRAOJI AKRE Prop,MAHARASTRA,JHARSUGUDA,9767760690,EX200S+,SP20-58720,2023,2023-08-31,2024-08-29,Out of Warranty,,6,2.8
976,234,95697,ANOOP ROAD CARRIERS,Chhattisgarh,BHAWANIPATNA,9993070132,EX210S+,SP21-62924,2022,2022-10-15,2023-10-14,Out of Warranty,,7,3.7
977,235,94459,RSR INFRA WORKS(INDIA) PVT.LTD,Telangana,JEYPORE,9951937938,ZX370G,THEDD1L0C00000627,2019,2019-04-02,2020-03-31,Out of Warranty,,10,7.2
978,236,148846,HKGN CONSTRUCTIONS,NABARANGPUR,JEYPORE,9437972986,EX200 Prime,THEDJLL1K00075264,2025,2025-05-12,2026-05-11,Out of Warranty,,2,1.1
979,237,198200,Chandra Sekhar Vara Prasad Rao Vaddadi,Rayagada,RAYAGADA,7008469574,EX210S+,SP20-68280,2025,2025-05-14,2026-05-13,Out of Warranty,,0,1.1
980,238,142299,RANJIT KUMAR SAHOO,Boudh,BALANGIR,9937024142,EX210S+,SP21-62741,2022,2022-08-01,2023-07-31,Out of Warranty,,6,3.9
981,239,16434,Gyanendra Kumar Routray,CUTTACK,JEYPORE,9938198509,ZX220 GI,THEDCRL0J00003762,2023,2023-12-10,2024-12-08,Out of Warranty,,4,2.5
982,233,83761,DRILLMAN,Raipur,JHARSUGUDA,9165895250/8839203037,EX215S+,SP22-80349,2022,2022-09-16,2023-09-15,Out of Warranty,,9,3.7
983,233,133966,TIRUPATI DRILLING & MINING SERVICES PVT. LTD.,JHARSUGUDA,JHARSUGUDA,9437051506,EX215 Prime,SP22-95109,2025,2025-05-24,2026-05-23,Out of Warranty,,4,1.1
984,234,198762,Keshab Chandra Jena,Jeypore,JEYPORE,9668666924,EX210 Prime,THEDJLL2C00085837,2025,2025-05-26,2026-05-25,Out of Warranty,,0,1.0
985,233,13849,Orissa Stevedores Limited,CUTTACK,BHAWANIPATNA,9938386494,EX210S+,THEDJLL0K00068435,2025,2025-05-29,2026-05-28,Out of Warranty,,6,1.0
986,233,13849,Orissa Stevedores Limited,CUTTACK,BHAWANIPATNA,9938386494,EX210S+,THEDJLL0V00068424,2025,2025-05-29,2026-05-28,Out of Warranty,,7,1.0
987,233,13849,Orissa Stevedores Limited,CUTTACK,BHAWANIPATNA,9938386494,EX210S+,THEDJLL0C00068423,2025,2025-05-29,2026-05-28,Out of Warranty,,7,1.0
988,233,13849,Orissa Stevedores Limited,CUTTACK,BHAWANIPATNA,9938386494,EX210S+,THEDJLL0E00068431,2025,2025-05-29,2026-05-28,Out of Warranty,,6,1.0
989,233,199758,ARATI SHARMA,Raigarh,ROURKELA,9827490935,EX215 Prime,THEDJLL3C00095348,2025,2025-06-04,2026-06-03,Out of Warranty,,2,1.0
990,233,199169,S S TRADING COMPANY,BOKARO,ROURKELA,7004945123,EX210S+ Infra,THEDJLL0K00068354,2025,2025-06-09,2026-06-08,Out of Warranty,,3,1.0
991,233,150591,JAI RUDRA EARTHMOVERS,Raigarh,SAMBALPUR,9575234012,EX210S+,SP21-63250,2023,2023-03-02,2024-02-29,Out of Warranty,,10,3.3
992,233,168213,SURESH KUMAR,Hazaribagh,SHIFTED TO OTHER STATE,8294969482,EX215S+,SP22-80545,2023,2023-12-09,2024-12-07,Out of Warranty,,5,2.5
993,233,199169,S S TRADING COMPANY,BOKARO,ROURKELA,7004945123,EX210S+ Infra,THEDJLL0C00068356,2025,2025-06-09,2026-06-08,Out of Warranty,,4,1.0
994,233,199610,Sriram Infra & Trading Pvt. Ltd.,Khordha,BHAWANIPATNA,8249446868,EX210S+,THEDJLL0C00068432,2025,2025-06-12,2026-06-11,Out of Warranty,,5,1.0
995,233,182795,Mrs. MANJULA Proprietor of M/s. PREYAM DRILLING AND MINING SERVICES,NAMAKKAL,JHARSUGUDA,9443045414,EX215 Prime,SP22-40129,2024,2024-08-29,2025-08-28,Out of Warranty,,5,1.8
996,233,182795,Mrs. MANJULA Proprietor of M/s. PREYAM DRILLING AND MINING SERVICES,NAMAKKAL,JHARSUGUDA,9443045414,EX215 Prime,SP22-40182,2024,2024-10-28,2025-10-27,Out of Warranty,,5,1.6
997,233,182795,Mrs. MANJULA Proprietor of M/s. PREYAM DRILLING AND MINING SERVICES,NAMAKKAL,JHARSUGUDA,9443045414,EX215 Prime,SP22-40229,2024,2024-10-30,2025-10-29,Out of Warranty,,5,1.6
998,233,197106,AYYAPPA CONSTRUCTIONS,NABARANGPUR,JEYPORE,8444844414,EX200 Prime,THEDJLL1P00075263,2025,2025-06-21,2026-06-20,In Warranty,,2,1.0
999,233,199169,S S TRADING COMPANY,BOKARO,ROURKELA,6202209882,ZX370G,THEDDKL0H00000016,2025,2025-06-23,2026-06-22,In Warranty,,1,1.0
1000,233,199169,S S TRADING COMPANY,BOKARO,ROURKELA,6202209882,ZX370G,THEDDKL0E00000017,2025,2025-06-23,2026-06-22,In Warranty,,1,1.0
1001,233,400596,VENKATESWARA TRADERS,RAYAGADA,RAYAGADA,9938483093,EX200S+ Infra,THEDJLL0H00050428,2025,2025-06-26,2026-06-25,In Warranty,,2,1.0
1002,233,401091,SANSKAR TRADERS,SUNDARGARH,ROURKELA,7004945123,EX210S+ Infra,THEDJLL0H00068413,2025,2025-07-01,2026-06-30,In Warranty,,3,0.9
1003,233,401081,SWASTIK ENTERPRISES,SUNDARGARH,ROURKELA,7004945123,EX210S+ Infra,THEDJLL0V00068388,2025,2025-07-01,2026-06-30,In Warranty,,3,0.9
1004,233,199169,S S TRADING COMPANY,SUNDARGARH,ROURKELA,6202209882,ZX370G,THEDDKL0P00000037,2025,2025-07-03,2026-07-02,In Warranty,,3,0.9
1005,233,401406,MAMATA PRADHAN,Anugul,SAMBALPUR,6371397265,EX215 Prime,THEDJLL3H00095296,2025,2025-07-03,2026-07-02,In Warranty,,4,0.9
1006,233,161651,Envirocare Infrasolution Pvt.Ltd.,SUNDARGARH,ROURKELA,9692600936,EX210S+,THEDJLL0L00068393,2025,2025-07-10,2026-07-09,In Warranty,,4,0.9
1007,233,401091,SANSKAR TRADERS,SUNDARGARH,ROURKELA,7004945123,EX210S+ Infra,THEDJLL0T00068416,2025,2025-07-19,2026-07-18,In Warranty,,3,0.9
1008,233,199169,S S TRADING COMPANY,SUNDARGARH,ROURKELA,6202209882,ZX370G,THEDDKL0H00000047,2025,2025-07-21,2026-07-20,In Warranty,,3,0.9
1009,233,161651,Envirocare Infrasolution Pvt.Ltd.,SUNDARGARH,ROURKELA,9692600936,EX210S+,THEDJLL0C00068396,2025,2025-07-21,2026-07-20,In Warranty,,4,0.9
1010,233,161651,Envirocare Infrasolution Pvt.Ltd.,SUNDARGARH,ROURKELA,9692600936,EX210S+,THEDJLL0K00068399,2025,2025-07-22,2026-07-21,In Warranty,,4,0.9
1011,233,402050,NAMYA VANYA ENTERPRISES LLP,SUNDARGARH,ROURKELA,7004945123,EX210S+ Infra,THEDJLL0C00068468,2025,2025-07-19,2026-07-18,In Warranty,,4,0.9
1012,233,402050,NAMYA VANYA ENTERPRISES LLP,SUNDARGARH,ROURKELA,7004945123,EX210S+ Infra,THEDJLL0C00068471,2025,2025-07-21,2026-07-20,In Warranty,,1,0.9
1013,233,402050,NAMYA VANYA ENTERPRISES LLP,SUNDARGARH,ROURKELA,7004945123,EX210S+ Infra,THEDJLL0C00068440,2025,2025-07-21,2026-07-20,In Warranty,,4,0.9
1014,233,81702,SHAIK LATIEF,Kurnool,MALKANGIRI,7894388896,EX200S,S200-53771,2017,2017-04-08,2018-04-07,Out of Warranty,,8,9.2
1015,233,163023,HARSHAL ENTERPRISES,NAGPUR,RAYAGADA,9422310740,EX210 Prime,SP21-21573,2025,2025-01-31,2026-01-30,Out of Warranty,,1,1.4
1016,232,33293,B. Manoj Kumar Rao,Ganjam,BHUBANESWAR,9437262448,EX130 PRM,P130-16351,2025,2025-01-09,2026-01-08,Out of Warranty,,4,1.4
1017,233,401091,SANSKAR TRADERS,SUNDARGARH,ROURKELA,7004945123,ZX220 GI,THEDCDL0L00005570,2025,2025-07-28,2026-07-27,In Warranty,,4,0.9
1018,233,192151,Manjula Panda,Ganjam,BALANGIR,8249963223,EX210 Prime,SP20-68191,2025,2025-01-23,2026-01-22,Out of Warranty,,2,1.4
1019,233,82250,RUDRA MANI PODHA,SAMBALPUR,SAMBALPUR,7008814736,EX215 Prime,THEDJLL3K00095371,2025,2025-08-11,2026-08-10,In Warranty,,0,0.8
1020,233,84814,Hrusikesha Kausalya,KORAPUT,JEYPORE,7008142243,EX210 Prime,THEDJLL2C00085765,2025,2025-08-12,2026-08-11,In Warranty,,3,0.8
1021,233,16434,GYANENDRA KUMAR ROUTRAY,CUTTACK,JEYPORE,671-2322449,ZX140,THEDHJL0H00003058,2023,2023-12-15,2024-12-13,Out of Warranty,,5,2.5
1022,233,404501,SUMCON INFRAVENTURES PRIVATE LIMITED,DANAGADI,RAYAGADA,9937340800,EX210 Prime,THEDJLL2V00085919,2025,2025-09-15,2026-09-14,In Warranty,,1,0.7
1023,232,1125,STEEL AUTHORITY OF INDIA LTD.,SUNDARGARH,ROURKELA,8895500770,EX70 PRM,P070-21553,2025,2025-09-10,2026-09-09,In Warranty,,2,0.8
1024,232,1125,STEEL AUTHORITY OF INDIA LTD.,SUNDARGARH,ROURKELA,8895500770,EX70 PRM,P070-21554,2025,2025-09-10,2026-09-09,In Warranty,,0,0.8
1025,231,403978,Rajat Patel,JHARSUGUDA,JHARSUGUDA,7008321977,NX30,NX30-00122,2025,2025-09-11,2026-09-10,In Warranty,,3,0.8
1026,232,156969,Raj Kishore Pradhan,"Debagarh,",SAMBALPUR,9938745381,EX130 PRM,P130-16124,2024,2024-09-16,2025-09-15,Out of Warranty,,4,1.7
1027,233,33293,B. Manoj Kumar Rao,Ganjam,RAYAGADA,9437262448,EX200S+,SP20-65173,2023,2023-08-31,2024-08-29,Out of Warranty,,6,2.8
1028,232,158595,SISIRA KANTA JENA,KHORDHA,JHARSUGUDA,8658840421,EX70 PRM,P070-20644,2023,2023-06-29,2024-06-27,Out of Warranty,,3,3.0
1029,233,116251,Sai Krishna Stone Crusher,Rayagada,RAYAGADA,8018012759,EX210 Prime,THEDJLL2C00085944,2025,2025-09-29,2026-09-28,In Warranty,,2,0.7
1030,233,405838,AAROHI ENTERPRISES,JHARSUGUDA,JHARSUGUDA,9438660476,EX210S+,THEDJLL0C00068454,2025,2025-10-03,2026-10-02,In Warranty,,3,0.7
1031,233,13849,Orissa Stevedores Limited,CUTTACK,BHAWANIPATNA,9938386494,EX210S+,THEDJLL0C00068504,2025,2025-10-03,2026-10-02,In Warranty,,4,0.7
1032,233,13849,Orissa Stevedores Limited,CUTTACK,BHAWANIPATNA,9938386494,EX210S+,THEDJLL0L00068507,2025,2025-10-03,2026-10-02,In Warranty,,4,0.7
1033,233,406046,NARASIMHA RAO KANDA,EAST GODAVARI,RAYAGADA,9394925999,EX200 Prime,THEDJLL1P00075294,2025,2025-10-10,2026-10-09,In Warranty,,2,0.7
1034,233,163477,SAILABALA PRADHAN,JHARSUGUDA,BALANGIR,9437256520,EX210 Prime,THEDJLL2C00085983,2025,2025-10-10,2026-10-09,In Warranty,,2,0.7
1035,233,46109,KESHAB SAHUKAR,RAYAGADA,RAYAGADA,9437427852,EX215 Prime,THEDJLL3T00095464,2025,2025-10-13,2026-10-12,In Warranty,,2,0.7
1036,233,401406,MAMATA PRADHAN,Anugul,SAMBALPUR,6371397265,EX215 Prime,THEDJLL3P00095451,2025,2025-10-21,2026-10-20,In Warranty,,2,0.6
1037,232,407368,BIBEK KUMAR DEURI,Malkangiri,MALKANGIRI,9437771442,EX70 PRM,P070-21517,2025,2025-10-23,2026-10-22,In Warranty,,2,0.6
1038,233,136970,Annapurna Suppliers,BOLANGIR,BALANGIR,9861185411,EX215 Prime,THEDJLL3V00095469,2025,2025-10-29,2026-10-28,In Warranty,,2,0.6
1039,233,136970,Annapurna Suppliers,BOLANGIR,BALANGIR,9861185411,EX215 Prime,THEDJLL3J00095470,2025,2025-10-29,2026-10-28,In Warranty,,1,0.6
1040,233,406549,FERRO SCRAP NIGAM LTD.,SUNDARGARH,ROURKELA,9332377566,ZX220 GI,THEDCDL0P00005642,2025,2025-10-30,2026-10-29,In Warranty,,2,0.6
1041,233,408172,Vivek Agarwal,JHARSUGUDA,JHARSUGUDA,9937055511,EX210 Prime,THEDJLL0H00068508,2025,2025-10-31,2026-10-30,In Warranty,,1,0.6
1042,233,174348,BAMMIDI ARUNAKUMARI,SRIKAKULAM,RAYAGADA,9182508814,EX200 Prime,SP20-75047,2024,2024-03-30,2025-03-29,Out of Warranty,,6,2.2
1043,233,73183,Sandhya Construction,KORAPUT,JEYPORE,8018281818,EX200 Prime,THEDJLL1C00075292,2025,2025-11-10,2026-11-09,In Warranty,,1,0.6
1044,233,163477,SAILABALA PRADHAN,JHARSUGUDA,JHARSUGUDA,9437256520,EX215 Prime,THEDJLL3H00095492,2025,2025-11-11,2026-11-10,In Warranty,,2,0.6
1045,233,133966,TIRUPATI DRILLING & MINING SERVICES PVT. LTD.,JHARSUGUDA,JHARSUGUDA,9437051506,EX215 Prime,THEDJLL3P00095367,2025,2025-11-11,2026-11-10,In Warranty,,2,0.6
1046,233,408404,Dhanlaxmi Enterprises,JHARSUGUDA,JHARSUGUDA,9777488885,EX200 Prime,THEDJLL1E00075257,2025,2025-11-17,2026-11-16,In Warranty,,2,0.6
1047,233,183599,Santosh Transport,ROURKELA,ROURKELA,8658641990,EX215 Prime,THEDJLL3A00095490,2025,2025-11-21,2026-11-20,In Warranty,,1,0.6
1048,233,126986,SHREE BALAJI ENGINCONS LIMITED,JHARSUGUDA,JHARSUGUDA,9937298560,EX210 Prime,SP21-85469,2024,2024-09-17,2025-09-16,Out of Warranty,,6,1.7
1049,233,407823,Mukesh Kumar Sahu,Bolangir,BALANGIR,6370225702,EX210 Prime,THEDJLL0A00068537,2025,2025-11-27,2026-11-26,In Warranty,,0,0.5
1050,233,153614,EXIQUDE PRIVATE LIMITED,JHARKHAND,JHARSUGUDA,8058205930,EX200 Prime,SP20-50213,2024,2024-12-05,2025-12-04,Out of Warranty,,2,1.5
1051,233,170845,SAIVIKAS ESTATE DEVELOPMENT PRIVATE LIMITED,Gariyaband,MALKANGIRI,9907794753,EX200S+,SP20-65509,2024,2024-01-23,2025-01-21,Out of Warranty,,5,2.4
1052,233,96714,UTTAM KUMAR NAYAK,SUNDARGARH,ROURKELA,9937055525,EX210 Prime,THEDJLL0V00068455,2025,2025-12-05,2026-12-04,In Warranty,,2,0.5
1053,233,409872,Tapan Kumar Sahu,Deogarh,SAMBALPUR,9178750882,EX200 Prime,THEDJLL0T00050398,2025,2025-12-06,2026-12-05,In Warranty,,2,0.5
1054,233,409452,PENUKA GOPI KRISHNA,Bargarh,MALKANGIRI,9032223881,EX210 Prime,THEDJLL0A00068568,2025,2025-12-10,2026-12-09,In Warranty,,0,0.5
1055,232,406555,RAJIB LOCHAN PRADHAN,SAMBALPUR,SAMBALPUR,9937388813,ZX140,THEDHJL0P00003633,2025,2025-12-12,2026-12-11,In Warranty,,1,0.5
1056,233,173313,ASHISH CHOUDHURY,KORAPUT,MALKANGIRI,8917554584,ZX220 GI,THEDCDL0C00005628,2025,2025-12-13,2026-12-12,In Warranty,,0,0.5
1057,183,411021,Manoj Kumar Bhoi,Bargarh,SAMBALPUR,9938560532,NX30,NX30-00139,2025,2025-12-18,2026-12-17,In Warranty,,0,0.5
1058,233,404058,Samay Minerals Pvt. Ltd.,Koraput,JEYPORE,7993921089,ZX370G,THEDDKL0H00000145,2025,2025-12-22,2026-12-21,In Warranty,,1,0.5
1059,233,405324,Bain Global Resources Pvt Ltd,Sundargarh,JHARSUGUDA,8919747701,EX200 Prime,THEDJLL1A00075335,2025,2025-12-22,2026-12-21,In Warranty,,0,0.5
1060,233,405324,Bain Global Resources Pvt Ltd,Sundargarh,JHARSUGUDA,8919747701,EX200 Prime,THEDJLL1H00075337,2025,2025-12-22,2026-12-21,In Warranty,,0,0.5
1061,233,405721,Maa Majhighariani Stone Crusher,RAYAGADA,RAYAGADA,9439475354,EX210 Prime,THEDJLL0L00068667,2025,2025-01-10,2026-01-09,Out of Warranty,,0,1.4
1062,233,411245,MADAN RAM CHOUDHARY,JHARSUGUDA,JHARSUGUDA,8770341651,ZX220 GI,THEDCDL0C00005757,2026,2026-01-13,2027-01-12,In Warranty,,0,0.4
1062,233,195235,Dalaniya  Buildcon Pvt LTD,Sambalpur,ROURKELA,9777070800,EX210 Prime,THEDJLL0A00068375,2026,2026-01-16,2027-01-15,In Warranty,,5,0.4
1063,232,148846,HKGN CONSTRUCTIONS,NABARANGPUR,JEYPORE,9437972986,ZX140,THEDHJL0L00003821,2026,2026-01-16,2027-01-15,In Warranty,,0,0.4
1064,233,197116,SHANKAR PUJARI,SUNDARGARH,ROURKELA,9937801237,EX210 Prime,THEDJLL0K00068564,2026,2026-01-17,2027-01-16,In Warranty,,0,0.4
1065,233,184588,SUCCESS CONSTRUCTION & SERVICES,Mayurbhanj,MALKANGIRI,9398034039,ZX220 GI,THEDCDL0P00005253,2024,2024-10-14,2025-10-13,Out of Warranty,,5,1.7
1066,233,87325,Laxmi Enterprises,HYDERABAD,JHARSUGUDA,7402939999,EX210 Prime,THEDJLL2V00022142,2025,2025-11-05,2026-11-04,In Warranty,,2,0.6
1067,233,93507,BHURA RAM,SONEPUR,BALANGIR,9556903540,EX215 Prime,THEDJLL3J00095551,2026,2026-01-17,2027-01-16,In Warranty,,0,0.4
1068,233,414001,Alok Transport,JHARSUGUDA,JHARSUGUDA,9437055249,EX210 Prime,THEDJLL0C00068611,2026,2026-02-02,2027-02-01,In Warranty,,0,0.4
