Serial_No,Visit_Month,Region,Visit_Count,Branch,Dealership,SPE_Name,SPE_Employee_ID,SPP_Name,CRM_Ticket_ID,CRM_Followup_ID,Customer_Name,Machine_Serial_No,Tonnage_Category,Machine_Model,Date_Of_Commission,Hour_Meter_Reading,Customer_Code,Customer_Type,Consite_Shot_No,Visit_Date,Quote_Date,Quote_Number,EMR_Value,MAT_Value,LAT_Value,Total_Quotation_Value,Dealer_Claim_Number,Invoice_Date,Invoice_Value,Conversion_Amount,Conversion_Percent,Win_Loss_Reason,Remarks,Claim_Eligible,Claim_Amount,Last_FY_Business,SPE_Contact,Financial_Year,Visit_Month_Name,Is_Converted,Machine_Age_Years
1.0,2025-04-01,East,1,Koira,Trishul-Western,Jayakrushna Barik,E01730,Bimal Ranjan Dash,1781356.0,840921,SUSHANTA KUMAR CHOUDHURY,315V-6344,BHL,TJD315V,2008-12-15,16967,25626.0,KA,917733,2025-04-16,2025-04-22,1536803/1536804/1536805,24724.18,15075.0,30569.9,39799.18,,,0.0,,0.0,,,,,,7894438195.0,,Apr-2025,No,16.3
2.0,2025-04-01,East,1,Koira,Trishul-Western,Jayakrushna Barik,E01730,Bimal Ranjan Dash,1781358.0,840922,BARADA PRASAD MOHANTY,3036-1978,TWL,TWL3036,2008-05-31,24224,15280.0,NON-KA,919558,2025-04-23,2025-05-25,1576590/1576591/1576592/1576593,24391.12,25027.96,111788.98,49419.08,,,0.0,,0.0,,,,,,7894438195.0,,Apr-2025,No,16.9
3.0,2025-04-01,East,1,Koira,Trishul-Western,Jayakrushna Barik,E01730,Bimal Ranjan Dash,1781360.0,844415,Kaypee Enterprises,S110-10747,10T-14T,EX110,2016-11-23,7391,1106.0,KA,921196,2025-04-26,2025-05-25,1576594/1576595/1576596,18522.86,21313.16,62105.1,39836.02,,,0.0,,0.0,,,,,,7894438195.0,,Apr-2025,No,8.4
4.0,2025-04-01,East,1,Koira,Trishul-Western,Jayakrushna Barik,E01730,Bimal Ranjan Dash,1781359.0,840929,THRIVENI EARTHMOVERS PVT LTD,S110-11885,10T-14T,EX110,2018-05-28,17713,27868.0,KA,916636,2025-04-16,2025-04-18,1536806/1536808/1536809,61080.48,16246.22,72878.36,77326.7,355928.0,2025-04-23,26703.4,,0.3453322073746843,,,YES,3000.0,,7894438195.0,,Apr-2025,Yes,6.9
5.0,2025-04-01,East,1,Keonjhar,Trishul-Western,Debashis Mallick,E01722,Bimal Ranjan Dash,1781402.0,840979,Susanta Kumar Samal,3036-2638,20T-22T,EX210,2018-08-09,13354,13244.0,NON-KA,913122,2025-04-07,2025-04-22,1536800/1536801/1536802,57070.76,25027.96,49683.88,82098.72,,,0.0,,0.0,,,,,,8339960651.0,,Apr-2025,No,6.7
6.0,2025-04-01,East,1,Keonjhar,Trishul-Western,Debashis Mallick,E01722,Bimal Ranjan Dash,1781404.0,841014,Pradeep Kumar Panda,2001-11113,20T-22T,EX200,2011-02-09,13346,13246.0,NON-KA,916447,2025-04-15,2025-04-22,1536732/1536733/1536734,6496.22,16230.1,90978.0,22726.32,355953.0,2025-04-24,41293.8,,1.8170033687812197,,,YES,3000.0,,8339960651.0,,Apr-2025,Yes,14.2
7.0,2025-04-01,East,1,Keonjhar,Trishul-Western,Debashis Mallick,E01722,Bimal Ranjan Dash,1781403.0,841018,SWAIN MINERALS,S210-56144,20T-22T,EX210,2018-03-17,17279,28440.0,NON-KA,914412,2025-04-10,2025-04-22,1536735/1536793/1536794,222172.42,16230.1,68930.1,238402.52,355917.0,2025-04-23,19246.0,,0.0807290124282243,,,YES,2000.0,,8339960651.0,,Apr-2025,Yes,7.1
8.0,2025-04-01,East,1,Keonjhar,Trishul-Western,Debashis Mallick,E01722,Bimal Ranjan Dash,1781405.0,841033,Bharat Chandra Khuntia,TH76-10636,BHL,TH76,2014-07-28,18889,69975.0,NON-KA,913162,2025-04-08,2025-04-22,1536795/1536797/1536799,16205.1,15427.14,30569.9,31632.24,,,0.0,,0.0,,,,,,8339960651.0,,Apr-2025,No,10.7
9.0,2025-04-01,East,1,Barbil,Trishul-Western,Bhagabat Behera,E01717,Bimal Ranjan Dash,1781407.0,841039,Gopal Singh,315V-0884,BHL,315V,2005-02-18,2314,11543.0,KA,914939/914983,2025-04-11,2025-04-22,1536510/1536556/1536558,8127.14,15075.0,24455.92,23202.14,,,0.0,,0.0,,,,,,7894438193.0,,Apr-2025,No,20.1
10.0,2025-04-01,East,1,Barbil,Trishul-Western,Bhagabat Behera,E01717,Bimal Ranjan Dash,1781406.0,841084,Kamaljeet Singh Ahluwalia,1101-5332,10T-14T,EX110,2012-05-30,12551,4814.0,KA,918087,2025-04-17,2025-04-22,1536417/1536419/1536482,4308.88,16246.22,155405.06,20555.1,355908.0,2025-04-23,92302.95,,4.490513303267802,,,YES,3000.0,,7894438193.0,,Apr-2025,Yes,12.9
11.0,2025-04-01,East,1,Barbil,Trishul-Western,Bhagabat Behera,E01717,Bimal Ranjan Dash,1780913.0,841088,Trustline Mining & Minerals,THEDC0L0P00000580,20T-22T,ZX220,2018-02-13,23128,86264.0,KA,915244,2025-04-10,2025-04-22,1536486/1536502/1536506,91491.53,55802.58,218226.68,147294.11,355924.0,2025-04-24,261037.0,,1.772216146321126,,,YES,3000.0,,7894438193.0,,Apr-2025,Yes,7.2
12.0,2025-04-01,East,1,Barbil,Trishul-Western,Bhagabat Behera,E01717,Bimal Ranjan Dash,1780917.0,841089,JAGANNATH ASSOCIATES,THEWBHK0CK0000288,TWL,TL340H,2019-11-17,13583,96849.0,NON-KA,913789,2025-04-09,2025-04-22,1536584/1536590/1536622,6358.06,52684.18,49683.88,59042.24,355906.0,2025-04-23,75833.75,,1.2843982545377683,,,YES,3000.0,,7894438193.0,,Apr-2025,Yes,5.4
13.0,2025-04-01,East,1,Bhawanipatna,Trishul-Western,Nilakantheswar Sahu,E04724,Chinmaya Kumar Rout,1780916.0,841092,Anil Bhatta Mishra/Sandeep Kumar Behera,0703-7945,7T-8T,EX70,2012-04-04,11522,60011.0,NON-KA,Consite shot Rpt. Not Submit,,2025-04-09,1520402/1520405/1520406,10641.64,1152.0,3975.92,11793.64,,,0.0,,0.0,,,,,,7894435042.0,,Apr-2025,No,
14.0,2025-04-01,East,1,Bhawanipatna,Trishul-Western,Nilakantheswar Sahu,E04724,Chinmaya Kumar Rout,1780915.0,841509,Sanjay Kumar Panda,S070-16004,7T-8T,EX70,2017-02-06,8643,80711.0,NON-KA,Consite shot Rpt. Not Submit,,2025-04-09,1520384/1520340/1520385,2416.8,10641.64,8882.92,13058.44,,,0.0,,0.0,,,,,,7894435042.0,,Apr-2025,No,
15.0,2025-04-01,East,1,Jeypore,Trishul-Western,Ranjit Ojha,E04734,Nikunja Kumar Muduli,1781253.0,841533,CHANDDRA SEKHAR JENA,THEDA0L0L00000108,10T-14T,ZX140,2018-04-07,10158,87424.0,NON-KA,924635,2025-04-27,2025-04-24,1539348/1539403/1539404,4308.88,27107.24,7205.1,31416.120000000003,,,0.0,,0.0,,,,,,7606005594.0,,Apr-2025,No,7.1
16.0,2025-04-01,East,1,Jeypore,Trishul-Western,Hari Bhoi,E04751,Nikunja Kumar Muduli,1781255.0,841535,Gayatri Stone Crusher,S110-10115,10T-14T,EX110,2015-10-14,14763,74226.0,NON-KA,915842,2025-04-14,2025-04-14,1526880/1526887/1526889,4309.18,80597.32,12537.8,84906.5,355922.0,2025-05-03,82509.35,,0.971767179191228,,,YES,3000.0,,7894435084.0,,Apr-2025,Yes,9.5
17.0,2025-04-01,East,1,Jeypore,Trishul-Western,Ranjit Ojha,E04734,Nikunja Kumar Muduli,1781254.0,841538,JAMI SRIDEVI,0703-9643,7T-8T,EX70,2015-04-11,6299,72398.0,NON-KA,924647,2025-04-27,2025-04-24,1539409/1539433/1539453,4308.88,12550.82,3897.86,16859.7,,,0.0,,0.0,,,,,,7606005594.0,,Apr-2025,No,10.0
18.0,2025-04-01,East,1,Jeypore,Trishul-Western,Hari Bhoi,E04751,Nikunja Kumar Muduli,1781256.0,841540,SAROJ KUMAR PRADHAN,S070-15452,7T-8T,EX70,2016-03-13,6546,75665.0,NON-KA,915831,2025-04-14,2025-04-14,1526828/1526872/1526874,5804.18,11660.2,17363.16,17464.38,355879.0,2025-05-03,11893.3,,0.6810032763831295,,,YES,2000.0,,7894435084.0,,Apr-2025,Yes,9.1
19.0,2025-04-01,East,1,Rayagada,Trishul-Western,Siba Prasad Sahu,E04731,Sunil Kumar Acharya,1780914.0,841558,S Murali Prasad,S070-16349,7T-8T,EX70,2017-10-09,10073,84219.0,NON-KA,917045,2025-04-15,2025-04-22,1536690/1536744/1536745,4391.12,2324.18,14008.88,6715.299999999999,,,0.0,,0.0,,,,,,7894435086.0,,Apr-2025,No,7.5
20.0,2025-04-01,East,1,Rayagada,Trishul-Western,Siba Prasad Sahu,E04731,Sunil Kumar Acharya,1780997.0,841581,Raj Electrical & Constructions,THEWAAD0KG0010928,BHL,TH76,2016-12-11,4757,79120.0,NON-KA,915238,2025-04-08,,sales quote not created,,,,0.0,,,0.0,,,,,,,,7894435086.0,,Apr-2025,No,8.3
21.0,2025-04-01,East,1,Jharsuguda,Trishul-Western,R. Rutu Raj,E01738,Chinmaya Kumar Ratha,1781259.0,841583,BGR Mining & Infra Limited,THEDCRL0E00000093,20T-22T,ZX220,2014-09-12,26992,59144.0,KA,920762,2025-04-22,2025-04-22,1536639/1536662/1536632,23916.54,27816.92,37649.17,51733.46,366130.0,2025-05-08,52348.95,,1.0118973291173643,,,YES,3000.0,,7894435110.0,,Apr-2025,Yes,10.6
22.0,2025-04-01,East,1,Jharsuguda,Trishul-Western,Janmenjaya Jena,E04747,Chinmaya Kumar Ratha,1781351.0,841586,Orissa Metaliks Private Limited,S200-55274,20T-22T,EX200,2018-09-13,8789,78413.0,KA,921518,2025-04-22,2025-04-21,1534387/1534446/1534390,65832.22,52108.01,1534390.0,117940.23,355981.0,2025-05-02,162064.40999999997,,1.374123231742044,,,YES,3000.0,,7894435109.0,,Apr-2025,Yes,6.6
23.0,2025-04-01,East,1,Jharsuguda,Trishul-Western,Diptiranjan Moharana,E01723,Chinmaya Kumar Ratha,1781260.0,841588,Sri Balaji Engicons Pvt.Ltd.,S200-53499,20T-22T,EX200,2016-12-04,14225,3180.0,KA,921112,2025-04-25,2025-04-22,1536593/1536550/1536563,1488.14,38612.72,604763.12,40100.86,355264.0,2025-04-30,644864.0299999999,,16.081052376432822,,,YES,3000.0,,7606005573.0,,Apr-2025,Yes,8.4
24.0,2025-04-01,East,1,Jharsuguda,Trishul-Western,R. Rutu Raj,E01738,Chinmaya Kumar Ratha,1781355.0,841614,BGR Mining & Infra Private Limited,TH86-10513,BHL,TH86,2014-12-14,9452,59999.0,KA,921188,2025-04-22,2025-08-05,1665378/1665411/1665379,9348.31,3894.95,59019.35,13243.259999999998,386641.0,2025-08-30,59019.15,,4.456542422334079,,,,3000.0,,7894435110.0,,Apr-2025,Yes,10.4
25.0,2025-04-01,East,1,Jharsuguda,Trishul-Western,R. Rutu Raj,E01738,Chinmaya Kumar Ratha,1781357.0,841620,BGR MINING AND INFRA PRIVATE LIMITED,TH86-10480,BHL,TH86,2014-08-21,8963,72491.0,KA,921187,2025-04-22,2025-04-22,"1536724/1536728/1536726
1536708/1536669/1536723",13787.72,3762.32,36025.35,17550.04,,,0.0,,0.0,,,,,,7894435110.0,,Apr-2025,No,10.7
26.0,2025-04-01,East,1,Rourkela,Trishul-Western,Saroj Dandpat,E04743,Sudipta Dey,1780996.0,841643,DARA SINGH,SP20-56096,20T-22T,EX200,2018-12-04,11682,41784.0,NON-KA,917543,2025-04-17,2025-04-18,1531872/1531830/1531875,7620.06,17355.04,20781.78,24975.1,355245.0,2025-05-03,17701.9,,0.7087819468190317,,,YES,2000.0,,7894435147.0,,Apr-2025,Yes,6.4
27.0,2025-04-01,East,1,Rourkela,Trishul-Western,Saroj Dandpat,E04743,Sudipta Dey,1780995.0,841701,SINGHAL ENTERPRISES,THEDC0L0V00001010,20T-22T,ZX220,2019-11-15,13153,97432.0,NON-KA,917512/917529,2025-04-16,2025-04-18,1532009/1532005/1532032,17364.99,36343.86,4309.19,53708.850000000006,,,0.0,,0.0,,,,,,7894435147.0,,Apr-2025,No,5.4
28.0,2025-04-01,East,1,Sambalpur,Trishul-Western,Tofan Jena,E04749,Shashikanta Mohapatra,1781258.0,841702,MONALISA ENGICON,S200-52630,20T-22T,EX200,2015-09-18,5806,67928.0,KA,915833,2025-04-13,2025-04-11,1523292/1523296/1523344,36540.1,24366.47,5513.06,60906.57,355234.0,2025-04-24,67787.4,,1.112973526501328,,,YES,3000.0,,7894435327.0,,Apr-2025,Yes,9.6
29.0,2025-04-01,East,1,Sambalpur,Trishul-Western,Tofan Jena,E04749,Shashikanta Mohapatra,1781257.0,841706,ISWAR BISWAL,THEWAAD0JG0010932,BHL,TH76,2016-12-28,6636,80166.0,NON KA,920612,2025-04-21,2025-04-22,1535330/1535366/1535376,9850.86,12862.0,10596.06,22712.86,,,0.0,,0.0,,,,,,7894435327.0,,Apr-2025,No,8.3
30.0,2025-05-01,East,1,Koira,Trishul-Western,Jayakrushna Barik,E01730,Bimal Ranjan Dash,1822625.0,858688,Rahul Associates,3036-1842,TWL,TWL3036,2008-02-28,22483 hours,23264.0,NON-KA,929308,2025-05-13,2025-05-25,1576572/1576573/1576574,14144.9,25027.96,102266.94,39172.86,366151.0,2025-05-26,86947.0,,2.2195724284619502,,,YES,3000.0,,7894438195.0,,May-2025,Yes,17.2
31.0,2025-05-01,East,1,Koira,Trishul-Western,Jayakrushna Barik,E01730,Bimal Ranjan Dash,1822626.0,860625,SAPL Infrastrucrue Private Limited,0ACE-001002,20T-22T,ZX210,2010-01-11,39068 hours,32181.0,KA,935264,2025-05-20,2025-05-26,1577758/1577851/1577853,394002.96,48044.9,76710.2,442047.86,366120.0,2025-05-26,42305.4,,0.0957032118648872,,,YES,3000.0,,7894438195.0,,May-2025,Yes,15.4
32.0,2025-05-01,East,1,Koira,Trishul-Western,Jayakrushna Barik,E01730,Bimal Ranjan Dash,1822624.0,860626,Janardan Dehury,L360-4491,TWL,TL360Z,2014-06-18,26675 hours,70042.0,NON-KA,928635,2025-05-09,2025-05-25,1576566/1576567/1576568,18188.98,21955.08,83144.08,40144.06,,,0.0,,0.0,,,,,,7894438195.0,,May-2025,No,10.9
33.0,2025-05-01,East,1,Koira,Trishul-Western,Jayakrushna Barik,E01730,Bimal Ranjan Dash,1822623.0,860629,Kamaljeet Singh Ahluwalia,3036-1053,TWL,TWL3036,2006-01-23,1062 hours,4814.0,KA,928676,2025-05-13,2025-05-25,1576569/1576570/1576571,48154.68,22524.96,106414.8,70679.64,,,0.0,,0.0,,,,,,7894438195.0,,May-2025,No,19.3
34.0,2025-05-01,East,1,Keonjhar,Trishul-Western,Debashis Mallick,E01722,Bimal Ranjan Dash,1823402.0,860637,Ashok Bricks Industries(P)Ltd,THEWBAD0TG0010843,BHL,TH86,2016-11-07,2440 hours,11934.0,NON-KA,927822,2025-05-10,2025-05-25,1576584/1576585/1576586,11225.82,15427.14,35094.08,26652.96,,,0.0,,0.0,,,,,,8339960651.0,,May-2025,No,8.5
35.0,2025-05-01,East,1,Keonjhar,Trishul-Western,Debashis Mallick,E01722,Bimal Ranjan Dash,1823401.0,860638,PATEL KUMAR MOHANTA,S070-17270,7T-8T,EX70S,2018-12-20,6047 hours,92581.0,NON-KA,930580,2025-05-15,2025-05-25,1576587/1576588/1576589,36947.04,7791.94,62105.1,44738.98,,,0.0,,0.0,,,,,,8339960651.0,,May-2025,No,6.4
36.0,2025-05-01,East,1,Keonjhar,Trishul-Western,Debashis Mallick,E01722,Bimal Ranjan Dash,1822627.0,860657,Abdul Hanan,S210-56431,20T-22T,EX210S,2018-08-09,8243 hours,90103.0,NON-KA,927729,2025-05-09,2025-05-25,1576581/1576582/1576583,7436.02,58817.78,49683.88,66253.8,366152.0,2025-05-26,52179.6,,0.7875714298651548,,,YES,3000.0,,8339960651.0,,May-2025,Yes,6.7
37.0,2025-05-01,East,1,Keonjhar,Trishul-Western,Debashis Mallick,E01722,Bimal Ranjan Dash,1831628.0,870814,Madan Mohan Sahu,0ACE-002504,20T-22T,ZX210,2013-03-05,13107 hours,64578.0,NON-KA,940155,2025-05-29,2025-06-24,1614841/1614843/1614844,13800.82,24599.18,49683.88,38400.0,,,0.0,,0.0,,,,,,8339960651.0,,May-2025,No,12.2
38.0,2025-05-01,East,1,Barbil,Trishul-Western,Bhagabat Behera,E01717,Bimal Ranjan Dash,1823406.0,860659,B.S.Mining Corporation Pvt.Ltd,THEWBHK0JK0000189,TWL,TL340H,2019-04-06,8641 hours,73934.0,NON-KA,931244,2025-05-15,2025-05-25,1576575/1576576/1576577,16466.94,57669.9,58644.9,74136.84,366136.0,2025-05-26,53393.3,,0.7201992963282493,,,YES,3000.0,,7894438193.0,,May-2025,Yes,6.1
39.0,2025-05-01,East,1,Barbil,Trishul-Western,Bhagabat Behera,E01717,Bimal Ranjan Dash,1823404.0,860660,Thriveni Earthmovers Private Ltd.,1101-6386,10T-14T,EX110,2014-04-17,10646 hours,1241.0,KA,936355,2025-05-26,2025-06-02,1586804/1586809/1586872,9900.82,7591.94,46578.82,17492.76,,,0.0,,0.0,,,,,,7894438193.0,,May-2025,No,11.1
40.0,2025-05-01,East,1,Barbil,Trishul-Western,Bhagabat Behera,E01717,Bimal Ranjan Dash,1823405.0,860674,"M.G.M.Minerals Ltd. 5A,Forest Park",0ACH-000314,30T-37T,ZX370,2011-04-16,23488 hours,17711.0,KA,931504/931520,2025-05-17,2025-05-25,1576578/1576579/1576580,129127.96,37650.82,247428.82,166778.78,366144.0,2025-05-26,170722.5,,1.0236464135305463,,,YES,3000.0,,7894438193.0,,May-2025,Yes,14.1
41.0,2025-05-01,East,1,Barbil,Trishul-Western,Bhagabat Behera,E01717,Bimal Ranjan Dash,1823403.0,860675,Sahara Ores Carrier,THEWBFK0AJ0004721,TWL,TL360Z,2018-08-03,7986 hours,90116.0,NON-KA,930924,2025-05-15,2025-05-26,1577734/1577738/1577740,16919.06,13607.24,49683.88,30526.300000000003,,,0.0,,0.0,,,,,,7894438193.0,,May-2025,No,6.8
42.0,2025-05-01,East,1,Bhawanipatna,Trishul-Western,Nilakantheswar Sahu,E04724,Chinmaya Kumar Rout,1823408.0,858517,Lingaraj Majhi,S200-53107,20T-22T,EX200S,2016-07-06,40500,77369.0,NON-KA,Consite shot Rpt. Not Submit,,2025-05-06,1552286/1552284/1552289,14890.98,23769.08,4308.9,38660.06,,2025-05-31,4495.0,,0.1162698661098818,,,,,,7894435042.0,,May-2025,Yes,
43.0,2025-05-01,East,1,Bhawanipatna,Trishul-Western,Nilakantheswar Sahu,E04724,Chinmaya Kumar Rout,1823407.0,858518,RANA RAM,SP21-61196,20T-22T,EX210SP,2020-01-16,8643,98668.0,NON-KA,948963,2025-05-31,,sales quote not created,,,,0.0,,,0.0,,,,,,,,7894435042.0,,May-2025,No,5.4
44.0,2025-05-01,East,1,Jeypore,Trishul-Western,Ranjit Ojha,E04734,Nikunja Kumar Muduli,1822375.0,858572,Jami Venugopal ,S110-11076,10T-14T,EX110S,2017-03-18,0 hours,25988.0,NON-KA,934198,2025-05-22,2025-05-23,1574827/1574830/1574914,14471.02,24256.76,4539.92,38727.78,385041.0,2025-08-07,8928.9,,0.2305554307528084,,,,1000.0,,7606005594.0,,May-2025,Yes,8.2
45.0,2025-05-01,East,1,Jeypore,Trishul-Western,Hari Bhoi,E04751,Nikunja Kumar Muduli,1822376.0,858573,PADMACHARAN CHOUDHURY,THEDA0L0L00000884,10T-14T,ZX140,2019-07-08,8789 hours,95722.0,NON-KA,934159/934172,2025-05-21,2025-05-24,1576246/1576134/1576248,4888.98,28405.92,148202.14,33294.899999999994,372940.0,2025-07-05,146988.35,,4.414740696022515,,,YES,3000.0,,7894435084.0,,May-2025,Yes,5.9
46.0,2025-05-01,East,1,Jeypore,Trishul-Western,Ranjit Ojha,E04734,Nikunja Kumar Muduli,1822377.0,858575,AMEVA ASSOCIATES,SP20-56748,20T-22T,EX200SP,2019-11-15,11793 hours,97706.0,NON-KA,934226,2025-05-22,2025-05-19,1567428/1567400/1567430,2388.84,19174.18,7694.9,21563.02,385037.0,2025-06-04,9207.1,,0.4269856448679267,,,,1000.0,,7606005594.0,,May-2025,Yes,5.5
47.0,2025-05-01,East,1,Jeypore,Trishul-Western,Hari Bhoi,E04751,Nikunja Kumar Muduli,1823423.0,858574,CHAITHANYA TRADERS,S200-25490,20T-22T,EX200S,2018-07-28,12590 hours,89736.0,NON-KA,927893,2025-05-11,2025-05-12,1560481/1560445/1560448,4308.88,1902.65,67507.04,6211.530000000001,,2025-06-04,3943.85,,0.6349240847263072,,,,,,7894435084.0,,May-2025,Yes,6.8
48.0,2025-05-01,East,1,Rayagada,Trishul-Western,Siba Prasad Sahu,E04731,Sunil Kumar Acharya,1823409.0,858578,Rikada Kandagori,S110-11818,10T-14T,EX110S,2018-04-18,10250 hours,87243.0,NON-KA,933808,2025-05-21,2025-05-22,1573512/1573514/1573515,7761.02,22191.12,27063.98,29952.14,,2026-01-17,1580.0,,0.0527508218110625,,,,,,7894435089.0,,May-2025,Yes,7.1
49.0,2025-05-01,East,1,Rayagada,Trishul-Western,Siba Prasad Sahu,E04731,Sunil Kumar Acharya,1823410.0,858577,Lingaraj Behera,TH76-10802,BHL,TH76,2015-06-09,12310 hours,72977.0,NON-KA,934164,2025-05-21,2025-05-23,1574892/1574928/1574943,2664.8,3935.2,18497.86,6600.0,395995.0,2025-09-03,6479.0,,0.9816666666666668,,,,1000.0,,7894435089.0,,May-2025,Yes,9.9
50.0,2025-05-01,East,1,Jharsuguda,Trishul-Western,Diptiranjan Moharana,E01723,Chinmaya Kumar Ratha,1822621.0,858579,Nirmala Sahu,S200-53058,20T-22T,EX200S,2016-06-02,8248 hours,76756.0,KA,938471,2025-05-29,2025-05-26,1577229/1577226/1577228,122.96,24275.97,31470.2,24398.93,,,0.0,,0.0,,,,,,7606005573.0,,May-2025,No,9.0
51.0,2025-05-01,East,1,Jharsuguda,Trishul-Western,Diptiranjan Moharana,E01723,Chinmaya Kumar Ratha,1822622.0,858580,Manoj Kumar Sahu,S200-52696,20T-22T,EX200S,2015-11-10,8248 hours,74365.0,KA,938471,2025-05-29,2025-05-26,1577536/1577534/1577538,2389.1,30388.8,1947.88,32777.9,,,0.0,,0.0,,,,,,7606005573.0,,May-2025,No,9.5
52.0,2025-05-01,East,1,Jharsuguda,Trishul-Western,R. Rutu Raj,E01738,Chinmaya Kumar Ratha,1822510.0,858602,Bhushan Power & Steel,350V-2128,30T-37T,EX350V,2011-10-24,64007 hours,22657.0,KA,933101,2025-05-19,2025-05-09,1557602/1557925/1557924,62824.0,6282.0,281125.0,69106.0,366137.0,2025-05-30,281125.0,,4.06802593117819,,,YES,3000.0,,7894435110.0,,May-2025,Yes,13.6
53.0,2025-05-01,East,1,Jharsuguda,Trishul-Western,Janmenjaya Jena,E04747,Chinmaya Kumar Ratha,1822509.0,858603,Asish Yadav,S200-55281,20T-22T,EX200S,2018-10-06,0 hours,75515.0,NON-KA,938469,2025-05-29,2025-05-30,1584255/1584321/1584258,57343.76,38030.88,11009.06,95374.64,,,0.0,,0.0,,,,,,7894435109.0,,May-2025,No,6.6
54.0,2025-05-01,East,1,Jharsuguda,Trishul-Western,Tofan Jena,E04749,Shashikanta Mohapatra,1831627.0,863185,Kamal  Kumar Das,S070-15382,7T-8T,EX70S,2016-01-24,3494 hours,74927.0,NON-KA,929803,2025-05-12,2025-05-12,1560105/1560108/1560110,35398.76,18211.24,19474.88,53610.0,,,0.0,,0.0,,,,,,7894435327.0,,May-2025,No,9.3
55.0,2025-05-01,East,1,Jharsuguda,Trishul-Western,R. Rutu Raj,E01738,Chinmaya Kumar Ratha,1823424.0,858601,BGR Mining & Infra  Limited,S200-22143,20T-22T,EX200S,2016-07-04,6425 hours,59144.0,KA,933114,2025-05-20,2025-05-06,1553500/1553551/1553552,3804.0,5326.0,64634.0,9130.0,366161.0,2025-05-30,64634.0,,7.0792990142387735,,,YES,3000.0,,7894435110.0,,May-2025,Yes,8.9
56.0,2025-05-01,East,1,Rourkela,Trishul-Western,Saroj Dandpat,E04743,Sudipta Dey,1823422.0,858604,Madhaba Chandra Majhi,S110-10332,10T-14T,EX110S,2016-02-25,10124 hours,75524.0,NON-KA,941327,2025-05-29,2025-05-28,1580198/1580169/1580221,37095.76,12077.92,8939.82,49173.68,412806.0,2025-11-29,10736.0,,0.2183281788143576,,,,,,7894435147.0,,May-2025,Yes,9.3
57.0,2025-05-01,East,1,Rourkela,Trishul-Western,Saroj Dandpat,E04743,Sudipta Dey,1823421.0,858605,Shiba Kishan,S200-55226,20T-22T,EX200S,2018-09-01,8845 hours,90476.0,NON-KA,939811,2025-05-29,2025-05-24,1578733/1578682/1578774,4309.18,17153.14,9525.2,21462.32,,,0.0,,0.0,,,,,,7894435147.0,,May-2025,No,6.7
58.0,2025-05-01,East,1,Sambalpur,Trishul-Western,Tofan Jena,E04749,Shashikanta Mohapatra,1822508.0,858606,Nityananda Pati,1101-6762,10T-14T,EX110,2015-03-26,2422 hours,38812.0,KA,933810,2025-05-15,2025-05-21,1571790/1571883/1571885,7151.86,30885.9,20722.0,38037.76,,,0.0,,0.0,,,,,,7894435327.0,,May-2025,No,10.1
59.0,2025-05-01,East,1,Sambalpur,Trishul-Western,Tofan Jena,E04749,Shashikanta Mohapatra,1822374.0,858607,Ashish Kumar Bhoi,0703-8974,7T-8T,EX70,2013-11-13,13345 hours,67639.0,KA,933814,2025-05-20,2025-05-19,1567181/1567182/1567187,17752.9,15412.92,13793.16,33165.82,,,0.0,,0.0,,,,,,7894435327.0,,May-2025,No,11.5
60.0,2025-06-01,East,1,Jeypore,Trishul-Western,Ranjit Ojha,E04734,Nikunja Kumar Muduli,1872174.0,880725,Jitendra Subudhi,THEDA0L0C00000105,10T-14T,ZX140,2018-04-01,10865 hours,68829.0,NON KA,952854,2025-06-25,2025-07-02,1625820/1625779/1625890,4308.88,30683.06,22591.12,34991.94,,,0.0,,0.0,,,,,,7606005594.0,,Jun-2025,No,7.2
61.0,2025-06-01,East,1,Jeypore,Trishul-Western,Ranjit Ojha,E04734,Nikunja Kumar Muduli,1872173.0,880774,MAA SARBAMANGALA STONE CRUSHER,S070-17039,7T-8T,EX70S,2018-07-09,8257 hours,89679.0,NON KA,954821,2025-06-30,2025-06-24,1614680/1614637/1614672,580.1,36832.08,2527.96,37412.18,,,0.0,,0.0,,,,,,7606005594.0,,Jun-2025,No,7.0
62.0,2025-06-01,East,1,Jeypore,Trishul-Western,Hari Bhoi,E04751,Nikunja Kumar Muduli,1872171.0,880772,Goutam Mondal,01S1-051990,10T-14T,ZX120,2013-03-17,12157 hours,64802.0,NON KA,954819,2025-06-30,2025-06-24,1614604/1614567/1614602,580.1,13652.0,1306.24,14232.1,,2026-03-30,39707.1,,2.7899677489618537,,,,,,7894435084.0,,Jun-2025,Yes,12.3
63.0,2025-06-01,East,1,Sambalpur,Trishul-Western,Tofan Jena,E04749,Shashikanta Mohapatra,1871980.0,880773,BKD Infrastructure Pvt.Ltd.,S200-53689,20T-22T,EX210S,2017-02-25,12219 hours,80807.0,KA,947181,2025-06-13,2025-06-12,1599816/1599842/1599843,40296.34,80479.92,248041.32,120776.26,380200.0,2025-07-24,7571.0,,0.0626861603431005,,,,1000.0,,7894435327.0,,Jun-2025,Yes,8.3
64.0,2025-06-01,East,1,Sambalpur,Trishul-Western,Tofan Jena,E04749,Shashikanta Mohapatra,1871979.0,880916,Saroj Kumar Mohanty,S070-16676,7T-8T,EX70S,2018-01-29,8467 hours,86616.0,NON KA,947077,2025-06-11,2025-06-12,1598740/1598834/1598836,9629.06,10501.8,88055.8,20130.86,,,0.0,,0.0,,,,,,7894435327.0,,Jun-2025,No,7.4
65.0,2025-06-01,East,1,Jharsuguda,Trishul-Western,R. Rutu Raj,E01723,Chinmaya Kumar Ratha,1871978.0,880899,BGR Mining & Infra Limited,THEDCRL0J00000361,20T-22T,ZX220GI,2015-12-12,30099 hours,59144.0,KA,949930,2025-06-18,2025-06-12,1598912/1598914/1598920/1598917,75642.38,65366.09,43653.0,141008.47,372951.0,2025-06-25,83409.7,,0.5915226227190465,,,YES,3000.0,,7606005573.0,,Jun-2025,Yes,9.5
66.0,2025-06-01,East,1,Jharsuguda,Trishul-Western,Diptiranjan Moharana,E01738,Chinmaya Kumar Ratha,1871976.0,880919,VENKATESWARA ASSOCIATES,S200-25049,20T-22T,EX200S,2018-04-28,13450 hours,87072.0,NON KA,953784,2025-06-19,2025-06-25,1615394/1615444/1615430/1615449/1615424/1615472,35741.67,85199.49,74276.13,120941.16,372920.0,2025-06-25,70129.74,,0.5798666062075145,,,YES,3000.0,,7894435110.0,,Jun-2025,Yes,7.1
67.0,2025-06-01,East,1,Jharsuguda,Trishul-Western,R. Rutu Raj,E01738,Chinmaya Kumar Ratha,1871975.0,880931,Bhushan Power & Steel,1G600V00118688,20T-22T,ZX200,2008-05-05,47825 hours,22657.0,KA,949927,2025-06-18,2025-06-19,1607871/1607879/1607857,48654.22,10183.92,2516930.92,58838.14,372886.0,2025-06-25,48654.3,,0.8269177101791457,,,YES,3000.0,,7894435110.0,,Jun-2025,Yes,17.1
68.0,2025-06-01,East,1,Jharsuguda,Trishul-Western,Janmenjaya Jena,E04747,Chinmaya Kumar Ratha,1871974.0,880920,Ranisati Stone Crusher,S110-10278,10T-14T,EX110S,2016-01-30,3756 hours,75311.0,NON KA,945115,2025-06-09,2025-06-12,1598967/1598998/1598992,26743.92,26672.08,98619.78,53416.0,372841.0,2025-06-25,98619.92,,1.8462617942189603,,,YES,3000.0,,7894435109.0,,Jun-2025,Yes,9.4
69.0,2025-06-01,East,1,Koira,Trishul-Western,Jayakrushna Barik,E01730,Bimal Ranjan Dash,1871973.0,881092,Hrusikesh Dehuri At/PO-Koira,3036-1912,TWL,TWL3036,2008-04-12,20340 hours,23763.0,NON KA,944278,2025-06-10,2025-06-24,1614807/1614808/1614810,24391.12,13607.24,53788.16,37998.36,,,0.0,,0.0,,,,,,7894438195.0,,Jun-2025,No,17.2
70.0,2025-06-01,East,1,Koira,Trishul-Western,Jayakrushna Barik,E01730,Bimal Ranjan Dash,1871972.0,881070,Debnarayan Prasad Sahoo,S110-10943,10T-14T,EX110S,,7791 hours,80288.0,NON KA,945474,2025-06-12,2025-06-24,1614831/1614833/1614834,8583.06,5700.82,97128.78,14283.88,372815.0,2025-06-25,47445.0,,3.3215764904213705,,,YES,3000.0,,7894438195.0,,Jun-2025,Yes,
71.0,2025-06-01,East,1,Koira,Trishul-Western,Jayakrushna Barik,E01730,Bimal Ranjan Dash,1871270.0,881069,SUSHANTA KUMAR CHOUDHURY,0ACE-001614,20T-22T,ZX210,2011-08-10,29106 hours,40628.0,KA,947484,2025-06-17,2025-06-24,1614838/1614839/1614840,21864.8,24599.18,67064.38,46463.98,372814.0,2025-06-25,10865.15,,0.2338402779959874,,,YES,2000.0,,7894438195.0,,Jun-2025,Yes,13.9
72.0,2025-06-01,East,1,Koira,Trishul-Western,Jayakrushna Barik,E01730,Bimal Ranjan Dash,1871269.0,881067,Barada Prasad Mohanty,THEWBFK0AG0004629,TWL,TL360Z,2017-01-12,15510 hours,80096.0,NON KA,945689,2025-06-12,2025-06-24,1614835/1614836/1614837,10100.82,18283.06,52578.38,28383.88,,,0.0,,0.0,,,,,,7894438195.0,,Jun-2025,No,8.4
73.0,2025-06-01,East,1,Keonjhar,Trishul-Western,Debashis Mallick,E01722,Bimal Ranjan Dash,1871268.0,881101,Kshirod Mohanta,S070-15997,7T-8T,EX70S,2017-01-27,9549 hours,80680.0,NON KA,946336,2025-06-14,2025-06-24,1614853/1614854/1614855,10589.8,11094.08,62105.1,21683.88,,,0.0,,0.0,,,,,,8339960651.0,,Jun-2025,No,8.4
74.0,2025-06-01,East,1,Keonjhar,Trishul-Western,Debashis Mallick,E01722,Bimal Ranjan Dash,1871971.0,881103,Anjali Chakra,SP21-60042,20T-22T,EX210S+,2018-10-10,6652 hours,91336.0,NON KA,944862,2025-06-11,2025-06-24,1614845/1614847/1614849,8925.0,16230.1,104730.92,25155.1,372773.0,2025-06-25,39924.6,,1.587137399573049,,,YES,3000.0,,8339960651.0,,Jun-2025,Yes,6.7
75.0,2025-06-01,East,1,Keonjhar,Trishul-Western,Debashis Mallick,E01722,Bimal Ranjan Dash,1871267.0,881097,Parameswar Sahoo,315V-6411,BHL,JD315V,2018-11-15,14512 hours,25786.0,NON KA,946335,2025-06-14,2025-06-24,1614856/1614857/1614858,17561.02,15727.96,22010.62,33288.98,,,0.0,,0.0,,,,,,8339960651.0,,Jun-2025,No,6.6
76.0,2025-06-01,East,1,Keonjhar,Trishul-Western,Debashis Mallick,E01722,Bimal Ranjan Dash,1871266.0,881095,BRAND STEEL & POWER,THEWBHK0CG0000025,TWL,TL340H,2018-02-10,10528 hours,85968.0,NON KA,945484,2025-06-11,2025-06-24,1614850/1614851/1614852,19013.16,23297.86,70725.0,42311.02,,,0.0,,0.0,,,,,,8339960651.0,,Jun-2025,No,7.3
77.0,2025-06-01,East,1,Barbil,Trishul-Western,Bhagabat Behera,E01717,Bimal Ranjan Dash,1871265.0,881109,B.S.Mining Corporation Pvt.Ltd,THEWBHK0PK0000190,TWL,TL360Z,2019-04-06,8210 hours,73934.0,NON KA,946250,2025-06-13,2025-06-24,1614776/1614777/1614780,13322.04,8394.9,58644.9,21716.94,,,0.0,,0.0,,,,,,7894438193.0,,Jun-2025,No,6.2
78.0,2025-06-01,East,1,Barbil,Trishul-Western,Bhagabat Behera,E01717,Bimal Ranjan Dash,1871264.0,881105,Kaypee Enterprises,1101-6893,10T-14T,EX110,2015-06-25,12512 hours,1106.0,KA,946269,2025-06-10,2025-06-24,1614802/1614803/1614806,9177.14,10492.76,49683.88,19669.9,,,0.0,,0.0,,,,,,7894438193.0,,Jun-2025,No,10.0
79.0,2025-06-01,East,1,Barbil,Trishul-Western,Bhagabat Behera,E01717,Bimal Ranjan Dash,1871405.0,881122,"M.G.M.Minerals Ltd. 5A,Forest Park",3036-2727,TWL,TWL3036,2011-04-13,757 hours,17711.0,KA,943598,2025-06-07,2025-06-17,1604695/1604744/1604816,35947.86,50096.62,256549.18,86044.48000000001,372761.0,2025-06-25,183805.2,,2.1361649230723456,,,YES,3000.0,,7894438193.0,,Jun-2025,Yes,14.2
80.0,2025-06-01,East,1,Barbil,Trishul-Western,Bhagabat Behera,E01717,Bimal Ranjan Dash,1871406.0,881123,Singh & Co.,S210-56448,20T-22T,EX210S,2018-09-08,7227 hours,8731.0,NON KA,944074,2025-06-10,2025-06-24,1614745/1614772/1614775,13233.88,35218.24,56770.33,48452.12,372751.0,2025-06-25,25565.0,,0.5276342913375102,,,YES,3000.0,,7894438193.0,,Jun-2025,Yes,6.8
81.0,2025-06-01,East,1,Bhawanipatna,Trishul-Western,Nilakantheswar Sahu,E04724,Chinmaya Kumar Rout,1871407.0,880723,OMKAR NATH PANDA,SP07-18125,7T-8T,EX70SP,2019-02-06,8219 hours,93460.0,NON KA,948957,2025-06-18,2025-06-19,1607270/1607269/1607292,928.04,10465.14,11495.82,11393.18,426545.0,2025-12-09,7506.75,,0.6588810147825278,,,,1000.0,,7534435042.0,,Jun-2025,Yes,6.4
82.0,2025-06-01,East,1,Bhawanipatna,Trishul-Western,Nilakantheswar Sahu,E04724,Chinmaya Kumar Rout,1871408.0,880939,Prakash Kumar Mohanty,0703-8611,7T-8T,EX70,2013-03-04,12139 hours,64576.0,NON KA,946185,2025-06-13,2025-06-14,1602611/1602664/1602666,6514.08,10556.82,3275.94,17070.9,426561.0,2025-12-16,31678.0,,1.8556725187307053,,,,3000.0,,7534435042.0,,Jun-2025,Yes,12.3
83.0,2025-06-01,East,1,Rayagada,Trishul-Western,Siba Prasad Sahu,E04731,Sunil Kumar Acharya,1871409.0,880912,Prafulla Kumar Mohanty,0703-8690,7T-8T,EX70,2013-04-07,9730 hours,65086.0,NON KA,948996,2025-06-19,2025-06-20,1610092,,39922.86,,39922.86,396021.0,2025-09-11,15638.0,,0.3917054038713659,,,,2000.0,,7894435086.0,,Jun-2025,Yes,12.2
84.0,2025-06-01,East,1,Rayagada,Trishul-Western,Siba Prasad Sahu,E04731,Sunil Kumar Acharya,1871455.0,880911,VCS Bhara Prasad Rao,THEDC0L0P00000420,20T-22T,ZX220GI,2017-08-02,4936 hours,83299.0,NON KA,948954,2025-06-18,2025-06-20,1610093,,53828.78,,53828.78,,,0.0,,0.0,,,,,,7894435086.0,,Jun-2025,No,7.9
85.0,2025-06-01,East,1,Rourkela,Trishul-Western,Saroj Dandpat,E04743,Sudipta Dey,1871456.0,880915,Hiralal Chowrasia,S110-11609,10T-14T,EX110,2018-01-11,11044 hours,52041.0,NON KA,946680,2025-06-14,2025-06-16,1604098/1604091/1604133,7151.86,23933.24,10319.06,31085.1,,,0.0,,0.0,,,,,,7894435147.0,,Jun-2025,No,7.4
86.0,2025-06-01,East,1,Rourkela,Trishul-Western,Saroj Dandpat,E04743,Sudipta Dey,1871457.0,880913,SURAJ PRODUCTS LTD,SP20-57324,20T-22T,EX200,2020-12-06,12919 hours,98344.0,NON KA,946674,2025-06-14,2025-06-16,1603756/1603752/1603833,847.84,24418.8,32151.86,25266.64,,,0.0,,0.0,,,,,,7894435147.0,,Jun-2025,No,4.5
87.0,2025-06-01,East,1,Jharsuguda,Trishul-Western,Diptiranjan Moharana,E01723,Chinmaya Kumar Ratha,1871977.0,880918,Venkateswara Associates,S200-22485,20T-22T,EX200,2016-10-13,15472 hours,78633.0,NON KA,953012,2025-06-19,2025-08-05,1665309/1665371/1665310,2460.99,4358.23,25565.02,6819.219999999999,,,0.0,,0.0,,,,,,7606005573.0,,Jun-2025,No,8.7
88.0,2025-07-01,East,1,Barbil,Trishul-Western,Bhagabat Behera,E01717,Bimal Ranjan Dash,1915085.0,900330,"M.G.M.Minerals Ltd. 5A,Forest Park",3036-2726,TWL,TWL3036,2011-04-07,18135,17711.0,KA,962686,2025-07-15,2025-07-20,1646064/1646065/1646066,25736.84,18283.06,34479.24,44019.9,,,0.0,,0.0,,,,,,7894438193.0,,Jul-2025,No,14.3
89.0,2025-07-01,East,1,Barbil,Trishul-Western,Bhagabat Behera,E01717,Bimal Ranjan Dash,1915084.0,900329,Kailash Yadav . .,SP21-60126,20T-22T,EX210,2018-11-06,6559,21752.0,KA,965109,2025-07-18,2025-07-21,1647563/1647565/1647569,31132.24,14535.18,57378.78,45667.42,380186.0,2025-07-24,8189.1,,0.1793203995320953,,,,1000.0,,7894438193.0,,Jul-2025,Yes,6.7
90.0,2025-07-01,East,1,Barbil,Trishul-Western,Bhagabat Behera,E01717,Bimal Ranjan Dash,1915079.0,900300,Kailash Yadav . .,THEDD1L0A00000167,30T-37T,ZX370,2017-04-07,30886,21752.0,KA,962762,2025-07-15,2025-07-21,1647524/1647529/1647561,42942.76,40003.42,315828.82,82946.18,380211.0,2025-07-24,212791.65,,2.5654183230620147,,,,3000.0,,7894438193.0,,Jul-2025,Yes,8.3
91.0,2025-07-01,East,1,Barbil,Trishul-Western,Bhagabat Behera,E01717,Bimal Ranjan Dash,1915326.0,900297,ARYAVARTA KHANIJA PRIVATE LIMITED.,THEWBHK0VJ0000114,TWL,TWL3036,2019-01-22,21532,92946.0,KA,961272,2025-07-12,2025-07-20,1646061/1646062/1646063,12158.06,14305.92,34479.24,26463.98,,,0.0,,0.0,,,,,,7894438193.0,,Jul-2025,No,6.5
92.0,2025-07-01,East,1,Keonjhar,Trishul-Western,Debashis Mallick,E01722,Bimal Ranjan Dash,1914639.0,900293,Umakanta Bindhani,3036-2520,TWL,TWL3036,2010-07-01,12357,45536.0,NON-KA,961074,2025-07-10,2025-07-20,1646057/1646059/1646060,21536.84,18283.06,52578.38,39819.9,,,0.0,,0.0,,,,,,8339960651.0,,Jul-2025,No,15.0
93.0,2025-07-01,East,1,Keonjhar,Trishul-Western,Debashis Mallick,E01722,Bimal Ranjan Dash,1915040.0,900292,KUNI MUNDA,SP21-61360,20T-22T,EX210,2020-05-16,14649,99884.0,NON-KA,962100,2025-07-14,2025-07-20,1646070/1646071/1646072,7300.0,29016.94,59208.88,36316.94,,,0.0,,0.0,,,,,,8339960651.0,,Jul-2025,No,5.2
94.0,2025-07-01,East,1,Keonjhar,Trishul-Western,Debashis Mallick,E01722,Bimal Ranjan Dash,1915260.0,900291,SHREE KRISHNA ENTERPRISES ,SP21-61394,20T-22T,EX210,2020-08-17,13918,110014.0,NON-KA,959910,2025-07-09,2025-07-20,1646054/1646055/1646056,59386.02,16875.0,56853.78,76261.01999999999,380201.0,2025-07-24,47329.0,,0.6206185020866494,,,,3000.0,,8339960651.0,,Jul-2025,Yes,4.9
95.0,2025-07-01,East,1,Keonjhar,Trishul-Western,Debashis Mallick,E01722,Bimal Ranjan Dash,1915259.0,900270,CHIRANJIBI SAHU,SP21-61217,20T-22T,EX210,2020-04-14,7395,98513.0,NON-KA,962115,2025-07-14,2025-07-21,1647570/1647602/1647603,7641.94,16875.0,59208.88,24516.94,,,0.0,,0.0,,,,,,8339960651.0,,Jul-2025,No,5.2
96.0,2025-07-01,East,1,Jharsuguda,Trishul-Western,Diptiranjan Moharana,E01723,Chinmaya Kumar Ratha,1915282.0,898479,Tirupati Enterprises,S210-41742,20T-22T,EX210,2019-01-29,13285,89493.0,NON-KA,961444,2025-07-09,2025-07-10,1635270/1635295/1635294,20376.33,16743.96,708627.1,37120.29,380172.0,2025-08-02,708627.17,,19.090022464802946,,,,3000.0,,7606005573.0,,Jul-2025,Yes,6.4
97.0,2025-07-01,East,1,Jeypore,Trishul-Western,Hari Bhoi,E04751,Nikunja Kumar Muduli,1914913.0,900406,Susanta Kumar Behera,0703-7505,7T-8T,EX70,2011-11-16,19085,57237.0,NON-KA,964666,2025-07-17,2025-07-19,1645715/1645719/1645720,12151.9,43583.92,11743.78,55735.82,,,0.0,,0.0,,,,,,7894435084.0,,Jul-2025,No,13.7
98.0,2025-07-01,East,1,Jeypore,Trishul-Western,Hari Bhoi,E04751,Nikunja Kumar Muduli,1914912.0,900401,KETHAVATH SUSHEEAL,THEDCRL0J00001932,20T-22T,ZX220,2019-09-30,15872,97071.0,NON-KA,962751,2025-07-15,2025-07-16,1641116/1641143/1641149,12151.9,21987.14,80527.16,34139.04,385058.0,2025-08-07,22502.87,,0.6591535672942179,,,,3000.0,,7894435084.0,,Jul-2025,Yes,5.8
99.0,2025-07-01,East,1,Jharsuguda,Trishul-Western,Janmenjaya Jena,E04747,Chinmaya Kumar Ratha,1915285.0,900321,ARYAN ISPAT AND POWER PRIVATE LIMIT,S200-23794,20T-22T,EX200,2017-08-26,0,83376.0,KA,961811,2025-07-10,2025-07-11,1636503/1636541/1636507,180044.84,7419.0,74174.97,187463.84,,,0.0,,0.0,,,,,,7894435109.0,,Jul-2025,No,7.9
100.0,2025-07-01,East,1,Jharsuguda,Trishul-Western,Janmenjaya Jena,E04747,Chinmaya Kumar Ratha,1915284.0,900299,ARYAN ISPAT AND POWER PRIVATE LIMIT,S200-23745,20T-22T,EX200,2017-07-31,31556,83376.0,KA,962412,2025-07-10,2025-07-11,1634267/1636331/1636269,139299.22,9867.08,16404.15,149166.3,,,0.0,,0.0,,,,,,7894435109.0,,Jul-2025,No,7.9
101.0,2025-07-01,East,1,Koira,Trishul-Western,Jayakrushna Barik,E01730,Bimal Ranjan Dash,1915258.0,900264,Baban Kumar Singh,THEDC0L0T00000108,20T-22T,ZX220,2015-07-29,24541,73523.0,NON-KA,964390,2025-07-18,2025-07-21,1647218/1647253/1647259,28733.02,25330.54,485510.6,54063.56,380146.0,2025-07-24,168365.7,,3.114217783660566,,,,3000.0,,7894438195.0,,Jul-2025,Yes,10.0
102.0,2025-07-01,East,1,Koira,Trishul-Western,Jayakrushna Barik,E01730,Bimal Ranjan Dash,1915257.0,900263,Kapileswara Mining and Minerals Pri,THEWBHK0VK0000244,TWL,TWL3036,2019-07-29,8003,89104.0,NON-KA,961137,2025-07-11,2025-07-20,1646051/1646052/1646053,25841.94,11528.42,77425.0,37370.36,380162.0,2025-07-24,24689.0,,0.6606572695580133,,,,3000.0,,7894438195.0,,Jul-2025,Yes,6.0
103.0,2025-07-01,East,1,Koira,Trishul-Western,Jayakrushna Barik,E01730,Bimal Ranjan Dash,1915192.0,900261,Rakesh Singhania,THEDD1L0H00000396,30T-37T,ZX370,2018-04-24,21057,87750.0,NON-KA,963730,2025-07-17,2025-07-20,1646067/1646068/1646069,69870.34,62466.52,62105.1,132336.86,380161.0,2025-07-19,124665.9,,0.942034592629748,,,,3000.0,,7894438195.0,,Jul-2025,Yes,7.2
104.0,2025-07-01,East,1,Koira,Trishul-Western,Jayakrushna Barik,E01730,Bimal Ranjan Dash,1915191.0,900200,Maa Sarala Private Works,3036-4016,TWL,TWL3036,2011-05-02,5041,40151.0,KA,968606,2025-07-21,2025-08-05,1664705/1664706/1664707,50733.46,13997.86,59732.24,64731.32,,,0.0,,0.0,,,,,,7894438195.0,,Jul-2025,No,14.2
105.0,2025-07-01,East,1,Bhawanipatna,Trishul-Western,Nilakantheswar Sahu,E04724,Chinmaya Kumar Rout,1915087.0,900427,Sushil Kumar Agrawal,1101-4968,10T-14T,EX110,2012-01-18,12000,58544.0,NON-KA,962253,2025-07-09,2025-07-10,1634082/1634084/1634087,2587.8,15121.28,16454.06,17709.08,,,0.0,,0.0,,,,,,7534435042.0,,Jul-2025,No,13.5
106.0,2025-07-01,East,1,Bhawanipatna,Trishul-Western,Nilakantheswar Sahu,E04724,Chinmaya Kumar Rout,1915086.0,900425,UPAMANYU MAHAKHUD,SP07-18139,7T-8T,EX70,2019-02-28,5300,93831.0,NON-KA,962307,2025-07-14,2025-07-12,1636679/1636693/1636698,3622.9,10641.64,4768.16,14264.54,426554.0,2025-12-29,34948.15,,2.4500018928055165,,,,3000.0,,7534435042.0,,Jul-2025,Yes,6.4
107.0,2025-07-01,East,1,Jharsuguda,Trishul-Western,R. Rutu Raj,E01738,Chinmaya Kumar Ratha,1915286.0,900323,ARYAN ISPAT AND POWER PRIVATE LIMIT,S200-24041,20T-22T,EX200,2017-09-28,2356,83376.0,KA,962731,2025-07-08,2025-07-09,1633242/1633836/1633834,32780.79,9867.08,1028811.08,42647.87,,,0.0,,0.0,,,,,,7894435110.0,,Jul-2025,No,7.8
108.0,2025-07-01,East,1,Jharsuguda,Trishul-Western,R. Rutu Raj,E01738,Chinmaya Kumar Ratha,1915283.0,900325,M/S MAHAVIR BENEFICATION  PVT. LTD.,S200-22470,20T-22T,EX200,2016-10-21,1603,76964.0,NON-KA,962749,2025-07-08,2025-07-09,1633245/1633831/1633700,23141.79,9867.08,1122069.1,33008.87,,,0.0,,0.0,,,,,,7894435110.0,,Jul-2025,No,8.7
109.0,2025-07-01,East,1,Jeypore,Trishul-Western,Ranjit Ojha,E04734,Nikunja Kumar Muduli,1914915.0,900410,KUMAR INDIA ENGITECH PRIVATE LIMITED,S210-56509,20T-22T,EX210,2018-10-24,11793,91461.0,NON-KA,Consite shot Rpt. Not Submit,,2025-07-23,1650601/1650602/1650603,1233.88,18512.24,22418.12,19746.120000000003,396079.0,2025-09-29,5112.0,,0.2588863027268141,,,,1000.0,,7606005594.0,,Jul-2025,Yes,
110.0,2025-07-01,East,1,Jeypore,Trishul-Western,Ranjit Ojha,E04734,Nikunja Kumar Muduli,1914914.0,900443,"Kumar Construction, Mathihani",0703-9175,7T-8T,EX70,2014-03-12,1,11498.0,NON-KA,967537,2025-07-22,2025-07-18,1643541/1643480/1643547,75622.86,19666.12,4275.82,95288.98,395899.0,2025-09-29,16008.0,,0.1679942423562515,,,,2000.0,,7606005594.0,,Jul-2025,Yes,11.4
111.0,2025-07-01,East,1,Rourkela,Trishul-Western,Saroj Dandpat,E04743,Sudipta Dey,1915089.0,899259,S.C.MOHANTY,THEWABD0AK0000856,BHL,BX80,2020-02-22,5689,99224.0,NON-KA,967497,2025-07-07,2025-07-07,1630208/1630201/1630243,213.92,28357.82,8479.98,28571.74,,,0.0,,0.0,,,,,,7894435147.0,,Jul-2025,No,5.4
112.0,2025-07-01,East,1,Rourkela,Trishul-Western,Saroj Dandpat,E04743,Sudipta Dey,1915088.0,900267,Jitendra Prasad,THEDA0L0P00001153,10T-14T,ZX140,2020-01-22,5693,63115.0,NON-KA,960479,2025-07-09,2025-07-09,1633041/1633004/1633043,27126.14,27107.02,8359.9,54233.16,396081.0,2025-09-29,22773.4,,0.419916523396387,,,,3000.0,,7894435147.0,,Jul-2025,Yes,5.5
113.0,2025-07-01,East,1,Rayagada,Trishul-Western,Siba Prasad Sahu,E04731,Sunil Kumar Acharya,1915321.0,900429,Abani Ranjan Panigrahi,THEWAAD0TH0011057,BHL,TH76,2017-07-07,11550,82861.0,NON-KA,960853,2025-07-10,2025-07-11,1635666/1635649/1635559,15910.2,67724.18,29134.78,83634.37999999999,385410.0,2025-08-21,16287.35,,0.1947446731834444,,,,2000.0,,7894435089.0,,Jul-2025,Yes,8.0
114.0,2025-07-01,East,1,Rayagada,Trishul-Western,Siba Prasad Sahu,E04731,Sunil Kumar Acharya,1915090.0,900428,Soleelo Kumar Senapati,S110-10442,10T-14T,EX110,2016-04-25,15250,75204.0,KA,961291,2025-07-11,2025-07-17,1642668/1642367/1642306,22395.74,22808.46,43684.74,45204.2,379526.0,2025-07-17,91466.25,,2.0234015865782387,,,,3000.0,,7894435089.0,,Jul-2025,Yes,9.2
115.0,2025-07-01,East,1,Sambalpur,Trishul-Western,Tofan Jena,E04749,Shashikanta Mohapatra,1915281.0,900402,Bijay Kumar Panigrahi,0703-7642,7T-8T,EX70,2012-02-12,182,58343.0,NON-KA,961354,2025-07-12,2025-07-14,1638361/1638342/1638275,16066.12,15213.98,59412.22,31280.1,385444.0,2025-08-26,54549.5,,1.743904271405782,,,,3000.0,,7894435327.0,,Jul-2025,Yes,13.4
116.0,2025-07-01,East,1,Sambalpur,Trishul-Western,Tofan Jena,E04749,Shashikanta Mohapatra,1914916.0,900405,Jitendra Panda,S200-53120,20T-22T,EX200,2016-07-02,10637,76891.0,NON-KA,961452,2025-07-13,2025-07-09,1632776/1632793/1632832,25928.86,27000.94,49310.86,52929.8,,,0.0,,0.0,,,,,,7894435327.0,,Jul-2025,No,9.0
117.0,2025-08-01,East,1,Barbil,Trishul-Western,Bhagabat Behera,E01717,Bimal Ranjan Dash,1954392.0,915027 ,Kamaljeet Singh Ahluwalia ,1101-6387,10T-14T,EX110,,18321,4814.0,KA,978865,2025-08-09,2025-08-23,1684335/1684337/1684339,12919.9,10189.8,158531.78,23109.7,385975.0,2025-08-26,109031.85,,4.718012349792512,,,,3000.0,,7894438193.0,,Aug-2025,Yes,
118.0,2025-08-01,East,1,Barbil,Trishul-Western,Bhagabat Behera,E01717,Bimal Ranjan Dash,1954391.0,915026 ,Nilamani Mohant,315V-8149,BHL,TJD315V,2011-04-19,422(New Hour meter),53399.0,NON-KA,977892,2025-08-12,2023-08-22,1684200/1684239/1684272,24361.84,16225.82,71888.58,40587.66,386000.0,2025-08-25,44890.2,,1.1060061112170545,,,,3000.0,,7894438193.0,,Aug-2025,Yes,14.3
119.0,2025-08-01,East,1,Barbil,Trishul-Western,Bhagabat Behera,E01717,Bimal Ranjan Dash,1954360.0,915024,UTKAL HYDRAULICKS ,SP07-18294,7T-8T,EX70SP,2019-07-12,9663,93612.0,NON-KA,979704,2025-08-18,2025-08-23,1684452/1690731/1690734,74710.2,7242.38,40388.98,81952.58,,,0.0,,0.0,,,,,,7894438193.0,,Aug-2025,No,6.1
120.0,2025-08-01,East,1,Barbil,Trishul-Western,Bhagabat Behera,E01717,Bimal Ranjan Dash,1954351.0,915023 ,Singh & Co.,S210-56445,20T-22T,EX210,2018-08-27,11615,8731.0,KA,977726,2025-08-09,2025-08-22,1684151/1684192/1684198,16033.88,95372.86,166623.28,111406.74,386005.0,2025-08-25,219181.15,,1.967395778747318,,,,3000.0,,7894438193.0,,Aug-2025,Yes,7.0
121.0,2025-08-01,East,1,Keonjhar,Trishul-Western,Debashis Mallick,E01722,Bimal Ranjan Dash,1954571.0,914969,Urbashi Dasadhikari,0703-9324,7T-8T,EX70,2014-07-04,329(New hour meter),57400.0,NON-KA,974176,2025-08-04,2025-08-09,1670430/1670452/1670456,6780.1,8713.16,28151.28,15493.26,,,0.0,,0.0,,,,,,8339960651.0,,Aug-2025,No,11.1
122.0,2025-08-01,East,1,Keonjhar,Trishul-Western,Debashis Mallick,E01722,Bimal Ranjan Dash,1954520.0,914968 ,Kshirod Mohanta,S110-11803,10T-14T,EX110,2018-04-18,9901,80680.0,NON-KA,977828/977824,2025-08-11,2025-08-22,1684082/1684088/1684117,9152.96,33499.14,61685.2,42652.1,386041.0,2025-08-25,29013.65,,0.6802396599464037,,,,3000.0,,8339960651.0,,Aug-2025,Yes,7.3
123.0,2025-08-01,East,1,Keonjhar,Trishul-Western,Debashis Mallick,E01722,Bimal Ranjan Dash,1954572.0,914967,Laxmidhar Nayak,S210-56534,20T-22T,EX210,2018-10-03,10533,91031.0,NON-KA,972736,2025-08-02,2025-08-09,1670421/1670424/1670427,219843.66,14986.42,54419.9,234830.08,386593.0,2025-08-26,28060.7,,0.1194936355683224,,,,3000.0,,8339960651.0,,Aug-2025,Yes,6.8
124.0,2025-08-01,East,1,Jharsuguda,Trishul-Western,Diptiranjan Moharana,E01723,Chinmaya Kumar Ratha,1954512.0,914733,Jay Maa Durga Earth & Movers,SP20-56620,20T-22T,EX200,2019-08-05,11240,87374.0,NON-KA,976959,2025-08-11,2025-08-20,1681069/1681070/1681163,26635.08,11087.6,20847.91,37722.68,,,0.0,,0.0,,,,,,7606005573.0,,Aug-2025,No,6.0
125.0,2025-08-01,East,1,Jharsuguda,Trishul-Western,Diptiranjan Moharana,E01723,Chinmaya Kumar Ratha,1954515.0,914735,M. S. Infraengineers Pvt. Ltd,S200-53618,20T-22T,EX200,2017-01-21,18254,71153.0,NON-KA,981477,2025-08-20,2025-08-11,1671921/1671850/1671923,25257.18,73301.38,262897.18,98558.56,,,0.0,,0.0,,,,,,7606005573.0,,Aug-2025,No,8.6
126.0,2025-08-01,East,1,Jeypore,Trishul-Western,Hari Bhoi,E04751,Nikunja Kumar Muduli,1954356.0,914766,Tara Tarini Constructions Pvt. Ltd.,THEDEKL0H00000112,7T-8T,ZX80GI,2017-04-14,9598,56309.0,KA,975097,2025-08-06,2025-08-09,1670406/1670408,1209.88,63064.84,,64274.72,386608.0,2025-08-27,63064.73,,0.981174713791052,,,,3000.0,,7894435084.0,,Aug-2025,Yes,8.3
127.0,2025-08-01,East,1,Jeypore,Trishul-Western,Hari Bhoi,E04751,Nikunja Kumar Muduli,1954355.0,914764,Tara Tarini Constructions Pvt. Ltd.,315V-8641,BHL,315V,2012-03-17,8664,56309.0,KA,975361,2025-08-07,2025-08-09,1670402/1670404,,162941.98,2583.2,162941.98,395915.0,2025-08-25,162941.8,,0.9999988953123068,,,,3000.0,,7894435084.0,,Aug-2025,Yes,13.4
128.0,2025-08-01,East,1,Jharsuguda,Trishul-Western,Janmenjaya Jena,E04747,Chinmaya Kumar Ratha,1954513.0,914709,Shree Sarda Constructions,SP13-14150,10T-14T,EX130,2019-03-30,9125,35763.0,NON-KA,978081,2025-08-04,2025-08-14,"1675413,1686225/1675466,1686406/1675463",18341.2,73424.0,5790.16,91765.2,,,0.0,,0.0,,,,,,7894435109.0,,Aug-2025,No,6.3
129.0,2025-08-01,East,1,Jharsuguda,Trishul-Western,Janmenjaya Jena,E04747,Chinmaya Kumar Ratha,1954514.0,914732,Vijay Laxmi Pvt.Ltd.,1101-2898,10T-14T,EX110,2009-02-04,0,1461.0,NON-KA,1001660,2025-09-25,2025-09-27,1725756/1725819/1725817,45527.2,27727.61,5790.16,73254.81,,,0.0,,0.0,,,,,,7894435109.0,,Aug-2025,No,16.6
130.0,2025-08-01,East,1,Koira,Trishul-Western,Jayakrushna Barik,E01730,Bimal Ranjan Dash,1954578.0,915053,MRS ANITA PATRA,THEWBHK0EK0000153,TWL,TL340H,2019-06-03,20974,95401.0,NON-KA,999834,2025-09-17,2025-09-24,1722159/1722160/1722171,41258.88,16713.16,74815.28,57972.03999999999,396045.0,2025-09-25,74815.15,,1.2905385078737956,,,,3000.0,,7894438195.0,,Aug-2025,Yes,6.3
131.0,2025-08-01,East,1,Koira,Trishul-Western,Jayakrushna Barik,E01730,Bimal Ranjan Dash,1954577.0,915052,Cainth Infrastructure Pvt. Ltd,THEWBHK0VJ0000064,TWL,TL340H,2018-07-31,12231,48612.0,KA,999730,2025-09-18,2025-09-24,1722158/1722156/1722157,43746.22,8950.82,63347.04,52697.04,396086.0,2025-09-25,32424.45,,0.6152992653856839,,,,3000.0,,7894438195.0,,Aug-2025,Yes,7.1
132.0,2025-08-01,East,1,Koira,Trishul-Western,Jayakrushna Barik,E01730,Bimal Ranjan Dash,1954576.0,915030,Sanjay Kumar Singh,S210-55059,20T-22T,EX210,2015-07-03,3248,73525.0,NON KA,1000475,2025-09-23,2025-08-19,1679938,,25658.46,,25658.46,,,0.0,,0.0,,,,,,7894438195.0,,Aug-2025,No,10.2
133.0,2025-08-01,East,1,Koira,Trishul-Western,Jayakrushna Barik,E01730,Bimal Ranjan Dash,1954575.0,915029,V.N. Transport,3036-4046,TWL,TWL3036,2011-06-03,168,54506.0,NON-KA,1002608,2025-09-27,2025-09-24,1722139/1722140/1722153,11974.18,8950.82,108658.08,20925.0,395906.0,2025-09-25,92831.9,,4.436410991636798,,,,3000.0,,7894438195.0,,Aug-2025,Yes,14.3
134.0,2025-08-01,East,1,Bhawanipatna,Trishul-Western,Nilakantheswar Sahu,E04724,Chinmaya Kumar Rout,1954352.0,914736,RBS Constructions,1101-6621,10T-14T,EX110,2014-12-03,10801,71229.0,NON-KA,Consite shot Rpt. Not Submit,,2025-08-25,1685845/1685846/1685849,11596.78,19787.9,216883.22,31384.68,,2025-10-18,4310.0,,0.1373281486381253,,,,,,7534435042.0,,Aug-2025,Yes,
135.0,2025-08-01,East,1,Jharsuguda,Trishul-Western,R. Rutu Raj,E01738,Chinmaya Kumar Ratha,1954357.0,914705,BGR Mining & Infra  Limited,TH86-10467,BHL,TH86,2014-08-14,9261,59144.0,KA,984126,2025-08-24,2025-08-05,1665600/1665681/1664376,149.57,786.41,97925.82,935.98,386598.0,2025-08-30,73057.0,,78.05401824825317,,,,3000.0,,7894435110.0,,Aug-2025,Yes,11.0
136.0,2025-08-01,East,1,Jharsuguda,Trishul-Western,R. Rutu Raj,E01738,Chinmaya Kumar Ratha,1954358.0,914707,BGR Mining & Infra  Limited,TH86-10652,BHL,TH86,2015-12-18,9632,59144.0,KA,984146,2025-08-24,2025-08-04,1665594/1665595/1664392/1664374,16011.9,7463.16,41710.0,23475.06,386609.0,2025-08-30,57722.5,,2.458886154071598,,,,3000.0,,7894435110.0,,Aug-2025,Yes,9.7
137.0,2025-08-01,East,1,Jeypore,Trishul-Western,Ranjit Ojha,E04734,Nikunja Kumar Muduli,1954354.0,914763,Sandhya Construction,S070-15350,7T-8T,EX70,2016-01-01,9076,73183.0,NON-KA,983669,2025-08-25,2025-08-20,1681114/1681038/1681082,10281.76,21603.84,8355.04,31885.6,384953.0,2025-08-27,10831.85,,0.3397097749454299,,,,2000.0,,7606005594.0,,Aug-2025,Yes,9.6
138.0,2025-08-01,East,1,Jeypore,Trishul-Western,Ranjit Ojha,E04734,Nikunja Kumar Muduli,1954353.0,914738,Bipra Charan Nayak,S070-16138,7T-8T,EX70,2017-04-04,10130,76889.0,NON-KA,983667,2025-08-25,2025-08-09,1670471/1670472/1669400,4481.22,5621.06,6214.08,10102.28,,,0.0,,0.0,,,,,,7606005594.0,,Aug-2025,No,8.4
139.0,2025-08-01,East,1,Rourkela,Trishul-Western,Saroj Dandpat,E04743,Sudipta Dey,1954601.0,914770,RELIABLE SPONGE PRIVATE LIMITED,SP20-57326,20T-22T,EX200,2020-11-28,11881,96097.0,NON-KA,978947,2025-08-16,2025-08-20,1681103/1681090/1681110,25257.18,21689.92,12244.12,46947.1,,2026-02-11,262365.57,,5.588536246115309,,,,,,7894435147.0,,Aug-2025,Yes,4.7
140.0,2025-08-01,East,1,Rayagada,Trishul-Western,Siba Prasad Sahu,E04731,Sunil Kumar Acharya,1954579.0,914767,Ramani Ranjan Pati,TH76-10780,BHL,TH76,2015-02-07,12230,48697.0,NON-KA,978832,2025-08-13,,sales quote not created,,,,0.0,,,0.0,,,,,,,,7894435089.0,,Aug-2025,No,10.5
141.0,2025-08-01,East,1,Rayagada,Trishul-Western,Siba Prasad Sahu,E04731,Sunil Kumar Acharya,1954580.0,914769,Odisha Builders & Engineering Construction Company,S110-12145,10T-14T,EX110,2018-12-31,6220,57923.0,KA,976407,2025-08-08,,sales quote not created,,,,0.0,,,0.0,,,,,,,,7894435089.0,,Aug-2025,No,6.6
142.0,2025-08-01,East,1,Sambalpur,Trishul-Western,Tofan Jena,E04749,Shashikanta Mohapatra,1954197.0,914832,Ashish Kumar Bhoi,S070-15098,7T-8T,EX70,2015-08-17,8(New hour meter),67639.0,NON-KA,982026,2025-08-08,2025-08-08,1668907/1668910/1668983,116808.34,4275.94,60716.22,121084.28,384936.0,2025-08-11,119144.32,,0.9839784322126705,,,,3000.0,,7894435327.0,,Aug-2025,Yes,10.0
143.0,2025-08-01,East,1,Sambalpur,Trishul-Western,Tofan Jena,E04749,Shashikanta Mohapatra,1954195.0,914831,Jayaram  Pujahari,S070-15278,7T-8T,EX70,2015-11-14,14038,53598.0,NON-KA,975498,2025-08-05,2025-08-05,1664831/1664834/1664835,43388.2,16635.12,43488.94,60023.31999999999,395914.0,2025-09-23,74738.95,,1.2451652124540928,,,,3000.0,,7894435327.0,,Aug-2025,Yes,9.7
144.0,2025-09-01,East,1,Koira,Trishul-Western,Jayakrushna Barik,E01730,Bimal Ranjan Dash,2000751.0,932213,Steelton,THEWBAD0CJ0011326,BHL,TH86,2018-04-04,6138,80146.0,NON-KA,1014295,2025-10-02,2025-10-30,1761259/1761260/1761261,14424.18,12099.18,27513.16,26523.36,,,0.0,,0.0,,,,,,7894438195.0,,Sep-2025,No,7.5
145.0,2025-09-01,East,1,Koira,Trishul-Western,Jayakrushna Barik,E01730,Bimal Ranjan Dash,2000680.0,932211,Maa Sarala Private Works,L360-4259,TWL,TL360Z,2012-06-14,26424,40151.0,NON-KA,1001998,2025-09-25,2025-09-11,1749661/1749662/1706152,25666.08,13997.86,63119.88,39663.94,403280.0,2025-10-24,64369.8,,1.6228796231539278,,,,3000.0,,7894438195.0,,Sep-2025,Yes,13.3
146.0,2025-09-01,East,1,Keonjhar,Trishul-Western,Debashis Mallick,E01722,Bimal Ranjan Dash,2000675.0,932188,Sri Durga Condev(P) Ltd,S200-53445,20T-22T,EX200,2016-11-17,13346,1124.0,NON-KA,992021,2025-09-08,2025-09-24,1722084/1722085/1722086,62946.64,16713.16,7850.0,79659.8,,,0.0,,0.0,,,,,,8339960651.0,,Sep-2025,No,8.8
147.0,2025-09-01,East,1,Keonjhar,Trishul-Western,Debashis Mallick,E01722,Bimal Ranjan Dash,2000674.0,932184,Gyanchand Prusty,315V-6368,BHL,315V,2008-11-17,11425,25837.0,NON-KA,990813,2025-09-05,2025-09-24,1722087/1722089/1722131,5835.2,9341.12,37100.82,15176.32,395889.0,2025-09-25,10246.4,,0.6751570868300089,,,,2000.0,,8339960651.0,,Sep-2025,Yes,16.8
148.0,2025-09-01,East,1,Keonjhar,Trishul-Western,Debashis Mallick,E01722,Bimal Ranjan Dash,2000673.0,932183,Pradeep Kumar Panda,0703-4323,7T-8T,EX70,2008-05-17,12064,13246.0,NON-KA,991204,2025-09-05,2025-09-24,1721990/1722029/1722081,9780.1,17078.78,57225.4,26858.88,395777.0,2025-09-25,43952.6,,1.6364271332237237,,,,3000.0,,8339960651.0,,Sep-2025,Yes,17.3
149.0,2025-09-01,East,1,Barbil,Trishul-Western,Bhagabat Behera,E01717,Bimal Ranjan Dash,2000424.0,932120,MODEL ENGINEERING STORES PVT. LTD.,2001-50539,20T-22T,EX200,2012-06-02,4611,61072.0,NON-KA,993269,2025-09-09,2025-09-24,1722132/1722133/1722134,25727.96,120413.11,52455.05,146141.07,395712.0,2025-09-25,109515.26,,0.7493804445252795,,,,3000.0,,7894438193.0,,Sep-2025,Yes,13.3
150.0,2025-09-01,East,1,Barbil,Trishul-Western,Bhagabat Behera,E01717,Bimal Ranjan Dash,1998389.0,932119,Maheswari Handling Agency,SP21-60578,20T-22T,EX210,2019-05-10,3699,56347.0,NON-KA,993279,2025-09-09,2025-09-26,1725084/1725088/1725111,24913.98,7888.16,71197.04,32802.14,,,0.0,,0.0,,,,,,7894438193.0,,Sep-2025,No,6.3
151.0,2025-09-01,East,1,Barbil,Trishul-Western,Bhagabat Behera,E01717,Bimal Ranjan Dash,2000423.0,932118,Kaypee Enterprises,1101-6894,10T-14T,EX110,2015-06-25,941,1106.0,NON-KA,994651,2025-09-12,2025-09-24,1722135/1722136/1722137,105421.64,10799.18,115781.78,116220.82,395660.0,2025-09-25,145986.6,,1.2561140077999793,,,,3000.0,,7894438193.0,,Sep-2025,Yes,10.2
152.0,2025-09-01,East,1,Rourkela,Trishul-Western,Saroj Dandpat,E04743,Sudipta Dey,2000758.0,932111,SOMA ORAM,SP21-45264,20T-22T,EX210,2019-02-22,10457,92874.0,NON-KA,1000036,2025-09-23,2025-09-24,1721872/1721805/1721875,4481.16,25058.2,9729.98,29539.36,,,0.0,,0.0,,,,,,7894435147.0,,Sep-2025,No,6.6
153.0,2025-09-01,East,1,Rourkela,Trishul-Western,Saroj Dandpat,E04743,Sudipta Dey,2000757.0,932050,NIBHA MISHRA,THEWABD0LK0000552,BHL,BX80,2019-05-25,3684,91014.0,NON-KA,1002604,2025-09-25,2025-09-25,1722586/1722522/1722682,6119.96,16206.76,4481.16,22326.72,,,0.0,,0.0,,,,,,7894435147.0,,Sep-2025,No,6.3
154.0,2025-09-01,East,1,Sambalpur,Trishul-Western,Tofan Jena,E04749,Shashikanta Mohapatra,2000756.0,932049,Manamohan Swain,S070-17203,7T-8T,EX70,2018-11-21,9905,91014.0,NON-KA,998778,2025-09-09,2025-09-08,1702077/1702126/1702080,35765.88,18286.76,53531.88,54052.64,,,0.0,,0.0,,,,,,7894435327.0,,Sep-2025,No,6.8
155.0,2025-09-01,East,1,Sambalpur,Trishul-Western,Tofan Jena,E04749,Shashikanta Mohapatra,2000755.0,932047,SHESHADEB MAHAPATRA,THEWABD0TL0001496,BHL,BX80,2020-11-26,7551,112437.0,NON-KA,998836,2025-09-10,2025-09-08,1702008/1702050/1702043,12033.88,22262.96,6783.78,34296.84,,,0.0,,0.0,,,,,,7894435327.0,,Sep-2025,No,4.8
156.0,2025-09-01,East,1,Rayagada,Trishul-Western,Siba Prasad Sahu,E04731,Sunil Kumar Acharya,2000679.0,932046,Rabindranath Acharya,0703-9486,7T-8T,EX70,2014-12-19,9320,71120.0,NON-KA,992159,2025-09-08,2025-09-17,1712479/1712310/1724626,23388.98,13667.82,12808.06,37056.8,395686.0,2025-09-18,37608.65,,1.0148920036268647,,,,3000.0,,7894435089.0,,Sep-2025,Yes,10.7
157.0,2025-09-01,East,1,Rayagada,Trishul-Western,Siba Prasad Sahu,E04731,Sunil Kumar Acharya,2000678.0,932044,RAMA CHANDRA PANDA,TH76-10605,BHL,TH76,2014-04-15,10330,69266.0,NON-KA,998868,2025-09-20,2025-09-26,1724589/1724586/1724622,4066.94,18633.5,3444.08,22700.44,,2025-10-06,4066.95,,0.1791573202986373,,,,,,7894435089.0,,Sep-2025,Yes,11.4
158.0,2025-09-01,East,1,Jharsuguda,Trishul-Western,Janmenjaya Jena,E04747,Chinmaya Kumar Ratha,2000676.0,932043,M/S AMIT KUMAR.,S210-55422,20T-22T,EX210,2017-01-02,15673,80262.0,NON-KA,1001796,2025-09-25,2025-09-27,1725862/1725929/1725910,5738.24,24223.38,8789.86,29961.620000000003,,,0.0,,0.0,,,,,,7894435109.0,,Sep-2025,No,8.7
159.0,2025-09-01,East,1,Jharsuguda,Trishul-Western,R. Rutu Raj,E01738,Chinmaya Kumar Ratha,2000627.0,931989,Bhushan Power & Steel,350V-2368,30T-37T,EX350V,2014-04-18,42836,22657.0,KA,1000948,2025-09-24,2025-09-25,1723133/1723163/1723162,4870.76,32254.2,181455.48,37124.96,395659.0,2025-09-30,135643.0,,3.653687438316432,,,,3000.0,,7894435110.0,,Sep-2025,Yes,11.4
160.0,2025-09-01,East,1,Jharsuguda,Trishul-Western,R. Rutu Raj,E01738,Chinmaya Kumar Ratha,2000626.0,931988,Bhushan Power & Steel,1G600K00118685,20T-22T,ZX200,2008-05-04,31256,22657.0,KA,1000936,2025-09-24,2025-09-25,1723211/1723218/1723213,7441.92,15750.82,42298.32,23192.74,,,0.0,,0.0,,,,,,7894435110.0,,Sep-2025,No,17.4
161.0,2025-09-01,East,1,Jharsuguda,Trishul-Western,Diptiranjan Moharana,E01723,Chinmaya Kumar Ratha,2000625.0,931987,Sri Balaji Engicons Pvt.Ltd.,S110-10230,10T-14T,EX110,2015-12-21,11274,3180.0,KA,997332,2025-09-11,2025-09-18,1714586/1714587/1714583,18967.34,12180.08,73397.02,31147.42,395657.0,2025-09-30,306943.46,,9.854538834998213,,,,3000.0,,7606005573.0,,Sep-2025,Yes,9.7
162.0,2025-09-01,East,1,Jharsuguda,Trishul-Western,Diptiranjan Moharana,E01723,Chinmaya Kumar Ratha,2000624.0,931986,Sri Balaji Engicons Pvt.Ltd.,S200-52687,20T-22T,EX200,2015-11-09,18244,3180.0,KA,1001318,2025-09-18,2025-09-18,1714489/1714490/1714488,8108.5,24494.1,313275.82,32602.6,395681.0,2025-09-30,286786.16,,8.796419917429898,,,,3000.0,,7606005573.0,,Sep-2025,Yes,9.9
163.0,2025-09-01,East,1,Jeypore,Trishul-Western,Hari Bhoi,E04751,Nikunja Kumar Muduli,2000621.0,931985,L.G.Constructions,S200-54251,20T-22T,EX200,2017-11-22,10256,84705.0,NON-KA,989427,2025-09-03,2025-09-04,1698947/1698963/1698965,1666.82,115408.94,17559.2,117075.76,,2025-09-25,1701.0,,0.014529053665763,,,,,,7894435084.0,,Sep-2025,Yes,7.8
164.0,2025-09-01,East,1,Jeypore,Trishul-Western,Hari Bhoi,E04751,Nikunja Kumar Muduli,2000430.0,931984,UNICORN CONSTRUCTION,SP20-56804,20T-22T,EX200,2020-02-20,4923,99341.0,NON-KA,994909,2025-09-14,2025-09-15,1710237/1710234/1710240,15122.04,18294.08,605.1,33416.12,395666.0,2025-09-30,14465.9,,0.432901844977813,,,,2000.0,,7894435084.0,,Sep-2025,Yes,5.6
165.0,2025-09-01,East,1,Jeypore,Trishul-Western,Ranjit Ojha,E04734,Nikunja Kumar Muduli,2000429.0,931939,Neelakantha Rao Grandhi,TH86-10354,BHL,TH86,2014-03-09,9267,63281.0,KA,997567,2025-09-18,2025-09-19,1715914/1715974/1715978,15234.42,12764.8,12227.96,27999.22,395925.0,2025-09-25,15639.3,,0.5585619885125371,,,,3000.0,,7606005594.0,,Sep-2025,Yes,11.5
166.0,2025-09-01,East,1,Jeypore,Trishul-Western,Ranjit Ojha,E04734,Nikunja Kumar Muduli,2000428.0,931938,Bimal Sasank Samantray,S070-15313,7T-8T,EX70,2015-12-14,1,74979.0,NON-KA,997561,2025-09-18,2025-09-19,1716062/1716039/1716063,605.1,8713.16,25119.9,9318.26,426593.0,2025-12-12,15858.7,,1.701894988978629,,,,2000.0,,7606005594.0,,Sep-2025,Yes,9.8
167.0,2025-09-01,East,1,Bhawanipatna,Trishul-Western,Nilakantheswar Sahu,E04724,Chinmaya Kumar Rout,2000427.0,931931,SUJIT KUMAR PANDA,SP07-18665,7T-8T,EX70,2020-02-17,2300,99281.0,NON-KA,1017301,2025-09-08,2025-09-08,1701621/1701623/1701681,4087.9,51130.82,4896.08,55218.72,403317.0,2025-09-26,52153.75,,0.9444940049316608,,,,3000.0,,7534435042.0,,Sep-2025,Yes,5.6
168.0,2025-09-01,East,1,Bhawanipatna,Trishul-Western,Nilakantheswar Sahu,E04724,Chinmaya Kumar Rout,2000422.0,931900,PARBATI TRADERS,SP20-56535,20T-22T,EX200,2019-08-01,,96161.0,NON-KA,Consite shot Rpt. Not Submit,,,sales quote not created,,,,0.0,,,0.0,,,,,,,,7534435042.0,,Sep-2025,No,
169.0,2025-10-01,East,1,Rayagada,Trishul-Western,Siba Prasad Sahu,E04731,Sunil Kumar Acharya,2042406.0,950936,Kurumaddala Ramana Rao,S200-53642,20T-22T,EX200,2017-08-02,25320,80835.0,NON KA,1017453,2025-10-22,2025-11-03,1765492/1765497/1765492,25802.14,16027.14,8366.94,41829.28,,,0.0,,0.0,,,,,,7894435089.0,,Oct-2025,No,8.2
170.0,2025-10-01,East,1,Rayagada,Trishul-Western,Siba Prasad Sahu,E04731,Sunil Kumar Acharya,2042407.0,950932,Banamali Maharana,TH76-10764,BHL,TH76,2015-01-27,9770,71777.0,NON KA,1016386,2025-10-18,2025-10-23,1752111/1752075/1752079,6327.14,18878.78,10774.18,25205.92,,,0.0,,0.0,,,,,,7894435089.0,,Oct-2025,No,10.7
171.0,2025-10-01,East,1,Jeypore,Trishul-Western,Hari Bhoi,E04751,Nikunja Kumar Muduli,2042408.0,950914,Sujan Mondal,S110-11819,10T-14T,EX110,2018-04-26,10865,88210.0,NON KA,1019026,2025-10-27,2025-10-27,1755458/1755310/1755453,5691.12,25792.76,47907.24,31483.88,,,0.0,,0.0,,,,,,7894435084.0,,Oct-2025,No,7.5
172.0,2025-10-01,East,1,Jeypore,Trishul-Western,Ranjit Ojha,E04734,Nikunja Kumar Muduli,2042409.0,950827,Chandra Sekhar Jena,THEDA0L0L00000108,10T-14T,ZX140,2018-07-04,6415,87424.0,NON KA,1019587,2025-10-28,2025-10-14,1743826/1743828/1735900,4469.88,15331.98,161161.28,19801.86,403308.0,2025-10-31,114830.5,,5.79897544978098,,,,3000.0,,7606005594.0,,Oct-2025,Yes,7.3
173.0,2025-10-01,East,1,Jeypore,Trishul-Western,Ranjit Ojha,E04734,Nikunja Kumar Muduli,2042410.0,950825,Gayatri Stone Crusher,S110-10115,10T-14T,EX110,2015-10-14,11257,74226.0,NON KA,1019576,2025-10-28,2025-10-27,1756830/1756823/1756827,605.1,12575.82,58380.92,13180.92,426566.0,2025-12-11,25158.35,,1.9086945372553656,,,,3000.0,,7606005594.0,,Oct-2025,Yes,10.0
174.0,2025-10-01,East,1,Bhawanipatna,Trishul-Western,Nilakantheswar Sahu,E04724,Chinmaya Kumar Rout,2042411.0,950823,Mandakini Pesania,S200-54419,20T-22T,EX200,2017-11-14,29500,84735.0,NON KA,1016608,2025-10-22,2025-10-23,1751494/1751496/1751498,664.14,23439.92,5650.16,24104.06,412804.0,2025-11-11,18402.8,,0.7634730414710219,,,,,,7534435042.0,,Oct-2025,Yes,7.9
175.0,2025-10-01,East,1,Barbil,Trishul-Western,Bhagabat Behera,E01717,Bimal Ranjan Dash,2042412.0,950686,Trustline Mining & Minerals,THEDC0L0K00001116 ,20T-22T,ZX220,2020-02-24,23827,86264.0,KA,1019059,2025-10-23,2026-01-09,1854370/1854523/1854525,100108.93,16522.88,56739.8,116631.81,,2026-01-15,81234.1,,0.6965003801278571,,,,3000.0,,7894438193.0,,Oct-2025,Yes,5.7
176.0,2025-10-01,East,1,Barbil,Trishul-Western,Bhagabat Behera,E01717,Bimal Ranjan Dash,2042414.0,950684,DEEP INNOVATIVES PRIVATE LIMITED,SP21-60627,20T-22T,EX210,2019-05-07,27837,95594.0,NON KA,1010599,2025-10-10,2025-10-11,1741046/1741047/1741048,20568.66,14986.42,47510.16,35555.08,403310.0,2025-10-24,33974.1,,0.9555343427718344,,,,3000.0,,7894438193.0,,Oct-2025,Yes,6.4
177.0,2025-10-01,East,1,Barbil,Trishul-Western,Bhagabat Behera,E01717,Bimal Ranjan Dash,2042415.0,950682,Mahendra Prasad Yadav,S210-55458,20T-22T,EX210,2017-04-02,6256,14062.0,NON KA,1017926,2025-10-21,2025-10-30,1761253/1761255/1761258,6313.98,16685.2,55360.15,22999.18,,,0.0,,0.0,,,,,,7894438193.0,,Oct-2025,No,8.6
178.0,2025-10-01,East,1,Barbil,Trishul-Western,Bhagabat Behera,E01717,Bimal Ranjan Dash,2042437.0,950687,B.S.Mining Corporation Pvt.Ltd,0ACH-000907,30T-37T,ZX370,2015-11-05,14507,73934.0,NON KA,1010721,2025-10-11,2025-10-13,1742641/1742643/1742644,34782.24,23619.5,48328.8,58401.74,403463.0,2025-10-24,22296.6,,0.3817797209466704,,,,3000.0,,7894438193.0,,Oct-2025,Yes,9.9
179.0,2025-10-01,East,1,Jharsuguda,Trishul-Western,R. Rutu Raj,E01738,Chinmaya Kumar Ratha,2042438.0,950931,BGR Mining & Infra Limited,TH86-10373,BHL,TH86,2014-03-01,10890,59144.0,KA,1017387,2025-10-22,2025-10-17,1748325/1748329/1748327,6668.67,8705.96,613.53,15374.63,,,0.0,,0.0,,,,,,7894435110.0,,Oct-2025,No,11.6
180.0,2025-10-01,East,1,Jharsuguda,Trishul-Western,R. Rutu Raj,E01738,Chinmaya Kumar Ratha,2042439.0,950930,BGR Mining & Infra Limited,TH86-10479,BHL,TH86,2020-08-28,9267,59144.0,KA,1017384,2025-10-23,2025-10-14,1742790/1742834/1742832,3985.15,8705.96,82554.68,12691.11,403472.0,2025-10-31,28990.1,,2.284284038196817,,,,3000.0,,7894435110.0,,Oct-2025,Yes,5.2
181.0,2025-10-01,East,1,Jharsuguda,Trishul-Western,Diptiranjan Moharana,E01723,Chinmaya Kumar Ratha,2042440.0,950928,UNITED INFRACORE LIMITED,THEDCRL0V00002209,20T-22T,ZX220,2020-08-28,14242,97844.0,KA,1025086,2025-11-02,2025-11-04,1766488/1766605/1766602,9317.34,21302.98,6973.74,30620.32,,,0.0,,0.0,,,,,,7606005573.0,,Oct-2025,No,5.2
182.0,2025-10-01,East,1,Jharsuguda,Trishul-Western,Janmenjaya Jena,E04747,Chinmaya Kumar Ratha,2042472.0,950926,Asish Yadav,S200-52857,20T-22T,EX200,2016-02-20,18569,75515.0,NON KA,1022177,2025-10-31,2025-11-04,1766652/1766658/1766656,65996.22,18114.78,8789.86,84111.0,,,0.0,,0.0,,,,,,7894435109.0,,Oct-2025,No,9.7
183.0,2025-10-01,East,1,Jharsuguda,Trishul-Western,Diptiranjan Moharana,E01723,Chinmaya Kumar Ratha,2042473.0,950917,UNITED INFRACORE LIMITED,THEDCRL0H00001436,20T-22T,ZX220,2018-10-30,14563,75080.0,KA,Consite shot Rpt. Not Submit,,2025-10-22,1750659/1750660/1750658,7601.72,28805.96,32184.72,36407.68,403563.0,2025-10-31,100723.55,,2.766546783535781,,,,3000.0,,7606005573.0,,Oct-2025,Yes,
184.0,2025-10-01,East,1,Rourkela,Trishul-Western,Saroj Dandpat,E04743,Sudipta Dey,2042474.0,950938,Srinibas Pradhan,S110-11995,10T-14T,EX110,2018-09-17,8029,90475.0,NON KA,1022581,2025-10-15,2025-10-16,1746425/1746399/1746451,2710.24,23624.94,23838.88,26335.18,,,0.0,,0.0,,,,,,7894435147.0,,Oct-2025,No,7.1
185.0,2025-10-01,East,1,Rourkela,Trishul-Western,Saroj Dandpat,E04743,Sudipta Dey,2042475.0,950937,RELIABLE HI-TECH INFRASTRUCTURE PVT. LTD,2001-11225,20T-22T,EX210,2010-04-11,14533,42924.0,NON KA,1011809,2025-10-11,2025-10-11,1740624/1740586/1740683,19602.82,107134.02,254007.18,126736.84,,,0.0,,0.0,,,,,,7894435147.0,,Oct-2025,No,15.5
186.0,2025-10-01,East,1,Sambalpur,Trishul-Western,Tofan Jena,E04749,Shashikanta Mohapatra,2042480.0,950940,Ranjan Kumar Dash,0ACJ-000257,7T-8T,EX75,2013-10-20,425,67273.0,NON KA,1019513,2025-10-17,2025-10-16,1745627/1745628/1745695,27748.84,15372.2,26141.1,43121.04,,2026-01-24,5845.0,,0.1355486787888232,,,,1000.0,,7894435327.0,,Oct-2025,Yes,12.0
187.0,2025-10-01,East,1,Koira,Trishul-Western,Jayakrushna Barik,E01730,Bimal Ranjan Dash,2042541.0,950669,Mohanty S.N.,1HH00A00036972,30T-37T,ZX330,2008-05-31,46891,3642.0,KA,1015003,2025-10-14,2025-10-30,1761267/1761268/1761269,48947.04,30556.78,65727.54,79503.82,,2026-02-24,339980.4,,4.276277542387271,,,,,,7894438195.0,,Oct-2025,Yes,17.4
188.0,2025-10-01,East,1,Koira,Trishul-Western,Jayakrushna Barik,E01730,Bimal Ranjan Dash,2042542.0,950458,Cainth Infrastructure Pvt. Ltd,SP21-60010,20T-22T,EX210,2018-10-02,22835,48612.0,KA,1014893,2025-10-09,2025-10-30,1761263/1761264/1761266,25400.0,16027.14,51544.48,41427.14,426620.0,2025-12-26,298655.1,,7.209165295987123,,,,3000.0,,7894438195.0,,Oct-2025,Yes,7.0
189.0,2025-10-01,East,1,Keonjhar,Trishul-Western,Debashis Mallick,E01722,Bimal Ranjan Dash,2042543.0,950666,Gyanchand Prusty,TH76-10273,BHL,TH76,2013-07-20,18814,25837.0,NON KA,1010699,2025-10-08,2025-10-18,1749615/1749616/1749617,13988.98,15986.84,96483.06,29975.82,403457.0,2025-10-24,63764.8,,2.1272078628708075,,,,3000.0,,8339960651.0,,Oct-2025,Yes,12.2
190.0,2025-10-01,East,1,Keonjhar,Trishul-Western,Debashis Mallick,E01722,Bimal Ranjan Dash,2042545.0,950664,Sri Durga Condev(P) Ltd,S070-15837,7T-8T,EX70,2016-11-05,9815,1124.0,KA,1010449,2025-10-08,2025-10-18,1749612/1749613/1749614,15355.1,16713.16,61030.08,32068.26,,,0.0,,0.0,,,,,,8339960651.0,,Oct-2025,No,8.9
191.0,2025-10-01,East,1,Keonjhar,Trishul-Western,Debashis Mallick,E01722,Bimal Ranjan Dash,2042546.0,950639,Urbashi Dasadhikari,0703-7606,7T-8T,EX70,2011-12-17,6439,57400.0,NON KA,1011211,2025-10-14,2025-10-18,1749618/1749619/1749620,37171.22,8047.04,51202.56,45218.26,403460.0,2025-10-24,18421.4,,0.4073885195936332,,,,2000.0,,8339960651.0,,Oct-2025,Yes,13.8
192.0,2025-11-01,East,1,Bhawanipatna,Trishul-Western,Nilakantheswar Sahu,E04724,Chinmaya Kumar Rout,2093465.0,970613,Narayan Mohanty,S070-16912,7T-8T,EX70,2018-05-11,11523,88697.0,NON KA,1038705,2025-11-27,2025-11-27,1794532/1794571/1794583,465.18,7406.28,234210.08,7871.46,412775.0,2025-11-28,7554.05,,0.9596758415846616,,,,,,7534435042.0,,Nov-2025,Yes,7.5
193.0,2025-11-01,East,1,Bhawanipatna,Trishul-Western,Nilakantheswar Sahu,E04724,Chinmaya Kumar Rout,2093879.0,970595,Manoj Kumar Agrawal,0703-6605,7T-8T,EX70,2010-12-30,9860,50980.0,NON KA,1038721,2025-11-14,,sales quote not created,,,,0.0,,,0.0,,,,,,,,7534435042.0,,Nov-2025,No,14.9
194.0,2025-11-01,East,1,Keonjhar,Trishul-Western,Debashis Mallick,E01722,Bimal Ranjan Dash,2093931.0,970598,Swain Mineral,S210-56144,20T-22T,EX210,2018-03-17,17297,28440.0,NON KA,1029459,2025-11-16,2025-11-18,1783200/1783232/1783233,303881.36,7888.16,93099.14,311769.52,412774.0,2025-11-27,43309.55,,0.1389152794667035,,,,,,8339960651.0,,Nov-2025,Yes,7.7
195.0,2025-11-01,East,1,Keonjhar,Trishul-Western,Debashis Mallick,E01722,Bimal Ranjan Dash,2093932.0,970599,ITISHREE CONSTRUCTION,SP21-45169,20T-22T,EX210,2018-11-12,7389,91555.0,NON KA,1031551,2025-11-19,2025-11-26,1794252/1794255/1794257,46397.86,16713.16,44342.78,63111.02,,,0.0,,0.0,,,,,,8339960651.0,,Nov-2025,No,7.0
196.0,2025-11-01,East,1,Keonjhar,Trishul-Western,Debashis Mallick,E01722,Bimal Ranjan Dash,2093933.0,970957,Pradeep Kumar Panda,2001-11113,20T-22T,EX200,2011-02-09,13347,13246.0,NON KA,1029010,2025-11-14,2025-11-18,1783196/1783198/1783199,53922.86,8546.22,60156.82,62469.08,412728.0,2025-11-27,9005.05,,0.1441521149343002,,,,,,8339960651.0,,Nov-2025,Yes,14.8
197.0,2025-11-01,East,1,Keonjhar,Trishul-Western,Debashis Mallick,E01722,Bimal Ranjan Dash,2093954.0,970959,Bishnu Prasad Rout,S070-16820,7T-8T,EX70,2018-04-06,9681,87952.0,NON KA,1029593,2025-11-16,2025-11-18,1783234/1783235/1783236,11416.94,8047.04,52474.16,19463.98,412699.0,2025-11-27,17706.1,,0.909685480564612,,,,,,8339960651.0,,Nov-2025,Yes,7.6
198.0,2025-11-01,East,1,Barbil,Trishul-Western,Bhagabat Behera,E01717,Bimal Ranjan Dash,2093934.0,970559,Singh & Co.,S210-56438,20T-22T,EX210,2018-09-03,6376,8731.0,KA,1028488,2025-11-13,2025-11-18,1782167/1782168/1782241,17155.1,17371.22,357910.58,34526.32,412721.0,2025-11-27,293216.7,,8.492555824078558,,,,,,7894438193.0,,Nov-2025,Yes,7.2
199.0,2025-11-01,East,1,Barbil,Trishul-Western,Bhagabat Behera,E01717,Bimal Ranjan Dash,2093935.0,970779,Trustline Mining & Minerals,THEDC0L0P00000580,20T-22T,ZX220,2018-02-13,24054,86264.0,KA,1029054,2025-11-13,2025-11-26,1794231/1794238/1794240,23416.94,27905.92,193340.28,51322.86,412686.0,2025-11-27,193340.1,,3.767134177635463,,,,,,7894438193.0,,Nov-2025,Yes,7.7
200.0,2025-11-01,East,1,Barbil,Trishul-Western,Bhagabat Behera,E01717,Bimal Ranjan Dash,2093936.0,970866,SARANDA CONST. & EARTHMOVERS,THEWBHK0VJ0000128,TWL,TL340H,2019-01-07,12954,93032.0,NON KA,1037468,2025-11-22,2025-11-30,1800194/1800199/1800223,20958.88,23494.08,44342.78,44452.96000000001,,,0.0,,0.0,,,,,,7894438193.0,,Nov-2025,No,6.9
201.0,2025-11-01,East,1,Barbil,Trishul-Western,Bhagabat Behera,E01717,Bimal Ranjan Dash,2093937.0,970867,Kaypee Enterprises,S110-12210,10T-14T,EX110,2019-01-04,16568,1106.0,KA,1037792,2025-11-27,2025-12-02,1803206/1803210/1803221,32633.88,16782.24,50677.54,49416.12,,,0.0,,0.0,,,,,,7894438193.0,,Nov-2025,No,6.9
202.0,2025-11-01,East,1,Jharsuguda,Trishul-Western,Janmenjaya Jena,E04747,Chinmaya Kumar Ratha,2093938.0,970986,TIRUPATI CONSTRUCTION,SP20-57086,20T-22T,EX200,2020-11-12,0,112640.0,NON KA,1027923,2025-11-12,2025-11-17,1777211/1781221/1781165,69815.54,29350.3,62490.04,99165.84,,,0.0,,0.0,,,,,,7894435109.0,,Nov-2025,No,5.0
203.0,2025-11-01,East,1,Jharsuguda,Trishul-Western,R. Rutu Raj,E01738,Chinmaya Kumar Ratha,2093939.0,970988,BGR Mining & Infra  Limited,THEDCRL0E00000143,20T-22T,ZX220,2015-02-17,30985,59144.0,KA,1048839,2025-11-27,2025-11-27,1795213/1795504/1795449,23818.63,20000.41,6902.99,43819.04,412811.0,2025-11-30,23818.7,,0.5435696446111097,,,,,,7894435109.0,,Nov-2025,Yes,10.8
204.0,2025-11-01,East,1,Jharsuguda,Trishul-Western,R. Rutu Raj,E01738,Chinmaya Kumar Ratha,2093940.0,970989,BGR Mining & Infra  Limited,THEDCRL0E00000093,20T-22T,ZX220,2014-09-12,30565,59144.0,KA,1048812/1048799,2025-11-27,2025-11-27,1795634/1795670/1795639,19996.17,15099.61,16021.6,35095.78,412801.0,2025-11-30,16021.65,,0.456512150463674,,,,,,7894435110.0,,Nov-2025,Yes,11.2
205.0,2025-11-01,East,1,Jharsuguda,Trishul-Western,Diptiranjan Moharana,E01723,Chinmaya Kumar Ratha,2093942.0,983094,Sri Balaji Engicons Pvt.Ltd.,S200-53499,20T-22T,EX200,2016-12-04,17512,3180.0,KA,1049344,2025-12-23,2025-12-25,1833464/1833419/1833416,26447.44,40708.08,96616.1,67155.52,426661.0,2025-12-31,96616.08,,1.4386915625104235,,,,3000.0,,7606005573.0,,Nov-2025,Yes,9.1
206.0,2025-11-01,East,1,Jharsuguda,Trishul-Western,R. Rutu Raj,E01738,Chinmaya Kumar Ratha,2098307.0,971082,Laxmi Priya Das,S210-55465,20T-22T,EX210,2017-02-03,13543,55567.0,NON KA,1026989/1026980,2025-11-11,2025-11-11,1774730/1774722/1775027,45002.88,18322.14,441244.22,63325.02,,2026-01-06,703800.51,,11.114098503245636,,,,3000.0,,7894435110.0,,Nov-2025,Yes,8.8
207.0,2025-11-01,East,1,Rayagada,Trishul-Western,Siba Prasad Sahu,E04731,Sunil Kumar Acharya,2093943.0,970778,Nukaya Basini,TH76-10783,BHL,TH76,2015-02-01,10630,71871.0,NON KA,1030785,2025-11-15,,sales quote not created,,,,0.0,,,0.0,,,,,,,,7894435089.0,,Nov-2025,No,10.8
208.0,2025-11-01,East,1,Rayagada,Trishul-Western,Siba Prasad Sahu,E04731,Sunil Kumar Acharya,2093944.0,970777,Rudra Prasad Panigrahi,S110-11061,10T-14T,EX110,2017-02-22,7230,58092.0,NON KA,1033668,2025-11-21,,sales quote not created,,,,0.0,,,0.0,,,,,,,,7894435089.0,,Nov-2025,No,8.7
209.0,2025-11-01,East,1,Jeypore,Trishul-Western,Hari Bhoi,E04751,Nikunja Kumar Muduli,2093945.0,972178,Tara Tarini Constructions Pvt. Ltd.,01S1-052931,10T-14T,ZX120,2015-11-12,14314,56309.0,KA,1037435,2025-11-29,2025-11-19,1784646/1784649/1784682,96122.9,88671.08,145812.78,184793.98,426673.0,2025-12-31,302805.9,,1.6386134440093776,,,,3000.0,,7894435084.0,,Nov-2025,Yes,10.0
210.0,2025-11-01,East,1,Jeypore,Trishul-Western,Hari Bhoi,E04751,Nikunja Kumar Muduli,2093946.0,972179,UDAYANATH BAGHA,SP07-18596,7T-8T,EX70,2020-01-28,1,98405.0,NON KA,1037437,2025-11-29,2025-11-29,1798396/1798398/1798434,13450.9,8712.84,2580.24,22163.74,,,0.0,,0.0,,,,,,7894435084.0,,Nov-2025,No,5.8
211.0,2025-11-01,East,1,Jeypore,Trishul-Western,Ranjit Ojha,E04734,Nikunja Kumar Muduli,2093947.0,972231,PADMAVATHY BUILDERS,S210-41602,20T-22T,EX210,2018-06-27,10740,87002.0,NON KA,1035260,2025-11-26,2025-11-28,1797522/1797527/1797529,866.88,26445.18,23836.98,27312.06,426666.0,2025-12-11,21060.0,,0.7710879369772913,,,,3000.0,,7606005594.0,,Nov-2025,Yes,7.4
212.0,2025-11-01,East,1,Jeypore,Trishul-Western,Ranjit Ojha,E04734,Nikunja Kumar Muduli,2093948.0,972232,MEGA CONSTRUCTION,SP13-14969,10T-14T,EX130,2021-11-04,3620,127384.0,NON KA,1034614,2025-11-24,2025-11-25,1792328/1792411/1792412,1209.88,15824.94,26315.12,17034.82,426735.0,2025-12-30,8171.35,,0.4796851390270047,,,,1000.0,,7606005594.0,,Nov-2025,Yes,4.1
213.0,2025-11-01,East,1,Rourkela,Trishul-Western,Saroj Dandpat,E04743,Sudipta Dey,2093949.0,970776,SUMAN TRADERS,SP21-60039,20T-22T,EX210,2018-11-14,1,91625.0,NON KA,1037437,2025-11-29,2025-11-26,1793971/1793900/1793944,166.2,18322.14,9729.98,18488.34,,,0.0,,0.0,,,,,,7894435147.0,,Nov-2025,No,7.0
214.0,2025-11-01,East,1,Koira,Trishul-Western,Jayakrushna Barik,E01730,Bimal Ranjan Dash,2093950.0,970611,Kamaljeet Singh Ahluwalia Mine Owner,1101-5331,10T-14T,EX110,2012-05-30,17736,4814.0,KA,1033296,2025-11-22,2025-11-24,1794373/1794375/1794376,35997.86,16782.24,50677.54,52780.100000000006,,,0.0,,0.0,,,,,,7894438195.0,,Nov-2025,No,13.5
215.0,2025-11-01,East,1,Koira,Trishul-Western,Jayakrushna Barik,E01730,Bimal Ranjan Dash,2093951.0,970981,Thriveni Earthmovers Private Ltd.,1101-6221,10T-14T,EX110,2013-11-14,26878,1241.0,KA,1031816,2025-11-18,2025-11-26,1794292/1794296/1794300,49350.04,16782.24,50239.8,66132.28,412670.0,2025-11-27,25219.8,,0.3813538562408554,,,,,,7894438195.0,,Nov-2025,Yes,12.0
216.0,2025-11-01,East,1,Koira,Trishul-Western,Jayakrushna Barik,E01730,Bimal Ranjan Dash,2093952.0,970983,Mohanty S.N.,2001-3011,20T-22T,EX200,2011-10-03,19128,3642.0,KA,1033018,2025-11-21,2025-11-26,1794325/1794328/1794371,25400.0,45491.12,65275.82,70891.12,409434.0,2025-12-02,48957.0,,0.6905942521432868,,,,,,7894438195.0,,Nov-2025,Yes,14.1
217.0,2025-11-01,East,1,Koira,Trishul-Western,Jayakrushna Barik,E01730,Bimal Ranjan Dash,2093953.0,970984,Bhabani Associates Pvt.Ltd,0ACE-002877,20T-22T,ZX210,2014-02-03,26883,68634.0,NON KA,1032518,2025-11-20,2025-12-02,1803202/1803203/1803205,17855.92,35295.34,55622.44,53151.26,,,0.0,,0.0,,,,,,7894438195.0,,Nov-2025,No,11.8
218.0,2025-12-01,East,1,Rourkela,Trishul-Western,Saroj Dandpat,E04743,Sudipta Dey,2132117.0,985666,DARA SINGH,SP20-56096,20T-22T,EX200,2018-12-04,12677,41784.0,NON KA,1051575,2025-12-27,2025-12-29,1837365/1837296/1837397,498.1,7811.3,12055.9,8309.4,426745.0,2025-12-29,7967.25,,0.9588237417864106,,,,1000.0,,7894435147.0,,Dec-2025,Yes,7.1
219.0,2025-12-01,East,1,Rourkela,Trishul-Western,Saroj Dandpat,E04743,Sudipta Dey,2132115.0,985664,Deepak Kumar  Jit,S200-55229,20T-22T,EX200,2018-08-26,13014,85415.0,NON KA,1044449,2025-12-11,2025-12-12,1814901/1814786/1814902,4481.16,25058.2,7575.22,29539.36,,2026-02-03,84752.82,,2.869148823806609,,,,,,7894435147.0,,Dec-2025,Yes,7.3
220.0,2025-12-01,East,1,Rourkela,Trishul-Western,Saroj Dandpat,E04743,Sudipta Dey,2132114.0,985640,DAKSH CONSTRUCTIONS & EQIPMENTS,SP20-56256,20T-22T,EX200,2018-12-26,11436 hours,90887.0,NON KA,1050339,2025-12-25,2025-12-12,1814901/1814786/1814902,4481.16,25058.2,7575.22,29539.36,,,0.0,,0.0,,,,,,7894435147.0,,Dec-2025,No,7.0
221.0,2025-12-01,East,1,Sambalpur,Trishul-Western,Tofan Jena,E04749,Shashikanta Mohapatra,2132113.0,987167,Iswar Biswal,THEWAAD0JG0010932,BHL,TH76,2016-12-28,5423,80166.0,NON KA,1055136,2026-01-06,2026-01-03,1846861/1846870/1846866,10277.1,15157.84,8211.02,25434.94,,,0.0,,0.0,,,,,,7894435327.0,,Dec-2025,No,9.0
222.0,2025-12-01,East,1,Sambalpur,Trishul-Western,Tofan Jena,E04749,Shashikanta Mohapatra,2132112.0,987163,Bishnu Prasad Pradhan,SP21-60562,20T-22T,EX210,2019-05-29,4880,91106.0,NON KA,1054620,2026-01-01,2026-01-02,1844972/1844974/1844979,29985.06,20889.0,47454.02,50874.06,,,0.0,,0.0,,,,,,7894435327.0,,Dec-2025,No,6.6
223.0,2025-12-01,East,1,Sambalpur,Trishul-Western,Tofan Jena,E04749,Shashikanta Mohapatra,2132122.0,987130,TUSHARKANTA NANDI,THEWABD0AM0002464,BHL,BX80,2021-04-30,7197,115596.0,NON KA,1051718,2025-12-22,2025-12-13,1816576/1816579/1816634,1377.18,17959.04,11974.88,19336.22,426738.0,2025-12-15,18618.0,,0.9628562356034426,,,,3000.0,,7894435327.0,,Dec-2025,Yes,4.6
224.0,2025-12-01,East,1,Sambalpur,Trishul-Western,Tofan Jena,E04749,Shashikanta Mohapatra,2132121.0,987128,Vishal Stone Works,S210-55398,20T-22T,EX210,2016-12-17,22651,79821.0,NON KA,1052608,2026-01-01,2025-12-30,1839746/1839842/1839772,92429.86,20889.0,1280746.92,113318.86,,,0.0,,0.0,,,,,,7894435327.0,,Dec-2025,No,9.0
225.0,2025-12-01,East,1,Sambalpur,Trishul-Western,Tofan Jena,E04749,Shashikanta Mohapatra,2132120.0,985917,Ashish Kumar Bhoi,0703-8974,7T-8T,EX70,2013-11-13,13513,67639.0,NON KA,1051742,2025-12-26,2025-12-26,1834934/1834913/1834872,2747.22,14914.0,32516.06,17661.22,,2025-12-31,2802.0,,0.1586526865075006,,,,,,7894435327.0,,Dec-2025,Yes,12.1
226.0,2025-12-01,East,1,Jharsuguda,Trishul-Western,R. Rutu Raj,E01738,Chinmaya Kumar Ratha,2132119.0,985626,Ashok Bricks Industries(P)Ltd,THEWBAD0TG0010843,BHL,TH86,2016-11-07,8653,11934.0,KA,1051120,2025-12-30,2025-12-24,1832172/1832245/1832243,2538.98,14516.94,12347.04,17055.920000000002,,2026-01-31,12266.58,,0.7191977917344827,,,,2000.0,,7894435110.0,,Dec-2025,Yes,9.1
227.0,2025-12-01,East,1,Jharsuguda,Trishul-Western,R. Rutu Raj,E01738,Chinmaya Kumar Ratha,2132118.0,985625,Ashok Bricks Industries(P)Ltd,THEWBAD0CG0010878,BHL,TH86,2016-12-09,7563 hours,11934.0,KA,1051130,2025-12-30,2025-12-25,1832892/1832943/1832945,6113.16,2291.12,15169.08,8404.279999999999,,2026-01-31,18557.28,,2.2080749332482976,,,,2000.0,,7894435110.0,,Dec-2025,Yes,9.1
228.0,2025-12-01,East,1,Jharsuguda,Trishul-Western,Diptiranjan Moharana,E01723,Chinmaya Kumar Ratha,2132127.0,985624,Karttik Sundaray,THEDCRL0T00002008,20T-22T,ZX220,2020-01-06,14693 hours,89288.0,NON KA,1049798,2025-12-04,2025-12-25,1833403/1833363/1833405,16534.52,29782.3,11188.1,46316.82,,2026-01-31,160806.56,,3.4718825687946624,,,,3000.0,,7606005573.0,,Dec-2025,Yes,5.9
229.0,2025-12-01,East,1,Jharsuguda,Trishul-Western,Diptiranjan Moharana,E01723,Chinmaya Kumar Ratha,2132126.0,985622,Shree Shyamjee Constructions Pvt.Ltd.,0703-4601,7T-8T,EX70,2008-08-30,9415,25096.0,NON KA,1054718,2025-12-31,2026-01-05,1847558/1847603/1847560,601.94,12080.8,4548.02,12682.74,,,0.0,,0.0,,,,,,7606005573.0,,Dec-2025,No,17.3
230.0,2025-12-01,East,1,Jharsuguda,Trishul-Western,Janmenjaya Jena,E04747,Chinmaya Kumar Ratha,2132125.0,985621,Nitish Kumar Mishra,S070-16940,7T-8T,EX70,2018-06-02,0,88651.0,NON KA,1051189,2025-12-30,2026-01-05,1847728/1847835/1847789,37387.8,16615.98,62109.9,54003.78,,,0.0,,0.0,,,,,,7894435109.0,,Dec-2025,No,7.6
231.0,2025-12-01,East,1,Jharsuguda,Trishul-Western,Janmenjaya Jena,E04747,Chinmaya Kumar Ratha,2132124.0,985546,Abhay B.Jaiswal,S200-52412,20T-22T,EX200,2015-03-01,325,72052.0,NON KA,1051201,2025-12-30,2026-01-05,1847838/1848054/1848028,83585.1,26939.22,295655.94,110524.32,,,0.0,,0.0,,,,,,7894435109.0,,Dec-2025,No,10.8
232.0,2025-12-01,East,1,Rayagada,Trishul-Western,Siba Prasad Sahu,E04731,Sunil Kumar Acharya,2132123.0,985638,Burada Chitti Babu,0703-9059,7T-8T,EX70,2014-01-10,11720 hours,68269.0,NON KA,1047264,2025-12-16,2025-12-12,sales quote not created,,,,0.0,,,0.0,,,,,,,,7894435089.0,,Dec-2025,No,11.9
233.0,2025-12-01,East,1,Rayagada,Trishul-Western,Siba Prasad Sahu,E04731,Sunil Kumar Acharya,2132142.0,985634,Odisha Builders & Engineering Construction Company,S110-11274,10T-14T,EX110S,2017-07-22,6720 hours,57923.0,KA,1042915,2025-12-09,2025-12-12,1898653/1894287/1898655,10371.22,23146.22,15850.0,33517.44,,2026-01-05,10060.0,,0.3001422543010444,,,,,,7894435089.0,,Dec-2025,Yes,8.4
234.0,2025-12-01,East,1,Jeypore,Trishul-Western,Hari Bhoi,E04751,Nikunja Kumar Muduli,2132130.0,985530,Chandrika Patra,THEDA0L0K00001297,10T-14T,ZX140,2020-08-22,4889 hours,110696.0,NON KA,1045585,2025-12-16,2025-12-13,1816712/1816731/1816734,4469.88,80078.92,41777.16,84548.8,,2026-03-28,104887.4,,1.240554567303143,,,,,,7894435084.0,,Dec-2025,Yes,5.3
235.0,2025-12-01,East,1,Jeypore,Trishul-Western,Hari Bhoi,E04751,Nikunja Kumar Muduli,2132129.0,985529,Gouranga Panigrahi,THEWABD0TK0001237,BHL,BX80,2020-09-19,7075 hours,110766.0,NON KA,1045625,2025-12-16,2025-12-13,1816376/1816475/1816625,7407.24,49790.02,53882.2,57197.26,,,0.0,,0.0,,,,,,7894435084.0,,Dec-2025,No,5.2
236.0,2025-12-01,East,1,Jeypore,Trishul-Western,Hari Bhoi,E04751,Nikunja Kumar Muduli,2132128.0,985528,SHARMILLA MAHALLICK,THEWABD0KL0001484,BHL,BX80,2020-09-18,3696,111427.0,NON KA,1050045,2025-12-26,2025-12-30,1839231/1839235/1839238,4481.22,51374.96,40490.0,55856.18,,,0.0,,0.0,,,,,,7894435084.0,,Dec-2025,No,5.3
237.0,2025-12-01,East,1,Jeypore,Trishul-Western,Ranjit Ojha,E04734,Nikunja Kumar Muduli,2132141.0,985544,Arabinda Bishoe,SP07-18027,7T-8T,EX70,2019-01-10,6832,92569.0,NON KA,1051653,2025-12-31,2025-12-24,1832115/1832133/1832164,832.18,12537.16,2500.0,13369.34,,2026-01-06,895.0,,0.066944217141609,,,,,,7606005594.0,,Dec-2025,Yes,7.0
238.0,2025-12-01,East,1,Jeypore,Trishul-Western,Ranjit Ojha,E04734,Nikunja Kumar Muduli,2132147.0,985525,GUPTESHWAR CONSTRUCTIONS,01S1-052671,10T-14T,ZX120,2015-01-09,14310,24286.0,NON KA,1051648,2025-12-31,2026-01-02,1845394/1845397/1845475,49651.08,16656.8,14401.0,66307.88,426739.0,2026-01-05,14688.9,,0.2215257070502027,,,,2000.0,,7606005594.0,,Dec-2025,Yes,11.0
239.0,2025-12-01,East,1,Jeypore,Trishul-Western,Ranjit Ojha,E04734,Nikunja Kumar Muduli,2132146.0,985522,GUPTESHWAR CONSTRUCTIONS,01S1-053657,10T-14T,ZX120,2017-04-09,14682,24286.0,NON KA,1051673,2025-12-31,2025-12-24,1832173/1832177/1832180,4481.22,15659.86,172867.18,20141.08,426761.0,2025-12-31,22873.15,,1.1356466485411905,,,,3000.0,,7606005594.0,,Dec-2025,Yes,8.7
240.0,2025-12-01,East,1,Keonjhar,Trishul-Western,Debashis Mallick,E01722,Bimal Ranjan Dash,2132145.0,985318,Abdul Hanan,S210-56431,20T-22T,EX210,2018-08-09,7361 hours,90103.0,NON KA,1047734,2025-12-18,2025-12-24,1832256/1832257/1832258,18722.86,16713.16,50677.54,35436.020000000004,426802.0,2025-12-25,18175.8,,0.5129187758670414,,,,2000.0,,8339960651.0,,Dec-2025,Yes,7.4
241.0,2025-12-01,East,1,Keonjhar,Trishul-Western,Debashis Mallick,E01722,Bimal Ranjan Dash,2132144.0,985317,PATEL KUMAR MOHANTA,S070-17270,7T-8T,EX70,2018-12-20,8643 hours,92581.0,NON KA,1042039,2025-12-08,2025-12-24,1832207/1832210/1832232,11844.08,8047.04,33541.94,19891.12,,,0.0,,0.0,,,,,,8339960651.0,,Dec-2025,No,7.0
242.0,2025-12-01,East,1,Keonjhar,Trishul-Western,Debashis Mallick,E01722,Bimal Ranjan Dash,2132143.0,985316,N.N.Singh & Brother,S210-55673,20T-22T,EX210,2017-06-20,9053 hours,82715.0,KA,1045649,2025-12-15,2025-12-24,1832251/1832253/1832255,38083.06,16713.16,47510.16,54796.22,426816.0,2025-12-25,82482.9,,1.5052662391675922,,,,3000.0,,8339960651.0,,Dec-2025,Yes,8.5
243.0,2025-12-01,East,1,Keonjhar,Trishul-Western,Debashis Mallick,E01722,Bimal Ranjan Dash,2132528.0,985314,Ranjan Kumar Nayak,SP13-14337,10T-14T,EX130,2019-07-05,16670 hours,61667.0,NON KA,1044301,2025-12-08,2025-12-24,1832238/1832239/1832240,11205.92,18280.1,47510.16,29486.02,,2026-02-24,12296.2,,0.4170179630889487,,,,,,8339960651.0,,Dec-2025,Yes,6.4
244.0,2025-12-01,East,1,Keonjhar,Trishul-Western,Debashis Mallick,E01722,Bimal Ranjan Dash,2132529.0,985279,Priya Brata Behera,315E-1327,BHL,315E,2011-03-24,14895 hours,52955.0,NON KA,1041007,2025-12-05,2025-12-24,1832233/1832234/1832235,15180.92,15986.84,38213.16,31167.76,,,0.0,,0.0,,,,,,8339960651.0,,Dec-2025,No,14.7
245.0,2025-12-01,East,1,Keonjhar,Trishul-Western,Debashis Mallick,E01722,Bimal Ranjan Dash,2132530.0,985278,NIRANJAN KUMAR DAS,SP07-18729,7T-8T,EX70,2020-11-19,7389 hours,112076.0,NON KA,1041865,2025-12-08,2025-12-11,1814292/1814293/1814294,8225.82,12663.98,33071.22,20889.8,,2025-12-26,4437.0,,0.212400310199236,,,,,,8339960651.0,,Dec-2025,Yes,5.1
246.0,2025-12-01,East,1,Keonjhar,Trishul-Western,Debashis Mallick,E01722,Bimal Ranjan Dash,2132551.0,985257,HEMANTA MAHANTA,THEWABD0CK0000675,BHL,BX80,2019-09-13,4889 hours,96518.0,NON KA,1047889,2025-12-20,2025-12-24,1832259/1832291/1832292,13200.0,16063.16,43800.0,29263.16,,,0.0,,0.0,,,,,,8339960651.0,,Dec-2025,No,6.3
247.0,2025-12-01,East,1,Koira,Trishul-Western,Jayakrushna Barik,E01730,Bimal Ranjan Dash,2132198.0,985327,SAPL Infrastrucrue Private Limited,0ACE-001002,20T-22T,ZX210,2010-01-11,41038 hours,32181.0,KA,1045873,2025-12-17,2025-12-18,1832294/1832296/1832297,918014.37,19539.8,47510.15,937554.17,,2026-01-24,46158.6,,0.0492329952518903,,,,3000.0,,7894438195.0,,Dec-2025,Yes,15.9
248.0,2025-12-01,East,1,Koira,Trishul-Western,Jayakrushna Barik,E01730,Bimal Ranjan Dash,2132199.0,985326,Rahul Associates,3036-1842,TWL,TWL3036,2018-02-27,23422,23264.0,NON KA,1050265,2025-12-27,2026-01-09,1854558/1854601/1854602,34947.86,7888.16,47510.16,42836.02,,2026-02-24,19609.9,,0.4577899627463055,,,,,,7894438195.0,,Dec-2025,Yes,7.8
249.0,2025-12-01,East,1,Koira,Trishul-Western,Jayakrushna Barik,E01730,Bimal Ranjan Dash,2132200.0,985325,Kaypee Enterprises,S110-10747,10T-14T,EX110S,2016-10-25,17737 hours,1106.0,KA,1047880,2025-12-18,2025-12-17,1832298/1832300/1832303,22050.0,10189.8,47510.16,47908.06,426804.0,2025-12-25,24274.4,,0.5066871837431949,,,,3000.0,,7894438195.0,,Dec-2025,Yes,9.1
250.0,2025-12-01,East,1,Koira,Trishul-Western,Jayakrushna Barik,E01730,Bimal Ranjan Dash,2132231.0,985323,M/S NATIONAL ENTERPRISES,3036-2429,TWL,TWL3036,2010-03-02,26693 hours,16678.0,KA,1049208,2025-12-21,2025-12-24,1832304/1832305/1832306,27991.94,25858.06,47510.16,63027.94,426796.0,2025-12-26,23155.2,,0.3673799270609193,,,,3000.0,,7894438195.0,,Dec-2025,Yes,15.8
251.0,2025-12-01,East,1,Barbil,Trishul-Western,Bhagabat Behera,E01717,Bimal Ranjan Dash,2132232.0,985253,"M.G.M.Minerals Ltd. 5A,Forest Park",0ACH-000314,30T-37T,ZX370,2011-04-16,24469 hours,17711.0,KA,1040834,2025-12-05,2025-12-11,1814216/1814217/1814218,636302.52,35036.0,13985.2,644887.72,426831.0,2025-12-25,630759.9,,0.9780925895131016,,,,3000.0,,7894438193.0,,Dec-2025,Yes,14.6
252.0,2025-12-01,East,1,Barbil,Trishul-Western,Bhagabat Behera,E01717,Bimal Ranjan Dash,2132233.0,985189,Thriveni Earthmovers Private Ltd.,1101-6386,10T-14T,EX110,2014-04-17,12064 hours,1241.0,KA,1046854,2025-12-12,2025-12-24,1832201/1832202/1832205,10185.2,8585.2,36291.51,18770.4,,,0.0,,0.0,,,,,,7894438193.0,,Dec-2025,No,11.7
253.0,2025-12-01,East,1,Barbil,Trishul-Western,Bhagabat Behera,E01717,Bimal Ranjan Dash,2132234.0,985188,B. B. Builders,TH86-10674,BHL,TH86,2016-04-11,8531 hours,76302.0,NON KA,1042432,2025-12-05,2025-12-11,1814219/1814220/1814291,20602.96,14987.72,2500.0,35590.68,,,0.0,,0.0,,,,,,7894438193.0,,Dec-2025,No,9.7
254.0,2025-12-01,East,1,Barbil,Trishul-Western,Bhagabat Behera,E01717,Bimal Ranjan Dash,2132273.0,985187,Bhabani Associates Pvt.Ltd,0ACE-002878,20T-22T,ZX210,2014-02-03,24922,68634.0,NON KA,1050938,2025-12-15,2026-01-09,1854527/1854529/1854556,17625.0,19539.8,63347.04,37164.8,,,0.0,,0.0,,,,,,7894438193.0,,Dec-2025,No,11.9
255.0,2025-12-01,East,1,Bhawanipatna,Trishul-Western,Nilakantheswar Sahu,E04724,Chinmaya Kumar Rout,2132274.0,985521,Roshan Jaiswal,S110-11252,10T-14T,EX110S,2017-07-10,11862,83292.0,NON KA,1044193,2025-12-10,2025-12-11,1812947/1812941/1812993,1906.08,19787.9,6740.0,21693.980000000003,,,0.0,,0.0,,,,,,7534435042.0,,Dec-2025,No,8.4
256.0,2025-12-01,East,1,Bhawanipatna,Trishul-Western,Nilakantheswar Sahu,E04724,Chinmaya Kumar Rout,2132275.0,985499,Anil Bhatta Mishra,0703-7945,7T-8T,EX70,2012-04-04,12139,60011.0,NON KA,1051816,2025-12-22,2025-12-23,1828867/1828915/1828963,2149.76,11275.72,4599.94,13425.48,,,0.0,,0.0,,,,,,7534435042.0,,Dec-2025,No,13.7
257.0,2025-12-01,East,1,Bhawanipatna,Trishul-Western,Nilakantheswar Sahu,E04724,Chinmaya Kumar Rout,2132276.0,985496,MOHAN LAL PADHAN,THEDA0L0J00001379,10T-14T,ZX140,2020-10-26,4856,112178.0,NON KA,1051832,2026-01-01,2026-01-07,1851972/1851977/1851979,9653.22,13273.56,7255.0,22926.78,,2026-02-24,21006.5,,0.9162429263943738,,,,,,7534435042.0,,Dec-2025,Yes,5.2
258.0,2025-12-01,East,1,Bhawanipatna,Trishul-Western,Nilakantheswar Sahu,E04724,Chinmaya Kumar Rout,2132277.0,985495,Malaya Kumar Patra,S110-11116,10T-14T,EX110S,2017-05-07,11568,82206.0,NON KA,1051836,2026-01-01,2026-01-07,1852021/1852022/1852025,930.18,11347.6,6740.0,12277.78,,,0.0,,0.0,,,,,,7534435042.0,,Dec-2025,No,8.7
259.0,2026-01-01,East,1,Rourkela,Trishul-Western,Saroj Dandpat,E04743,Sudipta Dey,2185978.0,1007984,Madhaba Chandra Majhi,S110-10332,10T-14T,EX110S,2016-02-25,11754 hours,75524.0,NON KA,1065971,2026-02-02,2026-01-30,1882813/1880381/1880409,4481.16,26949.98,6740.24,31431.14,,,0.0,,0.0,,,,,,7894435147.0,,Jan-2026,No,9.9
260.0,2026-01-01,East,1,Rourkela,Trishul-Western,Saroj Dandpat,E04743,Sudipta Dey,2185984.0,1007985,Singhal Enterprises,THEDC0L0V00001010,20T-22T,ZX220,2019-11-13,14682 hours,97432.0,NON KA,1063453,2026-01-28,2026-01-23,1871382/1871362/1871390,4481.17,29948.88,1043000.2,34430.05,,2026-02-11,41371.45,,1.2016087690839832,,,,,,7894435147.0,,Jan-2026,Yes,6.2
261.0,2026-01-01,East,1,Sambalpur,Trishul-Western,Tofan Jena,E04749,Shashikanta Mohapatra,2185985.0,1007987,SHRI SHYAMJI ASSOCIATES,0703-4782,7T-8T,EX70,2008-10-31,23019,26224.0,NON KA,1065234,2026-01-19,2026-01-20,1867316/1867354/1867351,21663.12,15869.08,5167.0,37532.2,,,0.0,,0.0,,,,,,7894435327.0,,Jan-2026,No,17.2
262.0,2026-01-01,East,1,Jharsuguda,Trishul-Western,Diptiranjan Moharana,E01723,Sudipta Dey,2185977.0,1007907,Maa Samaleswari Equipments,S200-52858,20T-22T,EX200S,2016-02-21,18252 hours,75680.0,NON KA,1065551,2026-01-26,2026-01-24,1873582/1873590/1873585,4032.98,22762.76,44573.8,26795.74,,,0.0,,0.0,,,,,,7894435110.0,,Jan-2026,No,9.9
263.0,2026-01-01,East,1,Jharsuguda,Trishul-Western,Diptiranjan Moharana,E01723,Sudipta Dey,2185976.0,1007905,Maa Samaleswari Equipments,S200-53722,20T-22T,EX200S,2017-03-08,14242 hours,75680.0,NON KA,,,2026-01-24,1873534/1873567/1873562,8300.12,16026.86,16728.14,24326.980000000003,,,0.0,,0.0,,,,,,7894435110.0,,Jan-2026,No,
264.0,2026-01-01,East,1,Jharsuguda,Trishul-Western,R. Rutu Raj,E01738,Sudipta Dey,2185975.0,1007910,BGR Mining & Infra Private Limited,THEDCRL0V00000878,20T-22T,ZX220,2017-04-03,11428 hours,59999.0,KA,1065004,2026-01-29,2026-01-29,1878059/1878122/1878097,13516.49,9657.61,12300.44,23174.1,,2026-01-31,27725.3,,1.196391661380593,,,,3000.0,,7894435110.0,,Jan-2026,Yes,8.8
265.0,2026-01-01,East,1,Jharsuguda,Trishul-Western,R. Rutu Raj,E01738,Sudipta Dey,2185974.0,1007921,BGR Mining & Infra Private Limited,THEDCRL0V00000086,20T-22T,ZX220,2014-08-21,29933 hours,59999.0,KA,1064693,2026-01-29,2026-01-21,1867805/1867814/1867872,8312.31,16376.3,37136.43,24688.61,,,0.0,,0.0,,,,,,7606005573.0,,Jan-2026,No,11.4
266.0,2026-01-01,East,1,Jharsuguda,Trishul-Western,R. Rutu Raj,E01738,Sudipta Dey,2185973.0,1007908,BGR Mining & Infra Private Limited,TH86-10513,BHL,TH86,2014-12-14,9261 hours,59999.0,KA,1064714,2026-01-29,2026-01-21,1867908/1867923/1867927,14208.45,1472.45,28728.41,15680.9,,,0.0,,0.0,,,,,,7606005573.0,,Jan-2026,No,11.1
267.0,2026-01-01,East,1,Jharsuguda,Trishul-Western,Janmenjaya Jena,E04747,Sudipta Dey,2185972.0,1007904,Santanu Kumar Padhi ,S200-54890,20T-22T,EX200S,2018-05-01,3976,88220.0,NON KA,1063297,2026-01-26,2026-01-24,1873243/1873267/1873264,58761.64,38243.48,20974.9,97005.12,,,0.0,,0.0,,,,,,7606005573.0,,Jan-2026,No,7.7
268.0,2026-01-01,East,1,Jharsuguda,Trishul-Western,R. Rutu Raj,E01738,Sudipta Dey,2185971.0,1007890,Tirupati Enterprises,S210-41777,20T-22T,EX210S,2018-09-03,15370 hours,89493.0,KA,1065125,2026-01-31,2026-01-24,1882798/1882827/1882824,14365.98,3220.28,732851.88,17586.26,,,0.0,,0.0,,,,,,7894435109.0,,Jan-2026,No,7.4
269.0,2026-01-01,East,1,Jharsuguda,Trishul-Western,Janmenjaya Jena,E04747,Sudipta Dey,2185940.0,1007887,Tirupati Enterprises,S210-41690,20T-22T,EX210S,2019-02-18,5319,89493.0,KA,1065536,2026-02-01,2026-01-31,1882483/1882013/1882521/1881934,184000.1,19401.83,214437.57,203401.93,,2026-01-31,138376.06,,0.6803084906814798,,,,3000.0,,7894435109.0,,Jan-2026,Yes,7.0
270.0,2026-01-01,East,1,Jharsuguda,Trishul-Western,Diptiranjan Moharana,E01723,Sudipta Dey,2185939.0,1007886,Venkateswara Associates,S200-22485,20T-22T,EX200S,2016-10-13,14842 hours,78633.0,KA,1064901,2026-01-26,2026-01-24,1873624/1873629/1873626,3502.43,69824.71,4891.0,73327.14,,2026-01-31,71220.66,,0.9712728465885891,,,,3000.0,,7894435109.0,,Jan-2026,Yes,9.3
271.0,2026-01-01,East,1,Bhawanipatna,Trishul-Western,Nilakantheswar Sahu,E04724,Chinmaya Kumar Rout,2185938.0,1007587,PRABHUDATTA PANDA,THEDA0L0C00001237,10T-14T,ZX140,2020-02-10,4787 hours,98938.0,NON KA,1057249,2026-01-15,2026-01-15,1860941/1860942/1860943,391.18,13597.04,9005.2,13988.22,,2026-01-31,399.0,,0.0285240009093365,,,,,,7534435042.0,,Jan-2026,Yes,5.9
272.0,2026-01-01,East,1,Bhawanipatna,Trishul-Western,Nilakantheswar Sahu,E04724,Chinmaya Kumar Rout,2185937.0,1007589,Mahendra Sahu,01S1-052704,10T-14T,ZX120,2015-02-16,9352 hours,68675.0,NON KA,1055812,2026-01-12,2026-01-13,1858421/1858425/1858426,3208.86,19558.6,9005.2,22767.46,,,0.0,,0.0,,,,,,7534435042.0,,Jan-2026,No,10.9
273.0,2026-01-01,East,1,Barbil,Trishul-Western,Bhagabat Behera,E01717,Bimal Ranjan Dash,2185936.0,1007488,B.S.MINING CORPORATION PVT.LTD,THEWBHK0JK0000189,TWL,TL340H,2019-04-06,9040 hours,73934.0,KA,1061507,2026-01-23,2026-01-24,1875693/1873606/1875694/1875695,22446.5,12550.0,57832.64,34996.5,,,0.0,,0.0,,,,,,,,Jan-2026,No,6.8
274.0,2026-01-01,East,1,Barbil,Trishul-Western,Bhagabat Behera,E01717,Bimal Ranjan Dash,2185911.0,1007481,MAHESWARI HANDLING AGENCY,THEWBHK0VJ0000081,TWL,TL340H,2018-09-20,25695 hours,56347.0,KA,1058078,2026-01-16,2026-01-23,1872071/1872078/1872101,6458.88,8950.82,79686.84,15409.7,,,0.0,,0.0,,,,,,,,Jan-2026,No,7.3
275.0,2026-01-01,East,1,Barbil,Trishul-Western,Bhagabat Behera,E01717,Bimal Ranjan Dash,2186174.0,1007489,BEARDSELL ESTERN PVT. LTD.,THEWBHK0CL0000342,TWL,TL340H,2020-09-02,23230 hours,99848.0,KA,1058111,2026-01-17,2026-01-23,1872108/1872109/1872161,30594.94,8950.82,150697.04,39545.76,,2026-01-27,66052.65,,1.6702839950477624,,,,3000.0,,,,Jan-2026,Yes,5.4
276.0,2026-01-01,East,1,Barbil,Trishul-Western,Bhagabat Behera,E01717,Bimal Ranjan Dash,2186175.0,1007494,JAGAT JANANI SERVICES,SP13-14808,10T-14T,EX130SP,2020-10-23,,113996.0,NON KA,,,,Visit Pending,,,,0.0,,,0.0,,,,,,,,,,Jan-2026,No,
277.0,2026-01-01,East,1,Barbil,Trishul-Western,Bhagabat Behera,E01717,Bimal Ranjan Dash,2186176.0,1007493,MAHESH INFRASTRUCTURE PVT. LTD.,SP21-62485,20T-22T,EX210SP,2020-12-23,6256 hours,54510.0,KA,1061310,2026-01-23,2026-01-27,1875670/1875691/1875692,5741.94,16713.16,61185.6,22455.1,,,0.0,,0.0,,,,,,,,Jan-2026,No,5.1
278.0,2026-01-01,East,1,Keonjhar,Trishul-Western,Debashis Mallick,E01722,Bimal Ranjan Dash,2186177.0,1007499,SWAIN MINERALS,3036-2199,TWL,TWL3036,2009-02-08,11184 hours,28440.0,NON KA,1060996,2026-01-23,2026-01-23,1872209/1872210/1872241,19638.16,13997.86,57814.82,33636.020000000004,,,0.0,,0.0,,,,,,,,Jan-2026,No,17.0
279.0,2026-01-01,East,1,Keonjhar,Trishul-Western,Debashis Mallick,E01722,Bimal Ranjan Dash,2186180.0,1007518,BRAND STEEL & POWER PVT. LTD.,THEWBHK0CG0000025,TWL,TL340H,2018-02-10,5006 hours,85968.0,NON KA,1058118,2026-01-15,2026-01-23,1872169/1872163/1872167,42752.95,8285.2,45216.12,51038.15,,,0.0,,0.0,,,,,,,,Jan-2026,No,7.9
280.0,2026-01-01,East,1,Keonjhar,Trishul-Western,Debashis Mallick,E01722,Bimal Ranjan Dash,2186179.0,1007500,LAL TRADERS &AGENCIES  (P) LTD.,350V-2483,30T-37T,EX350V,2016-06-02,19538 hours,21275.0,KA,1060618,2026-01-22,2026-01-23,1872206/1872207/1872208,19602.96,66161.84,56739.8,85764.79999999999,,2026-01-27,32008.0,,0.3732067235042815,,,,3000.0,,,,Jan-2026,Yes,9.6
281.0,2026-01-01,East,1,Keonjhar,Trishul-Western,Debashis Mallick,E01722,Bimal Ranjan Dash,2186221.0,1007519,GAJALAXMI ENTERPRISES,SP21-46736,20T-22T,EX210SP,2020-11-13,21560 hours,96561.0,KA,1059252,2026-01-20,2026-01-23,1872201/1872203/1872204,6458.88,16713.16,133275.82,23172.04,,2026-01-24,62542.6,,2.699054550225185,,,,3000.0,,,,Jan-2026,Yes,5.2
282.0,2026-01-01,East,1,Koira,Trishul-Western,Jayakrushna Barik,E01730,Bimal Ranjan Dash,2186222.0,1007537,SUSANTA MINERAL,0ACE-001310,20T-22T,ZX210,2010-12-11,29106 hours,11282.0,KA,1061224,2026-01-23,2026-01-23,1872242/1872243/1872244,75126.26,17503.78,70083.06,92630.04,,2026-02-24,8723.6,,0.0941767918917016,,,,,,,,Jan-2026,Yes,15.1
283.0,2026-01-01,East,1,Koira,Trishul-Western,Jayakrushna Barik,E01730,Bimal Ranjan Dash,2186253.0,1007583,KAMALJEET SINGH AHLUWALIA,0ACH-000278,30T-37T,ZX370,2011-01-17,16226 hours,4814.0,KA,1061384,2026-01-24,2026-02-06,1890638/1890663/1890669,136375.4,28950.84,58640.22,165326.24,,,0.0,,0.0,,,,,,,,Jan-2026,No,15.0
284.0,2026-01-01,East,1,Koira,Trishul-Western,Jayakrushna Barik,E01730,Bimal Ranjan Dash,2186223.0,1007536,HRUSHIKESH DEHURY / J.S. ROADLINE,3036-1912,TWL,TWL3036,2008-04-11,26930 hours,23763.0,NON KA,1063481,2026-01-20,2026-01-23,1872262/1872264/1872265,36831.82,13997.86,71335.98,50829.68,,,0.0,,0.0,,,,,,,,Jan-2026,No,17.8
285.0,2026-01-01,East,1,Koira,Trishul-Western,Jayakrushna Barik,E01730,Bimal Ranjan Dash,2186225.0,1007538,BEARDSELL ESTERN PVT. LTD.,SP21-61977,20T-22T,EX210SP,2020-11-26,8266 hours,99848.0,KA,1061215,2026-01-23,2026-01-23,1872245/1872246/1872247,26594.9,7888.16,60781.82,34483.06,,2026-02-25,126609.15,,3.671633259925308,,,,,,,,Jan-2026,Yes,5.2
286.0,2026-01-01,East,1,Koira,Trishul-Western,Jayakrushna Barik,E01730,Bimal Ranjan Dash,2186226.0,1007539,BEARDSELL ESTERN PVT. LTD.,SP21-61900,20T-22T,EX210SP,2020-12-01,7918 hours,99848.0,KA,1060904,2026-01-23,2026-01-23,1872248/1872249/1872261,22360.2,25372.04,70083.06,47732.240000000005,,2026-01-27,15896.5,,0.3330348628097068,,,,2000.0,,,,Jan-2026,Yes,5.1
287.0,2026-01-01,East,1,Koira,Trishul-Western,Jayakrushna Barik,E01730,Bimal Ranjan Dash,2186227.0,1007581,MANAS RANJAN SAHOO / R.B.GLOBAL,THEDD1L0J00001301,30T-37T,ZX370,2020-12-08,8912 hours,98469.0,NON KA,1063676,2026-01-28,2026-02-06,1890684/1890686/1890690,50094.9,30740.26,48328.8,80835.16,,,0.0,,0.0,,,,,,,,Jan-2026,No,5.1
288.0,2026-01-01,East,1,Koira,Trishul-Western,Jayakrushna Barik,E01730,Bimal Ranjan Dash,2186228.0,1007540,Anjali Chakra,SP21-60042,20T-22T,EX210SP,2018-10-10,15822 hours,91336.0,NON KA,1074953,2026-02-22,2026-02-27,1919706/1919707/1919708,13727.14,17371.22,44342.78,31098.36,,,0.0,,0.0,,,,,,,,Jan-2026,No,7.4
289.0,2026-01-01,East,1,Rayagada,Trishul-Western,Siba Prasad Sahu,E04731,Sunil Kumar Acharya,2186046.0,1007981,Sibaram Sahu,S070-16512,7T-8T,EX70S,2017-12-12,8340 hours,85388.0,NON KA,1061286,2026-01-23,2026-02-10,1894243/1894191/1894200,10363.16,14992.76,4600.0,25355.92,,,0.0,,0.0,,,,,,7894435089.0,,Jan-2026,No,8.1
290.0,2026-01-01,East,1,Rayagada,Trishul-Western,Siba Prasad Sahu,E04731,Sunil Kumar Acharya,2186082.0,1007950,Soleelo Kumar Senapati,SP13-15162,10T-14T,EX130SP,2022-02-16,8950 hours,75204.0,KA,1054836,2026-01-09,2026-01-12,1857568/1855847/1855875,32075.0,31402.96,60166.12,63477.96,,2026-02-01,79520.7,,1.2527292937580223,,,,3000.0,,7894435089.0,,Jan-2026,Yes,3.9
291.0,2026-02-01,East,1,Jeypore,Trishul-Western,Hari Bhoi,E04751,Nikunja Kumar Muduli,2233706.0,1025771,Suresh Singh,S070-15618,7T-8T,EX70S,2016-07-06,9715 hours,77290.0,NON KA,1074204,2026-02-22,2026-02-23,1912528/1912530/1912571,5086.16,17791.86,38703.78,22878.02,,,0.0,,0.0,,,,,,,,Feb-2026,No,9.6
292.0,2026-02-01,East,1,Jeypore,Trishul-Western,Hari Bhoi,E04751,Nikunja Kumar Muduli,2233707.0,1025791,Jhantu Sarkar,S070-16141,7T-8T,EX70S,2017-05-07,8756 hours,82160.0,NON KA,1071070,2026-02-15,2026-02-16,1900672/1900676/1900721,4481.22,12058.0,46853.94,16539.22,,,0.0,,0.0,,,,,,,,Feb-2026,No,8.8
293.0,2026-02-01,East,1,Jeypore,Trishul-Western,Ranjit Ojha,E04734,Nikunja Kumar Muduli,2233708.0,1025796,Tara Tarini Constructions Pvt. Ltd.,THEDA0L0A00000494,10T-14T,ZX140,2018-11-20,7917 hours,56309.0,KA,,,2026-03-26,1953912/1953918/1953982,74404.64,120628.82,14155.92,195033.46,,2026-03-31,209189.5,,1.0725826224894948,,,,,,,,Feb-2026,Yes,
294.0,2026-02-01,East,1,Jeypore,Trishul-Western,Ranjit Ojha,E04734,Nikunja Kumar Muduli,2233709.0,1025821,Tara Tarini Constructions Pvt. Ltd.,01S1-053496,10T-14T,ZX120,2017-01-12,14315 hours,56309.0,KA,,,2026-03-26,1953986/1953988/1954065,64858.04,118468.26,43443.62,183326.3,,2026-03-30,226769.94,,1.236974400290629,,,,,,,,Feb-2026,Yes,
295.0,2026-02-01,East,1,Jharsuguda,Trishul-Western,Janmenjaya Jena,E04747,Sudipta Dey,2233710.0,1029228,Sri Balaji Engicons Pvt.Ltd.,S200-53502,20T-22T,EX200S,2016-12-04,13293 hours,3180.0,KA,,,2026-03-05,1925673/1925675/1925674,32821.16,19192.78,7550.0,52013.94,,2026-03-16,32821.36,,0.6310108405554357,,,,,,,,Feb-2026,Yes,
296.0,2026-02-01,East,1,Jharsuguda,Trishul-Western,Janmenjaya Jena,E04747,Sudipta Dey,2233941.0,1029230,Global Coal & Mining Pvt. Ltd.,0703-5595,7T-8T,EX70,2009-12-12,,38171.0,KA,,,2026-03-31,1963015/1963018/1963016,4823.9,25752.34,2500.0,30576.24,,,0.0,,0.0,,,,,,,,Feb-2026,No,
297.0,2026-02-01,East,1,Jharsuguda,Trishul-Western,Janmenjaya Jena,E04747,Sudipta Dey,2233942.0,1029331,Sri Balaji Engicons Pvt.Ltd.,SP20-56939,20T-22T,EX200SP,2019-12-26,17021 hours,3180.0,KA,,,2026-03-05,1925742/1925747/1925744,15385.2,283843.22,112117.78,299228.42,,2026-03-16,395961.08,,1.3232736382459929,,,,,,,,Feb-2026,Yes,
298.0,2026-02-01,East,1,Jharsuguda,Trishul-Western,Diptiranjan Moharana,E01723,Sudipta Dey,2233943.0,1025852,NATH JEE ENTERPRISES,SP20-56627,20T-22T,EX200SP,2019-10-03,13217 hours,96115.0,NON KA,,,2026-02-28,1921394/1921399/1921398,13597.9,7597.14,189657.82,21195.04,,,0.0,,0.0,,,,,,,,Feb-2026,No,
299.0,2026-02-01,East,1,Jharsuguda,Trishul-Western,R. Rutu Raj,E01738,Sudipta Dey,2233944.0,1025854,Bhushan Power & Steel,1G600E00118664,20T-22T,ZX200,,28963 hours,22657.0,KA,1085825,2026-03-17,2026-02-25,1913945/1914606/1914609,3639.38,10164.38,480341.5,13803.759999999998,,2026-02-27,480341.7,,34.79788840142107,,,,,,,,Feb-2026,Yes,
300.0,2026-02-01,East,1,Jharsuguda,Trishul-Western,R. Rutu Raj,E01738,Sudipta Dey,2233945.0,1025859,Bhushan Power & Steel,350V-2349,30T-37T,EX350V,2014-01-27,37852 hours,22657.0,KA,1086412,2026-03-18,2026-02-24,1914633/1914696/1914692,33741.96,8396.2,126973.72,42138.16,,2026-02-27,126973.8,,3.013273479430521,,,,,,,,Feb-2026,Yes,12.1
301.0,2026-02-01,East,1,Jharsuguda,Trishul-Western,R. Rutu Raj,E01738,Sudipta Dey,2233946.0,1025882,M. S. Infraengineers Pvt. Ltd,1101-6660,10T-14T,EX110,2015-12-25,5083 hours,71153.0,NON KA,,,2026-02-19,1906483/1906485/1905423,12737.76,4983.88,203720.14,17721.64,,,0.0,,0.0,,,,,,,,Feb-2026,No,
302.0,2026-02-01,East,1,Jharsuguda,Trishul-Western,Diptiranjan Moharana,E01723,Sudipta Dey,2233947.0,1025885,Jay Maa Durga Earth & Movers,S200-54726,20T-22T,EX200S,2018-03-10,14156 hours,87374.0,NON KA,,,2026-02-28,1921721/1921724/1921723,7577.24,20997.38,48709.5,28574.620000000003,,,0.0,,0.0,,,,,,,,Feb-2026,No,
303.0,2026-02-01,East,1,Sambalpur,Trishul-Western,Tofan Jena,E04749,Shashikanta Mohapatra,2233948.0,1025826,MSB FOOD PRODUCTS,THEWABD0EL0001589,BHL,BX80,2020-10-29,,111896.0,KA,,,2026-03-02,1922885/1922888/1922886,481.06,11758.86,30585.92,12239.92,,,0.0,,0.0,,,,,,,,Feb-2026,No,
304.0,2026-02-01,East,1,Sambalpur,Trishul-Western,Tofan Jena,E04749,Shashikanta Mohapatra,2233949.0,1025890,Narottam Naik,THEWAAD0JG0010896,BHL,TH76,2016-10-08,,78863.0,NON KA,,,,,,,,0.0,,,0.0,,,,,,,,,,Feb-2026,No,
305.0,2026-02-01,East,1,Sambalpur,Trishul-Western,Tofan Jena,E04749,Shashikanta Mohapatra,2233950.0,1025902,Aarti Agrawal,S200-53812,20T-22T,EX200S,2017-03-29,,81615.0,NON KA,,,2026-02-25,1915333/1915373/1915337,6697.82,20889.0,1003969.68,27586.82,,,0.0,,0.0,,,,,,,,Feb-2026,No,
306.0,2026-02-01,East,1,Rourkela,Trishul-Western,Saroj Dandpat,E04743,Sudipta Dey,2234081.0,1025909,Hiralal Chowrasia,S110-11609,10T-14T,EX110S,2018-01-11,11296 hours,52041.0,NON KA,1071241,2026-02-12,2026-02-10,1893782/1893614/1893788,36775.9,23145.98,6740.24,59921.880000000005,,2026-03-25,35910.0,,0.5992802629022987,,,,,,,,Feb-2026,Yes,8.1
307.0,2026-02-01,East,1,Rourkela,Trishul-Western,Saroj Dandpat,E04743,Sudipta Dey,2234082.0,1025941,Akshaya Kumar Sahoo,S210-56344,20T-22T,EX210S,2018-07-02,11792 hours,82938.0,NON KA,,,2026-02-25,1915725/1915673/1915677,4481.16,24371.86,7575.22,28853.02,,,0.0,,0.0,,,,,,,,Feb-2026,No,
308.0,2026-02-01,East,1,Rourkela,Trishul-Western,Saroj Dandpat,E04743,Sudipta Dey,2234083.0,1025943,SURAJ PRODUCTS LTD,SP20-57324,20T-22T,EX200SP,2020-12-08,858 hours,98344.0,NON KA,1070144,2026-02-12,2026-02-10,1893897/1893838/1893900,12116.12,188670.28,42249.1,200786.4,,2026-02-27,204801.35,,1.0199961252355738,,,,,,,,Feb-2026,Yes,5.2
309.0,2026-02-01,East,1,Bhawanipatna,Trishul-Western,Nilakantheswar Sahu,E04724,Chinmaya Kumar Rout,2234084.0,1025950,D.D.Builders Ltd.,0703-6548,7T-8T,EX70,2010-12-08,9527 hours,1094.0,NON KA,1071300,2026-02-12,2026-02-13,1898227/1944969/1898392,8878.1,9014.9,5699.98,17893.0,,2026-02-23,14969.0,,0.83658413904879,,,,,,,,Feb-2026,Yes,15.2
310.0,2026-02-01,East,1,Bhawanipatna,Trishul-Western,Nilakantheswar Sahu,E04724,Chinmaya Kumar Rout,2234085.0,1026743,MURARI LAL AGRAWAL,0703-8451,7T-8T,EX70,2012-12-16,10527 hours,25453.0,NON KA,1071377,2026-02-12,2026-02-12,1896949/1896992/1897000,930.1,9194.88,2500.0,10124.98,,2026-03-13,47633.5,,4.704552502819759,,,,,,,,Feb-2026,Yes,13.2
311.0,2026-02-01,East,1,Keonjhar,Trishul-Western,Debashis Mallick,E01722,Bimal Ranjan Dash,2234086.0,1026705,KSHIROD MOHANTA,S070-15997,7T-8T,EX70S,2017-01-20,10371 hours,80680.0,NON KA,1074755,2026-02-23,2026-02-27,1919745/1919746/1919747,10072.86,11471.22,42511.84,21544.08,,,0.0,,0.0,,,,,,,,Feb-2026,No,9.1
312.0,2026-02-01,East,1,Keonjhar,Trishul-Western,Debashis Mallick,E01722,Bimal Ranjan Dash,2234087.0,1026765,CLASSIC CONSTRUCTION,SP13-14992,10T-14T,EX130SP,2020-12-17,6777 hours,129280.0,NON KA,1075528,2026-02-24,2026-02-27,1919761/1919762/1919763,22286.02,18280.1,50677.54,40566.12,,,0.0,,0.0,,,,,,,,Feb-2026,No,5.2
313.0,2026-02-01,East,1,Keonjhar,Trishul-Western,Debashis Mallick,E01722,Bimal Ranjan Dash,2234088.0,1026784,CHIRANJIBI SAHU,SP21-61217,20T-22T,EX210SP,2020-12-24,7616 hours,98513.0,NON KA,1074203,2026-02-22,2026-02-24,1912658/1912659/1912660,25950.82,16713.16,55622.44,42663.98,,,0.0,,0.0,,,,,,,,Feb-2026,No,5.2
314.0,2026-02-01,East,1,Keonjhar,Trishul-Western,Debashis Mallick,E01722,Bimal Ranjan Dash,2234089.0,1026790,PRADEEP KUMAR PANDA,SP13-15265,10T-14T,EX130SP,2020-12-31,3514 hours,13246.0,NON KA,1074952,2026-02-23,2026-02-27,1919748/1919749/1919750,9875.82,23736.84,50677.54,33612.66,,,0.0,,0.0,,,,,,,,Feb-2026,No,5.1
315.0,2026-02-01,East,1,Barbil,Trishul-Western,Bhagabat Behera,E01717,Bimal Ranjan Dash,2234090.0,1026796,KAYPEE ENTERPRISES,1101-6893,10T-14T,EX110,2015-08-19,1799 hours,1106.0,KA,1074061,2026-02-21,2026-02-24,1912569/1912570/1912651,36130.1,10799.18,42721.22,46929.28,,,0.0,,0.0,,,,,,,,Feb-2026,No,10.5
316.0,2026-02-01,East,1,Barbil,Trishul-Western,Bhagabat Behera,E01717,Bimal Ranjan Dash,2234241.0,1026801,N.N.SINGH & BROTHER,THEDD1L0H00000432,30T-37T,ZX370,2019-03-28,13431 hours,82715.0,KA,1074615,2026-02-23,2026-02-24,1912652/1912653/1912654,77161.84,36817.4,187393.66,113979.24,,2026-02-24,96987.02,,0.8509182900324657,,,,,,,,Feb-2026,Yes,6.9
317.0,2026-02-01,East,1,Barbil,Trishul-Western,Bhagabat Behera,E01717,Bimal Ranjan Dash,2234242.0,1026804,B.S.MINING CORPORATION PVT.LTD,THEDA0L0V00000705,10T-14T,ZX140,2020-01-15,8442 hours,73934.0,NON KA,1074041,2026-02-21,2026-02-24,1912566/1912567/1912568,103602.96,21580.92,89274.18,125183.88,,,0.0,,0.0,,,,,,,,Feb-2026,No,6.1
318.0,2026-02-01,East,1,Barbil,Trishul-Western,Bhagabat Behera,E01717,Bimal Ranjan Dash,2234243.0,1026807,HARIS KRUPA,THEDCRL0J00000277,20T-22T,ZX220,2015-06-25,37946 hours,73517.0,KA,1074618,2026-02-23,2026-02-24,1912655/1912656/1912657,5591.94,34708.06,6394.9,40300.0,,,0.0,,0.0,,,,,,,,Feb-2026,No,10.7
319.0,2026-02-01,East,1,Koira,Trishul-Western,Jayakrushna Barik,E01730,Bimal Ranjan Dash,2234244.0,1026809,KAPILESWARA MINING AND MINERALS PRI,THEWBHK0VK0000244,TWL,TL340H,2019-07-28,15516 hours,89104.0,NON KA,1075003,2026-02-24,2026-02-27,1919709/1919710/1919741,12172.04,11822.86,50677.54,23994.9,,,0.0,,0.0,,,,,,,,Feb-2026,No,6.6
320.0,2026-02-01,East,1,Koira,Trishul-Western,Jayakrushna Barik,E01730,Bimal Ranjan Dash,2234245.0,1026830,KRISHNA PRASAD YADAV,SP21-60867,20T-22T,EX210SP,2019-10-04,15829 hours,75050.0,NON KA,1075758,2026-02-25,2026-02-27,1919742/1919743/1919744,5591.94,16713.16,50677.53,22305.1,,,0.0,,0.0,,,,,,,,Feb-2026,No,6.4
321.0,2026-02-01,East,1,Koira,Trishul-Western,Jayakrushna Barik,E01730,Bimal Ranjan Dash,2234246.0,1027204,MAHAVEER YADAV,SP21-60463,20T-22T,EX210SP,2019-03-04,,21068.0,KA,,,,,,,,0.0,,,0.0,,,,,,,,,,Feb-2026,No,
322.0,2026-02-01,East,1,Koira,Trishul-Western,Jayakrushna Barik,E01730,Bimal Ranjan Dash,2234247.0,1027208,BABAN KU. SINGH,THEDC0L0T00000108,20T-22T,ZX220,2015-07-29,27954 hours,73523.0,KA,1073914,2026-02-19,2026-02-24,1912661/1912662/1912663,542025.42,39200.0,283522.86,581225.42,,2026-02-24,220176.0,,0.3788134386827059,,,,,,,,Feb-2026,Yes,10.6
323.0,2026-02-01,East,1,Koira,Trishul-Western,Jayakrushna Barik,E01730,Bimal Ranjan Dash,2234248.0,1027221,MAHAVEER YADAV,THEDD1L0J00001119,30T-37T,ZX370,2020-10-29,,114405.0,KA,,,,,,,,0.0,,,0.0,,,,,,,,,,Feb-2026,No,
324.0,2026-02-01,East,1,Rayagada,Trishul-Western,Siba Prasad Sahu,E04731,Sunil Kumar Acharya,2234249.0,1027225,Ramani Ranjan Pati,S200-54501,20T-22T,EX200S,2017-12-14,10120 hours,48697.0,NON KA,1069664,2026-02-10,2026-02-12,1897262/1897342/1897303,37787.3,15725.4,1971.18,53512.7,,2026-02-27,58662.35,,1.096232296258645,,,,,,,,Feb-2026,Yes,8.2
325.0,2026-02-01,East,1,Rayagada,Trishul-Western,Siba Prasad Sahu,E04731,Sunil Kumar Acharya,2234250.0,1027245,Srinivasa Stone Crusher,S200-54461,20T-22T,EX200S,2018-01-02,10120 hours,60694.0,NON KA,1075428,2026-02-23,,,,,,0.0,,,0.0,,,,,,,,,,Feb-2026,No,8.1
326.0,2026-03-01,East,1,Jeypore,Trishul-Western,Hari Bhoi,E04751,Nikunja Kumar Muduli,2284038.0,1045898,Ajit Kumar Padhi,01S1-051756 ,10T-14T,ZX120,2012-10-19,17104 hours,62264.0,NON-KA,1088837,2026-03-24,2026-03-23,1949759/1949757/1949758,10172.04,26033.88,21380.92,36205.92,,,0.0,,0.0,,,,,,,,Mar-2026,No,13.4
327.0,2026-03-01,East,1,Jeypore,Trishul-Western,Hari Bhoi,E04751,Nikunja Kumar Muduli,2284040.0,1045900,AMEVA ASSOCIATES,SP20-56748,20T-22T,EX200SP,2019-11-15,5849 hours,97706.0,NON-KA,1088817,2026-03-24,2026-03-23,1949754/1949719/1949720,5691.12,22347.86,30086.84,28038.98,,,0.0,,0.0,,,,,,,,Mar-2026,No,6.4
328.0,2026-03-01,East,1,Jeypore,Trishul-Western,Hari Bhoi,E04751,Nikunja Kumar Muduli,2284043.0,1045904,BHIKARI GOUDA ,SP13-14466 ,10T-14T,EX130SP,2020-01-29,6328 hours,97539.0,NON-KA,1088819,2026-03-24,2026-03-25,1952293/1952321/1952326,1134.24,13186.0,21856.9,14320.24,,,0.0,,0.0,,,,,,,,Mar-2026,No,6.1
329.0,2026-03-01,East,1,Jeypore,Trishul-Western,Hari Bhoi,E04751,Nikunja Kumar Muduli,2284044.0,1045905,Santosh Kumar Rout,SP21-60853,20T-22T,EX210SP,2019-10-14,8409 hours,72544.0,NON-KA,1088812,2026-03-24,2026-03-26,1954069/1954153/1954154,13365.06,19022.78,45693.2,32387.84,,2026-03-30,47607.2,,1.4699096945026282,,,,,,,,Mar-2026,Yes,6.4
330.0,2026-03-01,East,1,Jeypore,Trishul-Western,Ranjit Ojha,E04734,Nikunja Kumar Muduli,2284046.0,1045913,Ashok Kumar Nayak,0703-9041 ,7T-8T,EX70,2013-12-11,1 hours,,NON-KA,1092567,2026-03-31,2026-03-24,1951419/1951454/1951457,13451.22,8713.16,34459.18,22164.38,,,0.0,,0.0,,,,,,,,Mar-2026,No,12.3
331.0,2026-03-01,East,1,Jeypore,Trishul-Western,Ranjit Ojha,E04734,Nikunja Kumar Muduli,2284049.0,1045951,BAJRANG CONSTRUCTION COMPANY,SP21-60225,20T-22T,EX210SP,2018-12-12,6883 hours,,KA,1092586,2026-03-31,2026-03-31,1963370/1963406/1963409,867.2,17414.16,23621.08,18281.36,,,0.0,,0.0,,,,,,,,Mar-2026,No,7.3
332.0,2026-03-01,East,1,Jeypore,Trishul-Western,Ranjit Ojha,E04734,Nikunja Kumar Muduli,2284091.0,1047892,Jami Venugopal ,S110-11076 ,10T-14T,EX110S,2017-03-18,9742 hours,,,1092542,2026-03-31,2026-03-24,1951412/1951413/1951417,141.9,51862.28,4805.96,52004.18,,2026-03-29,52212.3,,1.0040019859942029,,,,,,,,Mar-2026,Yes,9.0
333.0,2026-03-01,East,1,Jeypore,Trishul-Western,Ranjit Ojha,E04734,Nikunja Kumar Muduli,2284094.0,1047893,Gupteswar Crusher Unit,S210-55185 ,20T-22T,EX210S,2016-05-17,11793 hours,,,1092557,2026-03-31,2026-03-24,1951475/1951480/1951492,604.76,20602.0,100498.92,21206.76,,2026-03-29,123572.7,,5.827042886324927,,,,,,,,Mar-2026,Yes,9.9
334.0,2026-03-01,East,1,Jharsuguda,Trishul-Western,R. Rutu Raj,E01738,Sudipta Dey,2284214.0,1047896,BGR Mining & Infra Limited,THEDCRL0V00000315 ,20T-22T,ZX220,2015-10-31,30099 hours,59144.0,KA,1092359,2026-03-30,2026-03-29,1958445/1958172/1958539,10882.64,21205.96,24874.16,32088.6,,2026-03-30,56962.47,,1.775162207138984,,,,,,,,Mar-2026,Yes,10.4
335.0,2026-03-01,East,1,Jharsuguda,Trishul-Western,R. Rutu Raj,E01738,Sudipta Dey,2284218.0,1047898,Bhushan Power & Steel,350V-2293,30T-37T,EX350V,2013-04-20,8246 hours,,KA,1092463,2026-03-31,2026-03-31,1961206/1961311/1961209,11247.48,5002.1,22136.44,16249.58,,2026-03-31,22136.4,,1.3622752095746475,,,,,,,,Mar-2026,Yes,12.9
336.0,2026-03-01,East,1,Jharsuguda,Trishul-Western,R. Rutu Raj,E01738,Sudipta Dey,2284219.0,1047899,Ashok Pradhan,S210-55414,20T-22T,EX210S,2017-01-07,12317 hours,,NON-KA,1092261,2026-03-31,2026-03-31,1963326/1963257/1963322,22978.16,29057.12,74305.54,52035.28,,,0.0,,0.0,,,,,,,,Mar-2026,No,9.2
337.0,2026-03-01,East,1,Jharsuguda,Trishul-Western,Diptiranjan Moharana,E01723,Sudipta Dey,2284220.0,1047931,Chennai Radha Engineering Works Pvt,S200-55084 ,20T-22T,EX200S,2019-01-03,24009 hours,,NON-KA,1092464,2026-03-31,2026-03-31,1961593/1961599/1961643,7075.76,9213.86,35553.8,16289.62,,,0.0,,0.0,,,,,,,,Mar-2026,No,7.2
338.0,2026-03-01,East,1,Jharsuguda,Trishul-Western,Diptiranjan Moharana,E01723,Sudipta Dey,2284291.0,1047934,Sri Balaji Engicons Pvt.Ltd.,SP20-56895 ,20T-22T,EX200SP,2019-12-26,15137 hours,3180.0,KA,1092345,2026-03-31,2026-03-31,1962444/1962446/1962445,8108.5,21625.02,29753.4,29733.52,,,0.0,,0.0,,,,,,,,Mar-2026,No,6.3
339.0,2026-03-01,East,1,Jharsuguda,Trishul-Western,Diptiranjan Moharana,E01723,Sudipta Dey,2284292.0,1047940,Sri Balaji Engicons Pvt.Ltd.,SP20-56993 ,20T-22T,EX200SP,2020-02-06,16098 hours,,KA,1092196,2026-03-31,2026-03-31,1962443,,13892.8,,13892.8,,,0.0,,0.0,,,,,,,,Mar-2026,No,6.1
340.0,2026-03-01,East,1,Jharsuguda,Trishul-Western,Janmenjaya Jena,E04747,Sudipta Dey,2284293.0,1047953,MAHAVIR BENEFICATION PVT. LTD.,S200-22470 ,20T-22T,EX200S,2016-10-21,0 hours,,NON-KA,1092306,2026-03-31,2026-03-31,1964192/1962700/1962831,712289.2,19912.15,8752.14,732201.35,,,0.0,,0.0,,,,,,,,Mar-2026,No,9.4
341.0,2026-03-01,East,1,Jharsuguda,Trishul-Western,Janmenjaya Jena,E04747,Sudipta Dey,2284294.0,1047982,MAHAVIR BENEFICATION PVT. LTD.,S200-22125,20T-22T,EX200S,2016-07-02,2258 hours,,NON-KA,1092123,2026-03-31,2026-03-31,1962693/1962694/1962695,32545.22,26311.26,5966.2,58856.48,,,0.0,,0.0,,,,,,,,Mar-2026,No,9.7
342.0,2026-03-01,East,1,Sambalpur,Trishul-Western,Tofan Jena,E04749,Shashikanta Mohapatra,2284295.0,1047983,Bikash Panigrahi,S070-15052 ,7T-8T,EX70S,2015-06-04,7548 hours,,NON-KA,,,,,,,,0.0,,,0.0,,,,,,,,,,Mar-2026,No,
343.0,2026-03-01,East,1,Sambalpur,Trishul-Western,Tofan Jena,E04749,Shashikanta Mohapatra,2284296.0,1047985,Braja Mohan Badhai,0703-8948 ,7T-8T,EX70,2013-10-08,4529 hours,,NON-KA,,,2026-03-25,1951888/1951936/1951890,887.18,10800.92,118114.78,11688.1,,,0.0,,0.0,,,,,,,,Mar-2026,No,
344.0,2026-03-01,East,1,Rourkela,Trishul-Western,Saroj Dandpat,E04743,Sudipta Dey,2284297.0,1047986,V.K. ENTERPRISES,S200-53283  ,20T-22T,EX200S,2016-09-10,9427 hours,,NON-KA,1088850,2026-03-19,2026-03-24,1964618/1950049/1950441,498.11,21689.92,44574.23,22188.03,,,0.0,,0.0,,,,,,,,Mar-2026,No,9.5
345.0,2026-03-01,East,1,Rourkela,Trishul-Western,Saroj Dandpat,E04743,Sudipta Dey,2284298.0,1047987,Bijay Lakra,S110-11969 ,10T-14T,EX110S,2018-10-29,5462 hours,,NON-KA,1096598,2026-04-06,2026-04-01,1964979/1964958/1964974,3538.16,18391.1,8425.16,21929.26,,,0.0,,0.0,,,,,,,,Mar-2026,No,7.4
346.0,2026-03-01,East,1,Bhawanipatna,Trishul-Western,Nilakantheswar Sahu,E04724,Chinmaya Kumar Rout,2284299.0,1047989,OMKAR NATH PANDA,SP07-18125 ,7T-8T,EX70SP,2019-02-06,8500 hours,,NON KA,1092685,2026-03-16,2026-03-17,1940868/1940899/1940933,1300.0,10930.9,13616.12,12230.9,,,0.0,,0.0,,,,,,,,Mar-2026,No,7.1
347.0,2026-03-01,East,1,Bhawanipatna,Trishul-Western,Nilakantheswar Sahu,E04724,Chinmaya Kumar Rout,2284300.0,1048036,D.D.Builders Ltd.,S110-11405,10T-14T,EX110S,2017-09-05,9500 hours,,NON-KA,1084845,2026-03-13,2026-03-14,1937481/1937483/1937486,30244.22,19787.9,5350.0,50032.12,,2026-03-17,30899.0,,0.6175832645108782,,,,,,,,Mar-2026,Yes,8.5
348.0,2026-03-01,East,1,Keonjhar,Trishul-Western,Debashis Mallick,E01722,Bimal Ranjan Dash,2284371.0,1048037,Umakanta Bindhani,3036-2520 ,TWL,TWL3036,2010-07-17,12357 hours,,,1087960,2026-03-22,2026-03-23,1949797/1949798/1949799,38019.08,25858.06,64739.8,63877.14,,,0.0,,0.0,,,,,,,,Mar-2026,No,15.7
349.0,2026-03-01,East,1,Keonjhar,Trishul-Western,Debashis Mallick,E01722,Bimal Ranjan Dash,2284372.0,1048039,Urbashi Dasadhikari,0703-9324 ,7T-8T,EX70,2014-07-04,329 hours,,,1088843,2026-03-23,2026-03-26,1954909/1954910/1954951,10072.86,8047.04,63347.04,18119.9,,,0.0,,0.0,,,,,,,,Mar-2026,No,11.7
350.0,2026-03-01,East,1,Keonjhar,Trishul-Western,Debashis Mallick,E01722,Bimal Ranjan Dash,2284373.0,1048040,SUKRAMUNI BARIK,SP13-14824 ,10T-14T,EX130,2021-04-12,7395 hours,94351.0,,1087304,2026-03-20,2026-03-23,1949780/1949791/1949792,10072.86,18280.1,57077.54,28352.96,,,0.0,,0.0,,,,,,,,Mar-2026,No,4.9
351.0,2026-03-01,East,1,Keonjhar,Trishul-Western,Debashis Mallick,E01722,Bimal Ranjan Dash,2284374.0,1048041,GAJALAXMI ENTERPRISES,SP21-61848 ,20T-22T,EX210SP,2021-05-06,17211 hours,96561.0,,1087357,2026-03-20,2026-03-23,1949794/1949795/1949796,16475.0,16027.14,125110.2,32502.14,,2026-03-27,71372.5,,2.1959323293789272,,,,,,,,Mar-2026,Yes,4.9
352.0,2026-03-01,East,1,Barbil,Trishul-Western,Bhagabat Behera,E01717,Bimal Ranjan Dash,2284375.0,1047738,B.S.Mining Corporation Pvt.Ltd,01S1-052938 ,10T-14T,ZX120,2015-09-25,12943 hours,,,1084239,2026-03-13,2026-03-23,1949736/1949737,50505.1,35253.78,,85758.88,,2026-03-27,16190.85,,0.1887950262410143,,,,,,,,Mar-2026,Yes,10.5
353.0,2026-03-01,East,1,Barbil,Trishul-Western,Bhagabat Behera,E01717,Bimal Ranjan Dash,2284377.0,1047739,Interstate Syndicate,THEDC0L0P00000434 ,20T-22T,ZX220,2017-10-18,24054 hours,84209.0,,1083646,2026-03-12,2026-03-23,1948653/1948697/1948714,6041.94,23672.86,103203.82,29714.8,,2026-03-27,25730.0,,0.8658984748340894,,,,,,,,Mar-2026,Yes,8.4
354.0,2026-03-01,East,1,Barbil,Trishul-Western,Bhagabat Behera,E01717,Bimal Ranjan Dash,2284378.0,1047740,Kaypee Enterprises,S110-11683 ,10T-14T,EX110,2018-02-21,18294 hours,,,1083579,2026-03-12,2026-03-21,1947321/1947324/1947357,28450.0,105725.82,50677.54,134175.82,,2026-03-27,83110.15,,0.6194122756246244,,,,,,,,Mar-2026,Yes,8.1
355.0,2026-03-01,East,1,Barbil,Trishul-Western,Bhagabat Behera,E01717,Bimal Ranjan Dash,2284379.0,1047761,National Transport,1G600C00118673,20T-22T,ZX200,2008-03-14,11605 hours,,KA,1084619,2026-03-13,2026-03-23,1949740/1949771/1949772,6458.88,16027.14,50677.54,22486.02,,,0.0,,0.0,,,,,,,,Mar-2026,No,18.0
356.0,2026-03-01,East,1,Koira,Trishul-Western,Jayakrushna Barik,E01730,Bimal Ranjan Dash,2284380.0,1048046,Kamaljeet Singh Ahluwalia ,1101-6387,10T-14T,EX110,2014-04-18,13185 hours,,KA,1085196,2026-03-16,2026-03-23,1949774/1949775/1949777,5591.94,16713.16,50677.54,22305.1,,,0.0,,0.0,,,,,,,,Mar-2026,No,11.9
357.0,2026-03-01,East,1,Koira,Trishul-Western,Jayakrushna Barik,E01730,Bimal Ranjan Dash,2284451.0,1048043 ,MRS ANITA PATRA,THEWBHK0EK0000153,TWL,TL340H,2019-06-03,22787 hours,,NON-KA,1090320,2026-03-25,,,,,,0.0,,,0.0,,,,,,,,,,Mar-2026,No,6.8
358.0,2026-03-01,East,1,Koira,Trishul-Western,Jayakrushna Barik,E01730,Bimal Ranjan Dash,2284452.0,1048047 ,Cainth Infrastructure Pvt. Ltd,THEWBHK0VJ0000064 ,TWL,TL340H,2018-07-31,,,KA,,,,,,,,0.0,,,0.0,,,,,,,,,,Mar-2026,No,
359.0,2026-03-01,East,1,Koira,Trishul-Western,Jayakrushna Barik,E01730,Bimal Ranjan Dash,2284453.0,1048048 ,THRIVENI EARTHMOVERS PVT LTD,S110-11884 ,10T-14T,EX110S,2018-05-21,,,KA,,,2026-03-26,1954905/1954907/1954908,20500.82,18280.1,50677.54,38780.92,,,0.0,,0.0,,,,,,,,Mar-2026,No,
360.0,2026-03-01,East,1,Rayagada,Trishul-Western,Siba Prasad Sahu,E04731,Sunil Kumar Acharya,2284455.0,1048049,Bhaskar Mishra,315V-8642 ,BHL,315V,2012-03-10,12570 hours,,NON-KA,1091667,2026-03-30,,,,,,0.0,,,0.0,,,,,,,,,,Mar-2026,No,14.1
361.0,2026-03-01,East,1,Rayagada,Trishul-Western,Siba Prasad Sahu,E04731,Sunil Kumar Acharya,2284456.0,1048061,K. Ramana Rao,L360-4471  ,TWL,TL360Z,2014-05-23,1470 hours,,NON-KA,1091468,2026-03-30,,,,,,0.0,,,0.0,,,,,,,,,,Mar-2026,No,11.9
