Customer,Code,Ton,Type of Machine,Serial number,DOC,Age,Branch,Contact Number,SE,Remarks,ASC,Unnamed: 12,Last Billing,Unnamed: 14,DOC/PDI,Unnamed: 16,Machine Age Years,Age Bucket
M. M. Nayak,6302.0,9777610281,Excavator - EX200LC,2001-6795,2007-01-05,,JAJPUR,,HARE KRISHNA SAHOO,Shifted to other state,.,.,.,.,.,.,19.0,13+ Years
M. M. Nayak,6302.0,9777610281,Excavator - EX200LC,2001-6842,2007-01-06,,JAJPUR,,HARE KRISHNA SAHOO,Shifted to other state,.,.,.,.,.,.,19.0,13+ Years
The OR Mining Corporation Ltd,6971.0,,Excavator - EX200LC,2001-6905,2007-01-29,,Jajpur,,,Shifted to other state,.,.,.,.,.,.,19.0,13+ Years
Bijay Kumar Dehury,6840.0,,Excavator - EX70,0703-2851,2007-02-12,,Angul District,,,out of state,.,.,.,.,.,.,19.0,13+ Years
Visa Steel Ltd,16686.0,9337548262,Excavator - EX210LCH,210V-1136,2007-02-26,,JAJPUR,,,Scraped,.,.,.,.,.,.,19.0,13+ Years
Kailash Chandra Sahoo.,18204.0,,Excavator - EX70,0703-2949,2007-03-14,,Paradeep,,,Scraped,.,.,.,.,.,.,19.0,13+ Years
Rohit Kumar Das,1553.0,,Excavator - EX70,0703-2935,2007-03-20,,Dhenkanal,,,shifted to bbsr,.,.,.,.,.,.,19.0,13+ Years
Khusu Apat,18715.0,,Excavator - EX300,3001-0788,2007-04-03,,Keonjhar,,,Scraped,.,.,.,.,.,.,19.0,13+ Years
Lalatendu Jena,15512.0,,Excavator - EX200LC,2001-7131,2007-04-10,,Bhadrak,,,NOW NOT AT BHADRAK,.,.,.,.,.,.,19.0,13+ Years
NARAYANI SONS INDIA PRIVATE LIMITED,9373.0,,Zaxis 330,1HH00V00036775,2007-04-18,,Keonjhar,,,Scraped,.,.,.,.,.,.,19.0,13+ Years
Anil Kumar Biswal,12676.0,,Excavator - EX70,0703-3056,2007-04-25,,Berhampur,,,Scraped,.,.,.,.,.,.,19.0,13+ Years
Zam Zam Granites,18533.0,,Excavator - EX200LC,2001-7258,2007-04-29,,Berhampur,,,Shifted to other state,.,.,.,.,.,.,19.0,13+ Years
Amarabatee Construction Works&Co.,13780.0,,Excavator - EX70,0703-3090,2007-05-02,,Angul District,,,shifted out of state,.,.,.,.,.,.,19.0,13+ Years
J.N.Rawat,19101.0,,Excavator - EX300,3001-0784,2007-05-06,,Keonjhar,,,Scraped,.,.,.,.,.,.,19.0,13+ Years
Lingaraj Pradhan,18979.0,,Excavator - EX210LCH,210V-1249,2007-05-20,,Jajpur,,,Scraped,.,.,.,.,.,.,19.0,13+ Years
Nirmal Chandra Sahoo,19183.0,,Excavator - EX70,0703-3137,2007-06-04,,Berhampur,,,Scraped,.,.,.,.,.,.,19.0,13+ Years
Shree Shyam Enterprisers,19320.0,,Excavator - EX70,0703-3175,2007-06-07,,Jajpur,,,Shifted to other state,.,.,.,.,.,.,19.0,13+ Years
Jyoti Prakash Nayak,19092.0,,Excavator - EX200LC,2001-7432,2007-06-09,,Bhadrak,,,NOW NOT AT BHADRAK,.,.,.,.,.,.,19.0,13+ Years
Orissa Iron Ore Pvt. Ltd.,10348.0,,Excavator - EX210LCH,210V-1283,2007-06-11,,Keonjhar,,,Scraped,.,.,.,.,.,.,19.0,13+ Years
Vikesh Kumar Pandey,14837.0,,Excavator - EX200LC,2001-7307,2007-06-12,,Keonjhar,,,Scraped,.,.,.,.,.,.,19.0,13+ Years
PAWAN KUMAR GUPTA,7952.0,,Excavator - EX200LC,2001-7493,2007-06-30,,Berhampur,,,Shifted to other state,.,.,.,.,.,.,19.0,13+ Years
Baba  Granite Cutting And Polishing,19614.0,,Excavator - EX200LC,2001-7496,2007-06-30,,Berhampur,,,Shifted to other state,.,.,.,.,.,.,19.0,13+ Years
Nilam Agarwal,19317.0,,Excavator - EX70,0703-3229,2007-07-03,,Dhenkanal,,,shifted,.,.,.,.,.,.,19.0,13+ Years
IFFCO   LIMITED,18952.0,,Excavator - EX300,3001-0797,2007-07-13,,Paradeep,,,Scraped,.,.,.,.,.,.,19.0,13+ Years
Jagannath Construction,19783.0,,Excavator - EX70,0703-3296,2007-07-28,,Jajpur,,,Shifted to other state,.,.,.,.,.,.,19.0,13+ Years
Ashoka Carrier,19180.0,,Excavator - EX200LC,2001-7514,2007-08-04,,Keonjhar,,,Scraped,.,.,.,.,.,.,19.0,13+ Years
Lingaraj Granites pvt. ltd,19263.0,,Excavator - EX200LC,2001-7665,2007-08-09,,Berhampur,,,Shifted to other state,.,.,.,.,.,.,19.0,13+ Years
SRI CHANDANA ENTERPRISES,11530.0,,Excavator - EX200LC,2001-7736,2007-08-21,,Jajpur,,,Shifted to other state,.,.,.,.,.,.,19.0,13+ Years
G S Minerals,20026.0,,Excavator - EX350V,350V-0313,2007-09-04,,Keonjhar,,,Scraped,.,.,.,.,.,.,19.0,13+ Years
G S Minerals,20026.0,,Excavator - EX210LCH,210V-1363,2007-09-11,,Keonjhar,,,Scraped,.,.,.,.,.,.,19.0,13+ Years
G S Minerals,20026.0,,Excavator - EX350V,350V-0314,2007-09-11,,Keonjhar,,,Scraped,.,.,.,.,.,.,19.0,13+ Years
Bhushan Steel Ltd.,20600.0,,Zaxis 120,01S1-050087,2007-09-18,,Angul,,,Scrap,.,.,.,.,.,.,19.0,13+ Years
Aban Constructions,1188.0,,Zaxis 200,1G600C00118598,2007-09-19,,Berhampur,,,Shifted to other state,.,.,.,.,.,.,19.0,13+ Years
R.J.Exports,16323.0,,Excavator - EX200LC,2001-7897,2007-09-30,,Berhampur,,,Shifted to other state,.,.,.,.,.,.,19.0,13+ Years
SK Abu Samma,10423.0,,Excavator - EX200LC,2001-7928,2007-10-05,,Jajpur,,,Scraped,.,.,.,.,.,.,19.0,13+ Years
Amarjothi Granites(I) pvt Ltd,9412.0,,Excavator - EX200LC,2001-7946,2007-10-05,,Berhampur,,,Shifted to other state,.,.,.,.,.,.,19.0,13+ Years
Maa Padmalaya Granites,21206.0,,Excavator - EX200LC,2001-7965,2007-10-15,,Berhampur,,,Shifted to other state,.,.,.,.,.,.,19.0,13+ Years
Orissa Stevedores Limited,5298.0,,Excavator - EX110,1101-1919,2007-10-18,,Paradeep,,,Scraped,.,.,.,.,.,.,19.0,13+ Years
Maa K.B.Bricks.,21494.0,,Excavator - EX70,0703-3597,2007-10-23,,Paradeep,,,Scraped,.,.,.,.,.,.,19.0,13+ Years
M. M. Nayak,6302.0,9777610281,Excavator - EX200LC,2001-7993,2007-10-23,,JAJPUR,,HARE KRISHNA SAHOO,Shifted to other state,.,.,.,.,.,.,19.0,13+ Years
PAWAN KUMAR GUPTA,7952.0,,Excavator - EX200LC,2001-7989,2007-10-24,,Berhampur,,,Shifted to other state,.,.,.,.,.,.,19.0,13+ Years
Narender Reddy N.,5972.0,,Zaxis 200,1G600L00118600,2007-10-30,,Keonjhar,,,Scraped,.,.,.,.,.,.,19.0,13+ Years
EMS India,19141.0,,Zaxis 330,1HH00P00036818,2007-11-02,,Keonjhar,,,Scraped,.,.,.,.,.,.,19.0,13+ Years
Nabaghana Sahu,13878.0,,Excavator - EX70,0703-3566,2007-11-07,,Berhampur,,,Scraped,.,.,.,.,.,.,19.0,13+ Years
Sandeep kumar Shah,21584.0,,Excavator - EX210LCH,210V-1456,2007-11-08,,Keonjhar,,,Scraped,.,.,.,.,.,.,19.0,13+ Years
Shirdi Sai Granite,20899.0,,Excavator - EX200LC,2001-8160,2007-11-24,,Berhampur,,,Shifted to other state,.,.,.,.,.,.,19.0,13+ Years
Sai Neelam Granite,20897.0,,Excavator - EX200LC,2001-8141,2007-11-27,,Berhampur,,,Shifted to other state,.,.,.,.,.,.,19.0,13+ Years
Biren Kumar Nayak,9494.0,,Excavator - EX200LC,2001-8167,2007-11-30,,Berhampur,,,Shifted to other state,.,.,.,.,.,.,19.0,13+ Years
Vinayak Udyog,20334.0,,Excavator - EX200LC,2001-8156,2007-12-05,,Jajpur,,,Shifted to other state,.,.,.,.,.,.,19.0,13+ Years
K.Manohar Reddy,21578.0,,Excavator - EX200LC,2001-8087,2007-12-06,,Berhampur,,,Shifted to other state,.,.,.,.,.,.,19.0,13+ Years
Srikant Panigrahi,11386.0,,Excavator - EX70,0703-3795,2007-12-21,,Berhampur,,,Scraped,.,.,.,.,.,.,19.0,13+ Years
N V Rama Krishna,21741.0,,Zaxis 330,1HH00H00036862,2007-12-28,,Jajpur,,,Shifted to other state,.,.,.,.,.,.,19.0,13+ Years
Shashimira Nayak.,22349.0,,Excavator - EX200LC,2001-8409,2008-01-11,,Bhadrak,,,NOW NOT AT BHADRAK,.,.,.,.,.,.,18.0,13+ Years
Orison Granites,21928.0,,Excavator - EX350V,350V-0357,2008-01-30,,Berhampur,,,Shifted to other state,.,.,.,.,.,.,18.0,13+ Years
Balaram Stone Crusher,22488.0,,Excavator - EX210LCH,210V-1575,2008-01-31,,Keonjhar,,,Scraped,.,.,.,.,.,.,18.0,13+ Years
SARALA PROJECT WORKS (P) LTD,8441.0,,Excavator - EX110Z,1EY00C00012080,2008-02-14,,Mayurbhanj,,,Shifted to other state,.,.,.,.,.,.,18.0,13+ Years
HARA PRASAD SAHU,22925.0,,Excavator - EX70,0703-4018,2008-02-16,,Berhampur,,,Shifted to other state,.,.,.,.,.,.,18.0,13+ Years
Bijaya  Kumar Agarwal,14373.0,,Excavator - EX210LCH,210V-1613,2008-02-16,,Mayurbhanj,,,Shifted to other state,.,.,.,.,.,.,18.0,13+ Years
IFFCO   LIMITED,18952.0,,Excavator - EX300,3001-0812,2008-02-21,,Paradeep,,,Scraped,.,.,.,.,.,.,18.0,13+ Years
DHIRENDRA SAHOO,23124.0,,Excavator - EX70,0703-4046,2008-02-25,,Jajpur,,,Shifted to other state,.,.,.,.,.,.,18.0,13+ Years
Chitta Ranjan Nayak,23119.0,9865326525,Excavator - EX200LC,2001-8642,2008-02-28,,Keonjhar,, ,Scraped,.,.,.,.,.,.,18.0,13+ Years
SAROJKANTA SWAIN,23123.0,,Excavator - EX70,0703-4063,2008-02-28,,Paradeep,,,Scraped,.,.,.,.,.,.,18.0,13+ Years
Pramod Kumar Badajena,11351.0,,Excavator - EX200LC,2001-8699,2008-02-29,,Berhampur,,,Shifted to other state,.,.,.,.,.,.,18.0,13+ Years
Kailash Yadav,21752.0,9771821426,Zaxis 270,1V400L00031628,2008-03-01,,Keonjhar,,,Scraped,.,.,.,.,.,.,18.0,13+ Years
ANJU AGARWAL,19418.0,,Excavator - EX200LC,2001-8717,2008-03-03,,Jajpur,,,Shifted to other state,.,.,.,.,.,.,18.0,13+ Years
Chakadola Construction,14225.0,,Excavator - EX70,0703-4126,2008-03-15,,Dhenkanal,,,shifted,.,.,.,.,.,.,18.0,13+ Years
KONARKA INNOVATIONSPVT LTD,23558.0,,Excavator - EX70,0703-4147,2008-03-24,,Jajpur,,,Shifted to other state,.,.,.,.,.,.,18.0,13+ Years
SIMPLEX INFRASTRUCTURE LTD,15726.0,,Excavator - EX210LCH,210V-1660,2008-03-29,,Jajpur,,,Shifted to other state,.,.,.,.,.,.,18.0,13+ Years
Rajesh kumar jain,22812.0,,Excavator - EX70,0703-4190,2008-04-08,,Koraput,,,Scraped,.,.,.,.,.,.,18.0,13+ Years
SRIRAM LAXMI NARAYAN INFRASTRUCTRE(,23788.0,,Excavator - EX70,0703-4217,2008-04-10,,Dhenkanal,,,shifted to out of state,.,.,.,.,.,.,18.0,13+ Years
Mukesh Sharma & J. P. Agarwal,24066.0,,Excavator - EX70,0703-4180,2008-04-14,,Mayurbhanj,,,Scraped,.,.,.,.,.,.,18.0,13+ Years
SURESH CH. SAHOO,23618.0,,Excavator - EX70,0703-4242,2008-04-15,,Jajpur,,,Shifted to other state,.,.,.,.,.,.,18.0,13+ Years
Bhushan Steel Ltd.,20600.0,,Zaxis 120,01S1-050186,2008-04-18,,ANGUL,,,Scrap,.,.,.,.,.,.,18.0,13+ Years
Amarjothi Granites(I) pvt Ltd,9412.0,,Excavator - EX200LC,2001-9069,2008-05-08,,Berhampur,,,Shifted to other state,.,.,.,.,.,.,18.0,13+ Years
Anju Kainth,23806.0,9438159660,Excavator - EX200LC,2001-9066,2008-05-21,,Keonjhar,, ,Scraped,.,.,.,.,.,.,18.0,13+ Years
Arun Udyoga/EESTELA LOGMIN LLP,1089.0,,Wheel Loader-TWL3036,3036-1949,2008-05-21,,Bhadrak,,,M/C SRAPPED,.,.,.,.,.,.,18.0,13+ Years
Arun Udyoga,1089.0,,Excavator - EX350V,350V-0399,2008-05-23,,Bhadrak,,,M/C SRAPPED,.,.,.,.,.,.,18.0,13+ Years
Arun Udyoga,1089.0,,Excavator - EX350V,350V-0400,2008-05-23,,Bhadrak,,,M/C SRAPPED,.,.,.,.,.,.,18.0,13+ Years
Continental Steel Store,24766.0,,Excavator - EX70,0703-4294,2008-05-29,,Berhampur,,,Shifted to other state,.,.,.,.,.,.,18.0,13+ Years
G S Minerals,20026.0,,Excavator - EX210LCH,210V-1716,2008-05-30,,Jajpur,,,Shifted to other state,.,.,.,.,.,.,18.0,13+ Years
SANDEEP DAS,24201.0,,Excavator - EX200LC,2001-9182,2008-06-01,,Bhadrak,,,NOW NOT AT BHADRAK,.,.,.,.,.,.,18.0,13+ Years
"Victor Associates,",13487.0,9861326523,Excavator - EX350V,350V-0401,2008-06-09,,Keonjhar,,,Scraped,.,.,.,.,.,.,18.0,13+ Years
V BABURAO,29029.0,,Zaxis 120,01S1-050222,2008-06-09,,Berhampur,,,Shifted to other state,.,.,.,.,.,.,18.0,13+ Years
Bhanwar Lal,2488.0,9437896352,Excavator - EX200LC,2001-9275,2008-06-27,,Keonjhar,, ,Shifted to other state,.,.,.,.,.,.,18.0,13+ Years
Y Vani,24606.0,,Excavator - EX200LC,2001-9357,2008-07-01,,Rayagada,,,Shifted to other state,.,.,.,.,.,.,18.0,13+ Years
Ace Commercial Company Private Limi,24813.0,,Excavator - EX200LC,2001-9390,2008-07-12,,Paradeep,,,Scraped,.,.,.,.,.,.,18.0,13+ Years
Rohit Ferro-Tech Limited,25026.0,7894456982,Excavator - EX200LC,2001-9424,2008-08-11,,JAJPUR,,,Scraped,.,.,.,.,.,.,18.0,13+ Years
Manaranjan Behera,25371.0,,Excavator - EX70,0703-4647,2008-09-07,,Mayurbhanj,,,Shifted to other state,.,.,.,.,.,.,18.0,13+ Years
Ansu Services,25386.0,9938652547,Excavator - EX210LCH,210V-1834,2008-09-10,,Keonjhar,,,Shifted to other state,.,.,.,.,.,.,18.0,13+ Years
SIBANANDA PRADHAN,23974.0,,Excavator - EX350V,350V-0414,2008-09-11,,Jajpur,,,Shifted to other state,.,.,.,.,.,.,18.0,13+ Years
"Sri Sai Constructions,",11200.0,9178537718,Zaxis 330,1HH00A00037099,2008-09-17,,JAJPUR,,JYOTI RANJAN PARIJA,Shifted to other state,.,.,.,.,.,.,18.0,13+ Years
"Sri Sai Constructions,",11200.0,9178537718,Zaxis 330,1HH00C00037102,2008-09-17,,JAJPUR,,JYOTI RANJAN PARIJA,Shifted to other state,.,.,.,.,.,.,18.0,13+ Years
CM CONSTRUCTION,24387.0,,Zaxis 210,0ACE-000029,2008-09-19,,Jajpur,,,Shifted to other state,.,.,.,.,.,.,18.0,13+ Years
"Ambica Trading Company,",12050.0,,Excavator - EX200LC,2001-9683,2008-09-26,,Jajpur,,,Shifted to other state,.,.,.,.,.,.,18.0,13+ Years
GVV Constructions Pvt. Ltd.,25781.0,,Excavator - EX70,0703-4705,2008-09-30,,Angul District,,,shifted out of state,.,.,.,.,.,.,18.0,13+ Years
Himat Lal Walani,24085.0,,Zaxis 200,1G600H00118713,2008-10-01,,Keonjhar,,,Scraped,.,.,.,.,.,.,18.0,13+ Years
BALABANTARAY TRANSPORT & MINERALS(P,23155.0,,Excavator - EX200LC,2001-9834,2008-10-01,,Jajpur,,,Shifted to other state,.,.,.,.,.,.,18.0,13+ Years
Arun Udyoga/EESTELA LOGMIN LLP,1089.0,,Wheel Loader-TWL3036,3036-2096,2008-10-04,,Bhadrak,,,M/C SRAPPED,.,.,.,.,.,.,18.0,13+ Years
V. Jyothi,25960.0,,Excavator - EX70,0703-4755,2008-10-08,,Berhampur,,,Shifted to other state,.,.,.,.,.,.,18.0,13+ Years
Sribash Jena,25829.0,,Excavator - EX210LCH,210V-1820,2008-10-08,,Jajpur,,,Shifted to other state,.,.,.,.,.,.,18.0,13+ Years
Arun Udyoga,1089.0,,Excavator - EX350V,350V-0421,2008-10-15,,Bhadrak,,,M/C SRAPPED,.,.,.,.,.,.,18.0,13+ Years
Raj Kumar Bhuyan,25958.0,,Excavator - EX70,0703-4769,2008-10-24,,Jajpur,,,Shifted to other state,.,.,.,.,.,.,18.0,13+ Years
Sarala Harsha JV,26158.0,,Excavator - EX200LC,2001-9915,2008-10-27,,Mayurbhanj,,,Shifted to other state,.,.,.,.,.,.,18.0,13+ Years
Manisharani Sahu,26239.0,,Excavator - EX70,0703-4787,2008-10-31,,Berhampur,,,Scraped,.,.,.,.,.,.,18.0,13+ Years
Chennai Radha Engineering works (P),14953.0,,Excavator - EX200LC,2001-9768,2008-11-13,,Rayagada,,,Shifted to other state,.,.,.,.,.,.,18.0,13+ Years
Lingaraj Granites pvt. ltd,19263.0,,Excavator - EX200LC,2001-9917,2008-11-17,,Berhampur,,,Shifted to other state,.,.,.,.,.,.,18.0,13+ Years
Srikant Panigrahi,11386.0,,Excavator - EX70,0703-4819,2008-12-16,,Berhampur,,,Scraped,.,.,.,.,.,.,18.0,13+ Years
Nabaghana Sahu,13878.0,,Excavator - EX70,0703-4905,2008-12-30,,Berhampur,,,Scraped,.,.,.,.,.,.,18.0,13+ Years
Binayak Traders,16221.0,,Excavator - EX70,0703-4884,2009-02-06,,Berhampur,,,Scraped,.,.,.,.,.,.,17.0,13+ Years
Sohan Minerals & Mining,20264.0,9556277888,Excavator - EX210LCH,210V-1881,2009-02-07,,Keonjhar,,,Scraped,.,.,.,.,.,.,17.0,13+ Years
Prafulla Kumar Mohapatra,28823.0,,Excavator - EX70,0703-4954,2009-02-09,,Keonjhar,,,Scraped,.,.,.,.,.,.,17.0,13+ Years
Sadhu Charan Choudhury,28786.0,,Excavator - EX70,0703-4886,2009-02-11,,Berhampur,,,Scraped,.,.,.,.,.,.,17.0,13+ Years
Birendra kumar Mohanty,18453.0,,Excavator - EX200LC,2001-10038,2009-02-12,,Jajpur,,,Shifted to other state,.,.,.,.,.,.,17.0,13+ Years
Aloke Dutta,17847.0,9204017598,Zaxis 200,1G600T00118778,2009-02-14,,Keonjhar,,,Shifted to other state,.,.,.,.,.,.,17.0,13+ Years
Sribash Jena,25829.0,,Excavator - EX210LCH,210V-1925,2009-03-02,,Jajpur,,,Shifted to other state,.,.,.,.,.,.,17.0,13+ Years
Sunil Kanta Sahu,28822.0,,Excavator - EX200LC,2001-10109,2009-03-13,,Berhampur,,,Shifted to other state,.,.,.,.,.,.,17.0,13+ Years
Amardeep Constructions,29847.0,,Excavator - EX70,0703-4962,2009-03-15,,Koraput,,,Scraped,.,.,.,.,.,.,17.0,13+ Years
Guru Nanak Road Lines,19049.0,,Zaxis 330,1HH00A00037216,2009-03-25,,Barbil,, ,Scraped,.,.,.,.,.,.,17.0,13+ Years
Ranganath Misra,5865.0,,Excavator - EX70,0703-5027,2009-03-27,,Koraput,,,Scraped,.,.,.,.,.,.,17.0,13+ Years
Krushna Chandra Mishra,13717.0,,Excavator - EX70,0703-5035,2009-03-31,,Berhampur,,,Scraped,.,.,.,.,.,.,17.0,13+ Years
BANOJ KUMAR PATRO,30858.0,,Excavator - EX70,0703-5026,2009-03-31,,Koraput,,,Scraped,.,.,.,.,.,.,17.0,13+ Years
Susanta Kumar Sahu,18211.0,,Excavator - EX70,0703-5040,2009-03-31,,Rayagada,,,Shifted to other state,.,.,.,.,.,.,17.0,13+ Years
L.D.Mishra,13725.0,,Excavator - EX70,0703-5048,2009-04-02,,Keonjhar,,,Scraped,.,.,.,.,.,.,17.0,13+ Years
L.D.Mishra,13725.0,,Excavator - EX70,0703-5049,2009-04-02,,Keonjhar,,,Scraped,.,.,.,.,.,.,17.0,13+ Years
DHIRENDRA SAHOO,23124.0,,Excavator - EX70,0703-5058,2009-04-03,,Jajpur,,,Shifted to other state,.,.,.,.,.,.,17.0,13+ Years
Ashok Kumar Uttarsingh Mohapatra,31321.0,,Excavator - EX70,0703-5070,2009-04-15,,Paradeep,,,Scraped,.,.,.,.,.,.,17.0,13+ Years
Jayprakash Chourasia,17122.0,9437653260,Zaxis 330,1HH00K00037226,2009-06-08,,Keonjhar,,,Scraped,.,.,.,.,.,.,17.0,13+ Years
S. P. Constructions,31792.0,,Excavator - EX70,0703-5186,2009-06-13,,Berhampur,,,Scraped,.,.,.,.,.,.,17.0,13+ Years
Shreeji Shipping,6352.0,,Excavator - EX350V,350V-0469,2009-06-13,,Berhampur,,,Shifted to other state,.,.,.,.,.,.,17.0,13+ Years
"Tata Capital Limited,",20919.0,,Zaxis 270,1V400H00032165,2009-07-01,,Keonjhar,,,Scraped,.,.,.,.,.,.,17.0,13+ Years
"Tata Capital Limited,",20919.0,,Zaxis 270,1V400L00032004,2009-07-01,,Keonjhar,,,Scraped,.,.,.,.,.,.,17.0,13+ Years
"Tata Capital Limited,",20919.0,,Zaxis 330,1HH00C00037214,2009-07-01,,Keonjhar,,,Scraped,.,.,.,.,.,.,17.0,13+ Years
"Tata Capital Limited,",20919.0,,Zaxis 330,1HH00C00037262,2009-07-01,,Keonjhar,,,Scraped,.,.,.,.,.,.,17.0,13+ Years
"Tata Capital Limited,",20919.0,,Zaxis 330,1HH00C00037271,2009-07-01,,Keonjhar,,,Scraped,.,.,.,.,.,.,17.0,13+ Years
"Tata Capital Limited,",20919.0,,Zaxis 330,1HH00J00037258,2009-07-01,,Keonjhar,,,Scraped,.,.,.,.,.,.,17.0,13+ Years
"Tata Capital Limited,",20919.0,,Zaxis 330,1HH00P00037256,2009-07-01,,Keonjhar,,,Scraped,.,.,.,.,.,.,17.0,13+ Years
"Tata Capital Limited,",20919.0,,Zaxis 330,1HH00P00037273,2009-07-01,,Keonjhar,,,Scraped,.,.,.,.,.,.,17.0,13+ Years
"Tata Capital Limited,",20919.0,,Zaxis 330,1HH00T00037241,2009-07-01,,Keonjhar,,,Scraped,.,.,.,.,.,.,17.0,13+ Years
Ranjeet Kumar Nayak,33548.0,,Excavator - EX70,0703-5239,2009-07-07,,Berhampur,,,Scraped,.,.,.,.,.,.,17.0,13+ Years
SSVG ENGINEERING,33146.0,,Excavator - EX200LC,2001-10202,2009-07-14,,Jajpur,,,Shifted to other state,.,.,.,.,.,.,17.0,13+ Years
Ramesh Chandra Jena,34200.0,,Excavator - EX70,0703-5254,2009-07-15,,Jajpur,,,Shifted to other state,.,.,.,.,.,.,17.0,13+ Years
Sanjay Kumar Panda,30591.0,,Excavator - EX70,0703-5327,2009-08-23,,Mayurbhanj,,,Scraped,.,.,.,.,.,.,17.0,13+ Years
Prakash Kr Pasari & Co. Pvt. Ltd.,19774.0,9439480203,Zaxis 330,1HH00T00037224,2009-08-25,,Keonjhar,,,Scraped,.,.,.,.,.,.,17.0,13+ Years
Sohan Minerals & Mining,20264.0,7008228476,Zaxis 330,1HH00K00037338,2009-08-31,,Keonjhar,,,Scraped,.,.,.,.,.,.,17.0,13+ Years
A. B. Construction & Developer,35635.0,,Excavator - EX70,0703-5337,2009-09-01,,Berhampur,,,Shifted to other state,.,.,.,.,.,.,17.0,13+ Years
Deepak Kumar Samal,20812.0,,Excavator - EX70,0703-5334,2009-09-02,,Jajpur,,,Shifted to other state,.,.,.,.,.,.,17.0,13+ Years
Runu Pradhan,35625.0,,Excavator - EX70,0703-5361,2009-09-08,,Berhampur,,,Scraped,.,.,.,.,.,.,17.0,13+ Years
Sohan Minerals & Mining,20264.0,9556277888,Zaxis 200,1G600E00118793,2009-09-09,,Keonjhar,,,Scraped,.,.,.,.,.,.,17.0,13+ Years
Trinath Sahu,36066.0,,Excavator - EX200LC,2001-10515,2009-09-13,,Berhampur,,,Shifted to other state,.,.,.,.,.,.,17.0,13+ Years
Chandramani Rout,36830.0,,Excavator - EX70,0703-5441,2009-10-04,,Keonjhar,,,Scraped,.,.,.,.,.,.,17.0,13+ Years
USHA PROJECTS(INDIA) PVT LTD,35966.0,,Excavator - EX210LCH,210V-2059,2009-10-05,,Jajpur,,,Shifted to other state,.,.,.,.,.,.,17.0,13+ Years
Srikant Panigrahi,11386.0,,Excavator - EX200LC,2001-10499,2009-10-06,,Berhampur,,,Shifted to other state,.,.,.,.,.,.,17.0,13+ Years
V. Jyothi,25960.0,,Excavator - EX70,0703-5451,2009-10-13,,Berhampur,,,Shifted to other state,.,.,.,.,.,.,17.0,13+ Years
P. K. Pradhan & Company,7174.0,,Excavator - EX70,0703-5527,2009-11-16,,ANGUL,,,shifted out of state,.,.,.,.,.,.,17.0,13+ Years
SAI STONE CRUSHER,37590.0,,Excavator - EX70,0703-5544,2009-11-18,,Berhampur,,,Scraped,.,.,.,.,.,.,17.0,13+ Years
AMAYA KUMAR ROUT,37845.0,9777282413,Excavator - EX70,0703-5532,2009-11-20,,Bhadrak,,,Scraped,.,.,.,.,.,.,17.0,13+ Years
Pratima Mahanta,37961.0,,Excavator - EX70,0703-5552,2009-11-25,,Keonjhar,,,Scraped,.,.,.,.,.,.,17.0,13+ Years
Ranganath Misra,5865.0,,Excavator - EX70,0703-5554,2009-12-17,,Koraput,,,Scraped,.,.,.,.,.,.,17.0,13+ Years
Prafulla Kumar Boitai,10947.0,9178834342,Excavator - EX70,0703-5610,2009-12-23,,JAJPUR,,,Shifted to other state,.,.,.,.,.,.,17.0,13+ Years
Birendra kumar Mohanty,18453.0,,Excavator - EX70,0703-5676,2009-12-30,,Jajpur,,,Shifted to other state,.,.,.,.,.,.,17.0,13+ Years
Maherswari Mining,38440.0,,Excavator - EX70,0703-5533,2009-12-31,,Keonjhar,,,Scraped,.,.,.,.,.,.,17.0,13+ Years
YESHASWI  INFRASTRUCTURES,39308.0,,Excavator - EX70,0703-5674,2009-12-31,,Dhenkanal,,,shifted out of state,.,.,.,.,.,.,17.0,13+ Years
Arun Kumar Pradhan,39313.0,,Excavator - EX70,0703-5651,2009-12-31,,ANGUL,,,unknown,.,.,.,.,.,.,17.0,13+ Years
Gurudev Parida,51311.0,,Excavator - EX70,0703-6641,2010-01-09,,Berhampur,,,Scraped,.,.,.,.,.,.,16.0,13+ Years
Prasanta Kumar Dalabehera,40106.0,,Excavator - EX70,0703-5711,2010-01-11,,Angul District,,,unknown,.,.,.,.,.,.,16.0,13+ Years
Visa Steel Ltd,16686.0,9337548262,Excavator - EX210LCH,210V-3001,2010-01-12,,JAJPUR,,,Scraped,.,.,.,.,.,.,16.0,13+ Years
Visa Steel Ltd,16686.0,9337548262,Excavator - EX210LCH,210V-3013,2010-01-12,,JAJPUR,,,Scraped,.,.,.,.,.,.,16.0,13+ Years
CHHEDILAL KATARUKA,40469.0,,Excavator - EX70,0703-5744,2010-01-30,,Angul District,,,unknown,.,.,.,.,.,.,16.0,13+ Years
SVS MOOKAMBIKA CONSTRUCTIONS PVT. L,41923.0,,Excavator - EX70,0703-6751,2010-02-15,,Rayagada,,,Shifted to other state,.,.,.,.,.,.,16.0,13+ Years
ANJANI KUMAR AGRAWAL,41000.0,,Excavator - EX70,0703-5790,2010-02-18,,Rayagada,,,Shifted to other state,.,.,.,.,.,.,16.0,13+ Years
NARAYAN ROUT,34869.0,,Excavator - EX70,0703-5843,2010-02-23,,Jajpur,,,Shifted to other state,.,.,.,.,.,.,16.0,13+ Years
NAROTTAM SAHU,40402.0,,Excavator - EX70,0703-5850,2010-02-23,,Jajpur,,,Shifted to other state,.,.,.,.,.,.,16.0,13+ Years
TAPAS KUMAR DAS,24369.0,,Excavator - EX70,0703-5880,2010-03-12,,ANGUL,,,unknown,.,.,.,.,.,.,16.0,13+ Years
MANGULI PATRA,41321.0,,Excavator - EX200LC,2001-11122,2010-03-13,,Berhampur,,chiranjibi rout,Shifted to other state,.,.,.,.,.,.,16.0,13+ Years
SVS MOOKAMBIKA CONSTRUCTIONS PVT. L,41923.0,,Zaxis 120,01S1-050602,2010-03-15,,Rayagada,,,Shifted to other state,.,.,.,.,.,.,16.0,13+ Years
KONARK FOUNDATIONS Pvt.Ltd,40944.0,,Excavator - EX70,0703-5940,2010-03-22,,Jajpur,,,Shifted to other state,.,.,.,.,.,.,16.0,13+ Years
KONARK FOUNDATIONS Pvt.Ltd,40944.0,,Excavator - EX110,1101-3506,2010-03-23,,Berhampur,,,Shifted to other state,.,.,.,.,.,.,16.0,13+ Years
Nayak Enterprises,5578.0,,Excavator - EX70,0703-6021,2010-04-06,,Keonjhar,,,Scraped,.,.,.,.,.,.,16.0,13+ Years
VIJAYALAKSHMI STONE CRUSHER,42777.0,,Excavator - EX200LC,2001-11244,2010-04-09,,Jajpur,,,Shifted to other state,.,.,.,.,.,.,16.0,13+ Years
PJ Minerals International (p) Ltd,19446.0,8249036530,Excavator - EX200LC,2001-11217,2010-04-23,,JAJPUR,,SANTOSH MAJHI ,Shifted to other state,.,.,.,.,.,.,16.0,13+ Years
JAGDISH S/O BASAPPA,43782.0,,Excavator - EX70,0703-6069,2010-05-04,,Jajpur,,,Shifted to other state,.,.,.,.,.,.,16.0,13+ Years
Naba Kishor Mishra,38813.0,,Excavator - EX70,0703-6099,2010-05-12,,Jajpur,,,Shifted to other state,.,.,.,.,.,.,16.0,13+ Years
Vinayak Udyog,20334.0,,Excavator - EX200LC,2001-10696,2010-05-17,,Jajpur,,,Shifted to other state,.,.,.,.,.,.,16.0,13+ Years
Pabitra Kumar Panigrahi,44041.0,,Excavator - EX70,0703-6079,2010-06-02,,ANGUL,,,unknown,.,.,.,.,.,.,16.0,13+ Years
Dillip Singh,44065.0,,Excavator - EX70,0703-6132,2010-06-05,,Jajpur,,,Shifted to other state,.,.,.,.,.,.,16.0,13+ Years
ANMOL RESOURCES (P) LTD.,42516.0,,Zaxis 210,0ACE-001104,2010-06-07,,Jajpur,,,Shifted to other state,.,.,.,.,.,.,16.0,13+ Years
SVS MOOKAMBIKA CONSTRUCTIONS PVT. L,41923.0,,Zaxis 120,01S1-050713,2010-06-15,,Rayagada,,,Shifted to other state,.,.,.,.,.,.,16.0,13+ Years
Orison Granites,21928.0,,Excavator - EX350V,350V-0524,2010-06-18,,Rayagada,,,Shifted to other state,.,.,.,.,.,.,16.0,13+ Years
NAIK & SONS,40403.0,,Excavator - EX70,0703-6189,2010-06-30,,Balangir,,,Scraped,.,.,.,.,.,.,16.0,13+ Years
GEORGE AMIT DAS,42504.0,,Excavator - EX200LC,2001-11424,2010-07-07,,Berhampur,,,Shifted to other state,.,.,.,.,.,.,16.0,13+ Years
Maa Baghei Construction Pvt. Ltd.,25717.0,,Excavator - EX70,0703-6214,2010-07-08,,Bhubaneswar,,,Scraped,.,.,.,.,.,.,16.0,13+ Years
Prakash Kumar Jena,34218.0,,Excavator - EX70,0703-6187,2010-08-02,,Angul,,,unknown,.,.,.,.,.,.,16.0,13+ Years
AMAYA KUMAR ROUT,37845.0,9777282413,Excavator - EX200LC,2001-11651,2010-08-04,,Bhadrak,,BISWAJIT PEDA,Scraped,.,.,.,.,.,.,16.0,13+ Years
Kanakmanjari Sundaray,47025.0,,Excavator - EX70,0703-6309,2010-08-04,,Jajpur,,,Shifted to other state,.,.,.,.,.,.,16.0,13+ Years
SVS MOOKAMBIKA CONSTRUCTIONS PVT. L,41923.0,,Zaxis 210,0ACE-001142,2010-08-10,,Rayagada,,,Shifted to other state,.,.,.,.,.,.,16.0,13+ Years
Paramount Export,47088.0,,Excavator - EX200LC,2001-11612,2010-08-13,,Berhampur,,,Shifted to other state,.,.,.,.,.,.,16.0,13+ Years
TM International Logistics Ltd.,11632.0,,Excavator - EX200LC,2001-11402,2010-09-03,,Bhadrak,,,M/C  SHIFTED FROM BHADRAK,.,.,.,.,.,.,16.0,13+ Years
TM International Logistics Ltd.,11632.0,,Excavator - EX200LC,2001-11442,2010-09-03,,Bhadrak,,,M/C  SHIFTED FROM BHADRAK,.,.,.,.,.,.,16.0,13+ Years
Orissa Stevedores Limited,5298.0,,Excavator - EX110,1101-3812,2010-09-08,,Paradeep,,,Scraped,.,.,.,.,.,.,16.0,13+ Years
Santosh kumar Pradhan,15977.0,,Zaxis 210,0ACE-001201,2010-09-16,,Angul,,,unknown,.,.,.,.,.,.,16.0,13+ Years
Gourinath Mohapatra,47937.0,9437372607,Excavator - EX200LC,2001-11800,2010-09-17,,Rayagada,,,Shifted to other state,.,.,.,.,.,.,16.0,13+ Years
Kar Construction & Builders,32918.0,,Zaxis 210,0ACE-001217,2010-10-03,,Angul,,,Scraped,.,.,.,.,.,.,16.0,13+ Years
Prasanta Kumar Dalabehera,40106.0,,Excavator - EX70,0703-6293,2010-10-06,,Angul,,,unknown,.,.,.,.,.,.,16.0,13+ Years
Manas Kumar Jena,49022.0,,Zaxis 210,0ACE-001239,2010-10-26,,ANGUL,,,unknown,.,.,.,.,.,.,16.0,13+ Years
Narayan Dash,37914.0,,Excavator - EX70,0703-6464,2010-10-29,,Kendrapara,,,Scraped,.,.,.,.,.,.,16.0,13+ Years
Sribash Jena,25829.0,,Zaxis 370,0ACH-000258,2010-11-03,,Jajpur,,,Shifted to other state,.,.,.,.,.,.,16.0,13+ Years
Balaram Sahoo,18330.0,,Excavator - EX70,0703-6516,2010-11-06,,Angul,,,unknown,.,.,.,.,.,.,16.0,13+ Years
Raja Bose,40838.0,9937612674,Zaxis 210,0ACE-001255,2010-11-10,,Keonjhar,,,Scraped,.,.,.,.,.,.,16.0,13+ Years
Manoj Kumar Sahu,48609.0,,Excavator - EX70,0703-6475,2010-11-17,,ANGUL,,,unknown,.,.,.,.,.,.,16.0,13+ Years
Rohit Kumar Das,1553.0,,Excavator - EX200LC,2001-11992,2010-11-22,,Berhampur,,,Shifted to other state,.,.,.,.,.,.,16.0,13+ Years
Sribash Jena,25829.0,,Zaxis 370,0ACH-000266,2010-11-29,,Jajpur,,,Shifted to other state,.,.,.,.,.,.,16.0,13+ Years
"Rupal Infrastructure Pvt. Ltd.,",24380.0,,Zaxis 210,0ACE-001285,2010-12-05,,Keonjhar,,,Scraped,.,.,.,.,.,.,16.0,13+ Years
BISWAJIT RAJ,23796.0,7978366918,Excavator - EX200LC,2001-12147,2010-12-23,,JAJPUR,,SANTOSH MOHANTA,Shifted to other state,.,.,.,.,.,.,16.0,13+ Years
GVR Constructions Pvt Ltd,10546.0,,Excavator - EX110,1101-3998,2010-12-24,,Rayagada,,,Shifted to other state,.,.,.,.,.,.,16.0,13+ Years
GVR Constructions Pvt Ltd,10546.0,,Excavator - EX110,1101-3993,2010-12-27,,Bhawanipatna,,,Shifted to other state,.,.,.,.,.,.,16.0,13+ Years
Rohit Ferro-Tech Limited,25026.0,7894456982,Excavator - EX200LC,2001-12231,2011-01-12,,JAJPUR,,,Scraped,.,.,.,.,.,.,15.0,13+ Years
Ranjit Kumar Badajena,51350.0,9437963815,Zaxis 210,0ACE-001393,2011-01-30,,JAJPUR,,DILLIP KARAN ,Shifted to other state,.,.,.,.,.,.,15.0,13+ Years
Pradeep Kumar Pradhan,51832.0,,Excavator - EX70,0703-6699,2011-01-31,,Berhampur,,,Scraped,.,.,.,.,.,.,15.0,13+ Years
Deepnarayan Ghosh,49031.0,,Zaxis 210,0ACE-001397,2011-02-01,,Jajpur,,,Shifted to other state,.,.,.,.,.,.,15.0,13+ Years
Ranjit Nanda,51964.0,9439262217,Excavator - EX70,0703-6741,2011-02-04,,Berhampur,,Singrai Sardar Marandi,Scraped,.,.,.,.,.,.,15.0,13+ Years
Pradeep Panda,51854.0,,Excavator - EX70,0703-6730,2011-02-07,,Bhubaneswar,,,Scraped,.,.,.,.,.,.,15.0,13+ Years
Spotlight Tradecom Pvt. Ltd.,51831.0,,Zaxis 210,0ACE-001390,2011-02-14,,Keonjhar,,,Scraped,.,.,.,.,.,.,15.0,13+ Years
SUSANTA KU. SAHOO,36129.0,9040623845,Zaxis 210,0ACE-001458,2011-02-15,,JAJPUR,,SANTOSH MOHANTA,Shifted to other state,.,.,.,.,.,.,15.0,13+ Years
Dhanurjaya Nayak,51592.0,,Excavator - EX70,0703-6766,2011-02-18,,Jajpur,,,Shifted to other state,.,.,.,.,.,.,15.0,13+ Years
BISHNU KUMAR PARIDA,40998.0,,Excavator - EX70,0703-6783,2011-02-22,,Bhubaneswar,,,Scraped,.,.,.,.,.,.,15.0,13+ Years
Namita Pattnaik,52405.0,,Zaxis 210,0ACE-001445,2011-02-27,,Angul,,,unknown,.,.,.,.,.,.,15.0,13+ Years
Hemant  Kumar Mohanty,22819.0,9040623845,Zaxis 210,0ACE-001452,2011-02-28,,JAJPUR,,SANTOSH MOHANTA,Shifted to other state,.,.,.,.,.,.,15.0,13+ Years
Biswajeet Nayak,52648.0,,Zaxis 210,0ACE-001453,2011-02-28,,Jajpur,,,Shifted to other state,.,.,.,.,.,.,15.0,13+ Years
Devinder Singh,52589.0,,Zaxis 210,0ACE-001449,2011-03-02,,Jajpur,,,Shifted to other state,.,.,.,.,.,.,15.0,13+ Years
"Gobardhan Nath,",13181.0,,Excavator - EX110,1101-4154,2011-03-05,,Mayurbhanj,,,Shifted to other state,.,.,.,.,.,.,15.0,13+ Years
Ranjan Kumar Sethi,52598.0,,Excavator - EX70,0703-6876,2011-03-13,,Berhampur,,,Scraped,.,.,.,.,.,.,15.0,13+ Years
INDIAN INFRAPROJECTS,52650.0,,Excavator - EX200LC,2001-12411,2011-04-01,,Jajpur,,,Shifted to other state,.,.,.,.,.,.,15.0,13+ Years
Nursing Vanijya Pvt. Ltd.,11158.0,,Excavator - EX200LC,2001-12578,2011-04-02,,Jajpur,,,Shifted to other state,.,.,.,.,.,.,15.0,13+ Years
Uttamsingh Rauthan,52337.0,,Zaxis 210,0ACE-001497,2011-04-02,,Rayagada,,,Shifted to other state,.,.,.,.,.,.,15.0,13+ Years
Visa Steel Ltd,16686.0,9337548262,Zaxis 120,01S1-051036,2011-04-07,,JAJPUR,,,Scraped,.,.,.,.,.,.,15.0,13+ Years
Visa Steel Ltd,16686.0,9337548262,Zaxis 120,01S1-051037,2011-04-08,,JAJPUR,,,Scraped,.,.,.,.,.,.,15.0,13+ Years
Md. Yusuf Hossain,53435.0,,Zaxis 210,0ACE-001526,2011-04-08,,Jajpur,,,Shifted to other state,.,.,.,.,.,.,15.0,13+ Years
M.G.M.Minerals Ltd.,17711.0,,Excavator - EX350V,350V-2090,2011-04-13,,Barbil,, ,Scraped,.,.,.,.,.,.,15.0,13+ Years
Ramtech Infra India Pvt.Ltd,53170.0,,Excavator - EX350V,350V-2086,2011-04-14,,Jajpur,,,Shifted to other state,.,.,.,.,.,.,15.0,13+ Years
Manoranjan Nayak,38286.0,,Excavator - EX70,0703-7017,2011-05-05,,Angul,,,unknown,.,.,.,.,.,.,15.0,13+ Years
SAI INFRA,49541.0,,Excavator - EX200LC,2001-12709,2011-05-07,,Jajpur,,,Shifted to other state,.,.,.,.,.,.,15.0,13+ Years
Khusu Apat,18715.0,9438633821,Zaxis 370,0ACH-000327,2011-06-01,,Keonjhar,,,Scraped,.,.,.,.,.,.,15.0,13+ Years
Mahesh Infrastructure Pvt. Ltd.,54510.0,9777610281,Excavator - EX200LC,2001-50108,2011-06-01,,JAJPUR,,HARE KRISHNA SAHOO,Shifted to other state,.,.,.,.,.,.,15.0,13+ Years
BALDEV THAKUR,95680.0,,Excavator - EX200LC,2001-50104,2011-06-02,,Jajpur,,,Shifted to other state,.,.,.,.,.,.,15.0,13+ Years
Mahesh Infrastructure Pvt. Ltd.,54510.0,9777610281,Excavator - EX200LC,2001-50099,2011-06-03,,JAJPUR,,HARE KRISHNA SAHOO,Shifted to other state,.,.,.,.,.,.,15.0,13+ Years
TM International Logistics Ltd.,11632.0,,Excavator - EX200LC,2001-50089,2011-06-03,,Bhadrak,,,M/C  SHIFTED FROM BHADRAK,.,.,.,.,.,.,15.0,13+ Years
Jyoshna Rani Das,54565.0,,Excavator - EX70,0703-7182,2011-06-05,,ANGUL,,,unknown,.,.,.,.,.,.,15.0,13+ Years
Prasanta Kumar Dalabehera,40106.0,,Zaxis 210,0ACE-001574,2011-06-25,,Angul,,,unknown,.,.,.,.,.,.,15.0,13+ Years
Ripley & Company Stevedoring &,9091.0,,Excavator - EX200LC,2001-50145,2011-07-05,,Paradeep,,,Shifted to other state,.,.,.,.,.,.,15.0,13+ Years
Lucky Minerals,23628.0,,Zaxis 210,0ACE-001602,2011-08-01,,Angul,,,shifted to jajpur,.,.,.,.,.,.,15.0,13+ Years
Bhimsen Saunta,54783.0,9668132046,Excavator - EX200LC,2001-50116,2011-08-05,,Rayagada,,,Scraped,.,.,.,.,.,.,15.0,13+ Years
Pranab Kumar Parida,55701.0,,Zaxis 210,0ACE-001623,2011-08-11,,Berhampur,,,Shifted to other state,.,.,.,.,.,.,15.0,13+ Years
Madhu Sudan Sahu,12942.0,,Excavator - EX200LC,2001-50197,2011-09-25,,Berhampur,,,Shifted to other state,.,.,.,.,.,.,15.0,13+ Years
Saroj Kanta Ray,56566.0,,Excavator - EX70,0703-7142,2011-09-30,,Paradeep,,,Scraped,.,.,.,.,.,.,15.0,13+ Years
The Utkal Manufacturing & Services,56787.0,,Excavator - EX200LC,2001-50225,2011-10-05,,Jajpur,,,Shifted to other state,.,.,.,.,.,.,15.0,13+ Years
Jadumani Guru,22178.0,,Excavator - EX70,0703-7412,2011-10-11,,Bhubaneswar,,,Scraped,.,.,.,.,.,.,15.0,13+ Years
Spotlight Tradecom Pvt. Ltd.,51831.0,,Zaxis 210,0ACE-001716,2011-10-20,,Jajpur,,,Shifted to other state,.,.,.,.,.,.,15.0,13+ Years
Lloyd Insulation India Ltd.,33126.0,,Excavator - EX200LC,2001-50229,2011-10-21,,Jajpur,,,Shifted to other state,.,.,.,.,.,.,15.0,13+ Years
Quartz Infra and Engineering Pvt. L,54964.0,,Zaxis 210,0ACE-001758,2011-10-24,,Jajpur,,,Shifted to other state,.,.,.,.,.,.,15.0,13+ Years
Quartz Infra and Engineering Pvt. L,54964.0,,Zaxis 210,0ACE-001759,2011-10-24,,Jajpur,,,Shifted to other state,.,.,.,.,.,.,15.0,13+ Years
Spotlight Tradecom Pvt. Ltd.,51831.0,,Zaxis 210,0ACE-001737,2011-10-25,,Jajpur,,,Shifted to other state,.,.,.,.,.,.,15.0,13+ Years
Trilochan Mishra,56576.0,,Excavator - EX200LC,2001-50233,2011-10-27,,Jajpur,,,Shifted to other state,.,.,.,.,.,.,15.0,13+ Years
Rohit Ferro-Tech Limited,25026.0,7894456982,Excavator - EX200LC,2001-50259,2011-11-01,,JAJPUR,,,Scraped,.,.,.,.,.,.,15.0,13+ Years
V. Jyothi,25960.0,,Excavator - EX70,0703-7493,2011-11-11,,Berhampur,,,Shifted to other state,.,.,.,.,.,.,15.0,13+ Years
Hi-Tech Multiplex Pvt. Ltd.,57205.0,,Zaxis 075,0AJC-000142,2011-11-11,,Jajpur,,,Shifted to other state,.,.,.,.,.,.,15.0,13+ Years
MDS Infracon (P) Limited,57299.0,,Excavator - EX70,0703-7507,2011-11-14,,Angul,,,unknown,.,.,.,.,.,.,15.0,13+ Years
Mahesh Infrastructure Pvt. Ltd.,54510.0,9777610281,Excavator - EX200LC,2001-50276,2011-11-19,,JAJPUR,,HARE KRISHNA SAHOO,Shifted to other state,.,.,.,.,.,.,15.0,13+ Years
Mahesh Infrastructure Pvt. Ltd.,54510.0,9777610281,Excavator - EX200LC,2001-50277,2011-11-19,,JAJPUR,,HARE KRISHNA SAHOO,Shifted to other state,.,.,.,.,.,.,15.0,13+ Years
AMAYA KUMAR ROUT,37845.0,9777282413,Excavator - EX200LC,2001-50272,2011-11-27,,Bhadrak,,,Scraped,.,.,.,.,.,.,15.0,13+ Years
Mahesh Infrastructure Pvt. Ltd.,54510.0,9777610281,Excavator - EX200LC,2001-50292,2011-12-03,,JAJPUR,,HARE KRISHNA SAHOO,Shifted to other state,.,.,.,.,.,.,15.0,13+ Years
Fortune Group,57870.0,,Excavator - EX200LC,2001-50291,2011-12-03,,Bhadrak,,,NOW NOT AT BHADRAK,.,.,.,.,.,.,15.0,13+ Years
Sanjukta Mohapatra,57783.0,,Excavator - EX70,0703-7546,2011-12-07,,Mayurbhanj,,,Scraped,.,.,.,.,.,.,15.0,13+ Years
Simanchal Gauda,57147.0,,Excavator - EX70,0703-7616,2011-12-09,,Berhampur,,,Shifted to other state,.,.,.,.,.,.,15.0,13+ Years
Akshaya Kumar Sahoo,25576.0,,Excavator - EX200LC,2001-50313,2011-12-12,,Jajpur,,,Shifted to other state,.,.,.,.,.,.,15.0,13+ Years
Saraswati Hota,57880.0,,Excavator - EX70,0703-7587,2011-12-13,,Koraput,,,Scraped,.,.,.,.,.,.,15.0,13+ Years
K. C. Singh,57946.0,,Excavator - EX70,0703-7617,2011-12-17,,ANGUL,,,ubknown,.,.,.,.,.,.,15.0,13+ Years
S.Subramanyam Raju,57877.0,,Zaxis 210,0ACE-001810,2011-12-21,,Jajpur,,,Shifted to other state,.,.,.,.,.,.,15.0,13+ Years
S.Subramanyam Raju,57877.0,,Zaxis 210,0ACE-001812,2011-12-21,,Jajpur,,,Shifted to other state,.,.,.,.,.,.,15.0,13+ Years
GUPTESHWAR CONSTRUCTIONS,24286.0,10T-14T,Zaxis 120,01S1-050206,2008-06-16,,Jeypore,,,Machine Burnt,.,.,.,.,.,.,18.0,13+ Years
P.V.P. Ramu.,20868.0,35T-40T,Excavator - EX350V,350V-0306,2007-09-25,,Rayagada,,9778022010,Machine scrap,.,.,.,.,.,.,19.0,13+ Years
Shain Banu,80775.0,20T-22T,EX200-Super,S200-53707,2017-03-08,,Rayagada,,,Machine shifted,.,.,.,.,.,.,9.0,8-12 Years
Babu Lal,80794.0,20T-22T,EX200-Super,S200-53708,2017-03-02,,Rayagada,,,Machine shifted,.,.,.,.,.,.,9.0,8-12 Years
LALI GOUDA,115361.0,7T-8T,Excavator - EX70,SP07-19130,2021-03-22,,Rayagada,,,Machine shifted,.,.,.,.,.,.,5.0,4-7 Years
Rabindranath Acharya,71120.0,7T-8T,Excavator - EX70,0703-9486,2014-12-19,,Rayagada,,,Machine sold,.,.,.,.,.,.,12.0,8-12 Years
Jayadev Panigrahi,57408.0,10T-14T,Excavator - EX110,1101-4798,2011-11-13,,Jeypore,,,MAchine sold,.,.,.,.,.,.,15.0,13+ Years
Padmalaya Earthmovers,16427.0,35T-40T,Zaxis 370GI,THEDD1L0E00002263,2025-02-10,,Jeypore,,,Machine sold,.,.,.,.,.,.,1.0,0-3 Years
Sabitri Stone Crusher,17446.0,10T-14T,Zaxis 120,01S1-050041,2007-04-03,,Malkangiri,,,Not available,.,.,.,.,.,.,19.0,13+ Years
SANDIP JAND,23196.0,7T-8T,Excavator - EX70,0703-4091,2008-03-02,,Jeypore,,,Not available,.,.,.,.,.,.,18.0,13+ Years
AGRWAL TRADERS,23991.0,7T-8T,Excavator - EX70,0703-4291,2008-05-10,,Rayagada,,,Not available,.,.,.,.,.,.,18.0,13+ Years
Jami Ravisankar,5866.0,7T-8T,Excavator - EX70,0703-4410,2008-06-11,,Rayagada,,,Not available,.,.,.,.,.,.,18.0,13+ Years
J.Bijaya Kumar Patro.,20747.0,7T-8T,Excavator - EX70,0703-5124,2009-05-16,,Jeypore,,,Not available,.,.,.,.,.,.,17.0,13+ Years
L.G.Construction,12908.0,7T-8T,Excavator - EX70,0703-5203,2009-06-18,,Jeypore,,,Not available,.,.,.,.,.,.,17.0,13+ Years
L.G.Construction,12908.0,7T-8T,Excavator - EX70,0703-5204,2009-06-21,,Jeypore,,,Not available,.,.,.,.,.,.,17.0,13+ Years
Subas Chandra Das,32501.0,7T-8T,Excavator - EX70,0703-5255,2009-07-21,,Rayagada,,,Not available,.,.,.,.,.,.,17.0,13+ Years
Jami Ravisankar,5866.0,7T-8T,Excavator - EX70,0703-5620,2009-12-15,,Jeypore,,,Not available,.,.,.,.,.,.,17.0,13+ Years
Bhagyalata Lenka,35480.0,7T-8T,Excavator - EX70,0703-5855,2010-03-01,,Jeypore,,,Not available,.,.,.,.,.,.,16.0,13+ Years
YESHASWI  INFRASTRUCTURES,39308.0,7T-8T,Excavator - EX70,0703-6020,2010-04-24,,Rayagada,,,Not available,.,.,.,.,.,.,16.0,13+ Years
Goura Chandra Achrya.,20296.0,7T-8T,Excavator - EX70,0703-6835,2011-03-05,,Jeypore,,,Not available,.,.,.,.,.,.,15.0,13+ Years
DUKKA . GOVINDARAO,53150.0,7T-8T,Excavator - EX70,0703-6978,2011-04-02,,Jeypore,,,Not available,.,.,.,.,.,.,15.0,13+ Years
Deepak Kumar Satapathy,54837.0,7T-8T,Excavator - EX70,0703-7215,2011-06-29,,Jeypore,,,Not available,.,.,.,.,.,.,15.0,13+ Years
GHANTA SURESH KUMAR,57962.0,7T-8T,Excavator - EX70,0703-7455,2011-12-07,,Malkangiri,,,Not available,.,.,.,.,.,.,15.0,13+ Years
Priyabrata Panigrahi,54251.0,7T-8T,Excavator - EX70,0703-7528,2011-12-11,,Rayagada,,,Not available,.,.,.,.,.,.,15.0,13+ Years
J.Srinivash,39822.0,20T-22T,Zaxis 210,0ACE-001036,2010-02-05,,Malkangiri,,,Not available,.,.,.,.,.,.,16.0,13+ Years
Y. PRASAD,40190.0,10T-14T,Excavator - EX110,1101-3434,2010-02-16,,Malkangiri,,,Not available,.,.,.,.,.,.,16.0,13+ Years
VIJAYA LAKSHMI STONE CRUSHER,43455.0,10T-14T,Excavator - EX110,1101-3613,2010-05-02,,Malkangiri,,,Not available,.,.,.,.,.,.,16.0,13+ Years
Shiv Shankar Stone Crusher,49479.0,10T-14T,Excavator - EX110,1101-4485,2011-07-21,,Jeypore,,,Not available,.,.,.,.,.,.,15.0,13+ Years
MRCC,43325.0,20T-22T,Excavator - EX200LC,2001-11296,2010-04-29,,Rayagada,,,Not available,.,.,.,.,.,.,16.0,13+ Years
Shree GuruKripa Construction Compan,21441.0,20T-22T,Excavator - EX200LC,2001-8109,2007-10-30,,Jeypore,,,Not available,.,.,.,.,.,.,19.0,13+ Years
U. Ganapathy Exports,22162.0,20T-22T,Excavator - EX200LC,2001-8450,2008-01-13,,Jeypore,,,Not available,.,.,.,.,.,.,18.0,13+ Years
U. Ganapathy Exports,22162.0,20T-22T,Excavator - EX200LC,2001-8451,2008-01-09,,Jeypore,,,Not available,.,.,.,.,.,.,18.0,13+ Years
M. Prakash,17012.0,20T-22T,Excavator - EX200LC,2001-9510,2008-08-04,,Rayagada,,,Not available,.,.,.,.,.,.,18.0,13+ Years
Shree Engineering Company.,25976.0,20T-22T,Excavator - EX200LC,2001-9715,2008-10-07,,Jeypore,,,Not available,.,.,.,.,.,.,18.0,13+ Years
SUN,26299.0,20T-22T,Excavator - EX210LCH,210V-1853,2008-11-13,,Rayagada,,,Not available,.,.,.,.,.,.,18.0,13+ Years
Shapoorji Pallonji & Co. Ltd.,962.0,WL,Wheel Loader-TWL3036,3036-2267,2009-06-18,,Jeypore,,,Not available,.,.,.,.,.,.,17.0,13+ Years
Anita Singla,81530.0,20T-22T,EX200-Super,S200-53764,2017-03-26,,Jeypore,,,Not available,.,.,.,.,.,.,9.0,8-12 Years
Ganpat Ram Choudhary,79209.0,20T-22T,EX210-Super Models,S210-55347,2016-11-11,,Jeypore,,,Not available,.,.,.,.,.,.,10.0,8-12 Years
SAMANTO EARTH MOVERS,92610.0,10T-14T,ZAXIS140H,THEDA0L0T00000549,2018-12-24,,Malkangiri,,,Not available,.,.,.,.,.,.,8.0,8-12 Years
KORUKANTI POCHAMMA LINGAIAH EARTH M,135206.0,BHL,SHINRAI PRIME-BSIV,THEWACD0HM0000643,2022-03-12,,Malkangiri,,,Not available,.,.,.,.,.,.,4.0,4-7 Years
Stone Hope,56366.0,10T-14T,Zaxis 120,01S1-051200,2011-09-14,,Berhampur,,,Out of state,.,.,.,.,.,.,15.0,13+ Years
J.Bijaya Kumar Patro.,20747.0,7T-8T,Excavator - EX70,0703-3519,2007-10-02,,Berhampur,,,Out of state,.,.,.,.,.,.,19.0,13+ Years
Dharini Dhar Panda,21413.0,7T-8T,Excavator - EX70,0703-3570,2007-10-23,,Berhampur,,,Out of state,.,.,.,.,.,.,19.0,13+ Years
Jitendra Khuntia,28846.0,7T-8T,Excavator - EX70,0703-4995,2009-03-19,,Berhampur,,,Out of state,.,.,.,.,.,.,17.0,13+ Years
BIRENDRA KESHARI ARUKH,35643.0,7T-8T,Excavator - EX70,0703-5439,2009-10-13,,Berhampur,,,Out of state,.,.,.,.,.,.,17.0,13+ Years
BIRENDRA KESHARI ARUKH,35643.0,7T-8T,Excavator - EX70,0703-5447,2009-10-13,,Berhampur,,,Out of state,.,.,.,.,.,.,17.0,13+ Years
Deepak Kumar Pradhan,45660.0,7T-8T,Excavator - EX70,0703-6175,2010-07-14,,Berhampur,,,Out of state,.,.,.,.,.,.,16.0,13+ Years
Govind Patra,43950.0,7T-8T,Excavator - EX70,0703-6582,2010-12-20,,Berhampur,,,Out of state,.,.,.,.,.,.,16.0,13+ Years
Puran Kumar Choudhury,36053.0,7T-8T,Excavator - EX70,0703-6618,2010-01-10,,Berhampur,,6371352522,Out of state,.,.,.,.,.,.,16.0,13+ Years
Sakaleswar Services,51844.0,7T-8T,Excavator - EX70,0703-6735,2011-02-07,,Berhampur,,,Out of state,.,.,.,.,.,.,15.0,13+ Years
Gajendra Prasad Panda,15233.0,7T-8T,Excavator - EX70,0703-6749,2011-02-24,,Berhampur,,,Out of state,.,.,.,.,.,.,15.0,13+ Years
SUBRAT KUMAR PANDA,43368.0,7T-8T,Excavator - EX70,0703-6824,2011-03-01,,Berhampur,,,Out of state,.,.,.,.,.,.,15.0,13+ Years
Sanjay Kumar Jena,53543.0,7T-8T,Excavator - EX70,0703-6998,2011-04-24,,Berhampur,,,Out of state,.,.,.,.,.,.,15.0,13+ Years
Subala Pradhan,54388.0,7T-8T,Excavator - EX70,0703-7096,2011-05-29,,Berhampur,,,Out of state,.,.,.,.,.,.,15.0,13+ Years
Danardan Dash,52121.0,7T-8T,Excavator - EX70,0703-7131,2011-05-21,,Berhampur,,,Out of state,.,.,.,.,.,.,15.0,13+ Years
Jagannath Chaudhary,1104.0,7T-8T,Excavator - EX70,0703-7369,2011-09-15,,Berhampur,,,Out of state,.,.,.,.,.,.,15.0,13+ Years
Pratima Manjari Gauda,56770.0,7T-8T,Excavator - EX70,0703-7527,2011-11-11,,Berhampur,,,Out of state,.,.,.,.,.,.,15.0,13+ Years
Nalinikanta Panigrahi,66122.0,7T-8T,Excavator - EX70,0703-8813,2013-06-17,,Berhampur,,,Out of state,.,.,.,.,.,.,13.0,13+ Years
Pratima Manjari Gauda,56770.0,7T-8T,Excavator - EX70,0703-9101,2014-01-25,,Berhampur,,9437352204,Out of state,.,.,.,.,.,.,12.0,8-12 Years
Prabina Gantayat,69785.0,7T-8T,Excavator - EX70,0703-9239,2014-05-14,,Berhampur,,,Out of state,.,.,.,.,.,.,12.0,8-12 Years
Jotish Jena,69799.0,7T-8T,Excavator - EX70,0703-9250,2014-05-26,,Berhampur,,9692128632,Out of state,.,.,.,.,.,.,12.0,8-12 Years
Jai Jagannath Associates,13003.0,20T-22T,Zaxis 210,0ACE-001360,2011-01-21,,Berhampur,,9437160787,Out of state,.,.,.,.,.,.,15.0,13+ Years
Kalinga Crusher,58140.0,20T-22T,Excavator - EX200LC,2001-50312,2011-12-17,,Berhampur,,,Out of state,.,.,.,.,.,.,15.0,13+ Years
SUDARSAN JENA,23928.0,20T-22T,Excavator - EX210LCH,210V-1700,2008-04-27,,Berhampur,,,Out of state,.,.,.,.,.,.,18.0,13+ Years
JOTISH JENA,6395.0,7T-8T,Excavator - EX70,S070-15099,2015-07-04,,berhampur,,,Out of state,.,.,.,.,.,.,11.0,8-12 Years
Dilip Kumar Swain,75162.0,7T-8T,Excavator - EX70,S070-15393,2016-02-03,,Berhampur,,,Out of state,.,.,.,.,.,.,10.0,8-12 Years
Ranjit Nanda,51964.0,7T-8T,Excavator - EX70,S070-16007,2017-02-04,,Berhampur,,,Out of state,.,.,.,.,.,.,9.0,8-12 Years
Jajati Keshari Mohanty,78411.0,7T-8T,Excavator - EX70,S070-16044,2017-03-03,,Berhampur,,9778262822,Out of state,.,.,.,.,.,.,9.0,8-12 Years
D.D.Builders Ltd.,1094.0,7T-8T,Excavator - EX70,S070-16300,2017-09-07,,Berhampur,,,Out of state,.,.,.,.,.,.,9.0,8-12 Years
Sibaram Nayak,87691.0,7T-8T,Excavator - EX70,S070-16772,2018-03-19,,Berhampur,,,Out of state,.,.,.,.,.,.,8.0,8-12 Years
Trilochan Samantra,35004.0,7T-8T,Excavator - EX70,0703-5362,2009-09-08,,Berhampur,,,scrap,.,.,.,.,.,.,17.0,13+ Years
Dharani Dhar Panda,11480.0,7T-8T,Excavator - EX70,0703-6869,2011-03-14,,Berhampur,,,scrap,.,.,.,.,.,.,15.0,13+ Years
SAI STONE CRUSHER,37590.0,20T-22T,Excavator - EX200LC,2001-50267,2011-11-17,,Berhampur,,,scrap,.,.,.,.,.,.,15.0,13+ Years
Jitendra Kumar Sharma,62994.0,BHL,TATA315E Bakhoe Lodr,315E-2743,2012-10-22,13.0,Baripada,,,UNKNOWN,.,.,.,.,.,.,14.0,13+ Years
Kailash Yadav,21752.0,20T-22T,EX210-Super Models,SP21-60499,2019-03-13,7.0,Baripada,,,UNKNOWN,.,.,.,.,.,.,7.0,4-7 Years
Krishna Mohapatra,65840.0,BHL,TATA HIT 86BHL,TH86-10153,2013-05-23,12.0,Baripada,,,UNKNOWN,.,.,.,.,.,.,13.0,13+ Years
Mishra Construction (P) Ltd,23341.0,7T-8T,Excavator - EX70,0703-4154,2008-03-25,18.0,Baripada,,,UNKNOWN,.,.,.,.,.,.,18.0,13+ Years
Mishra Construction (P) Ltd,23341.0,7T-8T,Excavator - EX70,0703-4712,2008-10-05,17.0,Baripada,,,UNKNOWN,.,.,.,.,.,.,18.0,13+ Years
Narayan Yadav,91320.0,20T-22T,EX210-Super Models,SP21-60324,2019-01-25,7.0,Baripada,,,UNKNOWN,.,.,.,.,.,.,7.0,4-7 Years
NOOR ISLAM,95521.0,20T-22T,EX210-Super Models,SP21-60661,2019-06-19,6.0,Baripada,,,UNKNOWN,.,.,.,.,.,.,7.0,4-7 Years
PAWAN KUMAR,94001.0,20T-22T,EX210-Super Models,SP21-60608,2019-05-05,6.0,Baripada,,,UNKNOWN,.,.,.,.,.,.,7.0,4-7 Years
Sav Steels Private Limited,24133.0,20T-22T,Excavator - EX200LC,2001-10011,2009-03-11,17.0,Baripada,,,UNKNOWN,.,.,.,.,.,.,17.0,13+ Years
Utkal Minerals & Farm Chemicals Pvt,20098.0,7T-8T,Excavator - EX70,0703-3357,2007-08-15,18.0,Baripada,,,UNKNOWN,.,.,.,.,.,.,19.0,13+ Years
UTPAL DAS,61405.0,7T-8T,Excavator - EX70,0703-8137,2012-06-27,13.0,Baripada,,,UNKNOWN,.,.,.,.,.,.,14.0,13+ Years
ASHOK KUMAR PATTANAYAK,80947.0,10T-14T,Excavator - EX110,S110-11458,2017-12-07,8.0,Baripada,,,SOLD TO WEST BENGEL,.,.,.,.,.,.,9.0,8-12 Years
Gajalaxmi Sales & Constructions,66982.0,7T-8T,Excavator - EX70,0703-9008,2013-11-11,12.0,Baripada,,,SOLD TO WEST BENGEL,.,.,.,.,.,.,13.0,13+ Years
KISHOR KUMAR PATTANAYAK,80946.0,10T-14T,Excavator - EX110,S110-10990,2017-02-07,9.0,Baripada,,,SOLD TO WEST BENGEL,.,.,.,.,.,.,9.0,8-12 Years
Ramakrushna Mohapatra,81938.0,10T-14T,Excavator - EX110,S110-11115,2017-04-12,8.0,Baripada,,,SOLD TO WEST BENGEL,.,.,.,.,.,.,9.0,8-12 Years
Santosh Kumar Agarwalla,74811.0,7T-8T,Excavator - EX70,S070-15308,2015-12-04,10.0,Baripada,,,SOLD TO WEST BENGEL,.,.,.,.,.,.,11.0,8-12 Years
TAPAN KUMAR GIRI,72224.0,BHL,TATA HIT 86BHL,TH86-10495,2015-03-10,11.0,Baripada,,,SOLD TO WEST BENGEL,.,.,.,.,.,.,11.0,8-12 Years
Tarun Kumar Mohanty,25826.0,7T-8T,Excavator - EX70,0703-9061,2014-01-04,12.0,Baripada,,,SOLD TO WEST BENGEL,.,.,.,.,.,.,12.0,8-12 Years
Navadurga Construction Pvt. Ltd.,2776.0,10T-14T,Excavator - EX110,S110-10135,2015-10-18,10.0,Baripada,,,SOLD TO JHARKHAND,.,.,.,.,.,.,11.0,8-12 Years
PRASANT ROUT,6395.0,7T-8T,Excavator - EX70,0703-9576,2015-02-09,11.0,Baripada,,,SOLD TO JHARKHAND,.,.,.,.,.,.,11.0,8-12 Years
Sarat Chandra Gochhayat,62422.0,7T-8T,Excavator - EX70,0703-8442,2012-12-16,13.0,Baripada,,,SOLD TO JHARKHAND,.,.,.,.,.,.,14.0,13+ Years
Satendra Prasad,9256.0,7T-8T,Excavator - EX70,0703-9428,2014-11-04,11.0,Baripada,,,SOLD TO JHARKHAND,.,.,.,.,.,.,12.0,8-12 Years
Ganeswar Sahoo,60097.0,BHL,Tata Back Load 315V,315V-8676,2012-04-09,13.0,Keonjhar,9861326510.0, ,Sold,.,.,.,.,.,.,14.0,13+ Years
Gopinath Nayak,17285.0,10T-14T,Excavator - EX110,1101-2971,2009-03-23,17.0,Keonjhar,9861326523.0, ,Sold,.,.,.,.,.,.,17.0,13+ Years
Hindusthan ore & Mining Pvt.Ltd.,66605.0,7T-8T,Excavator - EX70,0703-8865,2013-08-05,12.0,Keonjhar,9437009802.0, ,Sold,.,.,.,.,.,.,13.0,13+ Years
Kundan Patra,90087.0,20T-22T,EX200-Super,S200-55147,2018-08-04,7.0,Keonjhar,9556104090.0,,Sold,.,.,.,.,.,.,8.0,8-12 Years
Mahesh Infrastructure Pvt. Ltd.,54510.0,20T-22T,Excavator - EX200LC,2001-50257,2011-11-19,14.0,Keonjhar,, ,Sold,.,.,.,.,.,.,15.0,13+ Years
Swetapadma Bisoyi,88164.0,20T-22T,EX210-Super Models,S210-56261,2018-05-11,7.0,Keonjhar,7978248781.0,Accepted,Sold,.,.,.,.,.,.,8.0,8-12 Years
Upendra Mohanty,83648.0,20T-22T,EX210-Super Models,S210-55733,2017-08-30,8.0,Keonjhar,9438243374.0,,Sold,.,.,.,.,.,.,9.0,8-12 Years
Ksetra Mohan Behera,84748.0,7T-8T,Excavator - EX70,S070-16408,2017-11-02,8.0,Baripada,,,SIZED BY FINANCE,.,.,.,.,.,.,9.0,8-12 Years
Mehra Ram,75067.0,20T-22T,EX200-Super,S200-54345,2017-10-27,8.0,Bhawanipatna,8078624369.0,,Shifted to MP,.,.,.,.,.,.,9.0,8-12 Years
SHUBHAM ADITYA INFRASTRUCTURE,85984.0,20T-22T,EX200-Super,S200-24330,2018-01-12,8.0,Baripada,,,SHIFTED TO JHARKHAND,.,.,.,.,.,.,8.0,8-12 Years
SHUBHAM ADITYA INFRASTRUCTURE,85984.0,20T-22T,ZAxis 220 GI,THEDC0L0E00001384,2021-01-31,5.0,Baripada,,,SHIFTED TO JHARKHAND,.,.,.,.,.,.,5.0,4-7 Years
D.D.Builders Ltd.,57755.0,7T-8T,Excavator - EX70,0703-8567,2013-02-17,13.0,Bhawanipatna,9302211606.0,,Shifted Raipur,.,.,.,.,.,.,13.0,13+ Years
D.D.Builders Ltd.,1094.0,7T-8T,Excavator - EX70,0703-6548,2010-12-08,15.0,Bhawanipatna,8917543387.0,,Shifted Raipur,.,.,.,.,.,.,16.0,13+ Years
D.D.Builders Ltd.,1094.0,7T-8T,Excavator - EX70,0703-6970,2011-04-15,14.0,Bhawanipatna,9302211606.0,,Shifted Raipur,.,.,.,.,.,.,15.0,13+ Years
D.D.Builders Ltd.,1094.0,10T-14T,Excavator - EX110,S110-10237,2016-02-13,10.0,Bhawanipatna,9302211606.0,,Shifted Raipur,.,.,.,.,.,.,10.0,8-12 Years
D.D.Builders Ltd.,1094.0,10T-14T,Excavator - EX110,S110-10240,2016-02-13,10.0,Bhawanipatna,9302211606.0,,Shifted Raipur,.,.,.,.,.,.,10.0,8-12 Years
D.D.Builders Ltd.,1094.0,10T-14T,Excavator - EX110,S110-11405,2017-09-05,8.0,Bhawanipatna,9302211606.0,,Shifted Raipur,.,.,.,.,.,.,9.0,8-12 Years
Kavay Enterprises,82946.0,20T-22T,EX215 SUPER PLUS,SP22-80045,2020-11-12,5.0,Baripada,,,SHIFTED JHARKHAND,.,.,.,.,.,.,6.0,4-7 Years
Kavay Enterprises,82946.0,20T-22T,EX215 SUPER PLUS,SP22-80416,2023-02-20,3.0,Baripada,,,SHIFTED JHARKHAND,.,.,.,.,.,.,3.0,0-3 Years
ASHISH TRADERS,168113.0,20T-22T,Zaxis 220LC-GI,THEDCRL0C00003898,2024-01-22,2.0,Bhawanipatna,9337866361.0,,Shifted Hariyana,.,.,.,.,.,.,2.0,0-3 Years
Manishbhai Bhavanbhai Dobariya,70983.0,20T-22T,EX200-Super,S200-20600,2014-11-03,11.0,Baripada,,,SHIFTED GUJURAT,.,.,.,.,.,.,12.0,8-12 Years
Sonaram Choudhary,71580.0,20T-22T,ZAxis 220 GI,THEDCRL0K00001220,2018-04-01,8.0,Bhawanipatna,7846872869.0,,Shifted Chattisgarh,.,.,.,.,.,.,8.0,8-12 Years
Pradeep Kumar Mahanta,21685.0,20T-22T,Excavator - EX200LC,2001-10293,2009-06-13,16.0,Keonjhar,9439248522.0, ,Shifted,.,.,.,.,.,.,17.0,13+ Years
TATA HITACHI CONSTRUCTION MACHINERY,116829.0,35T-40T,Zaxis 370,THEDD1L0A00001335,2021-11-15,4.0,Keonjhar,7032901039.0,,Shifted,.,.,.,.,.,.,5.0,4-7 Years
TATA HITACHI CONSTRUCTION MACHINERY,116829.0,35T-40T,Zaxis 370,THEDD1L0K00001359,2021-12-01,4.0,Keonjhar,7032901039.0,,Shifted,.,.,.,.,.,.,5.0,4-7 Years
TATA HITACHI CONSTRUCTION MACHINERY,116829.0,35T-40T,Zaxis 370,THEDD1L0V00001365,2021-12-01,4.0,Keonjhar,7032901039.0,,Shifted,.,.,.,.,.,.,5.0,4-7 Years
THE GRAMPS INFRA PRIVATE LIMITED,97171.0,20T-22T,EX210-Super Models,SP21-60852,2019-10-04,6.0,Keonjhar,7972562030.0,,Shifted,.,.,.,.,.,.,7.0,4-7 Years
Chennai Radha Engineering works (P),14953.0,20T-22T,Excavator - EX200LC,2001-6168,2006-05-30,19.0,Bhawanipatna,9938614092.0,,Scraped,.,.,.,.,.,.,20.0,13+ Years
Pradipta Kumar Singh,14591.0,10T-14T,Excavator - EX110,1101-0941,2006-03-28,20.0,Bhawanipatna,6380394922.0,,Scraped,.,.,.,.,.,.,20.0,13+ Years
Siba Shankar Das,12647.0,7T-8T,Excavator - EX70,0703-1721,2005-06-26,20.0,Bhawanipatna,9437070156.0,,Scraped,.,.,.,.,.,.,21.0,13+ Years
Thakur Buildtech Pvt. Ltd.,1119.0,20T-22T,Excavator - EX200LC,2001-2563,2009-04-03,17.0,Bhawanipatna,8259518140.0,,Scraped,.,.,.,.,.,.,17.0,13+ Years
Thakur Buildtech Pvt. Ltd.,1119.0,20T-22T,EX200-Super,S200-52051,2014-02-09,12.0,Bhawanipatna,8249518140.0,,Scraped,.,.,.,.,.,.,12.0,8-12 Years
Saroj Kumar Sahu,72917.0,BHL,TATA HIT 76BHL,TH76-10797,2015-05-24,10.0,Baripada,,,SCRAP,.,.,.,.,.,.,11.0,8-12 Years
GANAPATI CRUSHING UNIT & INDUSTRIES,34093.0,20T-22T,Excavator - EX210LCH,210V-2024,2009-07-18,16.0,Keonjhar,,,Scrap,.,.,.,.,.,.,17.0,13+ Years
Jashipur Bombay Road Ways,43616.0,7T-8T,Excavator - EX70,0703-6238,2010-08-18,15.0,Keonjhar,9861326525.0, ,Scrap,.,.,.,.,.,.,16.0,13+ Years
Kamaldeep Singh,60772.0,WL,Wheel Loader-TWL3036,L360-4248,2012-05-24,13.0,Keonjhar,9437405019.0, ,Scrap,.,.,.,.,.,.,14.0,13+ Years
RKD CONSTRACTION PVT LTD,37831.0,20T-22T,ZAXIS220LC-5G,THEDCRL0E00005052,2024-02-10,2.0,Balasore,,,OUT OF STATE,.,.,.,.,.,.,2.0,0-3 Years
RKD CONSTRACTION PVT LTD,37831.0,20T-22T,ZAXIS220LC-5G,THEDCRL0H00005051,2024-02-09,2.0,Balasore,,,OUT OF STATE,.,.,.,.,.,.,2.0,0-3 Years
RKD CONSTRACTION PVT LTD,37831.0,20T-22T,ZAXIS220LC-5G,THEDCRL0J00005043,2024-02-10,2.0,Balasore,,,OUT OF STATE,.,.,.,.,.,.,2.0,0-3 Years
RKD CONSTRACTION PVT LTD,37831.0,20T-22T,ZAXIS220LC-5G,THEDCRL0K00005039,2024-02-09,2.0,Balasore,,,OUT OF STATE,.,.,.,.,.,.,2.0,0-3 Years
Ajit Kumar Das,68238.0,BHL,TATA HIT 76BHL,TH76-10149,2014-01-04,12.0,Balasore,,,NOT OUR TERRITORY,.,.,.,.,.,.,12.0,8-12 Years
Akshendra Kumar Upadhyaya,27919.0,7T-8T,Excavator - EX70,0703-9514,2015-01-04,11.0,Balasore,,,NOT OUR TERRITORY,.,.,.,.,.,.,11.0,8-12 Years
Ambika Jena,86581.0,7T-8T,Excavator - EX70,S070-16679,2018-01-31,8.0,Balasore,,,NOT OUR TERRITORY,.,.,.,.,.,.,8.0,8-12 Years
Ameeta Panigrahi,77586.0,BHL,TATA HIT 86BHL,THEWBAD0LG0010741,2016-07-15,9.0,Balasore,,,NOT OUR TERRITORY,.,.,.,.,.,.,10.0,8-12 Years
Anita Sahu,65275.0,10T-14T,Excavator - EX110,1101-5937,2013-04-20,12.0,Balasore,,,NOT OUR TERRITORY,.,.,.,.,.,.,13.0,13+ Years
Anoj Ku. Pal,61758.0,BHL,TATA315E Bakhoe Lodr,315E-2750,2012-08-10,13.0,Balasore,,,NOT OUR TERRITORY,.,.,.,.,.,.,14.0,13+ Years
Aurobinda Biswal,47483.0,7T-8T,Excavator - EX70,0703-6533,2010-11-28,15.0,Balasore,,,NOT OUR TERRITORY,.,.,.,.,.,.,16.0,13+ Years
B C Dagara,26500.0,7T-8T,Excavator - EX70,0703-4836,2008-11-22,17.0,Balasore,,,NOT OUR TERRITORY,.,.,.,.,.,.,18.0,13+ Years
Bijay Kumar Singh,19747.0,7T-8T,Excavator - EX70,0703-3263,2007-07-15,18.0,Balasore,,,NOT OUR TERRITORY,.,.,.,.,.,.,19.0,13+ Years
Bijay Kumar Singh,19747.0,7T-8T,Excavator - EX70,0703-4794,2008-11-13,17.0,Balasore,,,NOT OUR TERRITORY,.,.,.,.,.,.,18.0,13+ Years
Biswal Engineers,18215.0,7T-8T,Excavator - EX70,0703-2963,2007-04-03,19.0,Balasore,,,NOT OUR TERRITORY,.,.,.,.,.,.,19.0,13+ Years
Debendra Khilar,62023.0,BHL,TATA315E Bakhoe Lodr,315E-2874,2012-11-10,13.0,Balasore,,,NOT OUR TERRITORY,.,.,.,.,.,.,14.0,13+ Years
Dilip kumar Das,68034.0,BHL,TATA HIT 76BHL,TH76-10501,2013-12-06,12.0,Balasore,,,NOT OUR TERRITORY,.,.,.,.,.,.,13.0,13+ Years
Emanin Khan,74897.0,20T-22T,EX200-Super,S200-52760,2015-12-28,10.0,Balasore,,,NOT OUR TERRITORY,.,.,.,.,.,.,11.0,8-12 Years
EQUIPMENT TRANSPORT SERVICE,92477.0,20T-22T,EX210-Super Models,SP21-60253,2018-12-20,7.0,Balasore,,,NOT OUR TERRITORY,.,.,.,.,.,.,8.0,8-12 Years
GURUPADA DAS,68249.0,BHL,TATA HIT 76BHL,TH76-10216,2013-12-15,12.0,Balasore,,,NOT OUR TERRITORY,.,.,.,.,.,.,13.0,13+ Years
Guttikonda Chaitanya Varma,87434.0,20T-22T,EX200-Super,S200-54730,2018-03-03,8.0,Balasore,,,NOT OUR TERRITORY,.,.,.,.,.,.,8.0,8-12 Years
ICORE SUPER CEMENT PVT LTD,58560.0,BHL,Tata Back Load 315V,315V-8369,2012-03-31,14.0,Balasore,,,NOT OUR TERRITORY,.,.,.,.,.,.,14.0,13+ Years
ICORE SUPER CEMENT PVT LTD,58560.0,BHL,Tata Back Load 315V,315V-8375,2012-01-23,14.0,Balasore,,,NOT OUR TERRITORY,.,.,.,.,.,.,14.0,13+ Years
J.D. Construction,47309.0,7T-8T,Excavator - EX70,0703-6362,2010-09-08,15.0,Balasore,,,NOT OUR TERRITORY,.,.,.,.,.,.,16.0,13+ Years
J.D. Construction,47309.0,7T-8T,Excavator - EX70,0703-8347,2012-11-03,13.0,Balasore,,,NOT OUR TERRITORY,.,.,.,.,.,.,14.0,13+ Years
Jadabendra Pradhan,25388.0,7T-8T,Excavator - EX70,0703-4632,2008-09-10,17.0,Balasore,,,NOT OUR TERRITORY,.,.,.,.,.,.,18.0,13+ Years
Jadabendra Pradhan,25388.0,7T-8T,Excavator - EX70,0703-6612,2010-12-30,15.0,Balasore,,,NOT OUR TERRITORY,.,.,.,.,.,.,16.0,13+ Years
Jagtar Singh,88233.0,20T-22T,EX210-Super Models,S210-56255,2018-05-15,7.0,Balasore,,,NOT OUR TERRITORY,.,.,.,.,.,.,8.0,8-12 Years
Jaishiv Construction Pvt. Ltd,19385.0,20T-22T,ZAxis 220 GI,THEDCRL0T00000047,2014-04-26,11.0,Balasore,,,NOT OUR TERRITORY,.,.,.,.,.,.,12.0,8-12 Years
Jay Prakash Mehta,83815.0,20T-22T,Zaxis 220LC-GI,THEDC0L0V00000441,2017-10-11,8.0,Balasore,,,NOT OUR TERRITORY,.,.,.,.,.,.,9.0,8-12 Years
Kamala Kanta Sahu,56251.0,20T-22T,Zaxis 210,0ACE-001657,2011-09-19,14.0,Balasore,,,NOT OUR TERRITORY,.,.,.,.,.,.,15.0,13+ Years
Khirachora Nirman Pvt. Ltd.,38317.0,7T-8T,Excavator - EX70,0703-6091,2010-06-02,15.0,Balasore,,,NOT OUR TERRITORY,.,.,.,.,.,.,16.0,13+ Years
M/S SRI SAI TRADERS,157148.0,20T-22T,EX210-Super Models,SP21-63331,2023-05-27,2.0,Balasore,,,NOT OUR TERRITORY,.,.,.,.,.,.,3.0,0-3 Years
Madhu Sudan Dash,55566.0,7T-8T,Excavator - EX70,0703-8066,2012-05-11,13.0,Balasore,,,NOT OUR TERRITORY,.,.,.,.,.,.,14.0,13+ Years
Madhu Sudan Dash,55566.0,7T-8T,Excavator - EX70,0703-9112,2014-02-16,12.0,Balasore,,,NOT OUR TERRITORY,.,.,.,.,.,.,12.0,8-12 Years
Madhu Sudan Jena,62170.0,10T-14T,Excavator - EX110,1101-5500,2012-09-21,13.0,Balasore,,,NOT OUR TERRITORY,.,.,.,.,.,.,14.0,13+ Years
Nagen Kumar Sahu,115344.0,20T-22T,EX200-Super,SP20-28891,2021-03-30,5.0,Balasore,,,NOT OUR TERRITORY,.,.,.,.,.,.,5.0,4-7 Years
Narmada Equipment & Spares Co.,24503.0,20T-22T,Excavator - EX200LC,2001-11087,2010-03-19,16.0,Balasore,,,NOT OUR TERRITORY,.,.,.,.,.,.,16.0,13+ Years
Nishakar Nayak,71089.0,BHL,TATA HIT 76BHL,TH76-10738,2014-10-25,11.0,Balasore,,,NOT OUR TERRITORY,.,.,.,.,.,.,12.0,8-12 Years
P.Naveen Kumar Reddy,87432.0,20T-22T,EX200-Super,S200-54733,2018-03-03,8.0,Balasore,,,NOT OUR TERRITORY,.,.,.,.,.,.,8.0,8-12 Years
Padmabati Stone Crusher,59654.0,BHL,Tata Back Load 315V,315V-8633,2012-04-04,13.0,Balasore,,,NOT OUR TERRITORY,.,.,.,.,.,.,14.0,13+ Years
PANCHALINGESWAR,43579.0,10T-14T,Excavator - EX110,1101-3734,2010-07-20,15.0,Balasore,,,NOT OUR TERRITORY,.,.,.,.,.,.,16.0,13+ Years
Prabin Kumar Jena,49293.0,7T-8T,Excavator - EX70,0703-6466,2010-11-03,15.0,Balasore,,,NOT OUR TERRITORY,.,.,.,.,.,.,16.0,13+ Years
Pradeepta Kumar Swain,25275.0,7T-8T,Excavator - EX70,0703-4692,2008-09-30,17.0,Balasore,,,NOT OUR TERRITORY,.,.,.,.,.,.,18.0,13+ Years
Pradipta Kishor Chand,67338.0,BHL,TATA HIT 76BHL,TH76-10441,2013-11-13,12.0,Balasore,,,NOT OUR TERRITORY,.,.,.,.,.,.,13.0,13+ Years
Prafulla Kumar Dwibedy,65373.0,BHL,TATA HIT 76BHL,TH76-10223,2013-04-19,12.0,Balasore,,,NOT OUR TERRITORY,.,.,.,.,.,.,13.0,13+ Years
PRAVAKAR DASH,32019.0,7T-8T,Excavator - EX70,0703-5265,2009-07-24,16.0,Balasore,,,NOT OUR TERRITORY,.,.,.,.,.,.,17.0,13+ Years
PRAVAT KU.BISWAL,37315.0,7T-8T,Excavator - EX70,0703-5591,2009-12-07,16.0,Balasore,,,NOT OUR TERRITORY,.,.,.,.,.,.,17.0,13+ Years
Ramachandra Mahakud,68438.0,7T-8T,Excavator - EX70,0703-9095,2014-01-20,12.0,Balasore,,,NOT OUR TERRITORY,.,.,.,.,.,.,12.0,8-12 Years
Ramanath Behera,64147.0,7T-8T,Excavator - EX70,0703-8523,2013-02-09,13.0,Balasore,,,NOT OUR TERRITORY,.,.,.,.,.,.,13.0,13+ Years
S.S Transport,19573.0,20T-22T,Excavator - EX200LC,2001-7513,2007-06-29,18.0,Balasore,,,NOT OUR TERRITORY,.,.,.,.,.,.,19.0,13+ Years
Sabendra Giri,69067.0,10T-14T,Excavator - EX110,1101-6320,2014-03-05,12.0,Balasore,,,NOT OUR TERRITORY,.,.,.,.,.,.,12.0,8-12 Years
SAGAR REALTECH PRIVATE LIMITED,113370.0,20T-22T,EX210-Super Models,SP21-61692,2020-12-28,5.0,Balasore,,,NOT OUR TERRITORY,.,.,.,.,.,.,6.0,4-7 Years
Sahil Construction Company,17631.0,20T-22T,ZAxis 220 GI,THEDCRL0T00000887,2017-05-15,8.0,Balasore,,,NOT OUR TERRITORY,.,.,.,.,.,.,9.0,8-12 Years
SAHIL PROJECTS & PLANNING PVT. LTD,77083.0,20T-22T,ZAxis 220 GI,THEDCRL0A00002048,2020-06-19,5.0,Balasore,,,NOT OUR TERRITORY,.,.,.,.,.,.,6.0,4-7 Years
Sarat Kumar Panigrahi,67260.0,BHL,TATA HIT 86BHL,TH86-10245,2013-10-01,12.0,Balasore,,,NOT OUR TERRITORY,.,.,.,.,.,.,13.0,13+ Years
SATYENDRA BEHERA,43236.0,7T-8T,Excavator - EX70,0703-6877,2011-03-08,15.0,Balasore,,,NOT OUR TERRITORY,.,.,.,.,.,.,15.0,13+ Years
Sekha Riyajuddin,71797.0,7T-8T,Excavator - EX70,S070-15389,2016-01-30,10.0,Balasore,,,NOT OUR TERRITORY,.,.,.,.,.,.,10.0,8-12 Years
Shiba Prasad Sethy,63498.0,7T-8T,Excavator - EX70,0703-9085,2014-01-19,12.0,Balasore,,,NOT OUR TERRITORY,.,.,.,.,.,.,12.0,8-12 Years
Siba Prasad Mohanty,79489.0,20T-22T,EX210-Super Models,S210-55357,2016-11-28,9.0,Balasore,,,NOT OUR TERRITORY,.,.,.,.,.,.,10.0,8-12 Years
Sipradi Earthmovers Pvt. Ltd.,33782.0,BHL,TATA HIT 86BHL,TH86-10683,2016-04-05,9.0,Balasore,,,NOT OUR TERRITORY,.,.,.,.,.,.,10.0,8-12 Years
SITAL CHATTERJEE,63215.0,7T-8T,Excavator - EX70,0703-8345,2012-11-03,13.0,Balasore,,,NOT OUR TERRITORY,.,.,.,.,.,.,14.0,13+ Years
Sri Hansanath Construction Pvt.Ltd,7175.0,7T-8T,Excavator - EX70,0703-3751,2007-12-08,18.0,Balasore,,,NOT OUR TERRITORY,.,.,.,.,.,.,19.0,13+ Years
SRINIVASA EDIFICE PRIVATE LIMITED,10937.0,20T-22T,ZAxis 220 GI,THEDC0L0J00000775,2018-10-09,7.0,Balasore,,,NOT OUR TERRITORY,.,.,.,.,.,.,8.0,8-12 Years
Srinivasa Edifise Private Limited,93361.0,20T-22T,ZAxis 220 GI,THEDC0L0C00000891,2018-12-17,7.0,Balasore,,,NOT OUR TERRITORY,.,.,.,.,.,.,8.0,8-12 Years
Subhendu Brahma,65760.0,7T-8T,Excavator - EX70,0703-8751,2013-05-06,12.0,Balasore,,,NOT OUR TERRITORY,.,.,.,.,.,.,13.0,13+ Years
SUBRAT NAYAK,34871.0,7T-8T,Excavator - EX70,0703-5385,2009-09-21,16.0,Balasore,,,NOT OUR TERRITORY,.,.,.,.,.,.,17.0,13+ Years
SUBRAT NAYAK,34871.0,20T-22T,Excavator - EX200LC,2001-12113,2010-12-21,15.0,Balasore,,,NOT OUR TERRITORY,.,.,.,.,.,.,16.0,13+ Years
Sudhansu Sahu,65542.0,10T-14T,Excavator - EX110,1101-5934,2013-04-23,12.0,Balasore,,,NOT OUR TERRITORY,.,.,.,.,.,.,13.0,13+ Years
Sumant Das,50656.0,7T-8T,Excavator - EX70,0703-6615,2011-01-03,15.0,Balasore,,,NOT OUR TERRITORY,.,.,.,.,.,.,15.0,13+ Years
Sushil Kumar Senapati,68382.0,7T-8T,Excavator - EX70,0703-9084,2014-02-26,12.0,Balasore,,,NOT OUR TERRITORY,.,.,.,.,.,.,12.0,8-12 Years
Udaya Kumar Shah,63119.0,7T-8T,Excavator - EX70,0703-8359,2012-11-12,13.0,Balasore,,,NOT OUR TERRITORY,.,.,.,.,.,.,14.0,13+ Years
Yazna Kumar Parida,76118.0,BHL,TATA HIT 76BHL,TH76-10535,2016-03-19,10.0,Balasore,,,NOT OUR TERRITORY,.,.,.,.,.,.,10.0,8-12 Years
Ajay Kumar Rout,88608.0,7T-8T,Excavator - EX70,S070-16879,2018-05-07,7.0,Jajpur,,,NOT OUR TERRITORY,.,.,.,.,.,.,8.0,8-12 Years
Anil Contractors Pvt. Ltd.,54405.0,20T-22T,EX200-Super,S200-54371,2017-12-26,8.0,Jajpur,,,NOT OUR TERRITORY,.,.,.,.,.,.,9.0,8-12 Years
Anil Contractors Pvt. Ltd.,54405.0,20T-22T,EX200-Super,S200-54702,2018-02-20,8.0,Jajpur,,,NOT OUR TERRITORY,.,.,.,.,.,.,8.0,8-12 Years
Anil Contractors Pvt. Ltd.,54405.0,20T-22T,EX200-Super,S200-54709,2018-02-22,8.0,Jajpur,,,NOT OUR TERRITORY,.,.,.,.,.,.,8.0,8-12 Years
Anil Contractors Pvt. Ltd.,54405.0,35T-40T,Zaxis 370GI,THEDD1L0V00000409,2018-02-09,8.0,Jajpur,,,NOT OUR TERRITORY,.,.,.,.,.,.,8.0,8-12 Years
Asian Earthmovers,17856.0,20T-22T,EX200-Super,S200-53010,2016-05-05,9.0,Jajpur,,,NOT OUR TERRITORY,.,.,.,.,.,.,10.0,8-12 Years
Avjit Mohanty,81529.0,20T-22T,EX200-Super,S200-53794,2017-04-03,8.0,Jajpur,,,NOT OUR TERRITORY,.,.,.,.,.,.,9.0,8-12 Years
Bekem Infra Projects (P) Ltd.,26507.0,35T-40T,Excavator - EX350V,350V-2476,2016-04-23,9.0,Jajpur,,,NOT OUR TERRITORY,.,.,.,.,.,.,10.0,8-12 Years
Bekem Infra Projects (P) Ltd.,26507.0,35T-40T,Excavator - EX350V,350V-2477,2016-04-27,9.0,Jajpur,,,NOT OUR TERRITORY,.,.,.,.,.,.,10.0,8-12 Years
BGR MINING & INFRA LTD,84591.0,20T-22T,EX200-Super,S200-25198,2018-06-05,7.0,Jajpur,,,NOT OUR TERRITORY,.,.,.,.,.,.,8.0,8-12 Years
BGR MINING & INFRA PRIVATE LIMITED,76041.0,20T-22T,EX200-Super,S200-54157,2017-08-04,8.0,Jajpur,,,NOT OUR TERRITORY,.,.,.,.,.,.,9.0,8-12 Years
BGR MINING & INFRA PRIVATE LIMITED,76041.0,BHL,TATA HIT 86BHL,THEWBAD0TH0011069,2017-08-05,8.0,Jajpur,,,NOT OUR TERRITORY,.,.,.,.,.,.,9.0,8-12 Years
Bimal Kishore Panda,77478.0,20T-22T,EX200-Super,S200-53163,2016-07-18,9.0,Jajpur,,,NOT OUR TERRITORY,.,.,.,.,.,.,10.0,8-12 Years
D.D. Builders Limited,57755.0,20T-22T,Zaxis 210,0ACE-001986,2012-02-17,14.0,Jajpur,,,NOT OUR TERRITORY,.,.,.,.,.,.,14.0,13+ Years
Ferro Scrap Nigam Ltd.,1041.0,35T-40T,Excavator - EX350V,350V-2498,2016-07-11,9.0,Jajpur,,,NOT OUR TERRITORY,.,.,.,.,.,.,10.0,8-12 Years
H.L.Infrastructure,79072.0,7T-8T,Excavator - EX70,S070-15869,2016-11-10,9.0,Jajpur,,,NOT OUR TERRITORY,.,.,.,.,.,.,10.0,8-12 Years
H.L.Infrastructure,79072.0,7T-8T,Excavator - EX70,S070-15871,2016-11-10,9.0,Jajpur,,,NOT OUR TERRITORY,.,.,.,.,.,.,10.0,8-12 Years
H.L.Infrastructure,79072.0,7T-8T,Excavator - EX70,S070-15877,2016-11-11,9.0,Jajpur,,,NOT OUR TERRITORY,.,.,.,.,.,.,10.0,8-12 Years
H.L.Infrastructure,79072.0,7T-8T,Excavator - EX70,S070-16071,2017-03-02,9.0,Jajpur,,,NOT OUR TERRITORY,.,.,.,.,.,.,9.0,8-12 Years
IRC Logistics Limited,11357.0,WL,Wheel Loader TL360Z,L360-4569,2015-12-30,10.0,Jajpur,,,NOT OUR TERRITORY,.,.,.,.,.,.,11.0,8-12 Years
IRC Logistics Limited,11357.0,20T-22T,EX210-Super Models,S210-55072,2015-09-11,10.0,Jajpur,,,NOT OUR TERRITORY,.,.,.,.,.,.,11.0,8-12 Years
K. Ramana Rao,68248.0,35T-40T,Zaxis 370,0ACH-000906,2015-09-15,10.0,Jajpur,,,NOT OUR TERRITORY,.,.,.,.,.,.,11.0,8-12 Years
KAKU PADMAVATHI,85878.0,20T-22T,EX200-Super,S200-24281,2018-01-22,8.0,Jajpur,,,NOT OUR TERRITORY,.,.,.,.,.,.,8.0,8-12 Years
Keshab Samal,82147.0,20T-22T,EX200-Super,S200-53853,2017-05-04,8.0,Jajpur,,,NOT OUR TERRITORY,.,.,.,.,.,.,9.0,8-12 Years
Keshab Samal,82147.0,20T-22T,EX200-Super,S200-53991,2017-07-07,8.0,Jajpur,,,NOT OUR TERRITORY,.,.,.,.,.,.,9.0,8-12 Years
MADHAMANCHI AASHISH NAG,90067.0,20T-22T,EX200-Super,S200-55153,2018-08-06,7.0,Jajpur,,,NOT OUR TERRITORY,.,.,.,.,.,.,8.0,8-12 Years
MAHADEV CONSTRUCTION,22354.0,20T-22T,EX200-Super,S200-54824,2018-04-01,8.0,Jajpur,,,NOT OUR TERRITORY,.,.,.,.,.,.,8.0,8-12 Years
MANJULATA PANDA,6395.0,20T-22T,EX200-Super,S200-52530,2015-06-12,10.0,Jajpur,,,NOT OUR TERRITORY,.,.,.,.,.,.,11.0,8-12 Years
Megha Engineering &,60626.0,7T-8T,Excavator - EX70,SP07-18335,2019-06-11,6.0,Jajpur,,,NOT OUR TERRITORY,.,.,.,.,.,.,7.0,4-7 Years
Megha Engineering &,60626.0,7T-8T,Excavator - EX70,SP07-18336,2019-06-11,6.0,Jajpur,,,NOT OUR TERRITORY,.,.,.,.,.,.,7.0,4-7 Years
NEM Engineering Projects Pvt. Ltd.,53313.0,20T-22T,ZAxis 220 GI,THEDC0L0H00000251,2016-09-07,9.0,Jajpur,,,NOT OUR TERRITORY,.,.,.,.,.,.,10.0,8-12 Years
PRS CONSTRUCTION & EXPORTER,6395.0,20T-22T,EX200-Super,S200-52392,2015-02-11,11.0,Jajpur,,,NOT OUR TERRITORY,.,.,.,.,.,.,11.0,8-12 Years
NAVAYUGA ENGINEERING COMPANY LTD,201.0,20T-22T,Zaxis 210,0ACE-001520,2011-04-11,14.0,Jharsuguda,,,NO DATA ,.,.,.,.,.,.,15.0,13+ Years
shri krishna construction Co,16278.0,20T-22T,Excavator - EX200LC,2001-7189,2007-04-06,18.0,Jharsuguda,,,NO DATA ,.,.,.,.,.,.,19.0,13+ Years
AVP INFRASTRUCTURE,76407.0,20T-22T,ZAxis 220 GI,THEDC0L0J00000226,2016-06-02,9.0,Jharsuguda,,,NO DATA,.,.,.,.,.,.,10.0,8-12 Years
DWARAMPUDI SUBBIREDDY,113022.0,20T-22T,EX210-Super Models,SP21-61625,2020-12-03,5.0,Jharsuguda,,,NO DATA,.,.,.,.,.,.,6.0,4-7 Years
HEMANTA MAHANTA,96518.0,BHL,Shinrai-BX80,THEWABD0CK0000675,2019-09-13,6.0,Jharsuguda,,,NO DATA,.,.,.,.,.,.,7.0,4-7 Years
N.N.Singh & Brother,82715.0,35T-40T,Zaxis 370GI,THEDD1L0H00000432,2018-06-04,7.0,Jharsuguda,,,NO DATA,.,.,.,.,.,.,8.0,8-12 Years
RKD CONSTRACTION PVT LTD,37831.0,20T-22T,ZAxis 220 GI,THEDC0L0L00001642,2022-04-13,3.0,Jharsuguda,,,NO DATA,.,.,.,.,.,.,4.0,4-7 Years
Sunil Kumar Patel,11188.0,20T-22T,EX200-Super,SP20-27622,2019-03-30,7.0,Jharsuguda,,,NO DATA,.,.,.,.,.,.,7.0,4-7 Years
Radheshyam Subhadra(J.V),79689.0,20T-22T,EX200-Super,S210-40445,2016-12-17,9.0,Jharsuguda,,,MC SHIFTED,.,.,.,.,.,.,10.0,8-12 Years
Radheshyam Subhadra(J.V),79689.0,20T-22T,EX200-Super,S210-40447,2016-12-17,9.0,Jharsuguda,,,MC SHIFTED,.,.,.,.,.,.,10.0,8-12 Years
Sadhguru Sai Drillers,88420.0,20T-22T,EX210-Super Models,SP21-45637,2019-06-03,6.0,Jharsuguda,,,MC SHIFTED,.,.,.,.,.,.,7.0,4-7 Years
Sadhguru Sai Drillers,88420.0,20T-22T,EX210-Super Models,SP21-45653,2019-06-03,6.0,Jharsuguda,,,MC SHIFTED,.,.,.,.,.,.,7.0,4-7 Years
Sadhguru Sai Drillers,88420.0,20T-22T,EX210-Super Models,SP21-45750,2019-11-16,6.0,Jharsuguda,,,MC SHIFTED,.,.,.,.,.,.,7.0,4-7 Years
Bijaya Naik,82207.0,20T-22T,EX200-Super,S200-54041,2017-07-12,8.0,Bhawanipatna,,,Machine sold to Andhra Pradesh,.,.,.,.,.,.,9.0,8-12 Years
Prafulla Kumar Nayak,73290.0,20T-22T,EX210-Super Models,S210-55053,2015-07-08,10.0,Keonjhar,8249245282.0,,Machine Sold,.,.,.,.,.,.,11.0,8-12 Years
GALI SUBBA RAJU CONSTRUCTION COMPAN,172331.0,RB,RB–Alicon Super,TRB210-034,2024-02-13,,Bhubaneswar,,,Machine shifted to Telengana,.,.,.,.,.,.,2.0,0-3 Years
GALI SUBBARAJU  CONSTRUCTION COMPAN,145329.0,20T-22T,ZAxis 220 GI,THEDC0L0T00001730,2022-10-28,3.0,Bhubaneswar,,,Machine shifted to Telengana,.,.,.,.,.,.,4.0,4-7 Years
GALI SUBBARAJU CONSTRUCTION ,145329.0,20T-22T,ZX 220,THEDCL0P00001730,2022-10-28,3.0,Bhubaneswar,,,Machine shifted to Telengana,.,.,.,.,.,.,4.0,4-7 Years
GALI SUBBARAJU CONSTRUCTION ,145329.0,20T-22T,ZX 220,THEDCL0P00001731,2022-10-28,3.0,Bhubaneswar,,,Machine shifted to Telengana,.,.,.,.,.,.,4.0,4-7 Years
Anand Kumar Pathak,72074.0,20T-22T,EX210-Super Models,SP21-60207,2019-01-05,7.0,Keonjhar,8763591767.0,,Machine Shifted,.,.,.,.,.,.,7.0,4-7 Years
BRIGHT DEVELOPERS & TECHNOCRAFTS,23448.0,BHL,TATA HIT 86BHL,TH86-10020,2012-12-30,13.0,Keonjhar,9853414356.0, ,Machine Shifted,.,.,.,.,.,.,14.0,13+ Years
DRILLMAN,83761.0,20T-22T,EX215 SUPER PLUS,SP22-80349,2022-09-16,3.0,Keonjhar,6372838840.0,,Machine Shifted,.,.,.,.,.,.,4.0,4-7 Years
Prafulla Kumar Sahu,47706.0,10T-14T,Excavator - EX110,1101-3881,2010-10-07,15.0,Keonjhar,, ,Machine Shifted,.,.,.,.,.,.,16.0,13+ Years
PRASAD.T.N.,36883.0,20T-22T,Excavator - EX200LC,2001-15317,2013-07-05,12.0,Keonjhar,7064940438.0, ,Machine Shifted,.,.,.,.,.,.,13.0,13+ Years
Rashmikanta Rout,49890.0,7T-8T,Excavator - EX70,0703-6584,2010-12-23,15.0,Keonjhar,9090596984.0, ,Machine Shifted,.,.,.,.,.,.,16.0,13+ Years
Satya Narayan Barik,15822.0,20T-22T,Excavator - EX200LC,2001-7758,2007-09-16,18.0,Keonjhar,9898959445.0, ,Machine Shifted,.,.,.,.,.,.,19.0,13+ Years
SLV CONSTRUCTIONS,92428.0,20T-22T,EX200-Super,SP20-56078,2018-12-14,7.0,Keonjhar,,,Machine Shifted,.,.,.,.,.,.,8.0,8-12 Years
Sri Sai Balaji Constructions,74387.0,20T-22T,ZAxis 220 GI,THEDCRL0C00000877,2017-04-07,8.0,Keonjhar,9348304431.0,,Machine Shifted,.,.,.,.,.,.,9.0,8-12 Years
Bandita Nayak,71665.0,20T-22T,EX200-Super,S200-52367,2015-01-16,11.0,Jajpur,,,M/C SOLD TO OTHER STATE,.,.,.,.,.,.,11.0,8-12 Years
Bandita Nayak,71665.0,20T-22T,EX200-Super,S200-52658,2015-10-04,10.0,Jajpur,,,M/C SOLD TO OTHER STATE,.,.,.,.,.,.,11.0,8-12 Years
MK Construction,85317.0,20T-22T,EX210-Super Models,S210-55856,2017-12-04,8.0,Jajpur,,,M/C SOLD,.,.,.,.,.,.,9.0,8-12 Years
P.K.Pratihari,72096.0,20T-22T,EX200-Super,S200-52415,2015-03-12,11.0,Jajpur,,,M/C SOLD,.,.,.,.,.,.,11.0,8-12 Years
P.K.Pratihari,72096.0,20T-22T,EX200-Super,S200-54058,2017-07-07,8.0,Jajpur,,,M/C SOLD,.,.,.,.,.,.,9.0,8-12 Years
P.K.Pratihari,72096.0,20T-22T,EX200-Super,S200-54084,2017-07-14,8.0,Jajpur,,,M/C SOLD,.,.,.,.,.,.,9.0,8-12 Years
PARSURAM BEHERA,92476.0,7T-8T,Excavator - EX70,S070-17352,2018-12-12,7.0,Jajpur,,,M/C SOLD,.,.,.,.,.,.,8.0,8-12 Years
PRADEEP MINING &,1118.0,35T-40T,Zaxis 370,0ACH-000919,2016-01-04,10.0,Jajpur,,,M/C SOLD,.,.,.,.,.,.,10.0,8-12 Years
Rajendra Rout,78669.0,20T-22T,EX210-Super Models,S210-55283,2016-09-27,9.0,Jajpur,,,M/C SOLD,.,.,.,.,.,.,10.0,8-12 Years
Bipin Kumar Agrawal,77765.0,BHL,TATA HIT 86BHL,THEWBAD0JG0010748,2016-09-12,9.0,Sambalpur,,,M/c Sold,.,.,.,.,.,.,10.0,8-12 Years
Bipin Kumar Agrawal,77765.0,BHL,TATA HIT 86BHL,THEWBAD0PG0010777,2016-09-13,9.0,Sambalpur,,,M/c Sold,.,.,.,.,.,.,10.0,8-12 Years
JAIGURU STONE WORKS,40653.0,7T-8T,Excavator - EX70,0703-5788,2010-02-08,16.0,Sambalpur,,,M/c Sold,.,.,.,.,.,.,16.0,13+ Years
Triveni engicons,27612.0,20T-22T,EX200S+,SP20-58585,2023-02-04,3.0,Balasore,,,M/C SL NUMBER NOT SHOWING ,.,.,.,.,.,.,3.0,0-3 Years
TRIVENI ENGICONS PVT. LTD.,12196.0,20T-22T,EX200-Super,SP20-56232,2018-12-03,7.0,Balasore,,,M/C SL NUMBER NOT SHOWING ,.,.,.,.,.,.,8.0,8-12 Years
Ajit Kumar Panigrahi,34602.0,BHL,Tata Back Load 315V,315V-8985,2012-12-07,13.0,Sambalpur,,,M/c since long standing,.,.,.,.,.,.,14.0,13+ Years
SUSIL KUMAR MOHANTY,114133.0,20T-22T,EX210-Super Models,SP21-61846,2021-02-05,5.0,Balasore,,,M/C SHIFTTED TO WESTBENGAL,.,.,.,.,.,.,5.0,4-7 Years
JANARDAN NIRMAN PRIVATE LIMITED,154354.0,20T-22T,EX200-Super,SP20-65208,2023-07-26,2.0,Jajpur,,,M/C SHIFTED TO WEST BENGAL,.,.,.,.,.,.,3.0,0-3 Years
JANARDAN NIRMAN PRIVATE LIMITED,154354.0,10T-14T,EX130 Super plus,SP13-15622,2023-05-26,2.0,Jajpur,,,M/C SHIFTED TO KERALA,.,.,.,.,.,.,3.0,0-3 Years
DANTESHWARI MINERALS,39940.0,20T-22T,Excavator - EX200LC,2001-10945,2010-01-11,16.0,Sambalpur,,,M/c shifted,.,.,.,.,.,.,16.0,13+ Years
Danteshwari Minerals,78075.0,20T-22T,EX200-Super,S200-53251,2016-08-26,9.0,Sambalpur,,,M/c shifted,.,.,.,.,.,.,10.0,8-12 Years
Danteshwari Minerals,78075.0,20T-22T,EX200-Super,SP20-57322,2020-12-02,5.0,Sambalpur,,,M/c shifted,.,.,.,.,.,.,6.0,4-7 Years
Dini Bhoi,,20T-22T,EX210Lc Prime Piping Kit,SP21-85286,2024-06-29,1.0,Sambalpur,,,M/c shifted,.,.,.,.,.,.,2.0,0-3 Years
Haibru  Construction,77510.0,BHL,TATA HIT 86BHL,THEWBAD0LG0010738,2016-07-15,9.0,Jajpur,,,M/C SCRAP,.,.,.,.,.,.,10.0,8-12 Years
Mohini Moahan Sahu,17913.0,WL,Wheel Loader TL360Z,L360-4427,2013-09-12,12.0,Jajpur,,,M/C SCRAP,.,.,.,.,.,.,13.0,13+ Years
Mohini Moahan Sahu,17913.0,20T-22T,EX200-Super,S200-53528,2016-12-14,9.0,Jajpur,,,LONG IDLE ,.,.,.,.,.,.,10.0,8-12 Years
Mohini Moahan Sahu,17913.0,20T-22T,EX200-Super,S200-54494,2017-12-15,8.0,Jajpur,,,LONG IDLE ,.,.,.,.,.,.,9.0,8-12 Years
"Gobardhan Nath,",13181.0,BHL,TATA HIT 76BHL,TH76-10570,2014-06-01,11.0,Baripada,,,IDEL SINCE LONG TIME,.,.,.,.,.,.,12.0,8-12 Years
Subhendu Kumar Sahu,71542.0,10T-14T,Excavator - EX110,1101-6685,2015-02-12,11.0,Baripada,,,BROUNT,.,.,.,.,.,.,11.0,8-12 Years
PTP EARTH MOVING  & MINING,92029.0,20T-22T,ZAxis 220 GI,THEDC0L0V00001251,2020-07-30,5.0,Baripada,,,ACCIDENTAL CASE,.,.,.,.,.,.,6.0,4-7 Years
Adhiraj Mohan Panigrahi,28398.0,7T-8T,Excavator - EX70,0703-5028,2009-03-24,17.0,Balangir,,,,.,.,.,.,.,.,17.0,13+ Years
Anusha Projects (P) ltd.,10453.0,10T-14T,Excavator - EX110,S110-10032,2015-08-15,10.0,Balangir,,,,.,.,.,.,.,.,11.0,8-12 Years
Arati Infratech Pvt. Ltd.,30255.0,20T-22T,EX200-Super,S200-52959,2016-04-08,9.0,Balangir,,,,.,.,.,.,.,.,10.0,8-12 Years
Bharti Minirals Pvt.Ltd.,35219.0,20T-22T,Excavator - EX200LC,2001-14228,2012-05-12,13.0,Balangir,,,,.,.,.,.,.,.,14.0,13+ Years
BTEKS Infra Pvt Ltd,61811.0,20T-22T,Zaxis 210,0ACE-002254,2012-10-08,13.0,Balangir,,,,.,.,.,.,.,.,14.0,13+ Years
BTEKS Infra Pvt Ltd,61811.0,20T-22T,Zaxis 210,0ACE-002258,2012-10-08,13.0,Balangir,,,,.,.,.,.,.,.,14.0,13+ Years
Chepyala Aruna,83395.0,20T-22T,EX210-Super Models,S210-55697,2017-07-29,8.0,Balangir,,,,.,.,.,.,.,.,9.0,8-12 Years
CHERVI SRI MINERALS AND TRADERS,90326.0,10T-14T,Excavator - EX110,S110-12036,2018-08-14,7.0,Balangir,,,,.,.,.,.,.,.,8.0,8-12 Years
DEBENDRA KUMAR SAHU,95053.0,7T-8T,Excavator - EX70,SP07-18152,2019-05-04,6.0,Balangir,,,,.,.,.,.,.,.,7.0,4-7 Years
G. R. Graphite Industries,1099.0,20T-22T,Excavator - EX210LCH,210V-1714,2008-05-29,17.0,Balangir,,,,.,.,.,.,.,.,18.0,13+ Years
Ganesh Drilling and Blasting works,75832.0,20T-22T,ZAxis 220 GI,THEDCRL0E00000434,2016-03-09,10.0,Balangir,,,,.,.,.,.,.,.,10.0,8-12 Years
Hukama Ram S/o Babu Ram,88770.0,20T-22T,ZAxis 220 GI,THEDCRL0P00001278,2018-05-04,7.0,Balangir,,,,.,.,.,.,.,.,8.0,8-12 Years
JAGDAMBA STEEL AND POWER TECH LIMIT,88132.0,20T-22T,EX200-Super,S200-54738,2018-03-30,8.0,Balangir,,,,.,.,.,.,.,.,8.0,8-12 Years
Akshaya Sutar,76994.0,20T-22T,EX200-Super,S200-53067,2016-06-06,9.0,Bhadrak,,M/C NOT AT BHADRAK,,.,.,.,.,.,.,10.0,8-12 Years
Manalata Mohapatra,81874.0,20T-22T,EX200-Super,S200-53903,2017-05-16,8.0,Bhadrak,,M/C NOT AT BHADRAK,,.,.,.,.,.,.,9.0,8-12 Years
TATA HITACHI CONSTRUCTION MACHINERY,116829.0,35T-40T,Zaxis 370GI,THEDD1L0C00001292,2021-10-05,4.0,Bhadrak,,not at bhadrak,,.,.,.,.,.,.,5.0,4-7 Years
TATA HITACHI CONSTRUCTION MACHINERY,116829.0,35T-40T,Zaxis 370GI,THEDD1L0V00001284,2021-10-05,4.0,Bhadrak,,not at bhadrak,,.,.,.,.,.,.,5.0,4-7 Years
Kanagammabal,79262.0,10T-14T,Zaxis 120,01S1-053411,2016-12-25,9.0,Balangir,,,,.,.,.,.,.,.,10.0,8-12 Years
Livolink Foundataion,85211.0,BHL,TATA HIT 86BHL,THEWBAD0CH0011045,2017-12-11,8.0,Balangir,,,,.,.,.,.,.,.,9.0,8-12 Years
Livolink Foundataion,85211.0,BHL,TATA HIT 86BHL,THEWBAD0TH0011184,2017-12-11,8.0,Balangir,,,,.,.,.,.,.,.,9.0,8-12 Years
M.K. RAJ MOHAN,40405.0,7T-8T,Excavator - EX70,0703-5766,2010-01-31,16.0,Balangir,,,,.,.,.,.,.,.,16.0,13+ Years
Manaranjan Patra,80943.0,7T-8T,Excavator - EX70,S070-16122,2017-03-23,9.0,Balangir,,,,.,.,.,.,.,.,9.0,8-12 Years
Megha Engineering &,60626.0,7T-8T,Excavator - EX70,SP07-18338,2019-06-11,6.0,Balangir,,,,.,.,.,.,.,.,7.0,4-7 Years
Mishra Stone Crusher,54101.0,10T-14T,Excavator - EX110,1101-4372,2011-05-15,14.0,Balangir,,,,.,.,.,.,.,.,15.0,13+ Years
Murarka Granites (p) limited,18513.0,20T-22T,Excavator - EX200LC,2001-10155,2009-04-20,16.0,Balangir,,,,.,.,.,.,.,.,17.0,13+ Years
Murarka Granites (p) limited,18513.0,20T-22T,Excavator - EX200LC,2001-7105,2007-03-17,19.0,Balangir,,,,.,.,.,.,.,.,19.0,13+ Years
NIRBHAY RAM SAHU,78396.0,20T-22T,EX210-Super Models,S210-41232,2018-03-19,8.0,Balangir,,,,.,.,.,.,.,.,8.0,8-12 Years
Paramjeet Kaur,22217.0,20T-22T,Excavator - EX200LC,2001-8872,2008-04-01,18.0,Balangir,,,,.,.,.,.,.,.,18.0,13+ Years
PAWAN KUMAR GUPTA,7952.0,20T-22T,Excavator - EX200LC,2001-7492,2007-06-30,18.0,Balangir,,,,.,.,.,.,.,.,19.0,13+ Years
Potina Venkata Ramana.,25963.0,7T-8T,Excavator - EX70,0703-4727,2008-10-06,17.0,Balangir,,,,.,.,.,.,.,.,18.0,13+ Years
Rajesh Kumar,69298.0,20T-22T,Zaxis 210,0ACE-002907,2014-03-08,12.0,Balangir,,,,.,.,.,.,.,.,12.0,8-12 Years
RAJINDER SINGH CHHABRA,79211.0,20T-22T,EX200-Super,S200-22714,2016-12-18,9.0,Balangir,,,,.,.,.,.,.,.,10.0,8-12 Years
Rajlaxmi Constructions Pvt. Ltd.,1455.0,7T-8T,Excavator - EX70,0703-2843,2007-02-07,19.0,Balangir,,,,.,.,.,.,.,.,19.0,13+ Years
RAMESWAR AGRAWALLA,68388.0,10T-14T,Excavator - EX110,1101-6266,2014-01-11,12.0,Balangir,,,,.,.,.,.,.,.,12.0,8-12 Years
Rejimon A V,21049.0,10T-14T,Excavator - EX110,1101-4035,2011-01-03,15.0,Balangir,,,,.,.,.,.,.,.,15.0,13+ Years
Rene Prajna Stone Crusher,61676.0,7T-8T,Excavator - EX70,0703-8200,2012-08-01,13.0,Balangir,,,,.,.,.,.,.,.,14.0,13+ Years
RKD CONSTRACTION PVT LTD,37831.0,20T-22T,EX200-Super,S200-52735,2015-12-10,10.0,Balangir,,,,.,.,.,.,.,.,11.0,8-12 Years
Sai Granite,47324.0,20T-22T,Excavator - EX200LC,2001-11713,2010-08-27,15.0,Balangir,,,,.,.,.,.,.,.,16.0,13+ Years
Sai Granite,47324.0,20T-22T,Excavator - EX200LC,2001-50172,2011-08-13,14.0,Balangir,,,,.,.,.,.,.,.,15.0,13+ Years
Sangram Mishra,95056.0,20T-22T,EX210-Super Models,SP21-60571,2019-05-04,6.0,Balangir,,,,.,.,.,.,.,.,7.0,4-7 Years
Shree Giriraj Pipes Pvt.Ltd.,78190.0,20T-22T,EX210-Super Models,S210-55269,2016-09-07,9.0,Balangir,,,,.,.,.,.,.,.,10.0,8-12 Years
Shree Radhakrishna Engicons,17399.0,7T-8T,Excavator - EX70,0703-2770,2007-01-16,19.0,Balangir,,,,.,.,.,.,.,.,19.0,13+ Years
SRI DURGA CONDEV PRIVATE LIMITED,1124.0,20T-22T,EX200-Super,S200-53430,2016-11-08,9.0,Balangir,,,,.,.,.,.,.,.,10.0,8-12 Years
SRI DURGA CONDEV PRIVATE LIMITED,1124.0,20T-22T,EX200-Super,S200-53472,2016-11-19,9.0,Balangir,,,,.,.,.,.,.,.,10.0,8-12 Years
SRI DURGA CONDEV PRIVATE LIMITED,1124.0,20T-22T,EX200-Super,SP20-29187,2020-12-17,5.0,Balangir,,,,.,.,.,.,.,.,6.0,4-7 Years
SRI DURGA CONDEV PRIVATE LIMITED,1124.0,20T-22T,EX200-Super,SP20-57352,2020-12-23,5.0,Balangir,,,,.,.,.,.,.,.,6.0,4-7 Years
SRI DURGA CONDEV PRIVATE LIMITED,1124.0,20T-22T,EX200-Super,SP20-58456,2022-10-07,3.0,Balangir,,,,.,.,.,.,.,.,4.0,4-7 Years
Sri Kanipaka Vara Siddi Vinayaka,18556.0,10T-14T,Excavator - EX110,1101-1662,2007-06-04,18.0,Balangir,,,,.,.,.,.,.,.,19.0,13+ Years
Subrat Kumar Mahakur,81328.0,BHL,TATA HIT 76BHL,THEWAAD0JH0010978,2017-03-10,9.0,Balangir,,,,.,.,.,.,.,.,9.0,8-12 Years
Suresh,41830.0,10T-14T,Excavator - EX110,1101-3484,2010-03-04,16.0,Balangir,,,,.,.,.,.,.,.,16.0,13+ Years
TULIP GRANITES PVT LTD,25074.0,35T-40T,Zaxis 370,0ACH-000992,2016-04-09,9.0,Balangir,,,,.,.,.,.,.,.,10.0,8-12 Years
Upendra Earth Movers& Crane Service,21511.0,20T-22T,Excavator - EX200LC,2001-8026,2007-10-28,18.0,Balangir,,,,.,.,.,.,.,.,19.0,13+ Years
Utthan Township and Land Developmen,20405.0,20T-22T,Excavator - EX200LC,2001-7735,2007-10-13,18.0,Balangir,,,,.,.,.,.,.,.,19.0,13+ Years
Amit Kumar Singh,66945.0,20T-22T,EX210-Super Models,SP21-60809,2019-09-02,6.0,Barbil,,,,.,.,.,.,.,.,7.0,4-7 Years
Bharat Road Carrier Private Limited,89523.0,35T-40T,Zaxis 370GI,THEDD1L0A00000508,2018-07-18,7.0,Barbil,,,,.,.,.,.,.,.,8.0,8-12 Years
Brahmdev Yadav,80692.0,20T-22T,EX210-Super Models,SP21-60169,2018-11-27,7.0,Barbil,,,,.,.,.,.,.,.,8.0,8-12 Years
DHRITI CORPORATION,92809.0,20T-22T,EX200-Super,SP20-56329,2019-01-06,7.0,Barbil,,,,.,.,.,.,.,.,7.0,4-7 Years
FOUR STAR EARTHMOVERS,95437.0,20T-22T,EX210-Super Models,SP21-60663,2019-06-20,6.0,Barbil,,,,.,.,.,.,.,.,7.0,4-7 Years
GOURI SHANKAR MAHATO,97729.0,20T-22T,EX210-Super Models,SP21-61156,2019-12-28,6.0,Barbil,,,,.,.,.,.,.,.,7.0,4-7 Years
H.L.Infrastructure,79072.0,7T-8T,Excavator - EX70,S070-15866,2016-11-10,9.0,Barbil,,,,.,.,.,.,.,.,10.0,8-12 Years
Omm Gajanan Enterprises,24681.0,20T-22T,Zaxis 270,1V400A00031868,2008-07-02,17.0,Barbil,,,,.,.,.,.,.,.,18.0,13+ Years
Padma Charan Munda,32481.0,20T-22T,Excavator - EX200LC,2001-11878,2010-10-07,15.0,Barbil,,,,.,.,.,.,.,.,16.0,13+ Years
R.J Logistic Pvt.Ltd,86125.0,20T-22T,Zaxis 220LC-GI,THEDC0L0K00000533,2018-01-17,8.0,Barbil,,,,.,.,.,.,.,.,8.0,8-12 Years
RANJITKUMAR SAHU,195268.0,20T-22T,EX200-5G,SP20-68242,2025-03-19,1.0,Barbil,,,,.,.,.,.,.,.,1.0,0-3 Years
RKD CONSTRACTION PVT LTD,37831.0,20T-22T,EX200-Super,S200-52737,2015-12-11,10.0,Barbil,,,,.,.,.,.,.,.,11.0,8-12 Years
Samar Sekhar Jena,83789.0,10T-14T,Excavator - EX110,S110-11218,2017-09-02,8.0,Barbil,,,,.,.,.,.,.,.,9.0,8-12 Years
Sanjay Singh,90494.0,20T-22T,EX210-Super Models,SP21-61110,2019-12-21,6.0,Barbil,,,,.,.,.,.,.,.,7.0,4-7 Years
SANTOSH KUMAR,79286.0,20T-22T,ZAxis 220 GI,THEDCRL0J00000716,2016-11-02,9.0,Barbil,,,,.,.,.,.,.,.,10.0,8-12 Years
Shaik Lathief,81702.0,20T-22T,EX200-Super,S200-24282,2018-02-17,8.0,Barbil,,,,.,.,.,.,.,.,8.0,8-12 Years
Shaik Lathief,81702.0,20T-22T,EX200-Super,S200-53771,2017-04-08,8.0,Barbil,,,,.,.,.,.,.,.,9.0,8-12 Years
SONY BOREWELLS,97595.0,20T-22T,EX200-Super,SP20-28603,2019-12-09,6.0,Barbil,,,,.,.,.,.,.,.,7.0,4-7 Years
SRI DURGA CONDEV PRIVATE LIMITED,1124.0,10T-14T,Zaxis 120,01S1-052553,2014-09-17,11.0,Barbil,,,,.,.,.,.,.,.,12.0,8-12 Years
SRI DURGA CONDEV PRIVATE LIMITED,1124.0,10T-14T,Excavator - EX110,1101-6655,2014-12-25,11.0,Barbil,,,,.,.,.,.,.,.,12.0,8-12 Years
STEM Mineral Resources LLP,69005.0,20T-22T,ZAxis 220 GI,THEDCRL0C00000037,2014-03-12,12.0,Barbil,,,,.,.,.,.,.,.,12.0,8-12 Years
SUDHIR KUMAR,77294.0,20T-22T,EX200-Super,S200-53157,2016-07-15,9.0,Barbil,,,,.,.,.,.,.,.,10.0,8-12 Years
SURESH YADAV,73824.0,20T-22T,EX215 SUPER PLUS,SP22-80068,2021-01-28,5.0,Barbil,,,,.,.,.,.,.,.,5.0,4-7 Years
SUSANTA KUMAR ROUT,184723.0,RB,RB–Alicon Super,TRB210-137,2025-04-24,,Barbil,,,,.,.,.,.,.,.,1.0,0-3 Years
TATA HITACHI CONSTRUCTION MACHINERY,116829.0,35T-40T,Zaxis 370GI,THEDD1L0A00001612,2022-11-07,3.0,Barbil,,,,.,.,.,.,.,.,4.0,4-7 Years
TATA HITACHI CONSTRUCTION MACHINERY,116829.0,35T-40T,Zaxis 370,THEDD1L0E00001825,2023-08-28,2.0,Barbil,,,,.,.,.,.,.,.,3.0,0-3 Years
TATA HITACHI CONSTRUCTION MACHINERY,116829.0,35T-40T,Zaxis 370GI,THEDD1L0J00001573,2022-09-04,3.0,Barbil,,,,.,.,.,.,.,.,4.0,4-7 Years
TATA HITACHI CONSTRUCTION MACHINERY,116829.0,35T-40T,Zaxis 370GI,THEDD1L0L00001837,2023-08-28,2.0,Barbil,,,,.,.,.,.,.,.,3.0,0-3 Years
Umesh Yadav,84846.0,20T-22T,EX210-Super Models,SP21-45872,2019-12-06,6.0,Barbil,,,,.,.,.,.,.,.,7.0,4-7 Years
Vasamsetty Nagamani,23592.0,20T-22T,EX200-Super,SP20-27700,2019-03-06,7.0,Barbil,,,,.,.,.,.,.,.,7.0,4-7 Years
Maga Ram Choudhary,80228.0,10T-14T,Excavator - EX110,S110-10847,2017-01-02,9.0,Berhampur,,,,.,.,.,.,.,.,9.0,8-12 Years
Oma Ram,84686.0,10T-14T,Excavator - EX110,S110-11448,2017-11-11,8.0,Berhampur,,,,.,.,.,.,.,.,9.0,8-12 Years
Arati Infratech Pvt. Ltd.,30255.0,20T-22T,Excavator - EX200LC,2001-10120,2009-03-20,17.0,Bhawanipatna,,,,.,.,.,.,.,.,17.0,13+ Years
 SHREE MAHAMAYA ENGINEERING WORK,86771.0,35T-40T,Zaxis 370GI,THEDD1L0C00000795,2019-09-18,6.0,Bhubaneswar,,,,.,.,.,.,.,.,7.0,4-7 Years
Ajit Kumar Nayak,64381.0,BHL,TATA HIT 86BHL,TH86-10070,2013-02-12,13.0,Bhubaneswar,,,,.,.,.,.,.,.,13.0,13+ Years
Ajit Prasad Palatasingh,81116.0,BHL,TATA HIT 86BHL,THEWBAD0HH0010919,2017-03-09,9.0,Bhubaneswar,,,,.,.,.,.,.,.,9.0,8-12 Years
Ambuja Kanta  Das,80342.0,20T-22T,EX210-Super Models,S210-55468,2017-02-13,9.0,Bhubaneswar,,,,.,.,.,.,.,.,9.0,8-12 Years
Anita Bhomraj,22780.0,7T-8T,Excavator - EX70,0703-3995,2008-02-09,18.0,Bhubaneswar,,,,.,.,.,.,.,.,18.0,13+ Years
Ansu Services,25386.0,20T-22T,Zaxis 210,0ACE-001860,2011-12-16,14.0,Bhubaneswar,,,,.,.,.,.,.,.,15.0,13+ Years
Ashish Kumar Barik,90658.0,20T-22T,EX210-Super Models,S210-56516,2018-09-12,7.0,Bhubaneswar,,,,.,.,.,.,.,.,8.0,8-12 Years
Ashish Kumar Barik,90658.0,20T-22T,EX210-Super Models,SP21-61075,2019-12-23,6.0,Bhubaneswar,,,,.,.,.,.,.,.,7.0,4-7 Years
B.C.BEHERA & SONS,68771.0,20T-22T,EX200-Super,S200-52067,2014-02-19,12.0,Bhubaneswar,,,,.,.,.,.,.,.,12.0,8-12 Years
B.C.Patra,14059.0,20T-22T,Excavator - EX200LC,2001-10232,2009-04-30,16.0,Bhubaneswar,,,,.,.,.,.,.,.,17.0,13+ Years
BABURAO ARJUN KHOT,95127.0,20T-22T,EX200-Super,SP20-28128,2019-05-08,6.0,Bhubaneswar,,,,.,.,.,.,.,.,7.0,4-7 Years
Baijayanti Biswal,81430.0,7T-8T,Excavator - EX70,S070-16116,2017-04-23,8.0,Bhubaneswar,,,,.,.,.,.,.,.,9.0,8-12 Years
Basudev Jaiswal,70663.0,7T-8T,Excavator - EX70,0703-9380,2014-08-29,11.0,Bhubaneswar,,,,.,.,.,.,.,.,12.0,8-12 Years
Bhagaban Behera,60800.0,7T-8T,Excavator - EX70,0703-8092,2012-06-05,13.0,Bhubaneswar,,,,.,.,.,.,.,.,14.0,13+ Years
Bhagaban Sahu,81491.0,7T-8T,Excavator - EX70,S070-16137,2017-04-08,8.0,Bhubaneswar,,,,.,.,.,.,.,.,9.0,8-12 Years
Bharat Bhushan Samal,69590.0,20T-22T,EX200-Super,S200-52134,2014-05-10,11.0,Bhubaneswar,,,,.,.,.,.,.,.,12.0,8-12 Years
Bhupendra Samal,56446.0,BHL,Tata Back Load 315V,315V-8593,2012-02-11,14.0,Bhubaneswar,,,,.,.,.,.,.,.,14.0,13+ Years
Bijay Kumar Pradhan,58570.0,BHL,Tata Back Load 315V,315V-8545,2012-02-20,14.0,Bhubaneswar,,,,.,.,.,.,.,.,14.0,13+ Years
Bijaya Kumar Nayak,50711.0,7T-8T,Excavator - EX70,0703-6644,2011-01-15,15.0,Bhubaneswar,,,,.,.,.,.,.,.,15.0,13+ Years
Bikram Keshari Behera,83658.0,20T-22T,Zaxis 220LC-GI,THEDC0L0C00000480,2017-10-10,8.0,Bhubaneswar,,,,.,.,.,.,.,.,9.0,8-12 Years
BILASINI BEHERA,6395.0,20T-22T,EX200-Super,S200-52243,2014-09-01,11.0,Bhubaneswar,,,,.,.,.,.,.,.,12.0,8-12 Years
Bimal Kumar Satapathy,70664.0,20T-22T,EX200-Super,S200-53261,2016-09-11,9.0,Bhubaneswar,,,,.,.,.,.,.,.,10.0,8-12 Years
BIRANCHI DEHURY,115813.0,10T-14T,EX130 Super plus,SP13-14880,2021-04-12,4.0,Bhubaneswar,,,,.,.,.,.,.,.,5.0,4-7 Years
Biren Kumar Nayak,9494.0,7T-8T,Excavator - EX70,0703-3884,2008-01-03,18.0,Bhubaneswar,,,,.,.,.,.,.,.,18.0,13+ Years
Biswajit Kalia,29324.0,20T-22T,Excavator - EX200LC,2001-10050,2009-02-21,17.0,Bhubaneswar,,,,.,.,.,.,.,.,17.0,13+ Years
Biswaranjan Bhol,66739.0,BHL,TATA HIT 76BHL,TH76-10403,2013-08-21,12.0,Bhubaneswar,,,,.,.,.,.,.,.,13.0,13+ Years
Bolla Bala Guruva Reddy,71410.0,7T-8T,Excavator - EX70,0703-9504,2014-12-23,11.0,Bhubaneswar,,,,.,.,.,.,.,.,12.0,8-12 Years
Bolla Bala Guruva Reddy,71410.0,7T-8T,Excavator - EX70,0703-9505,2014-12-22,11.0,Bhubaneswar,,,,.,.,.,.,.,.,12.0,8-12 Years
Braja Bandhu Dash,9537.0,7T-8T,Excavator - EX70,0703-3816,2007-12-20,18.0,Bhubaneswar,,,,.,.,.,.,.,.,19.0,13+ Years
Braja Ranjan Prusty,53157.0,20T-22T,Excavator - EX200LC,2001-50186,2011-08-17,14.0,Bhubaneswar,,,,.,.,.,.,.,.,15.0,13+ Years
Chandan Patra,88561.0,20T-22T,EX200-Super,S200-54885,2018-05-02,7.0,Bhubaneswar,,,,.,.,.,.,.,.,8.0,8-12 Years
CHERVI SRI MINERALS AND TRADERS,90326.0,10T-14T,Excavator - EX110,S110-12213,2019-02-06,7.0,Bhubaneswar,,,,.,.,.,.,.,.,7.0,4-7 Years
Chitneni Ravi Kumar,89219.0,20T-22T,EX210-Super Models,S210-56270,2018-06-05,7.0,Bhubaneswar,,,,.,.,.,.,.,.,8.0,8-12 Years
Chittaranjan  Das,75339.0,7T-8T,Excavator - EX70,S070-15649,2016-09-27,9.0,Bhubaneswar,,,,.,.,.,.,.,.,10.0,8-12 Years
Chittaranjan  Das,75339.0,20T-22T,ZAxis 220 GI,THEDC0L0P00000160,2016-02-02,10.0,Bhubaneswar,,,,.,.,.,.,.,.,10.0,8-12 Years
City Engineer,25027.0,BHL,TATA HIT 76BHL,TH76-10786,2015-06-05,10.0,Bhubaneswar,,,,.,.,.,.,.,.,11.0,8-12 Years
City Engineer,25027.0,BHL,TATA HIT 76BHL,TH76-10787,2015-06-05,10.0,Bhubaneswar,,,,.,.,.,.,.,.,11.0,8-12 Years
D.D. Builders Limited,57755.0,20T-22T,Zaxis 210,0ACE-001863,2011-12-11,14.0,Bhubaneswar,,,,.,.,.,.,.,.,15.0,13+ Years
Dagara B.C.,1095.0,20T-22T,EX200-Super,S200-53269,2016-09-23,9.0,Bhubaneswar,,,,.,.,.,.,.,.,10.0,8-12 Years
Dagara B.C.,1095.0,20T-22T,EX200-Super,S200-53298,2016-09-23,9.0,Bhubaneswar,,,,.,.,.,.,.,.,10.0,8-12 Years
Debraj Paikray,74144.0,20T-22T,EX210-Super Models,S210-55081,2015-10-02,10.0,Bhubaneswar,,,,.,.,.,.,.,.,11.0,8-12 Years
DEV EARTHMOVERS,89467.0,20T-22T,EX210-Super Models,SP21-60678,2019-05-25,6.0,Bhubaneswar,,,,.,.,.,.,.,.,7.0,4-7 Years
Dreamz Equipments,46730.0,20T-22T,Excavator - EX200LC,2001-11888,2010-10-15,15.0,Bhubaneswar,,,,.,.,.,.,.,.,16.0,13+ Years
Ganeswor Swain,25484.0,20T-22T,Excavator - EX210LCH,210V-1818,2008-10-11,17.0,Bhubaneswar,,,,.,.,.,.,.,.,18.0,13+ Years
Gangaiamaran,68899.0,2T-3T,Excavator - TMX20,0202-1063,2014-03-06,12.0,Bhubaneswar,,,,.,.,.,.,.,.,12.0,8-12 Years
Global Construction,65089.0,7T-8T,Excavator - EX70,0703-8747,2013-05-04,12.0,Bhubaneswar,,,,.,.,.,.,.,.,13.0,13+ Years
GOYAL EARTH MOVERS,92547.0,20T-22T,EX200-Super,SP20-56292,2019-01-04,7.0,Bhubaneswar,,,,.,.,.,.,.,.,7.0,4-7 Years
GRAND ENTERPRISES PVT. LTD,18852.0,20T-22T,Excavator - EX200LC,2001-7229,2007-04-18,18.0,Bhubaneswar,,,,.,.,.,.,.,.,19.0,13+ Years
GURUMAHARAJ CONSTRUCTION,23106.0,10T-14T,Zaxis 120,01S1-053065,2016-02-22,10.0,Bhubaneswar,,,,.,.,.,.,.,.,10.0,8-12 Years
GURUMAHARAJ CONSTRUCTION,23106.0,10T-14T,Zaxis 120,01S1-053073,2016-02-23,10.0,Bhubaneswar,,,,.,.,.,.,.,.,10.0,8-12 Years
GURUMAHARAJ CONSTRUCTION,23106.0,7T-8T,Excavator - EX70,S070-15488,2016-04-02,10.0,Bhubaneswar,,,,.,.,.,.,.,.,10.0,8-12 Years
H&S Construction,113235.0,20T-22T,EX210-Super Models,SP21-47197,2022-01-07,4.0,Bhubaneswar,,,,.,.,.,.,.,.,4.0,4-7 Years
Hadibandhu  Parida,65484.0,BHL,TATA HIT 76BHL,TH76-10321,2013-06-21,12.0,Bhubaneswar,,,,.,.,.,.,.,.,13.0,13+ Years
HES Infra Pvt. Ltd.,59828.0,7T-8T,Excavator - EX70,0703-7902,2012-03-22,14.0,Bhubaneswar,,,,.,.,.,.,.,.,14.0,13+ Years
Jagannath Construction,22519.0,7T-8T,Excavator - EX70,0703-3998,2008-02-10,18.0,Bhubaneswar,,,,.,.,.,.,.,.,18.0,13+ Years
JAGDISH CONSTRUCTION LIMITED,95464.0,WL,Wheel Loader TL340H,THEWBHK0CK0000249,2019-11-29,6.0,Bhubaneswar,,,,.,.,.,.,.,.,7.0,4-7 Years
JAYALAXMI DAS,37857.0,7T-8T,Excavator - EX70,0703-5530,2009-11-15,16.0,Bhubaneswar,,,,.,.,.,.,.,.,17.0,13+ Years
JAYALAXMI DAS,37857.0,7T-8T,Excavator - EX70,0703-6367,2010-11-17,15.0,Bhubaneswar,,,,.,.,.,.,.,.,16.0,13+ Years
Jitendra Kumar Beura,32006.0,7T-8T,Excavator - EX70,0703-6354,2010-09-08,15.0,Bhubaneswar,,,,.,.,.,.,.,.,16.0,13+ Years
Jitendra Yadav,91323.0,20T-22T,EX215 SUPER PLUS,SP22-80029,2020-09-14,5.0,Bhubaneswar,,,,.,.,.,.,.,.,6.0,4-7 Years
Jyoti Krusna Mishra,22206.0,7T-8T,Excavator - EX70,0703-4894,2008-12-06,17.0,Bhubaneswar,,,,.,.,.,.,.,.,18.0,13+ Years
Jyoti Krusna Mishra,22206.0,7T-8T,Excavator - EX70,0703-5343,2009-08-25,16.0,Bhubaneswar,,,,.,.,.,.,.,.,17.0,13+ Years
JYOTI PRAKASH PARIJA,6395.0,WL,Wheel Loader TL360Z,L360-4531,2015-04-08,10.0,Bhubaneswar,,,,.,.,.,.,.,.,11.0,8-12 Years
Jyoti Ranjan Pal,86179.0,7T-8T,Excavator - EX70,S070-16689,2018-01-31,8.0,Bhubaneswar,,,,.,.,.,.,.,.,8.0,8-12 Years
Jyotirmayee Sahoo,132557.0,20T-22T,EX210-Super Models,SP21-62464,2022-01-30,4.0,Bhubaneswar,,,,.,.,.,.,.,.,4.0,4-7 Years
Kanha Enterprises,70944.0,20T-22T,EX200-Super,S200-52276,2014-10-16,11.0,Bhubaneswar,,,,.,.,.,.,.,.,12.0,8-12 Years
KARAN KUMAR SINGH,86425.0,20T-22T,EX210-Super Models,S210-55974,2018-01-15,8.0,Bhubaneswar,,,,.,.,.,.,.,.,8.0,8-12 Years
Kazstroy Engineering India Pvt Ltd.,20260.0,20T-22T,Excavator - EX200LC,2001-10071,2009-02-12,17.0,Bhubaneswar,,,,.,.,.,.,.,.,17.0,13+ Years
Kazstroy Engineering India Pvt Ltd.,20260.0,20T-22T,Excavator - EX200LC,2001-10074,2009-02-27,17.0,Bhubaneswar,,,,.,.,.,.,.,.,17.0,13+ Years
Kazstroy Engineering India Pvt Ltd.,20260.0,20T-22T,Excavator - EX200LC,2001-10078,2009-02-27,17.0,Bhubaneswar,,,,.,.,.,.,.,.,17.0,13+ Years
Kazstroy Engineering India Pvt Ltd.,20260.0,20T-22T,Excavator - EX200LC,2001-10099,2009-05-12,16.0,Bhubaneswar,,,,.,.,.,.,.,.,17.0,13+ Years
Kazstroy Engineering India Pvt Ltd.,20260.0,20T-22T,Excavator - EX200LC,2001-9820,2009-02-13,17.0,Bhubaneswar,,,,.,.,.,.,.,.,17.0,13+ Years
Kazstroy Engineering India Pvt Ltd.,20260.0,20T-22T,Excavator - EX200LC,2001-9827,2009-02-13,17.0,Bhubaneswar,,,,.,.,.,.,.,.,17.0,13+ Years
Kazstroy Engineering India Pvt Ltd.,20260.0,20T-22T,Excavator - EX200LC,2001-9829,2009-02-15,17.0,Bhubaneswar,,,,.,.,.,.,.,.,17.0,13+ Years
Kazstroy Engineering India Pvt Ltd.,20260.0,20T-22T,Excavator - EX200LC,2001-9925,2009-02-15,17.0,Bhubaneswar,,,,.,.,.,.,.,.,17.0,13+ Years
KCS Private Limited,10911.0,7T-8T,Excavator - EX70,0703-4932,2009-03-11,17.0,Bhubaneswar,,,,.,.,.,.,.,.,17.0,13+ Years
KLP ENTERPRISES,98600.0,20T-22T,EX210-Super Models,SP21-46499,2020-10-19,5.0,Bhubaneswar,,,,.,.,.,.,.,.,6.0,4-7 Years
Krushna Chandra Sahoo,61089.0,7T-8T,Excavator - EX70,0703-8336,2012-10-25,13.0,Bhubaneswar,,,,.,.,.,.,.,.,14.0,13+ Years
KUMAR CARGO SOLUTION,90867.0,20T-22T,EX200-Super,SP20-56182,2019-01-17,7.0,Bhubaneswar,,,,.,.,.,.,.,.,7.0,4-7 Years
Kumar Dalabehera,13582.0,7T-8T,Excavator - EX70,0703-4189,2008-04-03,18.0,Bhubaneswar,,,,.,.,.,.,.,.,18.0,13+ Years
Lachhman Rout,53953.0,7T-8T,Excavator - EX70,0703-7066,2011-05-09,14.0,Bhubaneswar,,,,.,.,.,.,.,.,15.0,13+ Years
Laxmi Infrastructure,38224.0,20T-22T,Zaxis 210,0ACE-001377,2011-01-29,15.0,Bhubaneswar,,,,.,.,.,.,.,.,15.0,13+ Years
Laxmi Infrastructure,38224.0,20T-22T,Excavator - EX210LCH,210V-2104,2009-11-28,16.0,Bhubaneswar,,,,.,.,.,.,.,.,17.0,13+ Years
Laxmidhar Swain,25651.0,7T-8T,Excavator - EX70,0703-4701,2008-09-26,17.0,Bhubaneswar,,,,.,.,.,.,.,.,18.0,13+ Years
Lingaraj Jena,65949.0,7T-8T,Excavator - EX70,0703-8788,2013-05-24,12.0,Bhubaneswar,,,,.,.,.,.,.,.,13.0,13+ Years
Lokanath Construction,28724.0,7T-8T,Excavator - EX70,0703-4948,2009-02-10,17.0,Bhubaneswar,,,,.,.,.,.,.,.,17.0,13+ Years
Lord Enterprises,20091.0,10T-14T,Excavator - EX110,1101-1806,2007-08-31,18.0,Bhubaneswar,,,,.,.,.,.,.,.,19.0,13+ Years
Lord Gupteswar Project Pvt ltd,74558.0,20T-22T,EX200-Super,SP20-57587,2021-05-07,4.0,Bhubaneswar,,,,.,.,.,.,.,.,5.0,4-7 Years
Lord Gupteswar Project Pvt ltd,74558.0,20T-22T,EX200-Super,SP20-57592,2021-05-01,4.0,Bhubaneswar,,,,.,.,.,.,.,.,5.0,4-7 Years
M.K. Traders,21483.0,20T-22T,Excavator - EX210LCH,210V-1472,2007-11-13,18.0,Bhubaneswar,,,,.,.,.,.,.,.,19.0,13+ Years
M/s Shreemayee Constructions,91960.0,20T-22T,EX210-Super Models,SP21-60149,2018-11-16,7.0,Bhubaneswar,,,,.,.,.,.,.,.,8.0,8-12 Years
Maa Baghei Construction Pvt. Ltd.,25717.0,7T-8T,Excavator - EX70,0703-4697,2008-09-23,17.0,Bhubaneswar,,,,.,.,.,.,.,.,18.0,13+ Years
Maa Ramchandi Earth Mover,69900.0,20T-22T,EX200-Super,S200-52168,2014-06-04,11.0,Bhubaneswar,,,,.,.,.,.,.,.,12.0,8-12 Years
MADHUSMITA BEHERA,150370.0,7T-8T,EX70 PRIME,PO70-20450,2023-01-02,3.0,Bhubaneswar,,,,.,.,.,.,.,.,3.0,0-3 Years
MAHENDRA DHANNALAL VERMA,94404.0,20T-22T,EX210-Super Models,SP21-60513,2019-04-06,6.0,Bhubaneswar,,,,.,.,.,.,.,.,7.0,4-7 Years
Maheshwary Ispat Limited,22621.0,20T-22T,Excavator - EX210LCH,210V-1576,2008-01-30,18.0,Bhubaneswar,,,,.,.,.,.,.,.,18.0,13+ Years
Manasi Mohanty,22919.0,20T-22T,Excavator - EX200LC,2001-8695,2008-03-17,18.0,Bhubaneswar,,,,.,.,.,.,.,.,18.0,13+ Years
MANASWINEE BEHERA,6395.0,20T-22T,EX200-Super,S200-52245,2014-09-01,11.0,Bhubaneswar,,,,.,.,.,.,.,.,12.0,8-12 Years
Mandeep Rayet,49528.0,20T-22T,Excavator - EX200LC,2001-11975,2010-11-08,15.0,Bhubaneswar,,,,.,.,.,.,.,.,16.0,13+ Years
Manini Barala,82602.0,BHL,TATA HIT 86BHL,THEWBAD0AH0010996,2017-06-05,8.0,Bhubaneswar,,,,.,.,.,.,.,.,9.0,8-12 Years
Manoj Sahoo,54252.0,20T-22T,Excavator - EX200LC,2001-50097,2011-05-29,14.0,Bhubaneswar,,,,.,.,.,.,.,.,15.0,13+ Years
Manoranjan Swain,74243.0,20T-22T,EX200-Super,S200-52626,2015-10-05,10.0,Bhubaneswar,,,,.,.,.,.,.,.,11.0,8-12 Years
MAZDA CONCRETE,32560.0,7T-8T,Excavator - EX70,0703-5177,2009-06-08,16.0,Bhubaneswar,,,,.,.,.,.,.,.,17.0,13+ Years
Megha Engineering &,60626.0,7T-8T,Excavator - EX70,SP07-18146,2019-01-29,7.0,Bhubaneswar,,,,.,.,.,.,.,.,7.0,4-7 Years
Megha Engineering &,60626.0,7T-8T,Excavator - EX70,SP07-18313,2019-06-11,6.0,Bhubaneswar,,,,.,.,.,.,.,.,7.0,4-7 Years
MEGHA ENGINEERING AND INFRASTRUCTUR,95255.0,7T-8T,Excavator - EX70,SP07-18132,2019-01-29,7.0,Bhubaneswar,,,,.,.,.,.,.,.,7.0,4-7 Years
Mihir Pattnaik,47041.0,20T-22T,Excavator - EX200LC,2001-11812,2010-09-23,15.0,Bhubaneswar,,,,.,.,.,.,.,.,16.0,13+ Years
Minati Biswal,82984.0,20T-22T,EX210-Super Models,S210-55690,2017-07-06,8.0,Bhubaneswar,,,,.,.,.,.,.,.,9.0,8-12 Years
Mithun kumar Samal,70911.0,BHL,TATA HIT 86BHL,TH86-10454,2014-09-30,11.0,Bhubaneswar,,,,.,.,.,.,.,.,12.0,8-12 Years
Mosh Varaya Infrastructure Pvt.Ltd.,68452.0,20T-22T,EX200-Super,S200-52417,2015-04-14,10.0,Bhubaneswar,,,,.,.,.,.,.,.,11.0,8-12 Years
Motiram Choudhary,85441.0,10T-14T,Zaxis 120,01S1-053950,2017-12-11,8.0,Bhubaneswar,,,,.,.,.,.,.,.,9.0,8-12 Years
Mrinal Kanti Dutta,22638.0,7T-8T,Excavator - EX70,0703-3919,2008-01-22,18.0,Bhubaneswar,,,,.,.,.,.,.,.,18.0,13+ Years
Naba Kishore Bidhar,55816.0,10T-14T,Zaxis 120,01S1-051165,2011-08-12,14.0,Bhubaneswar,,,,.,.,.,.,.,.,15.0,13+ Years
New Laxmi Steel & Power Pvt. Ltd.,62092.0,20T-22T,Excavator - EX200LC,2001-50647,2012-09-14,13.0,Bhubaneswar,,,,.,.,.,.,.,.,14.0,13+ Years
New Laxmi Steel & Power Pvt. Ltd.,62092.0,20T-22T,Excavator - EX200LC,2001-50678,2012-10-17,13.0,Bhubaneswar,,,,.,.,.,.,.,.,14.0,13+ Years
Nursing Vanijya Pvt. Ltd.,11158.0,20T-22T,Excavator - EX200LC,2001-12544,2011-03-28,15.0,Bhubaneswar,,,,.,.,.,.,.,.,15.0,13+ Years
Nursing Vanijya Pvt. Ltd.,11158.0,20T-22T,Excavator - EX200LC,2001-12564,2011-03-28,15.0,Bhubaneswar,,,,.,.,.,.,.,.,15.0,13+ Years
P. Anjaneyulu,74732.0,20T-22T,EX200-Super,S210-40183,2016-01-07,10.0,Bhubaneswar,,,,.,.,.,.,.,.,10.0,8-12 Years
P.K.NAYAK,7951.0,7T-8T,Excavator - EX70,0703-3889,2008-01-07,18.0,Bhubaneswar,,,,.,.,.,.,.,.,18.0,13+ Years
"Pabitra Mohan Samantaray,",10770.0,20T-22T,Excavator - EX200LC,2001-9980,2009-01-07,17.0,Bhubaneswar,,,,.,.,.,.,.,.,17.0,13+ Years
Padmalochan Jena,70941.0,10T-14T,Excavator - EX110,1101-6588,2014-10-09,11.0,Bhubaneswar,,,,.,.,.,.,.,.,12.0,8-12 Years
Padmanabh Balliarsingh,34220.0,7T-8T,Excavator - EX70,0703-5256,2009-07-16,16.0,Bhubaneswar,,,,.,.,.,.,.,.,17.0,13+ Years
"Parida Construction,",17890.0,7T-8T,Excavator - EX70,0703-2809,2007-01-24,19.0,Bhubaneswar,,,,.,.,.,.,.,.,19.0,13+ Years
Prabhanjan Bhoi,89438.0,20T-22T,Excavator - EX210LCH,S210-56412,2018-07-28,7.0,Bhubaneswar,,,,.,.,.,.,.,.,8.0,8-12 Years
Pradeep Kumar Swain,26016.0,20T-22T,Excavator - EX210LCH,210V-1823,2008-10-15,17.0,Bhubaneswar,,,,.,.,.,.,.,.,18.0,13+ Years
Pradyumna Samantray.,21486.0,7T-8T,Excavator - EX70,0703-3760,2007-12-07,18.0,Bhubaneswar,,,,.,.,.,.,.,.,19.0,13+ Years
Prafulla Kumar Sahoo,69864.0,7T-8T,Excavator - EX70,0703-9286,2014-05-26,11.0,Bhubaneswar,,,,.,.,.,.,.,.,12.0,8-12 Years
Prafulla Kumar Sahoo,69864.0,7T-8T,Excavator - EX70,0703-9325,2014-07-29,11.0,Bhubaneswar,,,,.,.,.,.,.,.,12.0,8-12 Years
Prakash Chandra Biswal,44485.0,7T-8T,Excavator - EX70,0703-6101,2010-06-06,15.0,Bhubaneswar,,,,.,.,.,.,.,.,16.0,13+ Years
Prakash Kumar Jena,34218.0,20T-22T,Excavator - EX200LC,2001-10357,2009-07-22,16.0,Bhubaneswar,,,,.,.,.,.,.,.,17.0,13+ Years
Prakash Kumar Pradhan,56535.0,7T-8T,Excavator - EX70,0703-7259,2011-10-28,14.0,Bhubaneswar,,,,.,.,.,.,.,.,15.0,13+ Years
Pramila Samantray,16831.0,20T-22T,Excavator - EX200LC,2001-6807,2007-01-10,19.0,Bhubaneswar,,,,.,.,.,.,.,.,19.0,13+ Years
Pramod kumar Ratha,87057.0,10T-14T,Excavator - EX110,S110-11674,2018-02-16,8.0,Bhubaneswar,,,,.,.,.,.,.,.,8.0,8-12 Years
Pramod Kumar Sahoo,70534.0,7T-8T,Excavator - EX70,0703-9323,2014-08-22,11.0,Bhubaneswar,,,,.,.,.,.,.,.,12.0,8-12 Years
Pramod Kumar Sahoo,70534.0,7T-8T,Excavator - EX70,S070-15609,2016-08-26,9.0,Bhubaneswar,,,,.,.,.,.,.,.,10.0,8-12 Years
PRASANNA KUMAR NAYAK,111283.0,20T-22T,EX210-Super Models,SP21-61608,2020-11-09,5.0,Bhubaneswar,,,,.,.,.,.,.,.,6.0,4-7 Years
Progressive Tele Infra (P) Ltd,49795.0,10T-14T,Excavator - EX110,1101-3909,2010-11-22,15.0,Bhubaneswar,,,,.,.,.,.,.,.,16.0,13+ Years
Raj Kumar Bhuyan,25958.0,7T-8T,Excavator - EX70,0703-5832,2010-02-21,16.0,Bhubaneswar,,,,.,.,.,.,.,.,16.0,13+ Years
RAJAT KU.MOHANTY,37605.0,7T-8T,Excavator - EX70,0703-5494,2009-11-04,16.0,Bhubaneswar,,,,.,.,.,.,.,.,17.0,13+ Years
Rajlaxmi Constructions Pvt. Ltd.,1455.0,7T-8T,Excavator - EX70,0703-4713,2008-10-16,17.0,Bhubaneswar,,,,.,.,.,.,.,.,18.0,13+ Years
Rajlaxmi Constructions Pvt. Ltd.,1455.0,7T-8T,Excavator - EX70,0703-4715,2008-10-18,17.0,Bhubaneswar,,,,.,.,.,.,.,.,18.0,13+ Years
"Rakesh Kumar Jena,",12613.0,20T-22T,EX200-Super,S200-52155,2014-05-28,11.0,Bhubaneswar,,,,.,.,.,.,.,.,12.0,8-12 Years
Ramesh Stone Works,17756.0,20T-22T,Excavator - EX210LCH,210V-1110,2007-02-10,19.0,Bhubaneswar,,,,.,.,.,.,.,.,19.0,13+ Years
Ranjan Kumar Moharana,82368.0,BHL,TATA HIT 76BHL,THEWAAD0TH0011009,2017-05-24,8.0,Bhubaneswar,,,,.,.,.,.,.,.,9.0,8-12 Years
Ranjeet Singh Choudhary,59896.0,20T-22T,Excavator - EX200LC,2001-15097,2013-04-08,12.0,Bhubaneswar,,,,.,.,.,.,.,.,13.0,13+ Years
Ranjit Mohanty,65323.0,BHL,TATA HIT 76BHL,TH76-10177,2013-04-02,13.0,Bhubaneswar,,,,.,.,.,.,.,.,13.0,13+ Years
Rashmikanta Rout,49890.0,7T-8T,Excavator - EX70,0703-9062,2014-01-02,12.0,Bhubaneswar,,,,.,.,.,.,.,.,12.0,8-12 Years
RAVASAHEB ARJUN KHOT,95128.0,20T-22T,EX200-Super,SP20-28107,2019-05-08,6.0,Bhubaneswar,,,,.,.,.,.,.,.,7.0,4-7 Years
RSC INFRATECH DEVELOPERS LLP,139578.0,20T-22T,EX210-Super Models,SP21-62699,2022-06-28,3.0,Bhubaneswar,,,,.,.,.,.,.,.,4.0,4-7 Years
S.S.Construction Co,81671.0,7T-8T,Excavator - EX70,S070-16118,2017-03-31,9.0,Bhubaneswar,,,,.,.,.,.,.,.,9.0,8-12 Years
Saban Kumar Mohanty,70696.0,7T-8T,Excavator - EX70,0703-9384,2014-09-05,11.0,Bhubaneswar,,,,.,.,.,.,.,.,12.0,8-12 Years
Sabita Agarwal,79258.0,20T-22T,EX200-Super,S200-53625,2017-02-11,9.0,Bhubaneswar,,,,.,.,.,.,.,.,9.0,8-12 Years
Sairaj Infrastructures,64817.0,20T-22T,Excavator - EX200LC,2001-15047,2013-03-02,13.0,Bhubaneswar,,,,.,.,.,.,.,.,13.0,13+ Years
Sandeep Malik,18725.0,20T-22T,Excavator - EX200LC,2001-7177,2007-01-01,19.0,Bhubaneswar,,,,.,.,.,.,.,.,19.0,13+ Years
Sangita Agarwal,79222.0,20T-22T,EX200-Super,S200-53685,2017-02-21,9.0,Bhubaneswar,,,,.,.,.,.,.,.,9.0,8-12 Years
Sangram Chakraborty,19408.0,7T-8T,Excavator - EX70,0703-3200,2007-06-21,18.0,Bhubaneswar,,,,.,.,.,.,.,.,19.0,13+ Years
Sangram Chakraborty,19408.0,7T-8T,Excavator - EX70,0703-6595,2010-12-27,15.0,Bhubaneswar,,,,.,.,.,.,.,.,16.0,13+ Years
SANJAY  STONEWARE PIPES PRIVATE LIM,97265.0,BHL,Shinrai-BX80,THEWABD0CK0000871,2019-10-23,6.0,Bhubaneswar,,,,.,.,.,.,.,.,7.0,4-7 Years
Sanskriti Natural Resources,85443.0,20T-22T,EX200-Super,S200-54916,2018-05-21,7.0,Bhubaneswar,,,,.,.,.,.,.,.,8.0,8-12 Years
SARRC Agro & Developers LLP,,WL,TL340H Prime,THEWBJK0LN0000128,2022-06-30,3.0,Bhubaneswar,,,,.,.,.,.,.,.,4.0,4-7 Years
Satrughana Sahoo,80652.0,7T-8T,Excavator - EX70,S070-16043,2017-02-23,9.0,Bhubaneswar,,,,.,.,.,.,.,.,9.0,8-12 Years
Satyanarayan Behera,70541.0,BHL,TATA HIT 76BHL,TH76-10656,2014-09-25,11.0,Bhubaneswar,,,,.,.,.,.,.,.,12.0,8-12 Years
SHAFFA ENGINEERING & CONSTRUCTION C,76184.0,20T-22T,ZAxis 220 GI,THEDC0L0J00000193,2016-04-06,9.0,Bhubaneswar,,,,.,.,.,.,.,.,10.0,8-12 Years
SHAJAHAN N K,95388.0,7T-8T,Excavator - EX70,SP07-18316,2019-05-28,6.0,Bhubaneswar,,,,.,.,.,.,.,.,7.0,4-7 Years
Shaktawat Construction,87860.0,20T-22T,EX200-Super,S200-24526,2018-04-30,7.0,Bhubaneswar,,,,.,.,.,.,.,.,8.0,8-12 Years
Shiba Prasad Sahu,47363.0,7T-8T,Excavator - EX70,0703-6634,2011-01-05,15.0,Bhubaneswar,,,,.,.,.,.,.,.,15.0,13+ Years
SHIV SAI CONSTRUCTION,99123.0,20T-22T,EX200-Super,SP20-56996,2020-02-08,6.0,Bhubaneswar,,,,.,.,.,.,.,.,6.0,4-7 Years
Shivajyoti Conpro Private Limited,90711.0,7T-8T,Excavator - EX70,S070-17133,2018-09-12,7.0,Bhubaneswar,,,,.,.,.,.,.,.,8.0,8-12 Years
Shushant Rath,77880.0,20T-22T,ZAxis 220 GI,THEDC0L0T00000254,2016-08-13,9.0,Bhubaneswar,,,,.,.,.,.,.,.,10.0,8-12 Years
Shushant Rath,77880.0,20T-22T,ZAxis 220 GI,THEDC0L0V00000259,2016-08-19,9.0,Bhubaneswar,,,,.,.,.,.,.,.,10.0,8-12 Years
Soumendra Kumar Parida,66654.0,7T-8T,Excavator - EX70,0703-8845,2013-08-02,12.0,Bhubaneswar,,,,.,.,.,.,.,.,13.0,13+ Years
Soumyaranjan samal,,20T-22T,Excavator-210 LS,THEDJLL0068324,2025-03-14,1.0,Bhubaneswar,,,,.,.,.,.,.,.,1.0,0-3 Years
SREEMAA CONSTRUCTION,113870.0,7T-8T,Excavator - EX70,SP07-19047,2021-02-01,5.0,Bhubaneswar,,,,.,.,.,.,.,.,5.0,4-7 Years
Srikshetra Stone Crusher,75652.0,20T-22T,ZAxis 220 GI,THEDCRL0P00000440,2016-03-13,10.0,Bhubaneswar,,,,.,.,.,.,.,.,10.0,8-12 Years
Sujay Kumar Jena,85155.0,20T-22T,EX200-Super,S200-54479,2017-12-02,8.0,Bhubaneswar,,,,.,.,.,.,.,.,9.0,8-12 Years
Sukumar Das,67028.0,7T-8T,Excavator - EX70,0703-8926,2013-11-09,12.0,Bhubaneswar,,,,.,.,.,.,.,.,13.0,13+ Years
Susanta Kumar Pradhan,86263.0,7T-8T,Excavator - EX70,S070-16617,2018-01-10,8.0,Bhubaneswar,,,,.,.,.,.,.,.,8.0,8-12 Years
Swarup Ku. Mohanty,47392.0,7T-8T,Excavator - EX70,0703-9413,2014-10-10,11.0,Bhubaneswar,,,,.,.,.,.,.,.,12.0,8-12 Years
Symond India,6395.0,20T-22T,EX200-Super,S200-52259,2014-09-28,11.0,Bhubaneswar,,,,.,.,.,.,.,.,12.0,8-12 Years
TANSAM ENGINEERING & CONSTRUCTION,91045.0,20T-22T,ZAxis 220 GI,THEDCRL0H00001453,2018-10-09,7.0,Bhubaneswar,,,,.,.,.,.,.,.,8.0,8-12 Years
Tarun Kumar Dey,71565.0,7T-8T,Excavator - EX70,S070-15311,2015-12-13,10.0,Bhubaneswar,,,,.,.,.,.,.,.,11.0,8-12 Years
The Utkal Manufacturing & Services,56787.0,35T-40T,Zaxis 370,0ACH-000350,2011-10-05,14.0,Bhubaneswar,,,,.,.,.,.,.,.,15.0,13+ Years
Tophan Kumar Champati,79867.0,20T-22T,EX210-Super Models,S210-55393,2016-12-20,9.0,Bhubaneswar,,,,.,.,.,.,.,.,10.0,8-12 Years
TRENCHLESS ENGINEERING SERVICES (P),146445.0,20T-22T,EX210-Super Models,SP21-62907,2022-11-09,3.0,Bhubaneswar,,,,.,.,.,.,.,.,4.0,4-7 Years
TRENCHLESS ENGINEERING SERVICES (P),146445.0,20T-22T,EX210-Super Models,SP21-62946,2022-11-01,3.0,Bhubaneswar,,,,.,.,.,.,.,.,4.0,4-7 Years
Tulasi Transport,90389.0,20T-22T,EX210-Super Models,SP21-60712,2019-10-06,6.0,Bhubaneswar,,,,.,.,.,.,.,.,7.0,4-7 Years
UMAKANTA SAHOO,114939.0,BHL,Shinrai-BX80,THEWABD0HM0002211,2021-03-02,5.0,Bhubaneswar,,,,.,.,.,.,.,.,5.0,4-7 Years
UNIVERSAL CONTRACTORS & ENGINEERS P,87954.0,20T-22T,EX200-Super,S200-54778,2018-04-01,8.0,Bhubaneswar,,,,.,.,.,.,.,.,8.0,8-12 Years
UTKAL HYDRAULICKS,93612.0,7T-8T,Excavator - EX70,SP07-18294,2019-07-12,6.0,Bhubaneswar,,,,.,.,.,.,.,.,7.0,4-7 Years
Varada Earthworks,21669.0,20T-22T,Excavator - EX200LC,2001-8162,2007-11-25,18.0,Bhubaneswar,,,,.,.,.,.,.,.,19.0,13+ Years
VGP Infra,53871.0,7T-8T,Excavator - EX70,0703-7022,2011-05-11,14.0,Bhubaneswar,,,,.,.,.,.,.,.,15.0,13+ Years
Ashirbad Construction,78700.0,10T-14T,EX130 Super plus,SP13-14555,2020-05-14,5.0,Jajpur,,,,.,.,.,.,.,.,6.0,4-7 Years
RAHUL MITTAL,84391.0,20T-22T,EX210-Super Models,S210-55800,2017-10-17,8.0,Jajpur,,,,.,.,.,.,.,.,9.0,8-12 Years
Ramakanta Rout,75649.0,BHL,TATA HIT 86BHL,THEWBAD0AG0010687,2016-02-26,10.0,Jajpur,,,,.,.,.,.,.,.,10.0,8-12 Years
RASMITA DHAL,132568.0,BHL,SHINRAI PRIME-BSIV,THEWACD0JM0000568,2022-02-12,4.0,Jajpur,,,,.,.,.,.,.,.,4.0,4-7 Years
Ratiranjan Jena,77253.0,20T-22T,EX210-Super Models,S210-55760,2017-10-05,8.0,Jajpur,,,,.,.,.,.,.,.,9.0,8-12 Years
RAVI KUMAR KETHAVATH,97548.0,20T-22T,ZAxis 220 GI,THEDCRL0C00001916,2019-12-02,6.0,Jajpur,,,,.,.,.,.,.,.,7.0,4-7 Years
Ravinder Phugat,76646.0,20T-22T,EX200-Super,S200-52999,2016-05-13,9.0,Jajpur,,,,.,.,.,.,.,.,10.0,8-12 Years
S S Police Patil & Company,58448.0,7T-8T,Excavator - EX70,0703-7650,2011-12-24,14.0,Jajpur,,,,.,.,.,.,.,.,15.0,13+ Years
SABITA RANI TRIPATHY,115526.0,20T-22T,EX210-Super Models,SP21-61790,2021-04-10,4.0,Jajpur,,,,.,.,.,.,.,.,5.0,4-7 Years
Sabyasachi Mohanty,69040.0,7T-8T,Excavator - EX70,0703-9258,2014-05-03,11.0,Jajpur,,,,.,.,.,.,.,.,12.0,8-12 Years
Sambit Singh,87957.0,20T-22T,EX210-Super Models,S210-56205,2018-04-16,7.0,Jajpur,,,,.,.,.,.,.,.,8.0,8-12 Years
Sanjay Kumar Aiech,76547.0,20T-22T,EX200-Super,S200-53008,2016-05-05,9.0,Jajpur,,,,.,.,.,.,.,.,10.0,8-12 Years
Sanjib Kumar Jena,88852.0,20T-22T,EX210-Super Models,S210-56263,2018-05-14,7.0,Jajpur,,,,.,.,.,.,.,.,8.0,8-12 Years
Saroj kumar Swain,80270.0,20T-22T,EX200-Super,S200-53602,2017-01-21,9.0,Jajpur,,,,.,.,.,.,.,.,9.0,8-12 Years
Sashikanta Samal,82575.0,20T-22T,EX210-Super Models,S210-55959,2018-01-03,8.0,Jajpur,,,,.,.,.,.,.,.,8.0,8-12 Years
SBJ PROJECTS PVT LTD,77653.0,20T-22T,EX200-Super,S200-53818,2017-04-04,8.0,Jajpur,,,,.,.,.,.,.,.,9.0,8-12 Years
SBJ PROJECTS PVT LTD,77653.0,20T-22T,EX200-Super,S200-53829,2017-04-04,8.0,Jajpur,,,,.,.,.,.,.,.,9.0,8-12 Years
SBL TRADERS,130021.0,20T-22T,EX210-Super Models,SP21-47196,2021-12-17,4.0,Jajpur,,,,.,.,.,.,.,.,5.0,4-7 Years
Siddhi Cargo Carrier,73429.0,WL,Wheel Loader TL360Z,L360-4551,2015-07-20,10.0,Jajpur,,,,.,.,.,.,.,.,11.0,8-12 Years
Sidhartha Sankar Samal,79591.0,20T-22T,EX210-Super Models,S210-55368,2016-11-25,9.0,Jajpur,,,,.,.,.,.,.,.,10.0,8-12 Years
SISIR KANTA JENA,158595.0,7T-8T,EX70 PRIME,P070-20677,2023-05-24,2.0,Jajpur,,,,.,.,.,.,.,.,3.0,0-3 Years
SNEHASISH RAY,92723.0,20T-22T,EX210-Super Models,SP21-60497,2019-03-05,7.0,Jajpur,,,,.,.,.,.,.,.,7.0,4-7 Years
SOHAMS FOUNDATION ENGINEERING PRIVA,38716.0,7T-8T,Excavator - EX70,S070-15650,2016-07-15,9.0,Jajpur,,,,.,.,.,.,.,.,10.0,8-12 Years
Somanath Panda,13969.0,20T-22T,EX200-Super,S200-55014,2018-07-12,7.0,Jajpur,,,,.,.,.,.,.,.,8.0,8-12 Years
Sreeven Constructions,75472.0,35T-40T,Zaxis 370,0ACH-000951,2016-03-14,10.0,Jajpur,,,,.,.,.,.,.,.,10.0,8-12 Years
SREI  Equipment Finance Ltd.,80940.0,35T-40T,Zaxis 370GI,THEDD1L0T00000421,2018-03-23,8.0,Jajpur,,,,.,.,.,.,.,.,8.0,8-12 Years
SRI DURGA CONDEV PRIVATE LIMITED,1124.0,10T-14T,Excavator - EX110,1101-6605,2014-11-17,11.0,Jajpur,,,,.,.,.,.,.,.,12.0,8-12 Years
SRI DURGA CONDEV PRIVATE LIMITED,1124.0,10T-14T,Excavator - EX110,S110-10117,2015-10-11,10.0,Jajpur,,,,.,.,.,.,.,.,11.0,8-12 Years
SRI DURGA CONDEV PRIVATE LIMITED,1124.0,10T-14T,Excavator - EX110,S110-10125,2015-10-11,10.0,Jajpur,,,,.,.,.,.,.,.,11.0,8-12 Years
SRI DURGA CONDEV PRIVATE LIMITED,1124.0,10T-14T,Excavator - EX110,S110-10128,2015-10-11,10.0,Jajpur,,,,.,.,.,.,.,.,11.0,8-12 Years
Sri Venkateswara Constructions,74386.0,20T-22T,ZAxis 220 GI,THEDCRL0A00000543,2016-05-10,9.0,Jajpur,,,,.,.,.,.,.,.,10.0,8-12 Years
Swadhin Das,82406.0,20T-22T,EX210-Super Models,S210-55649,2017-05-27,8.0,Jajpur,,,,.,.,.,.,.,.,9.0,8-12 Years
SWAROOP RAM,134626.0,20T-22T,ZX-220,THEDCRLOC00002998,2022-03-08,4.0,Jajpur,,,,.,.,.,.,.,.,4.0,4-7 Years
Tapan Kumar Jena,44075.0,WL,Wheel Loader TL360Z,THEWBFK0CG0004613,2016-09-30,9.0,Jajpur,,,,.,.,.,.,.,.,10.0,8-12 Years
Tapan Kumar Sahoo,44073.0,WL,Wheel Loader TL360Z,THEWBFK0EG0004621,2016-11-16,9.0,Jajpur,,,,.,.,.,.,.,.,10.0,8-12 Years
Tapan Kumar Sahoo,44073.0,WL,Wheel Loader TL360Z,THEWBFK0PG0004624,2016-12-03,9.0,Jajpur,,,,.,.,.,.,.,.,10.0,8-12 Years
TATA HITACHI CONSTRUCTION MACHINERY,116829.0,20T-22T,EX200-Super,SP20-65532,2024-01-29,2.0,Jajpur,,,,.,.,.,.,.,.,2.0,0-3 Years
Tata Steel Ltd.,1127.0,20T-22T,Excavator - EX200LC,2001-50498,2012-05-02,13.0,Jajpur,,,,.,.,.,.,.,.,14.0,13+ Years
Trilochan Dash,87452.0,10T-14T,Excavator - EX110,S110-11702,2018-03-09,8.0,Jajpur,,,,.,.,.,.,.,.,8.0,8-12 Years
Umakant Gaur,69581.0,20T-22T,EX200-Super,S200-52133,2014-05-09,11.0,Jajpur,,,,.,.,.,.,.,.,12.0,8-12 Years
Umakant Gaur,69581.0,20T-22T,EX200-Super,S200-52170,2014-06-10,11.0,Jajpur,,,,.,.,.,.,.,.,12.0,8-12 Years
Utkal Highways,82495.0,20T-22T,EX210-Super Models,S210-55660,2017-06-07,8.0,Jajpur,,,,.,.,.,.,.,.,9.0,8-12 Years
VAKITI INFRA PRIVATE LIMITED,145899.0,20T-22T,EX210-Super Models,SP21-62882,2022-10-14,3.0,Jajpur,,,,.,.,.,.,.,.,4.0,4-7 Years
Vakiti Infra Pvt Ltd,144463.0,35T-40T,Zaxis 370,THEDD1L0E00001520,2023-09-18,2.0,Jajpur,,,,.,.,.,.,.,.,3.0,0-3 Years
VIRBHADRASINH G VADHER,64769.0,20T-22T,EX210-Super Models,SP21-45083,2018-11-15,7.0,Jajpur,,,,.,.,.,.,.,.,8.0,8-12 Years
VIRBHADRASINH G VADHER,64769.0,20T-22T,EX210-Super Models,SP21-60059,2018-10-11,7.0,Jajpur,,,,.,.,.,.,.,.,8.0,8-12 Years
Yashobanta Naik,81838.0,20T-22T,EX210-Super Models,S210-55567,2017-04-13,8.0,Jajpur,,,,.,.,.,.,.,.,9.0,8-12 Years
YUMNAM IBOTOMNBA SINGH,66384.0,BHL,TATA HIT 86BHL,TH86-10127,2013-06-22,12.0,Jajpur,,,,.,.,.,.,.,.,13.0,13+ Years
AMR CONSTRUCTIONS,148877.0,RB,RB–Alicon Super,B215-4688,2024-01-27,,Jeypore,,,,.,.,.,.,.,.,2.0,0-3 Years
Parida Construction,63778.0,RB,RB–Alicon Super,B60S-2045,2024-04-20,,Jeypore,,,,.,.,.,.,.,.,2.0,0-3 Years
Akhilesh Kumar Agarwal,76579.0,20T-22T,EX200-Super,S200-53052,2016-05-26,9.0,Jharsuguda,,,,.,.,.,.,.,.,10.0,8-12 Years
Jay Maa Tarini Earth Movers,86659.0,20T-22T,EX200-Super,S200-24273,2018-02-06,8.0,Jharsuguda,,,,.,.,.,.,.,.,8.0,8-12 Years
Jay Maa Tarini Earth Movers,86659.0,20T-22T,EX200-Super,SP20-56240,2018-12-14,7.0,Jharsuguda,,,,.,.,.,.,.,.,8.0,8-12 Years
M/S MAHAVIR BENEFICATION  PVT. LTD.,76964.0,20T-22T,EX200-Super,S200-22470,2016-10-21,9.0,Jharsuguda,,,,.,.,.,.,.,.,10.0,8-12 Years
PANUGANTI MASAIAH,154779.0,20T-22T,EX210-Super Models,SP21-48123,2023-04-07,2.0,Jharsuguda,,,,.,.,.,.,.,.,3.0,0-3 Years
SALASAR CONSTRUCTION COMPANY,146888.0,20T-22T,EX210-Super Models,SP21-62928,2022-11-09,3.0,Jharsuguda,,,,.,.,.,.,.,.,4.0,4-7 Years
Khusu Apat,18715.0,35T-40T,Zaxis 330,1HH00A00037121,2008-09-20,17.0,Koira,,,,.,.,.,.,.,.,18.0,13+ Years
Khusu Apat,18715.0,20T-22T,Zaxis 270,1V400E00032006,2008-09-20,17.0,Koira,,,,.,.,.,.,.,.,18.0,13+ Years
Khusu Apat,18715.0,20T-22T,Excavator - EX210LCH,210V-1548,2008-01-04,18.0,Koira,,,,.,.,.,.,.,.,18.0,13+ Years
NAMDEV KUNDALIK SHINDE,95330.0,20T-22T,EX210-Super Models,SP21-45611,2019-06-06,6.0,Koira,,,,.,.,.,.,.,.,7.0,4-7 Years
SIDHARTHA ROY,154741.0,20T-22T,EX210-Super Models,SP21-63577,2023-10-31,2.0,Koira,,,,.,.,.,.,.,.,3.0,0-3 Years
STEM Mineral Resources LLP,69005.0,20T-22T,ZAxis 220 GI,THEDCRL0V00000038,2014-03-16,12.0,Koira,,,,.,.,.,.,.,.,12.0,8-12 Years
SUSHANTA KUMAR CHOUDHURY,40628.0,20T-22T,Zaxis 210,0ACE-001044,2010-02-27,16.0,Koira,,,,.,.,.,.,.,.,16.0,13+ Years
ABC Trans Carriers Pvt. Ltd.,16546.0,WL,Wheel Loader-TWL3036,3036-4181,2012-01-30,14.0,Paradeep,,,,.,.,.,.,.,.,14.0,13+ Years
Anil Contractors Pvt. Ltd.,54405.0,20T-22T,EX200-Super,S200-54722,2018-02-23,8.0,Paradeep,,,,.,.,.,.,.,.,8.0,8-12 Years
Anil Contractors Pvt. Ltd.,54405.0,20T-22T,EX200-Super,S200-54731,2018-02-27,8.0,Paradeep,,,,.,.,.,.,.,.,8.0,8-12 Years
Ashok Kumar Uttarsingh Mohapatra,31321.0,7T-8T,Excavator - EX70,0703-6160,2010-07-15,15.0,Paradeep,,,,.,.,.,.,.,.,16.0,13+ Years
Ayush Construction,51407.0,7T-8T,Excavator - EX70,0703-6767,2011-02-19,15.0,Paradeep,,,,.,.,.,.,.,.,15.0,13+ Years
Balaram Champati,53314.0,7T-8T,Excavator - EX70,0703-8618,2013-03-06,13.0,Paradeep,,,,.,.,.,.,.,.,13.0,13+ Years
BANOJ  KUMAR MISHRA,23498.0,20T-22T,Excavator - EX210LCH,210V-2111,2010-01-02,16.0,Paradeep,,,,.,.,.,.,.,.,16.0,13+ Years
Bhagaban Dalai,63513.0,BHL,Tata Back Load 315V,315V-8982,2012-12-11,13.0,Paradeep,,,,.,.,.,.,.,.,14.0,13+ Years
Bijay Kumar Mahapatra,56769.0,20T-22T,Excavator - EX200LC,2001-50231,2011-10-14,14.0,Paradeep,,,,.,.,.,.,.,.,15.0,13+ Years
Bijaya Kumar Nayak,50711.0,20T-22T,Excavator - EX200LC,2001-50102,2011-06-04,14.0,Paradeep,,,,.,.,.,.,.,.,15.0,13+ Years
Birendra kumar Mohanty,18453.0,20T-22T,Excavator - EX210LCH,210V-1149,2007-03-14,19.0,Paradeep,,,,.,.,.,.,.,.,19.0,13+ Years
Harish Chandra Dash.,57844.0,BHL,TATA315E Bakhoe Lodr,315E-2198,2012-01-03,14.0,Paradeep,,,,.,.,.,.,.,.,14.0,13+ Years
Hemant  Kumar Mohanty,22819.0,20T-22T,Zaxis 210,0ACE-001298,2010-12-06,15.0,Paradeep,,,,.,.,.,.,.,.,16.0,13+ Years
Himanchal Panda,29325.0,7T-8T,Excavator - EX70,0703-4964,2009-03-02,17.0,Paradeep,,,,.,.,.,.,.,.,17.0,13+ Years
Karan Construction Company,12994.0,20T-22T,EX210-Super Models,SP21-62753,2022-06-06,3.0,Paradeep,,,,.,.,.,.,.,.,4.0,4-7 Years
Kazstroy Engineering India Pvt Ltd.,20260.0,20T-22T,Excavator - EX200LC,2001-10098,2009-04-15,16.0,Paradeep,,,,.,.,.,.,.,.,17.0,13+ Years
Krushna Chandra Muduli,85982.0,7T-8T,Excavator - EX70,S070-16621,2018-01-18,8.0,Paradeep,,,,.,.,.,.,.,.,8.0,8-12 Years
Lipak Kumar Sahoo,65322.0,BHL,TATA HIT 76BHL,TH76-10249,2013-04-12,12.0,Paradeep,,,,.,.,.,.,.,.,13.0,13+ Years
M S INFRAENGINEERS PRIVATE LIMITED,71153.0,20T-22T,EX200-Super,S200-52917,2016-03-21,10.0,Paradeep,,,,.,.,.,.,.,.,10.0,8-12 Years
M S INFRAENGINEERS PRIVATE LIMITED,71153.0,20T-22T,EX200-Super,S200-52928,2016-03-23,10.0,Paradeep,,,,.,.,.,.,.,.,10.0,8-12 Years
M S INFRAENGINEERS PRIVATE LIMITED,71153.0,20T-22T,EX200-Super,S200-53024,2016-05-17,9.0,Paradeep,,,,.,.,.,.,.,.,10.0,8-12 Years
M S INFRAENGINEERS PRIVATE LIMITED,71153.0,20T-22T,EX200-Super,S200-53583,2017-01-09,9.0,Paradeep,,,,.,.,.,.,.,.,9.0,8-12 Years
M S INFRAENGINEERS PRIVATE LIMITED,71153.0,20T-22T,EX200-Super,S200-53590,2017-01-10,9.0,Paradeep,,,,.,.,.,.,.,.,9.0,8-12 Years
M/S BASANTI TRANSPORT,73868.0,20T-22T,EX200-Super,S200-52628,2015-09-17,10.0,Paradeep,,,,.,.,.,.,.,.,11.0,8-12 Years
Maa Laxmin Bricks,39064.0,20T-22T,Excavator - EX200LC,2001-50014,2011-01-08,15.0,Paradeep,,,,.,.,.,.,.,.,15.0,13+ Years
Mahendra Nath Ranahandol,12552.0,20T-22T,Excavator - EX210LCH,210V-1639,2008-03-15,18.0,Paradeep,,,,.,.,.,.,.,.,18.0,13+ Years
Mahendra Nath Ranahandol,12552.0,20T-22T,Excavator - EX210LCH,210V-1828,2008-10-17,17.0,Paradeep,,,,.,.,.,.,.,.,18.0,13+ Years
Manju Acharya,52056.0,7T-8T,Excavator - EX70,0703-6739,2011-02-20,15.0,Paradeep,,,,.,.,.,.,.,.,15.0,13+ Years
Mohammed Akram,35945.0,20T-22T,Excavator - EX200LC,2001-10873,2010-01-06,16.0,Paradeep,,,,.,.,.,.,.,.,16.0,13+ Years
MRTC (India) Pvt. Ltd.,36729.0,20T-22T,Excavator - EX200LC,2001-10517,2009-09-30,16.0,Paradeep,,,,.,.,.,.,.,.,17.0,13+ Years
NAYAK INFRASTRUCTURE PVT LTD.,27306.0,20T-22T,ZAxis 220 GI,THEDC0L0K00000113,2016-01-24,10.0,Paradeep,,,,.,.,.,.,.,.,10.0,8-12 Years
NIGAM PRASAD RATHA,94088.0,BHL,SPRM,THEWACD0CP0002686,2024-01-19,2.0,Paradeep,,,,.,.,.,.,.,.,2.0,0-3 Years
Niranjan Mohanty,6395.0,7T-8T,Excavator - EX70,0703-9582,2015-03-01,11.0,Paradeep,,,,.,.,.,.,.,.,11.0,8-12 Years
Nirupama Mining & Transporting Pvt.,49976.0,20T-22T,Excavator - EX200LC,2001-12090,2010-12-14,15.0,Paradeep,,,,.,.,.,.,.,.,16.0,13+ Years
Paradeep Municipality,62184.0,BHL,Tata Back Load 315V,315V-8883,2012-09-07,13.0,Paradeep,,,,.,.,.,.,.,.,14.0,13+ Years
Partha Sarathi Rout.,57843.0,20T-22T,Excavator - EX200LC,2001-50422,2012-03-06,14.0,Paradeep,,,,.,.,.,.,.,.,14.0,13+ Years
PILLI RAJU,79047.0,20T-22T,EX200-Super,S200-22524,2016-11-12,9.0,Paradeep,,,,.,.,.,.,.,.,10.0,8-12 Years
Pradeep Badajena,80451.0,20T-22T,EX210-Super Models,S210-55454,2017-02-01,9.0,Paradeep,,,,.,.,.,.,.,.,9.0,8-12 Years
Pradyumna Samantray.,21486.0,7T-8T,Excavator - EX70,0703-8550,2013-02-14,13.0,Paradeep,,,,.,.,.,.,.,.,13.0,13+ Years
Prafulla Kumar Mohapatra,29451.0,20T-22T,Excavator - EX200LC,2001-10119,2009-03-28,17.0,Paradeep,,,,.,.,.,.,.,.,17.0,13+ Years
Prahalad Chandra Tarai,50655.0,20T-22T,Excavator - EX200LC,2001-12212,2011-01-05,15.0,Paradeep,,,,.,.,.,.,.,.,15.0,13+ Years
Prasanta Sahu,91143.0,7T-8T,Excavator - EX70,S070-17209,2018-10-27,7.0,Paradeep,,,,.,.,.,.,.,.,8.0,8-12 Years
Prashant Kumar Routray,52128.0,7T-8T,Excavator - EX70,0703-6768,2011-02-23,15.0,Paradeep,,,,.,.,.,.,.,.,15.0,13+ Years
Pravash Chandra Mishra,48817.0,7T-8T,Excavator - EX70,0703-6465,2010-10-29,15.0,Paradeep,,,,.,.,.,.,.,.,16.0,13+ Years
Raghunath Nayak,80701.0,7T-8T,Excavator - EX70,S070-16088,2017-03-19,9.0,Paradeep,,,,.,.,.,.,.,.,9.0,8-12 Years
Rajlaxmi Constructions Pvt. Ltd.,1455.0,7T-8T,Excavator - EX70,0703-3924,2008-01-25,18.0,Paradeep,,,,.,.,.,.,.,.,18.0,13+ Years
Ranjan Kumar Senapati,54097.0,20T-22T,Excavator - EX200LC,2001-50083,2011-05-07,14.0,Paradeep,,,,.,.,.,.,.,.,15.0,13+ Years
Ranjit Mohanty,65323.0,7T-8T,Excavator - EX70,SP07-19495,2022-02-01,4.0,Paradeep,,,,.,.,.,.,.,.,4.0,4-7 Years
RDS PROJECT LIMITED,89265.0,7T-8T,Excavator - EX70,SP07-18978,2021-02-10,5.0,Paradeep,,,,.,.,.,.,.,.,5.0,4-7 Years
RIPLEY AND COMPANY STEVEDORING,67269.0,20T-22T,EX210-Super Models,S210-55228,2016-07-20,9.0,Paradeep,,,,.,.,.,.,.,.,10.0,8-12 Years
RIPLEY AND COMPANY STEVEDORING AND,67269.0,20T-22T,Excavator - EX200LC,2001-51017,2013-09-27,12.0,Paradeep,,,,.,.,.,.,.,.,13.0,13+ Years
RIPLEY AND COMPANY STEVEDORING AND,67269.0,10T-14T,Excavator - EX110,S110-10996,2017-01-31,9.0,Paradeep,,,,.,.,.,.,.,.,9.0,8-12 Years
RIPLEY AND COMPANY STEVEDORING AND,67269.0,20T-22T,EX200-Super,S200-52022,2013-12-13,12.0,Paradeep,,,,.,.,.,.,.,.,13.0,13+ Years
Rohit Kumar Das,1553.0,20T-22T,Excavator - EX200LC,2001-10709,2009-11-15,16.0,Paradeep,,,,.,.,.,.,.,.,17.0,13+ Years
S.B. Construction,43834.0,20T-22T,Excavator - EX200LC,2001-11267,2010-05-11,15.0,Paradeep,,,,.,.,.,.,.,.,16.0,13+ Years
Sahoo & Brothers,12409.0,20T-22T,Zaxis 200,1G600J00118638,2007-12-31,18.0,Paradeep,,,,.,.,.,.,.,.,19.0,13+ Years
Sangita Agarwal,79222.0,20T-22T,EX200-Super,S200-53700,2017-03-02,9.0,Paradeep,,,,.,.,.,.,.,.,9.0,8-12 Years
Sangram Kishor Routray,57395.0,BHL,Tata Back Load 315V,315V-8524,2012-01-07,14.0,Paradeep,,,,.,.,.,.,.,.,14.0,13+ Years
Sayed Naser Ahmad,88939.0,20T-22T,EX210-Super Models,SP21-61215,2020-03-07,6.0,Paradeep,,,,.,.,.,.,.,.,6.0,4-7 Years
SBL TRADERS,130021.0,20T-22T,EX210-Super Models,SP21-62457,2022-01-17,4.0,Paradeep,,,,.,.,.,.,.,.,4.0,4-7 Years
Seema Agarwal,79259.0,20T-22T,EX200-Super,S200-53706,2017-03-08,9.0,Paradeep,,,,.,.,.,.,.,.,9.0,8-12 Years
Shaarc Projects Limited,74352.0,20T-22T,ZAxis 220 GI,THEDC0L0C00000222,2016-06-02,9.0,Paradeep,,,,.,.,.,.,.,.,10.0,8-12 Years
Shaarc Projects Limited,74352.0,20T-22T,ZAxis 220 GI,THEDC0L0K00000225,2016-06-06,9.0,Paradeep,,,,.,.,.,.,.,.,10.0,8-12 Years
Shree Builders,12943.0,BHL,Tata Back Load 315V,315V-8838,2012-07-05,13.0,Paradeep,,,,.,.,.,.,.,.,14.0,13+ Years
SRI JOSHI INFRA WORKS,95169.0,RB,RB–Alicon Super,B235-3377,2024-03-02,,Paradeep,,,,.,.,.,.,.,.,2.0,0-3 Years
Sri Ram Trading,87537.0,7T-8T,Excavator - EX70,S070-16752,2018-03-07,8.0,Paradeep,,,,.,.,.,.,.,.,8.0,8-12 Years
Suresh Bhol,65103.0,BHL,TATA HIT 76BHL,TH76-10295,2013-06-24,12.0,Paradeep,,,,.,.,.,.,.,.,13.0,13+ Years
Tarun Kumar Dey,71565.0,7T-8T,Excavator - EX70,0703-9545,2015-01-17,11.0,Paradeep,,,,.,.,.,.,.,.,11.0,8-12 Years
Trilochan Sahu,47662.0,7T-8T,Excavator - EX70,S070-15965,2017-02-15,9.0,Paradeep,,,,.,.,.,.,.,.,9.0,8-12 Years
VIJAY KUMAR YADAV,79253.0,20T-22T,EX210-Super Models,S210-55342,2016-11-12,9.0,Paradeep,,,,.,.,.,.,.,.,10.0,8-12 Years
ZAHEER KHAN,90574.0,20T-22T,EX200-Super,S200-55246,2018-09-12,7.0,Paradeep,,,,.,.,.,.,.,.,8.0,8-12 Years
Indian Metals & Ferro Alloys,10231.0,RB,RB–Alicon Super,B70-4352,2025-07-03,,Rayagada,,,,.,.,.,.,.,.,1.0,0-3 Years
Agrawal Infrabuild Private Limited,18964.0,20T-22T,EX200-Super,S200-53586,2017-01-07,9.0,Rourkela,,,,.,.,.,.,.,.,9.0,8-12 Years
Baba mani Roadways,22492.0,20T-22T,Excavator - EX210LCH,210V-1561,2008-01-14,18.0,Rourkela,,,,.,.,.,.,.,.,18.0,13+ Years
BARBRIK PROJECT LIMITED,92518.0,20T-22T,Zaxis 220LC-GI,THEDCRL0K00001573,2018-12-27,7.0,Rourkela,,,,.,.,.,.,.,.,8.0,8-12 Years
JAGBIR SINGH SALUJA,114194.0,20T-22T,EX210-Super Models,SP21-61502,2021-02-04,5.0,Rourkela,,,,.,.,.,.,.,.,5.0,4-7 Years
Lalitendu Parida,93359.0,20T-22T,EX210-Super Models,SP21-45265,2019-01-30,7.0,Rourkela,,,,.,.,.,.,.,.,7.0,4-7 Years
Lalitendu Parida,93359.0,20T-22T,EX210-Super Models,SP21-45283,2019-01-30,7.0,Rourkela,,,,.,.,.,.,.,.,7.0,4-7 Years
SHREEMA TRADERS,99749.0,10T-14T,ZAXIS140H,THEDA0L0K00001526,2020-12-31,5.0,Rourkela,,,,.,.,.,.,.,.,6.0,4-7 Years
SREI EQUIPMENT FINANCE LTD,85390.0,20T-22T,EX210-Super Models,S210-56102,2018-02-26,8.0,Rourkela,,,,.,.,.,.,.,.,8.0,8-12 Years
TATA HITACHI CONSTRUCTION MACHINERY,116829.0,35T-40T,Zaxis 370GI,THEDD1L0C00001297,2021-10-20,4.0,Rourkela,,,,.,.,.,.,.,.,5.0,4-7 Years
VIVEK CONSTRUCTION,84654.0,20T-22T,EX210-Super Models,SP21-63328,2023-03-31,3.0,Rourkela,,,,.,.,.,.,.,.,3.0,0-3 Years
YB Constructions Pvt. Ltd.,21757.0,BHL,Shinrai-BX80,THEWABD0AM0002416,2021-04-09,4.0,Rourkela,,,,.,.,.,.,.,.,5.0,4-7 Years
Anil Contractors Pvt. Ltd.,54405.0,20T-22T,EX200-Super,S200-54380,2018-01-02,8.0,Sambalpur,,,,.,.,.,.,.,.,8.0,8-12 Years
Anil Mincon Pvt.Ltd,66965.0,20T-22T,EX200-Super,S200-22478,2016-10-09,9.0,Sambalpur,,,,.,.,.,.,.,.,10.0,8-12 Years
Anil Mincon Pvt.Ltd,66965.0,20T-22T,EX200-Super,S200-52470,2015-04-17,10.0,Sambalpur,,,,.,.,.,.,.,.,11.0,8-12 Years
Arun Kumar,26260.0,7T-8T,Excavator - EX70,0703-4797,2008-11-06,17.0,Sambalpur,,,,.,.,.,.,.,.,18.0,13+ Years
Aryan Construction Co.,25798.0,20T-22T,Excavator - EX200LC,2001-9771,2008-10-23,17.0,Sambalpur,,,,.,.,.,.,.,.,18.0,13+ Years
ASHOK KUMAR MITRA,97141.0,BHL,Shinrai-BX80,THEWABD0TK0000654,2019-10-20,6.0,Sambalpur,,,,.,.,.,.,.,.,7.0,4-7 Years
Ashok Kumar Patri,84158.0,7T-8T,Excavator - EX70,S070-16351,2017-12-18,8.0,Sambalpur,,,,.,.,.,.,.,.,9.0,8-12 Years
Ashok Mahadeo Shinde,41470.0,7T-8T,Excavator - EX70,0703-5848,2010-02-16,16.0,Sambalpur,,,,.,.,.,.,.,.,16.0,13+ Years
B.B.Enterprises,72965.0,20T-22T,EX200-Super,S200-52516,2015-06-04,10.0,Sambalpur,,,,.,.,.,.,.,.,11.0,8-12 Years
B.K.Choudhary & Co.,38682.0,20T-22T,Excavator - EX200LC,2001-10452,2009-12-04,16.0,Sambalpur,,,,.,.,.,.,.,.,17.0,13+ Years
Babita Sahu,57239.0,20T-22T,Excavator - EX200LC,2001-50274,2011-11-30,14.0,Sambalpur,,,,.,.,.,.,.,.,15.0,13+ Years
BABITA SAHU,6395.0,20T-22T,EX200-Super,S200-52278,2014-10-20,11.0,Sambalpur,,,,.,.,.,.,.,.,12.0,8-12 Years
Bala Ji Spans Infratech Pvt. Ltd.,54729.0,20T-22T,Excavator - EX200LC,2001-50109,2011-06-30,14.0,Sambalpur,,,,.,.,.,.,.,.,15.0,13+ Years
Bhagwati Contractor,25783.0,20T-22T,Excavator - EX200LC,2001-9851,2008-10-18,17.0,Sambalpur,,,,.,.,.,.,.,.,18.0,13+ Years
BVSR Constructions Pvt.Ltd.,19417.0,20T-22T,EX200-Super,S200-52374,2015-01-30,11.0,Sambalpur,,,,.,.,.,.,.,.,11.0,8-12 Years
C.L.Patel,12795.0,7T-8T,Excavator - EX70,0703-5248,2009-07-13,16.0,Sambalpur,,,,.,.,.,.,.,.,17.0,13+ Years
C.R.Stone Crusher,64354.0,20T-22T,EX200-Super,SP20-56678,2020-01-07,6.0,Sambalpur,,,,.,.,.,.,.,.,6.0,4-7 Years
Chandra Prakash Badhai,4951.0,7T-8T,Excavator - EX70,0703-6117,2010-08-08,15.0,Sambalpur,,,,.,.,.,.,.,.,16.0,13+ Years
CHANDRAKANT S. BHOSALE,49977.0,20T-22T,Zaxis 210,0ACE-001399,2011-02-11,15.0,Sambalpur,,,,.,.,.,.,.,.,15.0,13+ Years
CORRTECH TRENCHLESS PRIVATE LTD,60592.0,20T-22T,Zaxis 210,0ACE-002119,2012-06-29,13.0,Sambalpur,,,,.,.,.,.,.,.,14.0,13+ Years
Das Constructions,10282.0,20T-22T,Excavator - EX200LC,2001-8186,2007-12-02,18.0,Sambalpur,,,,.,.,.,.,.,.,19.0,13+ Years
DILEEP KUMAR,58872.0,7T-8T,Excavator - EX70,0703-7643,2011-01-04,15.0,Sambalpur,,,,.,.,.,.,.,.,15.0,13+ Years
Dinesh Kumar Barai,86610.0,20T-22T,EX200-Super,S200-54629,2018-02-01,8.0,Sambalpur,,,,.,.,.,.,.,.,8.0,8-12 Years
Gharpure S.N.,1841.0,20T-22T,Zaxis 200,1G600K00118525,2007-04-05,19.0,Sambalpur,,,,.,.,.,.,.,.,19.0,13+ Years
Haresh Kumar Diwani,59194.0,20T-22T,Excavator - EX200LC,2001-50398,2012-03-08,14.0,Sambalpur,,,,.,.,.,.,.,.,14.0,13+ Years
Hari Om Construction,55024.0,20T-22T,Excavator - EX200LC,2001-50149,2011-07-25,14.0,Sambalpur,,,,.,.,.,.,.,.,15.0,13+ Years
Hemnath Singh,55715.0,7T-8T,Excavator - EX70,0703-7353,2011-08-19,14.0,Sambalpur,,,,.,.,.,.,.,.,15.0,13+ Years
Horizon Infab Pvt.Ltd,69190.0,20T-22T,EX200-Super,S200-52281,2014-10-27,11.0,Sambalpur,,,,.,.,.,.,.,.,12.0,8-12 Years
Jagdish Enginering,18451.0,20T-22T,Excavator - EX210LCH,210V-1163,2007-03-12,19.0,Sambalpur,,,,.,.,.,.,.,.,19.0,13+ Years
JAI CONSTRUCTION,71674.0,20T-22T,EX200-Super,S200-52442,2015-04-09,10.0,Sambalpur,,,,.,.,.,.,.,.,11.0,8-12 Years
JAI RUDRA EARTHMOVERS,150591.0,20T-22T,EX210-Super Models,SP21-63250,2023-03-02,3.0,Sambalpur,,,,.,.,.,.,.,.,3.0,0-3 Years
Jasbir Singh,52095.0,20T-22T,Excavator - EX200LC,2001-12379,2011-02-17,15.0,Sambalpur,,,,.,.,.,.,.,.,15.0,13+ Years
Jaswant Singh,71057.0,10T-14T,Excavator - EX110,1101-6594,2014-10-24,11.0,Sambalpur,,,,.,.,.,.,.,.,12.0,8-12 Years
Jayadev Panda,32112.0,7T-8T,Excavator - EX70,0703-5119,2009-05-08,16.0,Sambalpur,,,,.,.,.,.,.,.,17.0,13+ Years
Jayanta Kumar Bal,63079.0,7T-8T,Excavator - EX70,0703-8394,2012-11-25,13.0,Sambalpur,,,,.,.,.,.,.,.,14.0,13+ Years
Jaydeep Associates,529.0,7T-8T,Excavator - EX70,0703-9550,2015-01-17,11.0,Sambalpur,,,,.,.,.,.,.,.,11.0,8-12 Years
JAYENDRA RAJU KALINDINDI,35469.0,20T-22T,Excavator - EX200LC,2001-10512,2009-09-11,16.0,Sambalpur,,,,.,.,.,.,.,.,17.0,13+ Years
Jetha Ram Choudhary,88583.0,20T-22T,EX210-Super Models,S210-56229,2018-04-22,7.0,Sambalpur,,,,.,.,.,.,.,.,8.0,8-12 Years
K.K.Chaudhury,14217.0,20T-22T,Excavator - EX200LC,2001-7231,2007-04-24,18.0,Sambalpur,,,,.,.,.,.,.,.,19.0,13+ Years
K.S.K.INFRATECH,50823.0,20T-22T,Excavator - EX200LC,2001-50002,2010-12-21,15.0,Sambalpur,,,,.,.,.,.,.,.,16.0,13+ Years
Kailash Chandra Agrawal,37816.0,20T-22T,Excavator - EX200LC,2001-12026,2010-11-17,15.0,Sambalpur,,,,.,.,.,.,.,.,16.0,13+ Years
KALYANI PATEL,92615.0,20T-22T,EX210-Super Models,SP21-62046,2021-06-09,4.0,Sambalpur,,,,.,.,.,.,.,.,5.0,4-7 Years
Kamal  Kumar Das,74927.0,7T-8T,Excavator - EX70,S070-15382,2016-01-24,10.0,Sambalpur,,,,.,.,.,.,.,.,10.0,8-12 Years
Kamla Bai Patel,61207.0,BHL,TATA315E Bakhoe Lodr,315E-2492,2012-05-23,13.0,Sambalpur,,,,.,.,.,.,.,.,14.0,13+ Years
Kausik Global Logistics Ltd,43801.0,20T-22T,Excavator - EX210LCH,210V-3066,2010-05-13,15.0,Sambalpur,,,,.,.,.,.,.,.,16.0,13+ Years
KR LOGISTIC & CONSTRUCTION PRIVATE,95380.0,BHL,Shinrai-BX80,THEWABD0AK0000629,2019-06-01,6.0,Sambalpur,,,,.,.,.,.,.,.,7.0,4-7 Years
Kulamani Pruseth,72727.0,20T-22T,EX200-Super,S200-52491,2015-05-03,10.0,Sambalpur,,,,.,.,.,.,.,.,11.0,8-12 Years
L M Hati & Co,12076.0,20T-22T,Excavator - EX210LCH,210V-2029,2009-07-06,16.0,Sambalpur,,,,.,.,.,.,.,.,17.0,13+ Years
Lal Mohan Panda,56888.0,7T-8T,Excavator - EX70,0703-7437,2011-10-23,14.0,Sambalpur,,,,.,.,.,.,.,.,15.0,13+ Years
LAXMI NARAYAN RATH,40202.0,7T-8T,Excavator - EX70,0703-7654,2012-01-12,14.0,Sambalpur,,,,.,.,.,.,.,.,14.0,13+ Years
Ludhiana Dhanbad Roadways,88462.0,20T-22T,EX210-Super Models,S210-56241,2018-04-26,7.0,Sambalpur,,,,.,.,.,.,.,.,8.0,8-12 Years
M.K. CHOUDHARY CONSTRUCTION COMPANY,112576.0,20T-22T,ZAxis 220 GI,THEDCRL0J00002322,2020-12-21,5.0,Sambalpur,,,,.,.,.,.,.,.,6.0,4-7 Years
M.K. RAJ MOHAN,40405.0,10T-14T,Excavator - EX110,1101-4709,2011-10-26,14.0,Sambalpur,,,,.,.,.,.,.,.,15.0,13+ Years
M/S MAHAVIR BENEFICATION  PVT. LTD.,76964.0,20T-22T,EX200-Super,S200-22125,2016-07-02,9.0,Sambalpur,,,,.,.,.,.,.,.,10.0,8-12 Years
Maa Bhawani Enterprises,27069.0,20T-22T,Excavator - EX200LC,2001-9972,2008-12-18,17.0,Sambalpur,,,,.,.,.,.,.,.,18.0,13+ Years
Maa Sarala Private Works,40151.0,WL,Wheel Loader TL360Z,L360-4255,2012-06-14,13.0,Sambalpur,,,,.,.,.,.,.,.,14.0,13+ Years
MANOJ BHOI,411021.0,2T-3T,NX-30,NX-30-00139,2025-12-18,0.0,Sambalpur,,,,.,.,.,.,.,.,1.0,0-3 Years
Manoj Kumar Mohanty,61426.0,7T-8T,Excavator - EX70,0703-8185,2012-07-08,13.0,Sambalpur,,,,.,.,.,.,.,.,14.0,13+ Years
Manoranjan Das,12194.0,7T-8T,Excavator - EX70,S070-15955,2016-12-29,9.0,Sambalpur,,,,.,.,.,.,.,.,10.0,8-12 Years
McNally Bharat Engg. Co. Limited,8884.0,20T-22T,Excavator - EX200LC,2001-12170,2011-02-24,15.0,Sambalpur,,,,.,.,.,.,.,.,15.0,13+ Years
Mohanty Associates,1111.0,35T-40T,Excavator - EX300,3001-0783,2007-04-26,18.0,Sambalpur,,,,.,.,.,.,.,.,19.0,13+ Years
Mrutyunjaya Pruseth,62425.0,7T-8T,Excavator - EX70,0703-8304,2012-10-25,13.0,Sambalpur,,,,.,.,.,.,.,.,14.0,13+ Years
Mukesh Sharma,46745.0,10T-14T,Excavator - EX110,1101-3751,2010-08-08,15.0,Sambalpur,,,,.,.,.,.,.,.,16.0,13+ Years
MUKUNDA RATH,36119.0,7T-8T,Excavator - EX70,0703-5484,2009-11-06,16.0,Sambalpur,,,,.,.,.,.,.,.,17.0,13+ Years
Niki Construction& Transport Pvt. L,26080.0,7T-8T,Excavator - EX70,0703-5010,2009-03-25,17.0,Sambalpur,,,,.,.,.,.,.,.,17.0,13+ Years
Niranjan Sathpathi,81169.0,10T-14T,Excavator - EX110,S110-11070,2017-03-02,9.0,Sambalpur,,,,.,.,.,.,.,.,9.0,8-12 Years
Om Shri Sainath,25593.0,20T-22T,Excavator - EX200LC,2001-9755,2008-10-03,17.0,Sambalpur,,,,.,.,.,.,.,.,18.0,13+ Years
Pankaj Kumar Agrawalla,80025.0,7T-8T,Excavator - EX70,S070-15573,2016-08-30,9.0,Sambalpur,,,,.,.,.,.,.,.,10.0,8-12 Years
PKR Projects & Engineers,22841.0,20T-22T,Excavator - EX200LC,2001-9219,2008-05-29,17.0,Sambalpur,,,,.,.,.,.,.,.,18.0,13+ Years
Poulasti Bhoi,70011.0,BHL,TATA HIT 76BHL,TH76-10632,2014-06-07,11.0,Sambalpur,,,,.,.,.,.,.,.,12.0,8-12 Years
PRASAD M P,26538.0,7T-8T,Excavator - EX70,0703-7520,2011-11-04,14.0,Sambalpur,,,,.,.,.,.,.,.,15.0,13+ Years
Prasanna Kumar Behera,54398.0,7T-8T,Excavator - EX70,0703-7177,2011-06-04,14.0,Sambalpur,,,,.,.,.,.,.,.,15.0,13+ Years
Prasanta Ku. Swain,58356.0,BHL,TATA315E Bakhoe Lodr,315E-2385,2012-02-10,14.0,Sambalpur,,,,.,.,.,.,.,.,14.0,13+ Years
Prem KishorePatel,74336.0,10T-14T,Excavator - EX110,S110-10092,2015-09-27,10.0,Sambalpur,,,,.,.,.,.,.,.,11.0,8-12 Years
Prithviraj Construction,25592.0,20T-22T,Excavator - EX200LC,2001-50282,2011-11-25,14.0,Sambalpur,,,,.,.,.,.,.,.,15.0,13+ Years
R & B Engineers,72286.0,20T-22T,EX200-Super,S200-52510,2015-06-14,10.0,Sambalpur,,,,.,.,.,.,.,.,11.0,8-12 Years
R.Shyam Sundar Reddy,86099.0,20T-22T,EX210-Super Models,S210-41091,2018-01-11,8.0,Sambalpur,,,,.,.,.,.,.,.,8.0,8-12 Years
Raj Kumar Keshrvani,69218.0,20T-22T,EX200-Super,S200-52078,2014-03-07,12.0,Sambalpur,,,,.,.,.,.,.,.,12.0,8-12 Years
Rajendra Kumar Meher,13976.0,7T-8T,Excavator - EX70,0703-8361,2012-11-17,13.0,Sambalpur,,,,.,.,.,.,.,.,14.0,13+ Years
Rajesh Kumar Padhy,14106.0,7T-8T,Excavator - EX70,0703-3904,2008-01-17,18.0,Sambalpur,,,,.,.,.,.,.,.,18.0,13+ Years
Rameshwar Yadav,85892.0,20T-22T,EX210-Super Models,S210-56034,2018-01-30,8.0,Sambalpur,,,,.,.,.,.,.,.,8.0,8-12 Years
RKD CONSTRACTION PVT LTD,37831.0,35T-40T,Excavator - EX350V,350V-2239,2012-08-18,13.0,Sambalpur,,,,.,.,.,.,.,.,14.0,13+ Years
ROSHAN MAHESHWARI,96812.0,20T-22T,EX210-Super Models,SP21-61076,2019-12-13,6.0,Sambalpur,,,,.,.,.,.,.,.,7.0,4-7 Years
S.N.Kanungo Infrastructure,75650.0,7T-8T,Excavator - EX70,S070-15434,2016-02-26,10.0,Sambalpur,,,,.,.,.,.,.,.,10.0,8-12 Years
S.Pradhan,11132.0,7T-8T,Excavator - EX70,0703-5022,2009-03-24,17.0,Sambalpur,,,,.,.,.,.,.,.,17.0,13+ Years
SANJEEB KUMAR PATTNAIK,43030.0,20T-22T,Excavator - EX200LC,2001-11313,2010-05-09,15.0,Sambalpur,,,,.,.,.,.,.,.,16.0,13+ Years
Sanjeev Ghosh,47830.0,20T-22T,Excavator - EX200LC,2001-11902,2010-10-18,15.0,Sambalpur,,,,.,.,.,.,.,.,16.0,13+ Years
Sanjit Kumar Satapathy,70575.0,20T-22T,EX200-Super,S200-20542,2014-10-02,11.0,Sambalpur,,,,.,.,.,.,.,.,12.0,8-12 Years
"Sankari Chemical Industries Ltd.,",49235.0,10T-14T,Zaxis 120,01S1-050841,2010-11-10,15.0,Sambalpur,,,,.,.,.,.,.,.,16.0,13+ Years
Santosini Behera,61570.0,20T-22T,Zaxis 210,0ACE-002225,2012-08-06,13.0,Sambalpur,,,,.,.,.,.,.,.,14.0,13+ Years
Sarat Kumar Behera,68792.0,BHL,TATA HIT 76BHL,TH76-10539,2014-03-27,12.0,Sambalpur,,,,.,.,.,.,.,.,12.0,8-12 Years
Sarathi Kumar Barik.,21217.0,7T-8T,Excavator - EX70,0703-3900,2008-01-11,18.0,Sambalpur,,,,.,.,.,.,.,.,18.0,13+ Years
Sarjan Infracon P Ltd,75282.0,10T-14T,Zaxis 120,01S1-053062,2016-02-17,10.0,Sambalpur,,,,.,.,.,.,.,.,10.0,8-12 Years
Saroj Kumar Patra,11078.0,7T-8T,Excavator - EX70,0703-3892,2008-01-11,18.0,Sambalpur,,,,.,.,.,.,.,.,18.0,13+ Years
Satish Singh,59441.0,WL,Wheel Loader-TWL3036,3036-4216,2012-02-26,14.0,Sambalpur,,,,.,.,.,.,.,.,14.0,13+ Years
Satish Singh,59441.0,WL,Wheel Loader-TWL3036,L360-4216,2012-02-22,14.0,Sambalpur,,,,.,.,.,.,.,.,14.0,13+ Years
SATYANARAYAN AGRAWAL,41034.0,20T-22T,Zaxis 210,0ACE-001222,2010-10-08,15.0,Sambalpur,,,,.,.,.,.,.,.,16.0,13+ Years
Satyasai Enterprises,60167.0,20T-22T,Zaxis 210,0ACE-002080,2012-04-12,13.0,Sambalpur,,,,.,.,.,.,.,.,14.0,13+ Years
SEEMA KHAMARI,92618.0,7T-8T,Excavator - EX70,S070-17266,2018-12-21,7.0,Sambalpur,,,,.,.,.,.,.,.,8.0,8-12 Years
SES Engineering Builders and Civil,91912.0,20T-22T,EX210-Super Models,SP21-60044,2018-11-16,7.0,Sambalpur,,,,.,.,.,.,.,.,8.0,8-12 Years
SHIV SHAKTI STONE WORKS,69922.0,20T-22T,EX200-Super,S200-52386,2015-02-09,11.0,Sambalpur,,,,.,.,.,.,.,.,11.0,8-12 Years
SHIVU STONE CRUSHER,41565.0,10T-14T,Excavator - EX110,1101-3470,2010-03-04,16.0,Sambalpur,,,,.,.,.,.,.,.,16.0,13+ Years
Shree Bhanudas Jee Construction,16648.0,20T-22T,EX200-Super,S200-53007,2016-05-09,9.0,Sambalpur,,,,.,.,.,.,.,.,10.0,8-12 Years
Shree Bhanudas Jee Construction,16648.0,20T-22T,EX200-Super,S200-53011,2016-05-09,9.0,Sambalpur,,,,.,.,.,.,.,.,10.0,8-12 Years
Shree Bhanudasjee Minerals Pvt.Ltd.,25445.0,20T-22T,Excavator - EX200LC,2001-9555,2008-09-12,17.0,Sambalpur,,,,.,.,.,.,.,.,18.0,13+ Years
Shree Radhakrishna Engicons,17399.0,20T-22T,Excavator - EX200LC,2001-10687,2009-11-14,16.0,Sambalpur,,,,.,.,.,.,.,.,17.0,13+ Years
SHRI NARENDRA CONSTRUCTION,147331.0,20T-22T,EX215 SUPER PLUS,SP22-80363,2022-11-08,3.0,Sambalpur,,,,.,.,.,.,.,.,4.0,4-7 Years
Shyam Sel Limited,18611.0,20T-22T,Excavator - EX200LC,2001-7197,2007-04-10,18.0,Sambalpur,,,,.,.,.,.,.,.,19.0,13+ Years
Siba Sankar Swain,122444.0,7T-8T,Excavator - EX70,SP07-19224,2021-09-20,4.0,Sambalpur,,,,.,.,.,.,.,.,5.0,4-7 Years
Simi Construction,32110.0,7T-8T,Excavator - EX70,0703-5122,2009-05-11,16.0,Sambalpur,,,,.,.,.,.,.,.,17.0,13+ Years
Sinhotia Metals & Minerals Pvt. Ltd,25043.0,7T-8T,Excavator - EX70,0703-4707,2008-10-22,17.0,Sambalpur,,,,.,.,.,.,.,.,18.0,13+ Years
Sinhotia Metals & Minerals Pvt. Ltd,25043.0,20T-22T,Excavator - EX200LC,2001-50078,2011-05-06,14.0,Sambalpur,,,,.,.,.,.,.,.,15.0,13+ Years
Sinhotia Metals & Minerals Pvt. Ltd,25043.0,20T-22T,Excavator - EX200LC,2001-50079,2011-05-09,14.0,Sambalpur,,,,.,.,.,.,.,.,15.0,13+ Years
SK Premiere Infracon Pvt Ltd,26914.0,20T-22T,Excavator - EX210LCH,210V-1884,2009-01-09,17.0,Sambalpur,,,,.,.,.,.,.,.,17.0,13+ Years
Sri Balaji Engicons Pvt.Ltd.,3180.0,10T-14T,Excavator - EX110,1101-6547,2014-09-12,11.0,Sambalpur,,,,.,.,.,.,.,.,12.0,8-12 Years
Sri Balaji Engicons Pvt.Ltd.,3180.0,10T-14T,Excavator - EX110,1101-6548,2014-09-12,11.0,Sambalpur,,,,.,.,.,.,.,.,12.0,8-12 Years
Sri Balaji Engicons Pvt.Ltd.,3180.0,20T-22T,EX200-Super,S200-53434,2016-11-04,9.0,Sambalpur,,,,.,.,.,.,.,.,10.0,8-12 Years
SRI DURGA CONDEV PRIVATE LIMITED,1124.0,10T-14T,Excavator - EX110,S110-10129,2015-10-14,10.0,Sambalpur,,,,.,.,.,.,.,.,11.0,8-12 Years
Sribanta Kumar Patel,36148.0,10T-14T,Excavator - EX110,1101-3210,2009-09-11,16.0,Sambalpur,,,,.,.,.,.,.,.,17.0,13+ Years
Subrat Kumar Pandey,50175.0,10T-14T,Zaxis 120,01S1-052038,2013-04-17,12.0,Sambalpur,,,,.,.,.,.,.,.,13.0,13+ Years
Subrat Kumar Pandey,50175.0,10T-14T,Excavator - EX110,1101-4003,2011-01-09,15.0,Sambalpur,,,,.,.,.,.,.,.,15.0,13+ Years
Sudhir Pattanaik,26323.0,7T-8T,Excavator - EX70,0703-4802,2008-11-16,17.0,Sambalpur,,,,.,.,.,.,.,.,18.0,13+ Years
SUNIL YADAV,97740.0,BHL,Shinrai-BX80,THEWABD0TK0000735,2019-11-14,6.0,Sambalpur,,,,.,.,.,.,.,.,7.0,4-7 Years
Suraj Prakash Patel,75961.0,20T-22T,EX200-Super,S200-52944,2016-04-01,10.0,Sambalpur,,,,.,.,.,.,.,.,10.0,8-12 Years
Susanta Kumar Badhai,22403.0,7T-8T,Excavator - EX70,0703-3893,2008-01-11,18.0,Sambalpur,,,,.,.,.,.,.,.,18.0,13+ Years
Susanta Kumar Badhai,22403.0,7T-8T,Excavator - EX70,0703-6329,2010-09-14,15.0,Sambalpur,,,,.,.,.,.,.,.,16.0,13+ Years
Susanta Kumar Badhai,22403.0,20T-22T,EX200-Super,S200-52524,2015-06-06,10.0,Sambalpur,,,,.,.,.,.,.,.,11.0,8-12 Years
Susanta Kumar Badhai,22403.0,20T-22T,EX200-Super,S200-53563,2016-12-25,9.0,Sambalpur,,,,.,.,.,.,.,.,10.0,8-12 Years
Sushant Acharya,48356.0,7T-8T,Excavator - EX70,0703-7526,2011-11-24,14.0,Sambalpur,,,,.,.,.,.,.,.,15.0,13+ Years
Tadse Construction,17144.0,10T-14T,Excavator - EX110,1101-1853,2007-09-01,18.0,Sambalpur,,,,.,.,.,.,.,.,19.0,13+ Years
Tadse Construction,17144.0,20T-22T,Excavator - EX200LC,2001-10008,2009-02-01,17.0,Sambalpur,,,,.,.,.,.,.,.,17.0,13+ Years
TIRUPATI EARTH & PROJECT WORKS PVT.,75859.0,35T-40T,Zaxis 370,0ACH-000958,2016-03-31,10.0,Sambalpur,,,,.,.,.,.,.,.,10.0,8-12 Years
Trilochan Sahu,47662.0,7T-8T,Excavator - EX70,0703-6375,2010-09-09,15.0,Sambalpur,,,,.,.,.,.,.,.,16.0,13+ Years
"Triveni Engicons Pvt. Ltd.,",12196.0,20T-22T,EX200-Super,SP20-56235,2018-12-07,7.0,Sambalpur,,,,.,.,.,.,.,.,8.0,8-12 Years
"Triveni Engicons Pvt. Ltd.,",12196.0,20T-22T,EX200-Super,SP20-56243,2018-12-11,7.0,Sambalpur,,,,.,.,.,.,.,.,8.0,8-12 Years
Universal Ind.Eqp.& Tech.Service(P),12791.0,20T-22T,EX200-Super,S200-52733,2015-12-02,10.0,Sambalpur,,,,.,.,.,.,.,.,11.0,8-12 Years
Universal Ind.Eqp.& Tech.Service(P),12791.0,20T-22T,EX200-Super,S200-52734,2016-01-06,10.0,Sambalpur,,,,.,.,.,.,.,.,10.0,8-12 Years
Universal Ind.Equip.& Tech.Services,6401.0,20T-22T,EX200-Super,S200-52781,2016-01-04,10.0,Sambalpur,,,,.,.,.,.,.,.,10.0,8-12 Years
VEERA SAI CONSTRUCTIONS,99114.0,20T-22T,EX215 SUPER PLUS,SP22-70005,2020-02-10,6.0,Sambalpur,,,,.,.,.,.,.,.,6.0,4-7 Years
Vishal Agnihotri,21719.0,10T-14T,Excavator - EX110,1101-2049,2007-12-05,18.0,Sambalpur,,,,.,.,.,.,.,.,19.0,13+ Years
VNR  Infrastructures Limited,58498.0,20T-22T,Zaxis 210,0ACE-001995,2012-03-13,14.0,Sambalpur,,,,.,.,.,.,.,.,14.0,13+ Years
VNR Infrastructures Limited,20151.0,35T-40T,Zaxis 330,1HH00P00036902,2008-03-14,18.0,Sambalpur,,,,.,.,.,.,.,.,18.0,13+ Years
Y.V.R.&COMPANY,43028.0,20T-22T,Excavator - EX200LC,2001-51012,2013-09-29,12.0,Sambalpur,,,,.,.,.,.,.,.,13.0,13+ Years
Sukanti Infrastructure,68932.0,20T-22T,EX200-Super,S200-52074,2014-03-02,12.0,Berhampur,,,,.,.,.,.,.,.,12.0,8-12 Years
Satyanarayan Sethy,80671.0,7T-8T,Excavator - EX70,S070-16002,2017-01-28,9.0,Rayagada,,,,.,.,.,.,.,.,9.0,8-12 Years
Ashok Gouda,79260.0,7T-8T,Excavator - EX70,S070-15891,2016-11-20,9.0,Rayagada,,,,.,.,.,.,.,.,10.0,8-12 Years
Anupa Kumar Sahu,76415.0,7T-8T,Excavator - EX70,S070-15520,2016-05-05,9.0,Bhubaneswar,,,,.,.,.,.,.,.,10.0,8-12 Years
Simanchal Gauda,57147.0,7T-8T,Excavator - EX70,0703-9322,2014-07-30,11.0,Rayagada,,,,.,.,.,.,.,.,12.0,8-12 Years
Ashwani Mahanta,81247.0,10T-14T,Excavator - EX110,S110-11798,2018-04-11,7.0,Keonjhar,9938662011.0,Accepted,Idle Since long,.,.,.,.,.,.,8.0,8-12 Years
Maa Annapurna Earthmovers,,20T-22T,EX210,THEDJLL0H00068556,2025-12-04,0.0,Koira,9439119191.0,ACTIVE,,.,.,.,.,.,.,1.0,0-3 Years
SHANKAR MINERALS.,42942.0,20T-22T,Excavator - EX200LC,2001-50180,2011-08-18,14.0,Keonjhar,9437633189.0, ,Machine Standing,.,.,.,.,.,.,15.0,13+ Years
Laxmidhar Nayak,91031.0,20T-22T,EX210-Super Models,SP21-47489,2022-05-21,3.0,Keonjhar,9437084571.0,Accepted,,.,.,.,.,.,.,4.0,4-7 Years
Laxmidhar Nayak,91031.0,20T-22T,EX210-Super Models,SP21-62698,2022-06-06,3.0,Keonjhar,9437084571.0,Accepted,,.,.,.,.,.,.,4.0,4-7 Years
MOON HOUSE PROJECTS LIMITED,92850.0,20T-22T,EX200-Super,SP20-56317,2018-12-31,7.0,Barbil,8210857194.0,Accepted,,.,.,.,.,.,.,8.0,8-12 Years
Om Shree Balaji Infrastructure,58525.0,35T-40T,Zaxis 370,0ACH-000968,2016-02-06,10.0,Jajpur,6203413112.0,Accepted,,.,.,.,.,.,.,10.0,8-12 Years
Bishnu Prasad Rout,87952.0,7T-8T,Excavator - EX70,S070-16820,2018-04-06,7.0,Keonjhar,9777289980.0,,Finance Sized,.,.,.,.,.,.,8.0,8-12 Years
Ashwani Mahanta,81247.0,7T-8T,Excavator - EX70,S070-16075,2017-03-03,9.0,Keonjhar,9938662011.0,Debashis Mallik,Idle Since long,.,.,.,.,.,.,9.0,8-12 Years
Siba Shankar Das,12647.0,10T-14T,Excavator - EX110,1101-6850,2015-06-03,10.0,Bhawanipatna,9938392285.0,Nilakantheswar sahu,Idle Since long,.,.,.,.,.,.,11.0,8-12 Years
ANUP KUMAR PRADHAN,98274.0,10T-14T,ZAXIS140H,THEDA0L0T00001037,2019-12-16,6.0,Bhawanipatna,9938130240.0,Sarat kumar samantaray,Idle Since long,.,.,.,.,.,.,7.0,4-7 Years
M/s SHANKAR PROJECTS,154894.0,35T-40T,Zaxis 370GI,THEDD1L0C00001860,2023-09-04,2.0,Keonjhar,9437633189.0,Saroj Kumar Patra,Idle Since long,.,.,.,.,.,.,3.0,0-3 Years
M/s SHANKAR PROJECTS,154894.0,35T-40T,ZX 370GI,THEDD1L0P00001859,2023-09-04,2.0,Keonjhar,9437633189.0,Saroj Kumar Patra,Idle Since long,.,.,.,.,.,.,3.0,0-3 Years
Sebati  Sahoo,83710.0,20T-22T,EX210-Super Models,SP21-62941,2022-11-03,3.0,Paradeep,,,,.,.,.,.,ANGUL,2022-11-03 00:00:00,4.0,4-7 Years
TATA HITACHI CONSTRUCTION MACHINERY,116829.0,35T-40T,Zaxis 370GI,THEDD1L0H00001614,2022-11-07,3.0,Barbil,,,,.,.,.,.,BHADRAK,2022-11-07 00:00:00,4.0,4-7 Years
GALI SUBBA RAJU CONSTRUCTION COMPAN,172331.0,20T-22T,EX200-Super,SP20-65520,2024-02-10,2.0,Bhubaneswar,,,Machine shifted to Telengana,.,.,.,.,BHUBANESWAR,2024-02-10 00:00:00,2.0,0-3 Years
PRR INFRASTRUCTURE // PALEPU RAMA RAO,194230.0,10T-14T,ZX-140 ULTRA,THEDHJL0E00003546,2025-03-08,1.0,Bhubaneswar,,,Machine shifted to Ranchi,.,.,.,.,BHUBANESWAR,2025-03-08 00:00:00,1.0,0-3 Years
Queen saroj laxmi,407535.0,BHL,SHINRAI PRIME,THEWAED0ES0000216,2026-01-13,0.0,Jajpur,,,,.,.,.,.,BHUBANESWAR,2026-01-13 00:00:00,0.0,0-3 Years
M/s.Trinath Engineers,402510.0,BHL,SHINRAI PRIME-BSV,THEWAED0TS0000042,2025-09-06,0.0,Paradeep,,,,.,.,.,.,BHUBANESWAR,2025-09-06 00:00:00,1.0,0-3 Years
BEAVER TRACKS PVT LTD,159390.0,20T-22T,EX210-Super Models,SP21-48320,2023-06-17,2.0,Jajpur,,,M/C SHIFTED TO MP,.,.,.,.,JAJPUR,16-06-23,3.0,0-3 Years
Shreeman and Aman Infra Private Lim,76094.0,7T-8T,Excavator - EX70,SP07-19494,2022-02-16,4.0,Jajpur,,,,.,.,.,.,JAJPUR,2022-02-16 00:00:00,4.0,4-7 Years
OM ENTERPRISES,95956.0,20T-22T,EX215 SUPER PLUS,SP22-80534,2023-11-17,2.0,Baripada,,,SHIFTED TO JHARKHAND,.,.,Angul,42561.35,.,.,3.0,0-3 Years
UNITED INFRACORE LIMITED,97844.0,20T-22T,ZAxis 220 GI,THEDCRL0C00003271,2022-08-31,3.0,Keonjhar,8789617270.0,,Shifted,.,.,Angul,22233084.680000003,.,.,4.0,4-7 Years
UNITED INFRACORE LIMITED,97844.0,BHL,SHINRAI PRIME-BSIV,THEWACD0PN0001248,2022-08-31,3.0,Keonjhar,8789617270.0,,Shifted,.,.,Angul,22233084.680000003,.,.,4.0,4-7 Years
UNITED INFRACORE LIMITED,97844.0,WL,Wheel Loader BSIV,THEWBJK0JN0000169,2022-08-31,3.0,Keonjhar,8789617270.0,,Shifted,.,.,Angul,22233084.680000003,.,.,4.0,4-7 Years
UNITED INFRACORE LIMITED,97844.0,WL,Wheel Loader BSIV,THEWBJK0PN0000170,2022-08-31,3.0,Keonjhar,8789617270.0,,Shifted,.,.,Angul,22233084.680000003,.,.,4.0,4-7 Years
OM ENTERPRISES,160414.0,20T-22T,EX215LC-5G,SP22-40099,2024-07-11,1.0,Jharsuguda,,,MC SHIFTED,.,.,Angul,42561.35,.,.,2.0,0-3 Years
Basudev Sahoo,85406.0,10T-14T,Excavator - EX110,S110-11255,2017-12-16,8.0,Bhubaneswar,,,,.,.,Angul,17630.05,.,.,9.0,8-12 Years
Behera Enterprises,87855.0,20T-22T,EX200-Super,S200-54785,2018-03-22,8.0,Bhubaneswar,,,,.,.,Angul,2646,.,.,8.0,8-12 Years
Behera Enterprises,87855.0,20T-22T,EX200-Super,SP20-56655,2019-09-11,6.0,Bhubaneswar,,,,.,.,Angul,2646,.,.,7.0,4-7 Years
SAIKRUPA ASSOCIATES,144164.0,20T-22T,EX210-Super Models,SP21-62788,2022-09-19,3.0,Sambalpur,,,,.,.,Angul,128669.5,.,.,4.0,4-7 Years
Basudev Sahoo,85750.0,20T-22T,EX210-Super Models,SP21-47501,2022-04-27,3.0,Keonjhar,9437462411.0,Accepted,Machine Shifted,.,.,Angul,17630.05,.,.,4.0,4-7 Years
Apollo Kumar Garnayak,91720.0,20T-22T,EX200-5G,SP20-68277,2025-02-21,1.0,Jajpur,,,NOT OUR TERRITORY,.,.,Angul,117720,ANGUL,2025-02-21 00:00:00,1.0,0-3 Years
Abinash Garnaik,192941.0,20T-22T,EX200-5G,SP20-68233,2025-02-07,1.0,Bhubaneswar,,,,.,.,Angul,92467.6,ANGUL,2025-02-07 00:00:00,1.0,0-3 Years
JAGANNATH ENTERPRISES,153095.0,20T-22T,EX200-5G,SP20-50217,2025-01-28,1.0,Paradeep,,,,.,.,Angul,68607.5,ANGUL,2025-01-28 00:00:00,1.0,0-3 Years
RKD CONSTRUCTION PVT LTD,137172.0,20T-22T,ZAxis 220 GI,THEDCRL0A00003605,2023-03-03,3.0,Balasore,,,OUT OF STATE,.,.,Balasore,529878.1000000001,.,.,3.0,0-3 Years
AMRESH BEHERA,36292.0,7T-8T,Excavator - EX70,0703-6782,2011-02-25,15.0,Balasore,,,NOT OUR TERRITORY,.,.,Balasore,38321.55,.,.,15.0,13+ Years
Srinivasa Edifice Pvt. Ltd.,10937.0,20T-22T,ZX220GI,THEDC0L0E00000849,,126.0,Balasore,,,NOT OUR TERRITORY,.,.,Balasore,61340.2,.,.,,Unknown
Srinivasa Edifice Pvt. Ltd.,10937.0,20T-22T,ZX220GI,THEDC0L0E00000891,,126.0,Balasore,,,NOT OUR TERRITORY,.,.,Balasore,61340.2,.,.,,Unknown
SPECTRA LOGISTICS SERVICES,193146.0,20T-22T,EX210LC-5G,THEDJLL2P00085820,2025-03-29,1.0,Balasore,,,M/C SHIFTTED TO WESTBENGAL,.,.,Balasore,295871.7,.,.,1.0,0-3 Years
BHRAMARBAR NAYAK,6395.0,20T-22T,EX200-Super,S200-52543,2015-06-22,10.0,Balasore,,,M/C SALES TO TRISHUL,.,.,Balasore,1418352.36,.,.,11.0,8-12 Years
Arun Kumar Satapathy,53964.0,20T-22T,EX200-Super,S200-53832,2017-04-09,8.0,Balangir,,,,.,.,Balasore,1969.35,.,.,9.0,8-12 Years
LORDS INFRACON PRIVATE LIMITED,150055.0,20T-22T,ZAxis 220 GI,THEDCRL0A00003779,2023-10-30,2.0,Balasore,,,OUT OF STATE,.,.,Balasore,29181,BALASORE,2023-10-30 00:00:00,3.0,0-3 Years
MINAKSHI CONSTRUCTIONS,190218.0,20T-22T,EX200 PRIME,SP20-75190,2025-01-06,1.0,Balasore,,,OUT OF STATE,.,.,Balasore,16412.7,BALASORE,2025-01-06 00:00:00,1.0,0-3 Years
Krishna Udyog,180456.0,20T-22T,EX200-5G,SP20-50096,2024-09-09,1.0,Balasore,,,NO SERVICE PROVIDE TO CUSTOMER,.,.,Balasore,123180.18,BALASORE,2024-09-09 00:00:00,2.0,0-3 Years
Krishna Udyog,180456.0,WL,Wheel Loader BSIV,THEWBJK0TR0000450,2024-07-02,1.0,Balasore,,,NO SERVICE PROVIDE TO CUSTOMER,.,.,Balasore,123180.18,BALASORE,2024-07-01 00:00:00,2.0,0-3 Years
SPECTRA LOGISTICS SERVICES,193146.0,20T-22T,EX210LC-5G,THEDJLL2P00085784,2025-03-29,1.0,Balasore,,,M/C SHIFTTED TO WESTBENGAL,.,.,Balasore,295871.7,BALASORE,2025-03-29 00:00:00,1.0,0-3 Years
SPECTRA LOGISTICS SERVICES,193146.0,20T-22T,EX210LC-5G,THEDJLL2T00085783,2025-03-17,1.0,Balasore,,,M/C SHIFTTED TO WESTBENGAL,.,.,Balasore,295871.7,BERHAMPUR,2025-03-17 00:00:00,1.0,0-3 Years
ALLIANCE EARTHMOVERS,96145.0,20T-22T,EX210-Super Models,SP21-60780,2019-07-24,6.0,Bhubaneswar,,,,.,.,Barbil,21780.440000000002,.,.,7.0,4-7 Years
Santosh Kumar Khandelwal,15389.0,,Excavator - EX70,0703-3174,2007-06-28,,Mayurbhanj,,,Scraped,.,.,Baripada,34044.25,.,.,19.0,13+ Years
Manoj Kumar Rout,26004.0,,Excavator - EX70,0703-4764,2008-10-08,,Jajpur,,,Shifted to other state,.,.,Baripada,39023.5,.,.,18.0,13+ Years
Manoj Kumar Rout,26004.0,,Excavator - EX70,0703-7132,2011-08-05,,Jajpur,,,Shifted to other state,.,.,Baripada,39023.5,.,.,15.0,13+ Years
Shree Ganesh Construction,62571.0,BHL,Tata Back Load 315V,315V-8929,2012-11-11,13.0,Baripada,,,SOLD TO BHADRAK,.,.,Baripada,144130.5,.,.,14.0,13+ Years
SIMANCHAL PATRA,40789.0,8249866281,Excavator - EX70,0703-5890,2010-03-03,,Berhampur,,Adhar Behera,Scraped,.,.,Berhampur,67289.3,.,.,16.0,13+ Years
GALAXY ENTERPRISES,17286.0,35T-40T,Zaxis 330,1HH00H00036540,2007-04-20,,Berhampur,,,Out of state,.,.,Berhampur,158252.74999999997,.,.,19.0,13+ Years
Radha Krishna Pradhan,29520.0,7T-8T,Excavator - EX70,0703-4974,2009-03-07,,Berhampur,,,scrap,.,.,Berhampur,3068.5,.,.,17.0,13+ Years
Girish Chandra Sahu,9557.0,7T-8T,Excavator - EX70,0703-4979,2009-03-07,,Berhampur,,,scrap,.,.,Berhampur,60158.3,.,.,17.0,13+ Years
LAXMI NARAYAN STONE CRUSHER,169993.0,20T-22T,ZAXIS220LC-5G,THEDCRL0K00005008,2024-01-29,2.0,Balangir,,,,.,.,Berhampur,226099.35,.,.,2.0,0-3 Years
Ajit Kumar Gouda,140163.0,20T-22T,EX200-Super,SP20-58304,2022-10-06,3.0,Rayagada,,,,.,.,Berhampur,9562,.,.,4.0,4-7 Years
Rabindra Kumar Sahoo,87368.0,7T-8T,Excavator - EX70,S070-16719,2018-02-26,8.0,Bhubaneswar,,,,.,.,Bhadrak,4053.65,.,.,8.0,8-12 Years
Gourav Construction,63090.0,20T-22T,Excavator - EX200LC,2001-50738,2012-11-14,13.0,Jharsuguda,,,,.,.,Bhadrak,33882.100000000006,.,.,14.0,13+ Years
Gourav Construction,63090.0,20T-22T,EX200-Super,S200-52209,2014-08-09,11.0,Jharsuguda,,,,.,.,Bhadrak,33882.100000000006,.,.,12.0,8-12 Years
SHRADDHA EARTH MOVERS,174866.0,20T-22T,EX210PRIME,SP21-85175,2024-03-07,2.0,Koira,,,,.,.,Bhadrak,17335.9,ANGUL,2024-03-07 00:00:00,2.0,0-3 Years
Guru Prasad Podh,124739.0,10T-14T,EX130 Super plus,SP13-14963,2021-10-13,4.0,Bhawanipatna,9337684632.0,,Shifted Vijayawada,.,.,Bhawanipatna,61280.1,.,.,5.0,4-7 Years
MAA DURGA MINING,96426.0,20T-22T,EX210-Super Models,SP21-60847,2019-09-20,6.0,Bhawanipatna,7070709008.0,,Shifted to Ranchi,.,.,Bhawanipatna,139361.45,.,.,7.0,4-7 Years
Murari Lal Agrawal,25453.0,7T-8T,Excavator - EX70,0703-4719,2008-10-09,17.0,Bhawanipatna,9938770403.0,,Scraped,.,.,Bhawanipatna,117671.70000000001,.,.,18.0,13+ Years
Murari Lal Agrawal,25453.0,7T-8T,Excavator - EX70,0703-5418,2009-10-04,16.0,Bhawanipatna,998770403.0,,Scraped,.,.,Bhawanipatna,117671.70000000001,.,.,17.0,13+ Years
Murari Lal Agrawal,25453.0,7T-8T,Excavator - EX70,0703-7005,2011-04-24,14.0,Bhawanipatna,9938770403.0,,Scraped,.,.,Bhawanipatna,117671.70000000001,.,.,15.0,13+ Years
Murari Lal Agrawal,25453.0,7T-8T,Excavator - EX70,0703-8451,2012-12-16,13.0,Bhawanipatna,9938770403.0,,Scraped,.,.,Bhawanipatna,117671.70000000001,.,.,14.0,13+ Years
Rajlaxmi Constructions Limited,84505.0,10T-14T,ZAXIS140H,THEDA0L0T00001510,2020-12-26,5.0,Bhubaneswar,,,,.,.,Bhawanipatna,21977.75,.,.,6.0,4-7 Years
Rajlaxmi Constructions Limited,84505.0,10T-14T,Zaxis 120,01S1-053807,2017-10-24,8.0,Sambalpur,,,,.,.,Bhawanipatna,21977.75,.,.,9.0,8-12 Years
ARSS Infrastructure Projects Ltd,17241.0,20T-22T,Excavator - EX200LC,2001-9990,2009-02-19,,Rayagada,,,Not available,.,.,Bhubaneswar,1030521.0700000001,.,.,17.0,13+ Years
Sanjukta Routray,85754.0,20T-22T,EX200-Super,S200-54541,2017-12-26,8.0,Balasore,,,NOT OUR TERRITORY,.,.,Bhubaneswar,139875.45,.,.,9.0,8-12 Years
Abhipsa Construction,,BHL,Shinrai Prime,THEWACD0ER0003308,2024-07-30,1.0,Bhubaneswar,,,Machine Not Comission Bbsr Branch,.,.,Bhubaneswar,5150.7,.,.,2.0,0-3 Years
SHIVAM CONDEV PRIVATE LIMITED,83641.0,20T-22T,EX200-Super,S200-54148,2017-10-24,8.0,Balangir,,,,.,.,Bhubaneswar,1514273.7299999995,.,.,9.0,8-12 Years
SHIVAM CONDEV PRIVATE LIMITED,83641.0,20T-22T,EX200-Super,S200-54217,2017-10-24,8.0,Balangir,,,,.,.,Bhubaneswar,1514273.7299999995,.,.,9.0,8-12 Years
Biplab Samantaray,36913.0,7T-8T,Excavator - EX70,0703-5457,2009-10-23,16.0,Bhubaneswar,,,,.,.,Bhubaneswar,159249.35,.,.,17.0,13+ Years
Eastern India Construction Pvt Ltd,8033.0,7T-8T,Excavator - EX70,0703-2962,2007-03-25,19.0,Bhubaneswar,,,,.,.,Bhubaneswar,1082.05,.,.,19.0,13+ Years
GANGADHAR PRADHAN,158494.0,7T-8T,EX70 PRIME,P070-20654,2023-06-12,2.0,Bhubaneswar,,,,.,.,Bhubaneswar,4521,.,.,3.0,0-3 Years
GEE TECH FOUNDATION,123989.0,10T-14T,EX130 Super plus,SP13-15034,2021-09-13,4.0,Bhubaneswar,,,,.,.,Bhubaneswar,87780.25,.,.,5.0,4-7 Years
GYANENDRA KUMAR ROUTRAY,16434.0,20T-22T,Excavator - EX210LCH,210V-1345,2007-08-14,18.0,Bhubaneswar,,,,.,.,Bhubaneswar,194085.7,.,.,19.0,13+ Years
Maa Laxmi Construction,17336.0,7T-8T,Excavator - EX70,0703-2769,2007-01-05,19.0,Bhubaneswar,,,,.,.,Bhubaneswar,13669.12,.,.,19.0,13+ Years
Maa Laxmi Construction,17336.0,20T-22T,Excavator - EX200LC,2001-50326,2012-01-02,14.0,Bhubaneswar,,,,.,.,Bhubaneswar,13669.12,.,.,14.0,13+ Years
NIRANJAN NAYAK,145298.0,20T-22T,ZX-220-GIM,THEDCRL0V00003181,2022-11-16,3.0,Bhubaneswar,,,,.,.,Bhubaneswar,312483.8,.,.,4.0,4-7 Years
Prasanta Behera,91656.0,BHL,TATA HIT 86BHL,THEWBAD0JJ0011370,2018-10-27,7.0,Bhubaneswar,,,,.,.,Bhubaneswar,872,.,.,8.0,8-12 Years
Santosh Kumar Mohanty,50268.0,20T-22T,Excavator - EX200LC,2001-50066,2011-04-09,14.0,Bhubaneswar,,,,.,.,Bhubaneswar,16661.4,.,.,15.0,13+ Years
LAXMIPRIYA PANDA,92641.0,20T-22T,EX210-Super Models,SP21-62537,2022-02-05,4.0,Koira,,,,.,.,Bhubaneswar,136275.09,.,.,4.0,4-7 Years
Success Construction & Services,,20T-22T,ZX220GI,THEDCL0P00005253,,126.0,Malkangiri,,,,.,.,Bhubaneswar,162493.65,.,.,,Unknown
Bichitra Kumar Behera,56616.0,20T-22T,Excavator - EX200LC,2001-50227,2011-10-06,14.0,Paradeep,,,,.,.,Bhubaneswar,19754.95,.,.,15.0,13+ Years
Maa Laxmi Construction,17336.0,7T-8T,Excavator - EX70,0703-5847,2010-02-23,16.0,Paradeep,,,,.,.,Bhubaneswar,13669.12,.,.,16.0,13+ Years
Samal Brothers,76056.0,20T-22T,EX200-Super,S200-52952,2016-04-01,10.0,Paradeep,,,,.,.,Bhubaneswar,13202.849999999999,.,.,10.0,8-12 Years
ARSS Infrastructure Projects Ltd,17241.0,7T-8T,Excavator - EX70,0703-5637,2009-12-24,16.0,Sambalpur,,,,.,.,Bhubaneswar,1030521.0700000001,.,.,17.0,13+ Years
ARSS Infrastructure Projects Ltd,17241.0,20T-22T,EX200-Super,SP20-57653,2021-06-10,4.0,Sambalpur,,,,.,.,Bhubaneswar,1030521.0700000001,.,.,5.0,4-7 Years
Manoj Kumar Mishra,67772.0,BHL,TATA HIT 76BHL,TH76-10462,2013-12-17,12.0,Sambalpur,,,,.,.,Bhubaneswar,232431.7,.,.,13.0,13+ Years
SHIVAM CONDEV PRIVATE LIMITED,83641.0,20T-22T,EX200-Super,S200-54165,2017-10-09,8.0,Sambalpur,,,,.,.,Bhubaneswar,1514273.7299999995,.,.,9.0,8-12 Years
SHIVAM CONDEV PRIVATE LIMITED,83641.0,20T-22T,EX200-Super,S200-54260,2017-10-09,8.0,Sambalpur,,,,.,.,Bhubaneswar,1514273.7299999995,.,.,9.0,8-12 Years
SHIVAM CONDEV PRIVATE LIMITED,83641.0,20T-22T,EX200-Super,S200-54270,2018-01-08,8.0,Sambalpur,,,,.,.,Bhubaneswar,1514273.7299999995,.,.,8.0,8-12 Years
Vaishnodevi Associates,113767.0,20T-22T,EX210PRIME,SP21-85275,2024-07-09,1.0,Bhadrak,,not at bhadrak,,.,.,Bhubaneswar,194154.15,BHUBANESWAR,2024-07-09 00:00:00,2.0,0-3 Years
SHREE MURTI CONSTRUCTION,141734.0,20T-22T,EX210-Super Models,SP21-62782,2022-07-29,3.0,Bhubaneswar,,,,.,.,Bhubaneswar,51866.5,BHUBANESWAR,2022-07-29 00:00:00,4.0,4-7 Years
SOUMYA RANJAN SAMAL,96964.0,20T-22T,EX200-5G,THEDJLL0J00068324,2025-03-14,1.0,Bhubaneswar,,,,.,.,Bhubaneswar,308,JAJPUR,2025-03-14 00:00:00,1.0,0-3 Years
SATYABRATA SAHANI,191267.0,20T-22T,EX200-5G,SP20-50176,2025-01-23,1.0,Jajpur,,,,.,.,Bhubaneswar,17112.8,JAJPUR,2025-01-23 00:00:00,1.0,0-3 Years
KAMALINI BEHERA,177512.0,RB,RB–Alicon Super,B235-3279,2024-10-01,,Sambalpur,,,,.,.,Bolangir,27865.7,.,.,2.0,0-3 Years
Sanjay Kumar Pradhan,74571.0,20T-22T,ZAxis 220 GI,THEDCRL0V00001321,2018-05-25,7.0,Sambalpur,,,,.,.,Bolangir,292412.25,.,.,8.0,8-12 Years
SRINIBASH MISHRA,69946.0,7T-8T,Excavator - EX70,0703-9311,2014-06-07,11.0,Sambalpur,,,,.,.,Bolangir,154949.16999999998,.,.,12.0,8-12 Years
Soleelo Kumar Senapati,75204.0,RB,RB–Alicon Super,B145-2653,2024-06-05,,Rayagada,,,,.,.,Gunupur,1063475.9000000001,.,.,2.0,0-3 Years
Sanjay Kumar Behera,61767.0,20T-22T,Zaxis 210,0ACE-002232,2012-08-08,13.0,Balasore,,,NOT OUR TERRITORY,.,.,Jajpur,6430,.,.,14.0,13+ Years
SWARUPANANDA DASH,137117.0,20T-22T,EX210-Super Models,SP21-62576,2022-05-04,3.0,Jajpur,,,,.,.,Jajpur,91130.4,.,.,4.0,4-7 Years
J D CORPORATION,165367.0,20T-22T,EX200-Super,SP20-65397,2023-10-23,2.0,Jharsuguda,,,,.,.,Jajpur,48559.85,.,.,3.0,0-3 Years
Siva Construction,79143.0,20T-22T,EX210-Super Models,S210-55324,2016-11-09,9.0,Sambalpur,,,,.,.,Jajpur,1062,.,.,10.0,8-12 Years
SWARUPANANDA DASH,137117.0,20T-22T,EX210-Super Models,SP21-62733,2022-07-08,3.0,Jajpur,,,,.,.,Jajpur,91130.4,BARIPADA,2022-07-08 00:00:00,4.0,4-7 Years
Pradipta kumar Rout,25044.0,,Excavator - EX70,0703-5463,2009-10-28,,Jajpur,,,Shifted to other state,.,.,Jeypore,6326.1,.,.,17.0,13+ Years
Ajaya Kumar Padhi,56627.0,,Excavator - EX70,0703-7085,2011-10-11,,Rayagada,,,Shifted to other state,.,.,Jeypore,158601,.,.,15.0,13+ Years
NAGAJAN KANABHAI ODEDRA,183775.0,20T-22T,EX215LC-5G,SP22-95126,2024-09-17,,Jeypore,,9861624271,Machine shifted,.,.,Jeypore,149468.16,.,.,2.0,0-3 Years
Suresh Chandra Swain,38989.0,7T-8T,Excavator - EX70,0703-5643,2009-12-25,16.0,Balasore,,,NOT OUR TERRITORY,.,.,Jeypore,15634.65,.,.,17.0,13+ Years
Pradipta kumar Rout,25044.0,7T-8T,Excavator - EX70,0703-4560,2008-08-13,17.0,Bhadrak,,not at bhadrak,,.,.,Jeypore,6326.1,.,.,18.0,13+ Years
Jayshree Enterprises,95001.0,20T-22T,EX200-Super,SP20-57872,2021-12-06,4.0,Sambalpur,,,M/c shifted,.,.,Jharsuguda,49444.25,.,.,5.0,4-7 Years
Jayshree Enterprises,95001.0,20T-22T,EX200-Super,SP20-58328,2022-07-02,3.0,Sambalpur,,,M/c shifted,.,.,Jharsuguda,49444.25,.,.,4.0,4-7 Years
LALLAN CHOURASIYA,138005.0,BHL,Shinrai-BX80,THEWABD0KJ0000008,2022-04-29,3.0,Bhubaneswar,,,,.,.,Jharsuguda,35883,.,.,4.0,4-7 Years
Sanjit Kumar Naik,25375.0,20T-22T,EX200-Super,SP20-57375,2021-03-15,5.0,Rourkela,,,,.,.,Jharsuguda,312482.35000000003,.,.,5.0,4-7 Years
Super Diesel,81768.0,20T-22T,EX210-Super Models,S210-56293,2018-05-28,7.0,Rourkela,,,,.,.,Jharsuguda,867,.,.,8.0,8-12 Years
R R INDUSTRY,154482.0,20T-22T,ZAxis 220 GI,THEDCRL0T00003529,2023-03-29,3.0,Sambalpur,,,,.,.,Jharsuguda,100653.03,.,.,3.0,0-3 Years
Raj Construction,88560.0,20T-22T,EX215 SUPER PLUS,SP22-80381,2022-12-13,3.0,Sambalpur,,,,.,.,Jharsuguda,17490,.,.,4.0,4-7 Years
SHREE VISWAKARMA CONSTRUCTION,14903.0,7T-8T,Excavator - EX70,0703-7836,2012-03-12,14.0,Sambalpur,,,,.,.,Jharsuguda,631164.57,.,.,14.0,13+ Years
Dillip Kumar Nayak,25172.0,,Excavator - EX70,0703-4597,2008-08-13,,Jajpur,,,Shifted to other state,.,.,Koira,83301.1,.,.,18.0,13+ Years
DEB CONSTRUCTION,64980.0,20T-22T,EX200-5G,SP20-50312,2025-02-24,1.0,Koira,,,Shifted Westbengal,.,.,Koira,60655.899999999994,.,.,1.0,0-3 Years
SHAKTI ENGINEERING CO.,95658.0,20T-22T,EX210-Super Models,SP21-60683,2019-07-17,6.0,Bhubaneswar,,,,.,.,Koira,61776,.,.,7.0,4-7 Years
SHAKTI ENGINEERING CO.,95658.0,20T-22T,EX210-Super Models,SP21-60779,2019-07-18,6.0,Bhubaneswar,,,,.,.,Koira,61776,.,.,7.0,4-7 Years
Sukanta Padhiary,90761.0,20T-22T,EX210-Super Models,S210-56521,2018-09-15,7.0,Bhubaneswar,,,,.,.,Koira,2598,.,.,8.0,8-12 Years
SRI KURINJI INFRASTRUCTURE,89845.0,20T-22T,EX200-Super,S200-25386,2018-07-12,7.0,Sambalpur,,,,.,.,Koira,152704.09999999998,.,.,8.0,8-12 Years
Prafulla Kumar Panda,56145.0,9437820226,Excavator - EX70,0703-7271,2011-08-31,,Malkangiri,,,Scraped,.,.,Malkangiri,47419.95,.,.,15.0,13+ Years
Chamundi Natural Stones,72205.0,35T-40T,Zaxis 370GI,THEDD1L0A00000220,2017-06-16,8.0,Jharsuguda,,,NO DATA,.,.,Malkangiri,288452.55,.,.,9.0,8-12 Years
Gangadhar Jena,46352.0,,Excavator - EX200LC,2001-50212,2011-09-18,,Paradeep,,,Scraped,.,.,Paradeep,11058.849999999999,.,.,15.0,13+ Years
Bijay Kumar Behera,64686.0,7T-8T,Excavator - EX70,0703-8608,2013-03-07,13.0,Bhawanipatna,,,Scraped,.,.,Paradeep,22065.449999999997,.,.,13.0,13+ Years
Amiya Kumar Pati,48679.0,7T-8T,Excavator - EX70,0703-6266,2010-10-13,15.0,Paradeep,,,,.,.,Paradeep,9609,.,.,16.0,13+ Years
Shishir Raut,67440.0,BHL,TATA HIT 76BHL,TH76-10469,2013-10-12,12.0,Paradeep,,,,.,.,Paradeep,5868.7,.,.,13.0,13+ Years
Sushanta Kumar Panda,62686.0,BHL,TATA315E Bakhoe Lodr,315E-2830,2012-10-27,13.0,Paradeep,,,,.,.,Paradeep,241436.63999999998,.,.,14.0,13+ Years
RAJBIR CONSTRUCTION PRIVATE LIMITED,166667.0,20T-22T,Zaxis 220LC-GI,THEDCRL0A00003832,2023-11-14,2.0,Sambalpur,,,,.,.,Paradeep,584225.6200000001,PARADEEP,2023-11-14 00:00:00,3.0,0-3 Years
HARSHAL ENTERPRISES,163023.0,20T-22T,EX210LC-5G,SP21-21573,2025-01-31,,Rayagada,,,Not available,.,.,Rayagada,23160.05,.,.,1.0,0-3 Years
K.RAMANA RAO,38316.0,20T-22T,EX200-Super,S200-54974,2018-06-05,7.0,Jajpur,,,NOT OUR TERRITORY,.,.,Rayagada,176445.4,.,.,8.0,8-12 Years
K.RAMANA RAO,38316.0,20T-22T,EX200-Super,S200-54985,2018-06-05,7.0,Jajpur,,,NOT OUR TERRITORY,.,.,Rayagada,176445.4,.,.,8.0,8-12 Years
National Enterprises,16678.0,WL,Wheel Loader TL360Z,L360-4362,2013-01-31,13.0,Keonjhar,8018020535.0, ,Shifted,.,.,Rourkela,123924.35,.,.,13.0,13+ Years
UMESH KUMAR TIWARI,60867.0,20T-22T,EX210-Super Models,S210-55693,2017-07-03,8.0,Balangir,,,,.,.,Rourkela,29289.55,.,.,9.0,8-12 Years
DEBASHISH MAJHI,175016.0,20T-22T,EX200-Super,SP20-65689,2024-04-02,1.0,Sambalpur,,,M/c shifted,.,.,Sambalpur,9975,.,.,2.0,0-3 Years
Damodar Pattnaik,64861.0,,Excavator - EX70,0703-8640,2013-03-10,,ANGUL,,,machine shifted to Keonjhar,Angul,2020-06-16 00:00:00,.,.,.,.,13.0,13+ Years
Baba mani Roadways,22492.0,20T-22T,ZAxis 220 GI,THEDC0L0C00000172,2016-02-18,10.0,Jajpur,,,NOT OUR TERRITORY,Angul,2025-06-07 00:00:00,.,.,.,.,10.0,8-12 Years
H&S Construction,113235.0,20T-22T,EX210-Super Models,SP21-61515,2020-12-26,5.0,Jharsuguda,,,NO DATA,Angul,2025-01-31 00:00:00,.,.,.,.,6.0,4-7 Years
Sebati  Sahoo,83710.0,20T-22T,EX210-Super Models,S210-55706,2017-08-25,8.0,Jharsuguda,,,NO DATA,Angul,2023-02-24 00:00:00,.,.,.,.,9.0,8-12 Years
Prasant  Kumar Sahoo,73366.0,20T-22T,EX200-Super,S200-52562,2015-07-14,10.0,Bhubaneswar,,,,Angul,2022-06-20 00:00:00,.,.,.,.,11.0,8-12 Years
SHARMA EARTH MOVERS,91875.0,20T-22T,EX210-Super Models,SP21-60670,2019-05-04,6.0,Bhubaneswar,,,,Angul,2021-05-05 00:00:00,.,.,.,.,7.0,4-7 Years
Shree Krishna Earthmovers,89385.0,20T-22T,EX200-Super,SP20-56115,2018-11-03,7.0,Bhubaneswar,,,,Angul,2020-10-13 00:00:00,.,.,.,.,8.0,8-12 Years
Om Prakash Behera,78156.0,7T-8T,Excavator - EX70,S070-15627,2016-10-29,9.0,Sambalpur,,,,Angul,2022-03-10 00:00:00,.,.,.,.,10.0,8-12 Years
Susanta Kumar Badhai,22403.0,20T-22T,EX200-Super,SP20-29181,2021-01-08,5.0,Sambalpur,,,,Angul,2022-07-20 00:00:00,.,.,.,.,5.0,4-7 Years
Diptiranjan Sahoo,140482.0,10T-14T,EX130 Super plus,SP13-15315,2022-07-18,3.0,Bhubaneswar,,,,Angul,2024-11-27 00:00:00,.,.,ANGUL,2022-07-18 00:00:00,4.0,4-7 Years
Deepak Kumar Pradhan,45660.0,,Excavator - EX70,0703-6880,2011-03-21,,Berhampur,,,Scraped,Balasore,2020-03-31 00:00:00,.,.,.,.,15.0,13+ Years
Bidyadhar Ghadei,69247.0,7T-8T,Excavator - EX70,0703-9213,2014-03-29,12.0,Balasore,,,NOT OUR TERRITORY,Balasore,2022-10-31 00:00:00,.,.,.,.,12.0,8-12 Years
EQUIPMENT TRANSPORT SERVICE,92477.0,20T-22T,EX210-Super Models,SP21-61434,2020-08-25,5.0,Balasore,,,NOT OUR TERRITORY,Balasore,2022-02-16 00:00:00,.,.,.,.,6.0,4-7 Years
Gopinath Panda,74745.0,20T-22T,EX210-Super Models,S210-55115,2016-01-02,10.0,Balasore,,,NOT OUR TERRITORY,Balasore,2020-10-08 00:00:00,.,.,.,.,10.0,8-12 Years
JIBAN DAGARA,96757.0,7T-8T,Excavator - EX70,SP07-18418,2019-10-25,6.0,Balasore,,,NOT OUR TERRITORY,Balasore,2021-01-30 00:00:00,.,.,.,.,7.0,4-7 Years
MANISH KUMAR SAH,93888.0,20T-22T,ZAxis 220 GI,THEDCRL0E00002006,2019-12-14,6.0,Balasore,,,NOT OUR TERRITORY,Balasore,2023-01-20 00:00:00,.,.,.,.,7.0,4-7 Years
Radharaman Panigrahi,73943.0,BHL,TATA HIT 86BHL,TH86-10173,2015-09-07,10.0,Balasore,,,NOT OUR TERRITORY,Balasore,2023-07-31 00:00:00,.,.,.,.,11.0,8-12 Years
Sanjay Kumar Dey,52079.0,7T-8T,Excavator - EX70,0703-6771,2011-02-18,15.0,Balasore,,,NOT OUR TERRITORY,Balasore,2022-03-21 00:00:00,.,.,.,.,15.0,13+ Years
Shiba Prasad Sethy,63498.0,BHL,Tata Back Load 315V,315V-8986,2012-12-17,13.0,Balasore,,,NOT OUR TERRITORY,Balasore,2022-06-30 00:00:00,.,.,.,.,14.0,13+ Years
Debashish Swain,68490.0,BHL,TATA HIT 76BHL,TH76-10536,2014-01-18,12.0,Paradeep,,,,Balasore,2025-05-30 00:00:00,.,.,.,.,12.0,8-12 Years
LCC Projects Pvt Ltd,90300.0,20T-22T,EX200-Super,SP20-58473,2022-11-30,3.0,Balasore,,,NOT OUR TERRITORY,Balasore,2023-03-24 00:00:00,.,.,BHUBANESWAR,2022-11-30 00:00:00,4.0,4-7 Years
Sujay Kumar Karan,52407.0,7T-8T,Excavator - EX70,0703-6796,2011-03-08,15.0,Balasore,,,NOT OUR TERRITORY,Balasore,2021-11-30 00:00:00,Balasore,13644,.,.,15.0,13+ Years
Rajiv Kumar Biswal,70646.0,10T-14T,Excavator - EX110,1101-6518,2014-09-04,11.0,Baripada,,,UNKNOWN,Baripada,2023-07-27 00:00:00,.,.,.,.,12.0,8-12 Years
KISHORE/ASHOK KR PATTANAYAK,60343.0,BHL,TATA HIT 86BHL,TH86-10002,2012-12-27,13.0,Baripada,,,SOLD TO WEST BENGEL,Baripada,2020-07-21 00:00:00,.,.,.,.,14.0,13+ Years
SHIBSANKAR GIRI & RABISANKAR GIRI,72499.0,BHL,TATA HIT 76BHL,TH76-10667,2015-03-29,11.0,Baripada,,,SOLD TO WEST BENGEL,Baripada,2022-12-26 00:00:00,.,.,.,.,11.0,8-12 Years
Ram Chandra Mohanty,82480.0,7T-8T,Excavator - EX70,S070-16173,2017-05-27,8.0,Baripada,,,SOLD TO JHARKHAND,Baripada,2020-08-31 00:00:00,.,.,.,.,9.0,8-12 Years
Chandil Industries Private Limited,95263.0,BHL,Shinrai-BX80,THEWABD0CK0000393,2019-05-31,6.0,Baripada,,,SHIFTED TO JHARKHAND,Baripada,2020-06-29 00:00:00,.,.,.,.,7.0,4-7 Years
Kavay Enterprises,82946.0,20T-22T,EX210-Super Models,SP21-46316,2020-08-25,5.0,Balasore,,,NOT OUR TERRITORY,Baripada,2023-09-26 00:00:00,.,.,.,.,6.0,4-7 Years
"Rupal Infrastructure Pvt. Ltd.,",24380.0,7T-8T,Excavator - EX70,S070-15277,2015-11-07,10.0,Balasore,,,NOT OUR TERRITORY,Baripada,2025-01-28 00:00:00,.,.,.,.,11.0,8-12 Years
Birendra Nath Swain,43968.0,10T-14T,Excavator - EX110,S110-11052,2017-02-25,9.0,Baripada,,,SOLD TO WEST BENGEL,Baripada,2022-12-15 00:00:00,Baripada,3538,.,.,9.0,8-12 Years
Debashis Singh,132135.0,7T-8T,EX70 PRIME,P070-20456,2023-01-30,3.0,Baripada,,,SOLD TO WEST BENGEL,Baripada,2024-10-19 00:00:00,Baripada,74874.55,BARIPADA,2023-01-30 00:00:00,3.0,0-3 Years
Sibaram Nayak,74186.0,7T-8T,Excavator - EX70,S070-15176,2015-10-21,,Berhampur,,,Out of state,Berhampur,2021-03-16 00:00:00,.,.,.,.,11.0,8-12 Years
Puran Kumar Choudhury,36053.0,7T-8T,Excavator - EX70,S070-15290,2015-11-28,,Berhampur,,,Out of state,Berhampur,2024-02-16 00:00:00,.,.,.,.,11.0,8-12 Years
Niranjan Prusti,70361.0,BHL,TATA HIT 86BHL,TH86-10456,2014-08-06,11.0,Berhampur,,,machine shifted ,Berhampur,2023-03-16 00:00:00,.,.,.,.,12.0,8-12 Years
Krishna Kumar Agarwal,79851.0,20T-22T,EX200-Super,S210-40459,2016-12-17,9.0,Balangir,,,,Berhampur,2023-12-12 00:00:00,.,.,.,.,10.0,8-12 Years
J.Bijaya Kumar Patro.,20747.0,7T-8T,Excavator - EX70,0703-9597,2015-02-11,11.0,Bhubaneswar,,,,Berhampur,2023-06-13 00:00:00,.,.,.,.,11.0,8-12 Years
Sailaja Sankar Dash,73364.0,BHL,TATA HIT 76BHL,TH76-10698,2015-07-08,10.0,Berhampur,,,,Berhampur,2020-12-30 00:00:00,.,.,.,.,11.0,8-12 Years
Umakant Sahu,69849.0,BHL,TATA HIT 86BHL,TH86-10473,2014-09-30,11.0,Bhubaneswar,,,,Berhampur,2023-09-27 00:00:00,Berhampur,3729.05,.,.,12.0,8-12 Years
Debidutta Brahma,81170.0,10T-14T,Excavator - EX110,S110-11074,2017-03-04,9.0,Balasore,,,NOT OUR TERRITORY,Bhadrak,2025-12-26 00:00:00,.,.,.,.,9.0,8-12 Years
JANMEJAYA SAMAL,97083.0,BHL,Shinrai-BX80,THEWABD0EK0000957,2019-10-10,6.0,Bhubaneswar,,,,Bhadrak,2026-02-25 00:00:00,Bhadrak,24714.25,.,.,7.0,4-7 Years
Pratap Chandra Mohapatra,113295.0,7T-8T,Excavator - EX70,SP07-18985,2020-12-26,5.0,Bhubaneswar,,,,Bhadrak,2026-02-27 00:00:00,Bhubaneswar,6851.95,.,.,6.0,4-7 Years
BHAJARAM SABAT,36274.0,,Excavator - EX70,0703-5829,2010-02-15,,Berhampur,,,Scraped,Bhawanipatna,2020-12-24 00:00:00,.,.,.,.,16.0,13+ Years
Shiv Shankar Stone Crusher,49479.0,10T-14T,Excavator - EX110,1101-3956,2010-11-12,,Rayagada,,,Not available,Bhawanipatna,2025-08-30 00:00:00,.,.,.,.,16.0,13+ Years
ANIL HOTA,98048.0,20T-22T,EX200-Super,SP20-56976,2020-01-21,6.0,Balangir,,,,Bhawanipatna,2023-09-11 00:00:00,.,.,.,.,6.0,4-7 Years
Ses Engineering Builders and Civil,91281.0,20T-22T,EX210-Super Models,SP21-45064,2018-11-28,7.0,Sambalpur,,,,Bhawanipatna,2020-12-16 00:00:00,.,.,.,.,8.0,8-12 Years
Santosh Kumar Panigrahi,83295.0,7T-8T,Excavator - EX70,S070-16224,2017-07-14,8.0,Bhawanipatna,9437092505.0,,Shifted Delhi,Bhawanipatna,2023-02-17 00:00:00,Bhawanipatna,19287.9,.,.,9.0,8-12 Years
Bhagabati Constructions,46912.0,,Excavator - EX110,1101-3761,2010-08-04,,Jajpur,,,Shifted to other state,Bhubaneswar,2020-08-25 00:00:00,.,.,.,.,16.0,13+ Years
JAYADEV JENA,130167.0,20T-22T,EX210-Super Models,SP21-47189,2021-12-31,4.0,Sambalpur,,,M/c shifted,Bhubaneswar,2023-05-31 00:00:00,.,.,.,.,5.0,4-7 Years
Purna Chandra Pradhan,49361.0,7T-8T,Excavator - EX70,0703-6554,2010-12-13,15.0,Bhubaneswar,,,,Bhubaneswar,2020-06-22 00:00:00,.,.,.,.,16.0,13+ Years
Creatives Field Engineers Pvt Ltd,141574.0,20T-22T,ZAxis 220 GI,THEDC0L0P00001227,2019-12-06,6.0,Paradeep,,,,Bhubaneswar,2022-08-06 00:00:00,.,.,.,.,7.0,4-7 Years
Lokanath Behera,85979.0,7T-8T,Excavator - EX70,S070-16623,2018-01-11,8.0,Paradeep,,,,Bhubaneswar,2020-12-02 00:00:00,.,.,.,.,8.0,8-12 Years
MANAS RANJAN SAMAL,110903.0,20T-22T,EX210-Super Models,SP21-61436,2020-08-05,5.0,Paradeep,,,,Bhubaneswar,2026-01-29 00:00:00,.,.,.,.,6.0,4-7 Years
Nanda Infra Construction Pvt.Ltd,88050.0,10T-14T,EX130 Super plus,SP13-15212,2022-07-28,3.0,Sambalpur,,,,Bhubaneswar,2024-10-09 00:00:00,.,.,.,.,4.0,4-7 Years
Shishir Kumar Sahoo,84433.0,20T-22T,EX210-Super Models,S210-55797,2017-10-17,8.0,Sambalpur,,,,Bhubaneswar,2026-02-19 00:00:00,.,.,.,.,9.0,8-12 Years
GALI SUBBARAJU  CONSTRUCTION COMPAN,145329.0,20T-22T,ZAxis 220 GI,THEDC0L0P00001731,2022-10-28,3.0,Bhubaneswar,,,Machine shifted to Telengana,Bhubaneswar,2025-01-07 00:00:00,.,.,BHUBANESWAR,2022-10-28 00:00:00,4.0,4-7 Years
SANATAN DAS,111635.0,20T-22T,EX210-Super Models,SP21-61758,2021-02-03,5.0,Bhubaneswar,,,,Bhubaneswar,2022-05-31 00:00:00,Angul,15122,.,.,5.0,4-7 Years
DEEPAK KUMAR JENA,150415.0,20T-22T,EX210-Super Models,SP21-62987,2023-01-02,3.0,Bhubaneswar,,,,Bhubaneswar,2025-03-13 00:00:00,Bhubaneswar,88965.11,BERHAMPUR,2023-01-02 00:00:00,3.0,0-3 Years
CHETAN KUMAR SAHOO,150987.0,7T-8T,EX70 PRIME,P070-20375,2023-01-14,3.0,Paradeep,,,,Bhubaneswar,2025-05-16 00:00:00,Bhubaneswar,79045.85,BHUBANESWAR,2023-01-13 00:00:00,3.0,0-3 Years
Bijaya Laxmi Jena,51349.0,,Zaxis 210,0ACE-001391,2011-01-30,,Jajpur,,,Shifted to other state,Bolangir,2023-03-29 00:00:00,.,.,.,.,15.0,13+ Years
Parida Construction,63778.0,BHL,Shinrai-BX80,THEWABD0HK0000892,2020-03-12,,Jeypore,,,Not available,Bolangir,2025-08-29 00:00:00,.,.,.,.,6.0,4-7 Years
BAJRANGBALI CONSTRUCTION,95474.0,20T-22T,EX210-Super Models,SP21-60763,2019-08-17,6.0,Keonjhar,6201582843.0,,Machine Shifted,Bolangir,2023-12-22 00:00:00,.,.,.,.,7.0,4-7 Years
ANJALI NAIK,72509.0,BHL,TATA HIT 76BHL,TH76-10794,2015-04-10,10.0,Balangir,,,,Bolangir,2024-02-26 00:00:00,.,.,.,.,11.0,8-12 Years
Aruna Kumar Satapathy,88565.0,10T-14T,Excavator - EX110,S110-11871,2018-05-15,7.0,Balangir,,,,Bolangir,2025-11-13 00:00:00,.,.,.,.,8.0,8-12 Years
SHREYASH ENTERPRISES,110649.0,20T-22T,EX210-Super Models,SP21-61369,2020-07-29,5.0,Balangir,,,,Bolangir,2022-06-07 00:00:00,Jharsuguda,16309.6,.,.,6.0,4-7 Years
Hemant Kumar Sahoo,74634.0,20T-22T,EX200-Super,S200-52713,2015-11-15,10.0,Jajpur,,,NOT OUR TERRITORY,Jajpur,2021-02-12 00:00:00,.,.,.,.,11.0,8-12 Years
NEM Engineering Projects Pvt. Ltd.,53313.0,BHL,TATA HIT 86BHL,THEWBAD0EG0010788,2016-09-24,9.0,Jajpur,,,NOT OUR TERRITORY,Jajpur,2022-03-18 00:00:00,.,.,.,.,10.0,8-12 Years
Rajendra Rout,78669.0,7T-8T,Excavator - EX70,SP07-19275,2021-10-11,4.0,Jajpur,,,M/C SOLD ,Jajpur,2023-12-18 00:00:00,.,.,.,.,5.0,4-7 Years
Braja Kishore Kar,82146.0,20T-22T,EX210-Super Models,S210-55602,2017-04-30,8.0,Jajpur,,,M/C SOLD,Jajpur,2023-03-29 00:00:00,.,.,.,.,9.0,8-12 Years
Mohini Moahan Sahu,17913.0,20T-22T,EX200-Super,S200-54902,2018-05-14,7.0,Jajpur,,,LONG IDLE ,Jajpur,2021-07-19 00:00:00,.,.,.,.,8.0,8-12 Years
Soubhagya Laxmi Patra,80231.0,20T-22T,ZAxis 220 GI,THEDC0L0L00000345,2017-01-23,9.0,Bhubaneswar,,,,Jajpur,23-09-2024,.,.,.,.,9.0,8-12 Years
Rangadhar Pradhan,78260.0,10T-14T,Excavator - EX110,S110-10678,2016-09-05,9.0,Jajpur,,,,Jajpur,2023-09-18 00:00:00,.,.,.,.,10.0,8-12 Years
SBL Enterprises,87459.0,20T-22T,EX210-Super Models,SP21-60934,2019-11-28,6.0,Jajpur,,,,Jajpur,2023-03-01 00:00:00,.,.,.,.,7.0,4-7 Years
Utkal Highways,82495.0,20T-22T,EX210-Super Models,S210-55700,2017-07-11,8.0,Jajpur,,,,Jajpur,2020-08-29 00:00:00,.,.,.,.,9.0,8-12 Years
Nilambar Nayak,114438.0,10T-14T,ZAXIS140H,THEDA0L0P00001587,2021-02-11,5.0,Paradeep,,,,Jajpur,2025-06-06 00:00:00,.,.,.,.,5.0,4-7 Years
SHANKAR MISHRA,93800.0,BHL,Shinrai-BX80,THEWABD0CJ0000237,2019-02-26,7.0,Paradeep,,,,Jajpur,2020-07-17 00:00:00,.,.,.,.,7.0,4-7 Years
Nihar Ranjan Mandhata,74878.0,2T-3T,Excavator - TMX20,S020-3222,2020-12-10,5.0,Bhubaneswar,,,,Jajpur,2025-05-31 00:00:00,Jajpur,226821.24999999997,.,.,6.0,4-7 Years
Durga Prasad Tripathy,25719.0,9937419952,Zaxis 120,01S1-050704,2010-06-16,,Malkangiri,,,Scraped,Jeypore,2020-10-18 00:00:00,.,.,.,.,16.0,13+ Years
Parida Construction,63778.0,,Tata Back Load 315V,315V-8952,2012-12-26,,Bhadrak,,,M/C AT BOLANGIR,Jeypore,2025-11-26 00:00:00,.,.,.,.,14.0,13+ Years
Chandra Sekhar Swain,62528.0,BHL,TATA HIT 76BHL,TH76-10717,2015-11-12,10.0,Bhubaneswar,,,,Jeypore,2023-03-31 00:00:00,.,.,.,.,11.0,8-12 Years
Netrananda Pradhan,13732.0,10T-14T,Excavator - EX110,1101-6610,2014-11-04,11.0,Bhubaneswar,,,,Jeypore,2026-01-22 00:00:00,.,.,.,.,12.0,8-12 Years
Basudev Sahoo,85750.0,20T-22T,EX210-Super Models,S210-56523,2018-10-06,7.0,Bhubaneswar,,,,Jeypore,2020-07-20 00:00:00,Angul,17630.05,.,.,8.0,8-12 Years
Sai Pranav Infrastructures,84203.0,20T-22T,ZAxis 220 GI,THEDCRL0C00001293,2018-05-23,7.0,Jajpur,,,,Jeypore,2025-04-26 00:00:00,Berhampur,17690.75,.,.,8.0,8-12 Years
AMEVA ASSOCIATES,97706.0,20T-22T,EX200-Super,SP20-57063,2020-09-07,5.0,Bhubaneswar,,,,Jeypore,2025-02-20 00:00:00,Malkangiri,21989.2,.,.,6.0,4-7 Years
Sadhguru Sai Drillers,,20T-22T,EX210-Super Models,S210-41632,,126.0,Jharsuguda,,,MC SHIFTED,Jharsuguda,2020-02-14 00:00:00,.,.,.,.,,Unknown
Seshadev Meher,85316.0,20T-22T,EX200-Super,S200-54357,2017-12-05,8.0,Sambalpur,,,M/c Sold,Jharsuguda,2025-08-01 00:00:00,.,.,.,.,9.0,8-12 Years
TATA HITACHI CONSTRUCTION MACHINERY,116829.0,20T-22T,EX200-Super,SP20-65531,2024-01-27,2.0,Jajpur,,,,Jharsuguda,2025-08-18 00:00:00,.,.,.,.,2.0,0-3 Years
RELIABLE HI-TECH,42924.0,20T-22T,Excavator - EX200LC,2001-11225,2010-04-11,15.0,Jharsuguda,,,,Jharsuguda,2021-11-02 00:00:00,.,.,.,.,16.0,13+ Years
Brajendra Panda,39946.0,20T-22T,Zaxis 210,0ACE-001221,2010-10-08,15.0,Sambalpur,,,,Jharsuguda,2022-03-08 00:00:00,.,.,.,.,16.0,13+ Years
Royya Krishna Prasad,68039.0,20T-22T,EX200-Super,S200-20142,2014-01-27,12.0,Sambalpur,,,,Jharsuguda,2025-10-27 00:00:00,.,.,.,.,12.0,8-12 Years
SHREEJIKRUPA PROJECT LIMITED,113069.0,BHL,Shinrai-BX80,THEWABD0CL0001853,2020-12-14,5.0,Sambalpur,,,,Jharsuguda,2024-08-31 00:00:00,Bhawanipatna,49669.8,.,.,6.0,4-7 Years
Bimal Kumar Khetan,89536.0,20T-22T,EX200-Super,S200-55254,2018-10-13,7.0,Bhubaneswar,,,,Jharsuguda,2025-05-26 00:00:00,Jharsuguda,41893.950000000004,.,.,8.0,8-12 Years
NARAYAN JENA,157658.0,10T-14T,ZAXIS140H,THEDA0L0V00002521,2023-05-05,2.0,Jharsuguda,,,MC SHIFTED,Jharsuguda,2025-01-04 00:00:00,Rayagada,4942.75,.,.,3.0,0-3 Years
Itishree Construction,91555.0,20T-22T,EX210-Super Models,SP21-45169,2018-11-12,7.0,Bhubaneswar,,,,KEONJHAR,2026-02-05 00:00:00,Angul,40800,.,.,8.0,8-12 Years
P.S.  Construction,54561.0,,Excavator - EX200LC,2001-50110,2011-06-06,,Paradeep,,,Shifted to other state,Paradeep,2020-07-06 00:00:00,.,.,.,.,15.0,13+ Years
Nanda Kishore Das,71884.0,10T-14T,Zaxis 120,01S1-052715,2015-02-14,11.0,Jajpur,,,NOT OUR TERRITORY,Paradeep,2023-04-12 00:00:00,.,.,.,.,11.0,8-12 Years
Gyan Prakash Samantaray,80507.0,20T-22T,ZAxis 220 GI,THEDC0L0L00000362,2017-02-27,9.0,Bhubaneswar,,,,Paradeep,2020-08-28 00:00:00,.,.,.,.,9.0,8-12 Years
Rajendra Rout,78669.0,20T-22T,EX210-Super Models,SP21-61109,2019-12-19,6.0,Bhubaneswar,,,,Paradeep,2024-11-27 00:00:00,.,.,.,.,7.0,4-7 Years
SWASTIK INFRA SERVICES PRIVATE LIMI,96126.0,20T-22T,EX210-Super Models,SP21-61256,2020-02-11,6.0,Bhubaneswar,,,,Paradeep,2022-05-26 00:00:00,.,.,.,.,6.0,4-7 Years
Sibananda Patra,81432.0,7T-8T,Excavator - EX70,S070-16105,2017-03-20,9.0,Jajpur,,,,Paradeep,2023-06-27 00:00:00,.,.,.,.,9.0,8-12 Years
Ajaya Kumar Senapati/Pravanjan Mohanty,60697.0,20T-22T,Excavator - EX200LC,2001-50533,2012-05-24,13.0,Paradeep,,,,Paradeep,2020-11-23 00:00:00,.,.,.,.,14.0,13+ Years
Biswajit Bardhan,64954.0,BHL,TATA HIT 76BHL,TH76-10165,2013-04-04,12.0,Paradeep,,,,Paradeep,2021-02-22 00:00:00,.,.,.,.,13.0,13+ Years
Debi Prasad Tripathy,54851.0,7T-8T,Excavator - EX70,0703-7090,2011-07-06,14.0,Paradeep,,,,Paradeep,2026-01-09 00:00:00,.,.,.,.,15.0,13+ Years
Nabakishore Lenka,69908.0,BHL,TATA HIT 76BHL,TH76-10633,2014-06-02,11.0,Paradeep,,,,Paradeep,2021-01-25 00:00:00,.,.,.,.,12.0,8-12 Years
RIPLEY AND COMPANY STEVEDORING AND,67269.0,20T-22T,EX210,SP21-61551,2020-11-06,5.0,Paradeep,,,,Paradeep,2022-02-18 00:00:00,.,.,.,.,6.0,4-7 Years
Shreeman and Aman Infra Private Lim,76094.0,7T-8T,Excavator - EX70,S070-15480,2016-04-04,9.0,Bhubaneswar,,,,Paradeep,2025-05-29 00:00:00,.,.,.,.,10.0,8-12 Years
SARALA TRANSPORT AGENCY,97356.0,20T-22T,EX210-Super Models,SP21-60841,2019-11-25,6.0,Balasore,,,NOT OUR TERRITORY,Paradeep,2025-01-11 00:00:00,Paradeep,39473.15,.,.,7.0,4-7 Years
SUJIT RANJAN SAHOO,113742.0,7T-8T,Excavator - EX70,SP07-19027,2021-01-11,5.0,Bhubaneswar,,,,Paradeep,2022-06-30 00:00:00,Paradeep,4329.2,.,.,5.0,4-7 Years
Sushanta Kumar Panda,62686.0,7T-8T,Excavator - EX70,0703-9093,2014-01-11,12.0,Paradeep,,,,Paradeep,2025-06-18 00:00:00,Paradeep,241436.63999999998,.,.,12.0,8-12 Years
Palashti Mali,83287.0,20T-22T,EX200-Super,S200-54076,2017-08-01,8.0,Rayagada,,,,Rayagada,2021-10-29 00:00:00,.,.,.,.,9.0,8-12 Years
LOKESWAR RAO BURADA,188070.0,7T-8T,EX70 PRIME,P070-21111,2024-12-05,1.0,Sambalpur,,,,Rayagada,2025-12-27 00:00:00,Rayagada,75790.05,.,.,2.0,0-3 Years
Bajrang Agarwal,73213.0,20T-22T,EX210-Super Models,S210-55453,2017-01-31,9.0,Jharsuguda,,,NO DATA,Rourkela,2024-04-15 00:00:00,Rourkela,10354.05,.,.,9.0,8-12 Years
Braja Mohan Badhai,67081.0,BHL,TATA HIT 76BHL,THEWAAD0CH0011078,2017-07-21,8.0,Sambalpur,,,M/c Sold,Sambalpur,2024-12-30 00:00:00,.,.,.,.,9.0,8-12 Years
Shyama Trading,85152.0,20T-22T,EX200-Super,S200-54762,2018-03-12,8.0,Sambalpur,,,M/c Sold,Sambalpur,2025-03-13 00:00:00,.,.,.,.,8.0,8-12 Years
Mohammad Rafique,80811.0,10T-14T,Excavator - EX110,S110-10984,2017-02-06,9.0,Sambalpur,,,M/c Since long standing,Sambalpur,2025-03-10 00:00:00,.,.,.,.,9.0,8-12 Years
Ashish Kumar Barik,90658.0,20T-22T,EX210-Super Models,SP21-61214,2020-03-03,6.0,Bhubaneswar,,,,Sambalpur,2023-12-30 00:00:00,.,.,.,.,6.0,4-7 Years
Bishnu Prasad Pradhan,91106.0,20T-22T,EX210-Super Models,SP21-60562,2019-05-29,6.0,Bhubaneswar,,,,Sambalpur,2020-07-20 00:00:00,.,.,.,.,7.0,4-7 Years
SHANTI CONSTRUCTION SAMBALPUR PRIVA,113422.0,10T-14T,ZAXIS140H,THEDA0L0L00001467,2020-12-19,5.0,Bhubaneswar,,,,Sambalpur,2025-12-31 00:00:00,.,.,.,.,6.0,4-7 Years
Deepak Pujari,76517.0,BHL,TATA HIT 76BHL,TH76-10835,2016-05-06,9.0,Sambalpur,,,,Sambalpur,2021-11-15 00:00:00,.,.,.,.,10.0,8-12 Years
DHARMA CONSTRUCTIONS,46615.0,20T-22T,EX200-Super,S200-54829,2018-04-06,7.0,Sambalpur,,,,Sambalpur,2020-08-25 00:00:00,.,.,.,.,8.0,8-12 Years
HIMANSHU SEKHAR PUJARI,71566.0,BHL,TATA HIT 76BHL,TH76-10745,2014-12-25,11.0,Sambalpur,,,,Sambalpur,2021-01-22 00:00:00,.,.,.,.,12.0,8-12 Years
JAGDISH CONSTRUCTION LIMITED,110229.0,20T-22T,EX200-Super,SP20-57050,2020-06-30,5.0,Sambalpur,,,,Sambalpur,2023-07-05 00:00:00,.,.,.,.,6.0,4-7 Years
Jayaram  Pujahari,53598.0,7T-8T,Excavator - EX70,S070-15278,2015-11-14,10.0,Sambalpur,,,,Sambalpur,2025-10-31 00:00:00,.,.,.,.,11.0,8-12 Years
Manish Kumar Agarwal,65628.0,7T-8T,Excavator - EX70,0703-8746,2013-05-07,12.0,Sambalpur,,,,Sambalpur,2023-03-03 00:00:00,.,.,.,.,13.0,13+ Years
Raj Kishore Pradhan,156969.0,10T-14T,EX130PRIME,P130-16124,2024-09-16,1.0,Sambalpur,,,,Sambalpur,2026-03-17 00:00:00,.,.,.,.,2.0,0-3 Years
MANSUR TOMAR,115831.0,20T-22T,EX200-Super,SP20-57570,2021-04-16,4.0,Sambalpur,,,M/c Since long standing,Sambalpur,2023-02-28 00:00:00,Bhawanipatna,49976.549999999996,.,.,5.0,4-7 Years
Ajit Kumar Dash,77264.0,BHL,SHINRAI PRIME-BSIV,THEWACD0LM0000124,2021-10-11,4.0,Sambalpur,,,,Sambalpur,2025-11-24 00:00:00,Rayagada,2220,.,.,5.0,4-7 Years
