Sr. No.,SPE Call Open Month,CRM ID,Branch Location,(SPE Name),Customer Name,Machine serial number,Machine Model,DOC,Customer Code,MOP REPORT DATE,MOP QUOTATION DATE,QUOTATION NO.,PARTS CATEGORY,Part Number,Part Name,Qty,Unit Price In RS,QUOTATION- Total Price,Discount,Price After Discount  (Quoted Price without GST)               Quotation Amount,GST,GST in RS,QUOTATION Final Price,ORDER STATUS,ORDER QTY,INVOICE NO.,INVOICE DATE,April'25,May'25,June'25,July'25,Aug'25,Sep'25,Oct'25,Nov'25,Dec'25,Jan'26,Feb'26,Mar'26,Total Sales Done,Order Value,TENTATIVE MONTH TO BUY-ORDER STATUS,LOST ORDER REASON,Price Quoted By Local Vendor,REMARKS,Actual Sales Revenue,Is Won,Lost Revenue,Discount Given,Response Days (Report to Quote),Cycle Days (Quote to Invoice),Lost Quotation Value
1.0,2025-04-01,1779496,Bhubaneswar,BIKASH MISTRY,THRIVENI EARTHMOVERS PVT LTD,THEJAHL0L00000563,ZX470H,,27868.0,2025-04-17 00:00:00,2025-04-25 00:00:00,1539850,EMERGENCY,4359550,SEAL;OIL,6.0,6450,38700.0,0.2,30960.0,0.18,5572.8,36532.8,,,,,0.0,0.0,0.0,0.0,0.0,0.0,0.0,0.0,0.0,0.0,0.0,0.0,,,,,,,0.0,0,38700.0,7740.0,8.0,,38700.0
2.0,2025-04-01,1779496,Bhubaneswar,BIKASH MISTRY,THRIVENI EARTHMOVERS PVT LTD,THEJAHL0L00000563,ZX470H,,27868.0,2025-04-17 00:00:00,2025-04-25 00:00:00,1539850,EMERGENCY,4359549,BUSHING,1.0,7658,7658.0,0.2,6126.4,0.18,1102.752,7229.152,,,,,0.0,0.0,0.0,0.0,0.0,0.0,0.0,0.0,0.0,0.0,0.0,0.0,,,,,,,0.0,0,7658.0,1531.6000000000004,8.0,,7658.0
3.0,2025-04-01,1779496,Bhubaneswar,BIKASH MISTRY,THRIVENI EARTHMOVERS PVT LTD,THEJAHL0L00000563,ZX470H,,27868.0,2025-04-17 00:00:00,2025-04-25 00:00:00,1539850,EMERGENCY,4408281,SEAL;DUST,1.0,6437,6437.0,0.2,5149.6,0.18,926.928,6076.528,,,,,0.0,0.0,0.0,0.0,0.0,0.0,0.0,0.0,0.0,0.0,0.0,0.0,,,,,,,0.0,0,6437.0,1287.3999999999996,8.0,,6437.0
4.0,2025-04-01,1779496,Bhubaneswar,BIKASH MISTRY,THRIVENI EARTHMOVERS PVT LTD,THEJAHL0L00000563,ZX470H,,27868.0,2025-04-17 00:00:00,2025-04-25 00:00:00,1539850,EMERGENCY,A810125,O-RING,1.0,459,459.0,0.2,367.2,0.18,66.09599999999999,433.296,,,,,0.0,0.0,0.0,0.0,0.0,0.0,0.0,0.0,0.0,0.0,0.0,0.0,,,,,,,0.0,0,459.0,91.80000000000001,8.0,,459.0
5.0,2025-04-01,1779496,Bhubaneswar,BIKASH MISTRY,THRIVENI EARTHMOVERS PVT LTD,THEJAHL0L00000563,ZX470H,,27868.0,2025-04-17 00:00:00,2025-04-25 00:00:00,1539850,EMERGENCY,4430508,O-RING,1.0,916,916.0,0.2,732.8,0.18,131.904,864.704,,,,,0.0,0.0,0.0,0.0,0.0,0.0,0.0,0.0,0.0,0.0,0.0,0.0,,,,,,,0.0,0,916.0,183.20000000000005,8.0,,916.0
6.0,2025-04-01,1779496,Bhubaneswar,BIKASH MISTRY,THRIVENI EARTHMOVERS PVT LTD,THEJAHL0L00000563,ZX470H,,27868.0,2025-04-17 00:00:00,2025-04-25 00:00:00,1539964,MAINTENANCE,4078360,PRIMARY FUEL FILTER,1.0,1306,1306.0,0.2,1044.8,0.18,188.064,1232.864,,1,1013274108,2025-06-26 00:00:00,0.0,0.0,1044.8,0.0,0.0,0.0,0.0,0.0,0.0,0.0,0.0,0.0,,,,,,,1044.8,1,261.20000000000005,261.20000000000005,8.0,62.0,0.0
7.0,2025-04-01,1779496,Bhubaneswar,BIKASH MISTRY,THRIVENI EARTHMOVERS PVT LTD,THEJAHL0L00000563,ZX470H,,27868.0,2025-04-17 00:00:00,2025-04-25 00:00:00,1539964,MAINTENANCE,4616864,FUEL FILTER,1.0,2261,2261.0,0.2,1808.8,0.18,325.584,2134.384,,1,1013273860,2025-06-20 00:00:00,0.0,0.0,1808.8,0.0,0.0,0.0,0.0,0.0,0.0,0.0,0.0,0.0,,,,,,,1808.8,1,452.20000000000005,452.20000000000005,8.0,56.0,0.0
8.0,2025-04-01,1779496,Bhubaneswar,BIKASH MISTRY,THRIVENI EARTHMOVERS PVT LTD,THEJAHL0L00000563,ZX470H,,27868.0,2025-04-17 00:00:00,2025-04-25 00:00:00,1539964,MAINTENANCE,YA00058283,ENGINE OIL FILTER,2.0,2615,5230.0,0.2,4184.0,0.18,753.12,4937.12,,2,1013274108,2025-06-26 00:00:00,0.0,0.0,4184.0,0.0,0.0,0.0,0.0,0.0,0.0,0.0,0.0,0.0,,,,,,,4184.0,1,1046.0,1046.0,8.0,62.0,0.0
9.0,2025-04-01,1779496,Bhubaneswar,BIKASH MISTRY,THRIVENI EARTHMOVERS PVT LTD,THEJAHL0L00000563,ZX470H,,27868.0,2025-04-17 00:00:00,2025-04-25 00:00:00,1539964,MAINTENANCE,4630525,PILOT FILTER,1.0,2943,2943.0,0.2,2354.4,0.18,423.792,2778.192,,1,1013271535,2025-05-06 00:00:00,0.0,2354.4,0.0,0.0,0.0,0.0,0.0,0.0,0.0,0.0,0.0,0.0,,,,,,,2354.4,1,588.5999999999999,588.5999999999999,8.0,11.0,0.0
10.0,2025-04-01,1779496,Bhubaneswar,BIKASH MISTRY,THRIVENI EARTHMOVERS PVT LTD,THEJAHL0L00000563,ZX470H,,27868.0,2025-04-17 00:00:00,2025-04-25 00:00:00,1539964,MAINTENANCE,4654745,HYDRAULIC TANK FILTER,1.0,11347,11347.0,0.2,9077.6,0.18,1633.968,10711.568000000001,,1,1013271535,2025-05-06 00:00:00,0.0,9077.6,0.0,0.0,0.0,0.0,0.0,0.0,0.0,0.0,0.0,0.0,,,,,,,9077.6,1,2269.3999999999996,2269.3999999999996,8.0,11.0,0.0
11.0,2025-04-01,1779496,Bhubaneswar,BIKASH MISTRY,THRIVENI EARTHMOVERS PVT LTD,THEJAHL0L00000563,ZX470H,,27868.0,2025-04-17 00:00:00,2025-04-25 00:00:00,1539964,MAINTENANCE,4363399,PUMP DRAIN FILTER,1.0,4182,4182.0,0.2,3345.6,0.18,602.208,3947.808,,1,1013271535,2025-05-06 00:00:00,0.0,3345.6,0.0,0.0,0.0,0.0,0.0,0.0,0.0,0.0,0.0,0.0,,,,,,,3345.6,1,836.4000000000001,836.4000000000001,8.0,11.0,0.0
12.0,2025-04-01,1779496,Bhubaneswar,BIKASH MISTRY,THRIVENI EARTHMOVERS PVT LTD,THEJAHL0L00000563,ZX470H,,27868.0,2025-04-17 00:00:00,2025-04-25 00:00:00,1539964,MAINTENANCE,1105353,AIR FILTER INNER,1.0,6598,6598.0,0.2,5278.4,0.18,950.1119999999999,6228.512,,1,1013274108,2025-06-26 00:00:00,0.0,0.0,5278.4,0.0,0.0,0.0,0.0,0.0,0.0,0.0,0.0,0.0,,,,,,,5278.4,1,1319.6000000000004,1319.6000000000004,8.0,62.0,0.0
13.0,2025-04-01,1779496,Bhubaneswar,BIKASH MISTRY,THRIVENI EARTHMOVERS PVT LTD,THEJAHL0L00000563,ZX470H,,27868.0,2025-04-17 00:00:00,2025-04-25 00:00:00,1539964,MAINTENANCE,1209163,AIR FILTER OUTER,1.0,11373,11373.0,0.2,9098.4,0.18,1637.7119999999998,10736.112,,1,1013171955,2025-05-14 00:00:00,0.0,9098.4,0.0,0.0,0.0,0.0,0.0,0.0,0.0,0.0,0.0,0.0,,,,,,,9098.4,1,2274.6000000000004,2274.6000000000004,8.0,19.0,0.0
14.0,2025-04-01,1779496,Bhubaneswar,BIKASH MISTRY,THRIVENI EARTHMOVERS PVT LTD,THEJAHL0L00000563,ZX470H,,27868.0,2025-04-17 00:00:00,2025-04-25 00:00:00,1539964,MAINTENANCE,YA00001490,AC FILTER,1.0,4607,4607.0,0.2,3685.6,0.18,663.408,4349.008,,1,1013277132,2025-09-13 00:00:00,0.0,0.0,0.0,0.0,0.0,2130.0,0.0,0.0,0.0,0.0,0.0,0.0,,,,,,,2130.0,1,2477.0,921.4000000000001,8.0,141.0,0.0
15.0,2025-04-01,1779496,Bhubaneswar,BIKASH MISTRY,THRIVENI EARTHMOVERS PVT LTD,THEJAHL0L00000563,ZX470H,,27868.0,2025-04-17 00:00:00,2025-04-25 00:00:00,1539968,PLANNING,113671-4730,FAN BELT ,1.0,13671,13671.0,0.2,10936.8,0.18,1968.6239999999998,12905.423999999999,,,,,0.0,0.0,0.0,0.0,0.0,0.0,0.0,0.0,0.0,0.0,0.0,0.0,,,,,,,0.0,0,13671.0,2734.2000000000007,8.0,,13671.0
16.0,2025-04-01,1779496,Bhubaneswar,BIKASH MISTRY,THRIVENI EARTHMOVERS PVT LTD,THEJAHL0L00000563,ZX470H,,27868.0,2025-04-17 00:00:00,2025-04-25 00:00:00,1539968,PLANNING,4612763,AC BELT,1.0,8206,8206.0,0.2,6564.8,0.18,1181.664,7746.464,,1,1013270053,2025-04-04 00:00:00,6564.8,0.0,0.0,0.0,0.0,0.0,0.0,0.0,0.0,0.0,0.0,0.0,,,,,,,6564.8,1,1641.1999999999998,1641.1999999999998,8.0,,0.0
17.0,2025-04-01,1779496,Bhubaneswar,BIKASH MISTRY,THRIVENI EARTHMOVERS PVT LTD,THEJAHL0L00000563,ZX470H,,27868.0,2025-04-15 00:00:00,2025-04-25 00:00:00,1540008,EMERGENCY,4359550,SEAL;OIL,6.0,6450,38700.0,0.2,30960.0,0.18,5572.8,36532.8,,,,,0.0,0.0,0.0,0.0,0.0,0.0,0.0,0.0,0.0,0.0,0.0,0.0,,,,,,,0.0,0,38700.0,7740.0,10.0,,38700.0
18.0,2025-04-01,1779499,Bhubaneswar,BIKASH MISTRY,THRIVENI EARTHMOVERS PVT LTD,THEJAHL0C00000387,ZX470H,,27868.0,2025-04-15 00:00:00,2025-04-25 00:00:00,1540008,EMERGENCY,4359549,BUSHING,1.0,7658,7658.0,0.2,6126.4,0.18,1102.752,7229.152,,,,,0.0,0.0,0.0,0.0,0.0,0.0,0.0,0.0,0.0,0.0,0.0,0.0,,,,,,,0.0,0,7658.0,1531.6000000000004,10.0,,7658.0
19.0,2025-04-01,1779499,Bhubaneswar,BIKASH MISTRY,THRIVENI EARTHMOVERS PVT LTD,THEJAHL0C00000387,ZX470H,,27868.0,2025-04-15 00:00:00,2025-04-25 00:00:00,1540008,EMERGENCY,4408281,SEAL;DUST,1.0,6437,6437.0,0.2,5149.6,0.18,926.928,6076.528,,,,,0.0,0.0,0.0,0.0,0.0,0.0,0.0,0.0,0.0,0.0,0.0,0.0,,,,,,,0.0,0,6437.0,1287.3999999999996,10.0,,6437.0
20.0,2025-04-01,1779499,Bhubaneswar,BIKASH MISTRY,THRIVENI EARTHMOVERS PVT LTD,THEJAHL0C00000387,ZX470H,,27868.0,2025-04-15 00:00:00,2025-04-25 00:00:00,1540008,EMERGENCY,A810125,O-RING,1.0,459,459.0,0.2,367.2,0.18,66.09599999999999,433.296,,,,,0.0,0.0,0.0,0.0,0.0,0.0,0.0,0.0,0.0,0.0,0.0,0.0,,,,,,,0.0,0,459.0,91.80000000000001,10.0,,459.0
21.0,2025-04-01,1779499,Bhubaneswar,BIKASH MISTRY,THRIVENI EARTHMOVERS PVT LTD,THEJAHL0C00000387,ZX470H,,27868.0,2025-04-15 00:00:00,2025-04-25 00:00:00,1540008,EMERGENCY,4430508,O-RING,1.0,916,916.0,0.2,732.8,0.18,131.904,864.704,,,,,0.0,0.0,0.0,0.0,0.0,0.0,0.0,0.0,0.0,0.0,0.0,0.0,,,,,,,0.0,0,916.0,183.20000000000005,10.0,,916.0
22.0,2025-04-01,1779499,Bhubaneswar,BIKASH MISTRY,THRIVENI EARTHMOVERS PVT LTD,THEJAHL0C00000387,ZX470H,,27868.0,2025-04-15 00:00:00,2025-04-25 00:00:00,1540008,EMERGENCY,4051362,CAP O-RING,6.0,1535,9210.0,0.2,7368.0,0.18,1326.24,8694.24,,,,,0.0,0.0,0.0,0.0,0.0,0.0,0.0,0.0,0.0,0.0,0.0,0.0,,,,,,,0.0,0,9210.0,1842.0,10.0,,9210.0
23.0,2025-04-01,1779499,Bhubaneswar,BIKASH MISTRY,THRIVENI EARTHMOVERS PVT LTD,THEJAHL0C00000387,ZX470H,,27868.0,2025-04-15 00:00:00,2025-04-25 00:00:00,1540031,MAINTENANCE,4078360,PRIMARY FUEL FILTER,2.0,1306,2612.0,0.2,2089.6,0.18,376.128,2465.728,,2,1013274108,2025-06-26 00:00:00,0.0,0.0,2089.6,0.0,0.0,0.0,0.0,0.0,0.0,0.0,0.0,0.0,,,,,,,2089.6,1,522.4000000000001,522.4000000000001,10.0,62.0,0.0
24.0,2025-04-01,1779499,Bhubaneswar,BIKASH MISTRY,THRIVENI EARTHMOVERS PVT LTD,THEJAHL0C00000387,ZX470H,,27868.0,2025-04-15 00:00:00,2025-04-25 00:00:00,1540031,MAINTENANCE,4616864,FULE  FILTER,2.0,2261,4522.0,0.2,3617.6,0.18,651.168,4268.768,,2,1013273860,2025-06-20 00:00:00,0.0,0.0,3617.6,0.0,0.0,0.0,0.0,0.0,0.0,0.0,0.0,0.0,,,,,,,3617.6,1,904.4000000000001,904.4000000000001,10.0,56.0,0.0
25.0,2025-04-01,1779499,Bhubaneswar,BIKASH MISTRY,THRIVENI EARTHMOVERS PVT LTD,THEJAHL0C00000387,ZX470H,,27868.0,2025-04-15 00:00:00,2025-04-25 00:00:00,1540031,MAINTENANCE,1209163,AIR FILTER OUTER,2.0,11373,22746.0,0.2,18196.8,0.18,3275.4239999999995,21472.224,,2,1013271535,2025-05-06 00:00:00,0.0,18196.8,0.0,0.0,0.0,0.0,0.0,0.0,0.0,0.0,0.0,0.0,,,,,,,18196.8,1,4549.200000000001,4549.200000000001,10.0,11.0,0.0
26.0,2025-04-01,1779499,Bhubaneswar,BIKASH MISTRY,THRIVENI EARTHMOVERS PVT LTD,THEJAHL0C00000387,ZX470H,,27868.0,2025-04-15 00:00:00,2025-04-25 00:00:00,1540031,MAINTENANCE,1105353,AIR FILTER INNER,2.0,6598,13196.0,0.2,10556.8,0.18,1900.2239999999997,12457.024,,2,1013271535,2025-05-06 00:00:00,0.0,10556.8,0.0,0.0,0.0,0.0,0.0,0.0,0.0,0.0,0.0,0.0,,,,,,,10556.8,1,2639.2000000000007,2639.2000000000007,10.0,11.0,0.0
27.0,2025-04-01,1779499,Bhubaneswar,BIKASH MISTRY,THRIVENI EARTHMOVERS PVT LTD,THEJAHL0C00000387,ZX470H,,27868.0,2025-04-15 00:00:00,2025-04-25 00:00:00,1540031,MAINTENANCE,4437838,AIR BREATHER FILTER,2.0,1695,3390.0,0.2,2712.0,0.18,488.15999999999997,3200.16,,2,1013271535,2025-05-06 00:00:00,0.0,2712.0,0.0,0.0,0.0,0.0,0.0,0.0,0.0,0.0,0.0,0.0,,,,,,,2712.0,1,678.0,678.0,10.0,11.0,0.0
28.0,2025-04-01,1779499,Bhubaneswar,BIKASH MISTRY,THRIVENI EARTHMOVERS PVT LTD,THEJAHL0C00000387,ZX470H,,27868.0,2025-04-15 00:00:00,2025-04-25 00:00:00,1540031,MAINTENANCE,4654745,HYDRAULIC TANK FILTER,2.0,11347,22694.0,0.2,18155.2,0.18,3267.936,21423.136000000002,,2,1013271535,2025-05-06 00:00:00,0.0,18155.2,0.0,0.0,0.0,0.0,0.0,0.0,0.0,0.0,0.0,0.0,,,,,,,18155.2,1,4538.799999999999,4538.799999999999,10.0,11.0,0.0
29.0,2025-04-01,1779499,Bhubaneswar,BIKASH MISTRY,THRIVENI EARTHMOVERS PVT LTD,THEJAHL0C00000387,ZX470H,,27868.0,2025-04-15 00:00:00,2025-04-25 00:00:00,1540031,MAINTENANCE,4363399,PUMP DRAIN FILTER,2.0,4182,8364.0,0.2,6691.2,0.18,1204.416,7895.616,,2,1013271535,2025-05-06 00:00:00,0.0,6691.2,0.0,0.0,0.0,0.0,0.0,0.0,0.0,0.0,0.0,0.0,,,,,,,6691.2,1,1672.8000000000002,1672.8000000000002,10.0,11.0,0.0
30.0,2025-04-01,1779499,Bhubaneswar,BIKASH MISTRY,THRIVENI EARTHMOVERS PVT LTD,THEJAHL0C00000387,ZX470H,,27868.0,2025-04-15 00:00:00,2025-04-25 00:00:00,1540031,MAINTENANCE,4317008,HYD SECTION FILTER,2.0,16563,33126.0,0.2,26500.8,0.18,4770.143999999999,31270.944,,1,1013271661,2025-05-09 00:00:00,0.0,13250.4,0.0,0.0,0.0,0.0,0.0,0.0,0.0,0.0,0.0,0.0,,,,,,,13250.4,1,19875.6,6625.200000000001,10.0,14.0,0.0
31.0,2025-04-01,1779499,Bhubaneswar,BIKASH MISTRY,THRIVENI EARTHMOVERS PVT LTD,THEJAHL0C00000387,ZX470H,,27868.0,2025-04-15 00:00:00,2025-04-25 00:00:00,1540031,MAINTENANCE,4630525,PILOT FILTER,2.0,2943,5886.0,0.2,4708.8,0.18,847.584,5556.384,,2,1013271535,2025-05-06 00:00:00,0.0,4708.8,0.0,0.0,0.0,0.0,0.0,0.0,0.0,0.0,0.0,0.0,,,,,,,4708.8,1,1177.1999999999998,1177.1999999999998,10.0,11.0,0.0
32.0,2025-04-01,1779499,Bhubaneswar,BIKASH MISTRY,THRIVENI EARTHMOVERS PVT LTD,THEJAHL0C00000387,ZX470H,,27868.0,2025-04-15 00:00:00,2025-04-25 00:00:00,1540031,MAINTENANCE,4632689,CIRCULATING AIR FILTER AC,2.0,3752,7504.0,0.2,6003.2,0.18,1080.576,7083.776,,2,1013272762,2025-05-29 00:00:00,0.0,6003.2,0.0,0.0,0.0,0.0,0.0,0.0,0.0,0.0,0.0,0.0,,,,,,,6003.2,1,1500.8000000000002,1500.8000000000002,10.0,34.0,0.0
33.0,2025-04-01,1779499,Bhubaneswar,BIKASH MISTRY,THRIVENI EARTHMOVERS PVT LTD,THEJAHL0C00000387,ZX470H,,27868.0,2025-04-15 00:00:00,2025-04-25 00:00:00,1540051,PLANNING,113671-4730,FAN BELT ,1.0,13671,13671.0,0.2,10936.8,0.18,1968.6239999999998,12905.423999999999,,,,,0.0,0.0,0.0,0.0,0.0,0.0,0.0,0.0,0.0,0.0,0.0,0.0,,,,,,,0.0,0,13671.0,2734.2000000000007,10.0,,13671.0
34.0,2025-04-01,1779500,Bhubaneswar,BIKASH MISTRY,THRIVENI EARTHMOVERS PVT LTD,THEJAHL0C00000493,ZX470H,,27868.0,2025-04-08 00:00:00,2025-04-25 00:00:00,1540082,EMERGENCY,4051362,CAP O-RING,9.0,1535,13815.0,0.2,11052.0,0.18,1989.36,13041.36,,,,,0.0,0.0,0.0,0.0,0.0,0.0,0.0,0.0,0.0,0.0,0.0,0.0,,,,,,,0.0,0,13815.0,2763.0,17.0,,13815.0
35.0,2025-04-01,1779500,Bhubaneswar,BIKASH MISTRY,THRIVENI EARTHMOVERS PVT LTD,THEJAHL0C00000493,ZX470H,,27868.0,2025-04-08 00:00:00,2025-04-25 00:00:00,1540082,EMERGENCY,4653040,SEAL KIT LH BOOM,1.0,43108,43108.0,0.2,34486.4,0.18,6207.552,40693.952000000005,,,,,0.0,0.0,0.0,0.0,0.0,0.0,0.0,0.0,0.0,0.0,0.0,0.0,,,,,,,0.0,0,43108.0,8621.599999999999,17.0,,43108.0
36.0,2025-04-01,1779500,Bhubaneswar,BIKASH MISTRY,THRIVENI EARTHMOVERS PVT LTD,THEJAHL0C00000493,ZX470H,,27868.0,2025-04-08 00:00:00,2025-04-25 00:00:00,1540082,EMERGENCY,972106,RING;SLIDE,2.0,4619,9238.0,0.2,7390.4,0.18,1330.272,8720.671999999999,,,,,0.0,0.0,0.0,0.0,0.0,0.0,0.0,0.0,0.0,0.0,0.0,0.0,,,,,,,0.0,0,9238.0,1847.6000000000004,17.0,,9238.0
37.0,2025-04-01,1779500,Bhubaneswar,BIKASH MISTRY,THRIVENI EARTHMOVERS PVT LTD,THEJAHL0C00000493,ZX470H,,27868.0,2025-04-08 00:00:00,2025-04-25 00:00:00,1540082,EMERGENCY,259307,RING;SLIDE,2.0,5090,10180.0,0.2,8144.0,0.18,1465.9199999999998,9609.92,,,,,0.0,0.0,0.0,0.0,0.0,0.0,0.0,0.0,0.0,0.0,0.0,0.0,,,,,,,0.0,0,10180.0,2036.0,17.0,,10180.0
38.0,2025-04-01,1779500,Bhubaneswar,BIKASH MISTRY,THRIVENI EARTHMOVERS PVT LTD,THEJAHL0C00000493,ZX470H,,27868.0,2025-04-08 00:00:00,2025-04-25 00:00:00,1540082,EMERGENCY,4183995,CUSHION,4.0,13854,55416.0,0.2,44332.8,0.18,7979.904,52312.704000000005,,,,,0.0,0.0,0.0,0.0,0.0,0.0,0.0,0.0,0.0,0.0,0.0,0.0,,,,,,,0.0,0,55416.0,11083.199999999997,17.0,,55416.0
39.0,2025-04-01,1779500,Bhubaneswar,BIKASH MISTRY,THRIVENI EARTHMOVERS PVT LTD,THEJAHL0C00000493,ZX470H,,27868.0,2025-04-08 00:00:00,2025-04-25 00:00:00,1540082,EMERGENCY,4435106,CUSHION,1.0,73158,73158.0,0.2,58526.4,0.18,10534.752,69061.152,,1,1013286187,2026-03-19 00:00:00,0.0,0.0,0.0,0.0,0.0,0.0,0.0,0.0,0.0,0.0,0.0,54027.4,,,,,,,54027.4,1,19130.6,14631.599999999999,17.0,328.0,0.0
40.0,2025-04-01,1779500,Bhubaneswar,BIKASH MISTRY,THRIVENI EARTHMOVERS PVT LTD,THEJAHL0C00000493,ZX470H,,27868.0,2025-04-08 00:00:00,2025-04-25 00:00:00,1540082,EMERGENCY,4467459,CUSHION,1.0,70549,70549.0,0.2,56439.2,0.18,10159.055999999999,66598.256,,1,1013286187,2026-03-19 00:00:00,0.0,0.0,0.0,0.0,0.0,0.0,0.0,0.0,0.0,0.0,0.0,52347.4,,,,,,,52347.4,1,18201.6,14109.800000000003,17.0,328.0,0.0
41.0,2025-04-01,1779500,Bhubaneswar,BIKASH MISTRY,THRIVENI EARTHMOVERS PVT LTD,THEJAHL0C00000493,ZX470H,,27868.0,2025-04-08 00:00:00,2025-04-25 00:00:00,1540212,MAINTENANCE,4078360,PRIMARY FUEL FILTER,2.0,1306,2612.0,0.2,2089.6,0.18,376.128,2465.728,,2,1013274108,2025-06-26 00:00:00,0.0,0.0,2089.6,0.0,0.0,0.0,0.0,0.0,0.0,0.0,0.0,0.0,,,,,,,2089.6,1,522.4000000000001,522.4000000000001,17.0,62.0,0.0
42.0,2025-04-01,1779500,Bhubaneswar,BIKASH MISTRY,THRIVENI EARTHMOVERS PVT LTD,THEJAHL0C00000493,ZX470H,,27868.0,2025-04-08 00:00:00,2025-04-25 00:00:00,1540212,MAINTENANCE,4616864,FULE  FILTER,2.0,2261,4522.0,0.2,3617.6,0.18,651.168,4268.768,,2,1013273860,2025-06-20 00:00:00,0.0,0.0,3617.6,0.0,0.0,0.0,0.0,0.0,0.0,0.0,0.0,0.0,,,,,,,3617.6,1,904.4000000000001,904.4000000000001,17.0,56.0,0.0
43.0,2025-04-01,1779500,Bhubaneswar,BIKASH MISTRY,THRIVENI EARTHMOVERS PVT LTD,THEJAHL0C00000493,ZX470H,,27868.0,2025-04-08 00:00:00,2025-04-25 00:00:00,1540212,MAINTENANCE,1209163,AIR FILTER OUTER,2.0,11373,22746.0,0.2,18196.8,0.18,3275.4239999999995,21472.224,,2,1013171955,2025-05-14 00:00:00,0.0,18196.8,0.0,0.0,0.0,0.0,0.0,0.0,0.0,0.0,0.0,0.0,,,,,,,18196.8,1,4549.200000000001,4549.200000000001,17.0,19.0,0.0
44.0,2025-04-01,1779500,Bhubaneswar,BIKASH MISTRY,THRIVENI EARTHMOVERS PVT LTD,THEJAHL0C00000493,ZX470H,,27868.0,2025-04-08 00:00:00,2025-04-25 00:00:00,1540212,MAINTENANCE,1105353,AIR FILTER INNER,2.0,6598,13196.0,0.2,10556.8,0.18,1900.2239999999997,12457.024,,2,1013273860,2025-06-20 00:00:00,0.0,0.0,10556.8,0.0,0.0,0.0,0.0,0.0,0.0,0.0,0.0,0.0,,,,,,,10556.8,1,2639.2000000000007,2639.2000000000007,17.0,56.0,0.0
45.0,2025-04-01,1779500,Bhubaneswar,BIKASH MISTRY,THRIVENI EARTHMOVERS PVT LTD,THEJAHL0C00000493,ZX470H,,27868.0,2025-04-08 00:00:00,2025-04-25 00:00:00,1540212,MAINTENANCE,4437838,AIR BREATHER FILTER,2.0,1695,3390.0,0.2,2712.0,0.18,488.15999999999997,3200.16,,2,1013271535,2025-05-06 00:00:00,0.0,2712.0,0.0,0.0,0.0,0.0,0.0,0.0,0.0,0.0,0.0,0.0,,,,,,INVOICED,2712.0,1,678.0,678.0,17.0,11.0,0.0
46.0,2025-04-01,1779500,Bhubaneswar,BIKASH MISTRY,THRIVENI EARTHMOVERS PVT LTD,THEJAHL0C00000493,ZX470H,,27868.0,2025-04-08 00:00:00,2025-04-25 00:00:00,1540212,MAINTENANCE,4654745,HYDRAULIC TANK FILTER,2.0,11347,22694.0,0.2,18155.2,0.18,3267.936,21423.136000000002,,2,10113271590,2025-05-07 00:00:00,0.0,18155.2,0.0,0.0,0.0,0.0,0.0,0.0,0.0,0.0,0.0,0.0,,,,,,INVOICED,18155.2,1,4538.799999999999,4538.799999999999,17.0,12.0,0.0
47.0,2025-04-01,1779500,Bhubaneswar,BIKASH MISTRY,THRIVENI EARTHMOVERS PVT LTD,THEJAHL0C00000493,ZX470H,,27868.0,2025-04-08 00:00:00,2025-04-25 00:00:00,1540212,MAINTENANCE,4363399,PUMP DRAIN FILTER,2.0,4182,8364.0,0.2,6691.2,0.18,1204.416,7895.616,,2,1013271590,2025-05-07 00:00:00,0.0,6691.2,0.0,0.0,0.0,0.0,0.0,0.0,0.0,0.0,0.0,0.0,,,,,,,6691.2,1,1672.8000000000002,1672.8000000000002,17.0,12.0,0.0
48.0,2025-04-01,1779500,Bhubaneswar,BIKASH MISTRY,THRIVENI EARTHMOVERS PVT LTD,THEJAHL0C00000493,ZX470H,,27868.0,2025-04-08 00:00:00,2025-04-25 00:00:00,1540212,MAINTENANCE,4317008,HYD SECTION FILTER,2.0,16563,33126.0,0.2,26500.8,0.18,4770.143999999999,31270.944,,1,1013276696,2025-09-02 00:00:00,0.0,0.0,0.0,0.0,0.0,13043.25,0.0,0.0,0.0,0.0,0.0,0.0,,,,,,INVOICED,13043.25,1,20082.75,6625.200000000001,17.0,130.0,0.0
49.0,2025-04-01,1779500,Bhubaneswar,BIKASH MISTRY,THRIVENI EARTHMOVERS PVT LTD,THEJAHL0C00000493,ZX470H,,27868.0,2025-04-08 00:00:00,2025-04-25 00:00:00,1540212,MAINTENANCE,4630525,PILOT FILTER,2.0,2943,5886.0,0.2,4708.8,0.18,847.584,5556.384,,2,1013271535,2025-05-06 00:00:00,0.0,4708.8,0.0,0.0,0.0,0.0,0.0,0.0,0.0,0.0,0.0,0.0,,,,,,,4708.8,1,1177.1999999999998,1177.1999999999998,17.0,11.0,0.0
50.0,2025-04-01,1779500,Bhubaneswar,BIKASH MISTRY,THRIVENI EARTHMOVERS PVT LTD,THEJAHL0C00000493,ZX470H,,27868.0,2025-04-08 00:00:00,2025-04-25 00:00:00,1540216,PLANNING,113671-4730,FAN BELT ,1.0,13671,13671.0,0.2,10936.8,0.18,1968.6239999999998,12905.423999999999,,,,,0.0,0.0,0.0,0.0,0.0,0.0,0.0,0.0,0.0,0.0,0.0,0.0,,,,,,,0.0,0,13671.0,2734.2000000000007,17.0,,13671.0
51.0,2025-04-01,1779498,Bhubaneswar,NIRANJAN DAS,THRIVENI EARTHMOVERS PVT LTD,THEJAHL0H00000564,ZX470H,,27868.0,2025-04-21 00:00:00,2025-04-24 00:00:00,1538940,EMERGENCY,682502,O RING,2.0,1524,3048.0,0.2,2438.4,0.18,438.912,2877.312,,,,,0.0,0.0,0.0,0.0,0.0,0.0,0.0,0.0,0.0,0.0,0.0,0.0,,,,,,,0.0,0,3048.0,609.5999999999999,3.0,,3048.0
52.0,2025-04-01,1779498,Bhubaneswar,NIRANJAN DAS,THRIVENI EARTHMOVERS PVT LTD,THEJAHL0H00000564,ZX470H,,27868.0,2025-04-21 00:00:00,2025-04-24 00:00:00,1538940,EMERGENCY,4366517,O RING,2.0,308,616.0,0.2,492.8,0.18,88.704,581.504,,,,,0.0,0.0,0.0,0.0,0.0,0.0,0.0,0.0,0.0,0.0,0.0,0.0,,,,,,,0.0,0,616.0,123.19999999999999,3.0,,616.0
53.0,2025-04-01,1779498,Bhubaneswar,NIRANJAN DAS,THRIVENI EARTHMOVERS PVT LTD,THEJAHL0H00000564,ZX470H,,27868.0,2025-04-21 00:00:00,2025-04-24 00:00:00,1538940,EMERGENCY,4633668,FAN BELT ,1.0,13537,13537.0,0.2,10829.6,0.18,1949.328,12778.928,,,,,0.0,0.0,0.0,0.0,0.0,0.0,0.0,0.0,0.0,0.0,0.0,0.0,,,,,,,0.0,0,13537.0,2707.3999999999996,3.0,,13537.0
54.0,2025-04-01,1779498,Bhubaneswar,NIRANJAN DAS,THRIVENI EARTHMOVERS PVT LTD,THEJAHL0H00000564,ZX470H,,27868.0,2025-04-21 00:00:00,2025-04-24 00:00:00,1539227,MAINTENANCE,4654745,HYDRAULIC TANK FILTER,2.0,11347,22694.0,0.2,18155.2,0.18,3267.936,21423.136000000002,,2,1013271955,2025-05-14 00:00:00,0.0,18155.2,0.0,0.0,0.0,0.0,0.0,0.0,0.0,0.0,0.0,0.0,,,,,,,18155.2,1,4538.799999999999,4538.799999999999,3.0,20.0,0.0
55.0,2025-04-01,1779498,Bhubaneswar,NIRANJAN DAS,THRIVENI EARTHMOVERS PVT LTD,THEJAHL0H00000564,ZX470H,,27868.0,2025-04-21 00:00:00,2025-04-24 00:00:00,1539227,MAINTENANCE,4630525,PILOT FILTER,2.0,2943,5886.0,0.2,4708.8,0.18,847.584,5556.384,,2,1013271955,2025-05-14 00:00:00,0.0,4708.8,0.0,0.0,0.0,0.0,0.0,0.0,0.0,0.0,0.0,0.0,,,,,,,4708.8,1,1177.1999999999998,1177.1999999999998,3.0,20.0,0.0
56.0,2025-04-01,1779498,Bhubaneswar,NIRANJAN DAS,THRIVENI EARTHMOVERS PVT LTD,THEJAHL0H00000564,ZX470H,,27868.0,2025-04-21 00:00:00,2025-04-24 00:00:00,1539227,MAINTENANCE,4363399,PUMP DRAIN FILTER,2.0,4182,8364.0,0.2,6691.2,0.18,1204.416,7895.616,,2,1013271899,2025-05-14 00:00:00,0.0,6691.2,0.0,0.0,0.0,0.0,0.0,0.0,0.0,0.0,0.0,0.0,,,,,,,6691.2,1,1672.8000000000002,1672.8000000000002,3.0,20.0,0.0
57.0,2025-04-01,1779498,Bhubaneswar,NIRANJAN DAS,THRIVENI EARTHMOVERS PVT LTD,THEJAHL0H00000564,ZX470H,,27868.0,2025-04-21 00:00:00,2025-04-24 00:00:00,1539227,MAINTENANCE,4437838,AIR BREATHER FILTER,2.0,1695,3390.0,0.2,2712.0,0.18,488.15999999999997,3200.16,,2,1013273860,2025-06-20 00:00:00,2712.0,0.0,2712.0,0.0,0.0,0.0,0.0,0.0,0.0,0.0,0.0,0.0,,,,,,,5424.0,1,0.0,678.0,3.0,57.0,0.0
58.0,2025-04-01,1779498,Bhubaneswar,NIRANJAN DAS,THRIVENI EARTHMOVERS PVT LTD,THEJAHL0H00000564,ZX470H,,27868.0,2025-04-21 00:00:00,2025-04-24 00:00:00,1539227,MAINTENANCE,YA00058283,ENGINE OIL FILTER,4.0,2615,10460.0,0.2,8368.0,0.18,1506.24,9874.24,,4,1013271535,2025-05-06 00:00:00,0.0,8368.0,0.0,0.0,0.0,0.0,0.0,0.0,0.0,0.0,0.0,0.0,,,,,,,8368.0,1,2092.0,2092.0,3.0,12.0,0.0
59.0,2025-04-01,1779498,Bhubaneswar,NIRANJAN DAS,THRIVENI EARTHMOVERS PVT LTD,THEJAHL0H00000564,ZX470H,,27868.0,2025-04-21 00:00:00,2025-04-24 00:00:00,1539227,MAINTENANCE,4078360,PRIMARY FUEL FILTER,2.0,1306,2612.0,0.2,2089.6,0.18,376.128,2465.728,,2,1013274108,2025-06-26 00:00:00,0.0,0.0,2089.6,0.0,0.0,0.0,0.0,0.0,0.0,0.0,0.0,0.0,,,,,,,2089.6,1,522.4000000000001,522.4000000000001,3.0,63.0,0.0
60.0,2025-04-01,1779498,Bhubaneswar,NIRANJAN DAS,THRIVENI EARTHMOVERS PVT LTD,THEJAHL0H00000564,ZX470H,,27868.0,2025-04-21 00:00:00,2025-04-24 00:00:00,1539227,MAINTENANCE,4616864,FUEL FILTER,2.0,2261,4522.0,0.2,3617.6,0.18,651.168,4268.768,,2,1013274108,2025-06-26 00:00:00,0.0,0.0,3617.6,0.0,0.0,0.0,0.0,0.0,0.0,0.0,0.0,0.0,,,,,,INVOICED,3617.6,1,904.4000000000001,904.4000000000001,3.0,63.0,0.0
61.0,2025-04-01,1779498,Bhubaneswar,NIRANJAN DAS,THRIVENI EARTHMOVERS PVT LTD,THEJAHL0H00000564,ZX470H,,27868.0,2025-04-21 00:00:00,2025-04-24 00:00:00,1539227,MAINTENANCE,1209163,AIR FILTER OUTER,2.0,11373,22746.0,0.2,18196.8,0.18,3275.4239999999995,21472.224,,2,1013171955,2025-05-14 00:00:00,0.0,18196.8,0.0,0.0,0.0,0.0,0.0,0.0,0.0,0.0,0.0,0.0,,,,,,,18196.8,1,4549.200000000001,4549.200000000001,3.0,20.0,0.0
62.0,2025-04-01,1779498,Bhubaneswar,NIRANJAN DAS,THRIVENI EARTHMOVERS PVT LTD,THEJAHL0H00000564,ZX470H,,27868.0,2025-04-21 00:00:00,2025-04-24 00:00:00,1539227,MAINTENANCE,1105353,AIR FILTER INNER,2.0,6598,13196.0,0.2,10556.8,0.18,1900.2239999999997,12457.024,,2,1013271955,2025-05-14 00:00:00,0.0,10556.8,0.0,0.0,0.0,0.0,0.0,0.0,0.0,0.0,0.0,0.0,,,,,,,10556.8,1,2639.2000000000007,2639.2000000000007,3.0,20.0,0.0
63.0,2025-04-01,1779498,Bhubaneswar,NIRANJAN DAS,THRIVENI EARTHMOVERS PVT LTD,THEJAHL0H00000564,ZX470H,,27868.0,2025-04-21 00:00:00,2025-04-24 00:00:00,1539229,PLANNING,4612763,AC BELT,1.0,8206,8206.0,0.2,6564.8,0.18,1181.664,7746.464,,1,1013270053,2025-04-04 00:00:00,6564.8,0.0,0.0,0.0,0.0,0.0,0.0,0.0,0.0,0.0,0.0,0.0,,,,,,,6564.8,1,1641.1999999999998,1641.1999999999998,3.0,,0.0
64.0,2025-04-01,1779641,Bhubaneswar,BIKASH MISTRY,DHILLON CONSTRUCTION PVT LTD,THEJAHL0V00000088,ZX470H,,1006467.0,2025-04-07 00:00:00,2025-04-18 00:00:00,1531381,EMERGENCY,111173-1102,GASKET TAPPET COVER,1.0,7340,7340.0,0.2,5872.0,0.18,1056.96,6928.96,,,,,0.0,0.0,0.0,0.0,0.0,0.0,0.0,0.0,0.0,0.0,0.0,0.0,,,,,,,0.0,0,7340.0,1468.0,11.0,,7340.0
65.0,2025-04-01,1779641,Bhubaneswar,BIKASH MISTRY,DHILLON CONSTRUCTION PVT LTD,THEJAHL0V00000088,ZX470H,,1006467.0,2025-04-07 00:00:00,2025-04-18 00:00:00,1531381,EMERGENCY,897617-3080,SEAL OIL CRANK SHAFT,1.0,7699,7699.0,0.2,6159.2,0.18,1108.656,7267.856,,,,,0.0,0.0,0.0,0.0,0.0,0.0,0.0,0.0,0.0,0.0,0.0,0.0,,,,,,,0.0,0,7699.0,1539.8000000000002,11.0,,7699.0
66.0,2025-04-01,1779641,Bhubaneswar,BIKASH MISTRY,DHILLON CONSTRUCTION PVT LTD,THEJAHL0V00000088,ZX470H,,1006467.0,2025-04-07 00:00:00,2025-04-18 00:00:00,1531381,EMERGENCY,111322-0610,GASKET TAPPET COVER,1.0,4092,4092.0,0.1,3682.8,0.18,662.904,4345.704,,,,,0.0,0.0,0.0,0.0,0.0,0.0,0.0,0.0,0.0,0.0,0.0,0.0,,,,,,,0.0,0,4092.0,409.1999999999998,11.0,,4092.0
67.0,2025-04-01,1779641,Bhubaneswar,BIKASH MISTRY,DHILLON CONSTRUCTION PVT LTD,THEJAHL0V00000088,ZX470H,,1006467.0,2025-04-07 00:00:00,2025-04-18 00:00:00,1531390,MAINTENANCE,4078360,PRIMARY FUEL FILTER,1.0,1306,1306.0,0.1,1175.4,0.18,211.572,1386.9720000000002,,1,1013285248,2026-02-28 00:00:00,0.0,0.0,0.0,0.0,0.0,0.0,0.0,0.0,0.0,0.0,1014.0,0.0,,,,,,,1014.0,1,292.0,130.5999999999999,11.0,316.0,0.0
68.0,2025-04-01,1779641,Bhubaneswar,BIKASH MISTRY,DHILLON CONSTRUCTION PVT LTD,THEJAHL0V00000088,ZX470H,,1006467.0,2025-04-07 00:00:00,2025-04-18 00:00:00,1531390,MAINTENANCE,4616864,FUEL FILTER,1.0,2261,2261.0,0.1,2034.9,0.18,366.282,2401.1820000000002,,1,1013285248,2026-02-28 00:00:00,0.0,0.0,0.0,0.0,0.0,0.0,0.0,0.0,0.0,0.0,1763.25,0.0,,,,,,,1763.25,1,497.75,226.0999999999999,11.0,316.0,0.0
69.0,2025-04-01,1779641,Bhubaneswar,BIKASH MISTRY,DHILLON CONSTRUCTION PVT LTD,THEJAHL0V00000088,ZX470H,,1006467.0,2025-04-07 00:00:00,2025-04-18 00:00:00,1531390,MAINTENANCE,YA00058283,ENGINE OIL FILTER,2.0,2615,5230.0,0.1,4707.0,0.18,847.26,5554.26,,2,1013277401,2025-09-22 00:00:00,0.0,0.0,0.0,0.0,0.0,4168.8,0.0,0.0,0.0,0.0,0.0,0.0,,,,,,,4168.8,1,1061.1999999999998,523.0,11.0,157.0,0.0
70.0,2025-04-01,1779641,Bhubaneswar,BIKASH MISTRY,DHILLON CONSTRUCTION PVT LTD,THEJAHL0V00000088,ZX470H,,1006467.0,2025-04-07 00:00:00,2025-04-18 00:00:00,1531390,MAINTENANCE,1209163,AIR FILTER OUTER,1.0,11373,11373.0,0.1,10235.7,0.18,1842.4260000000002,12078.126,,1,1013277402,2025-09-22 00:00:00,0.0,0.0,0.0,0.0,0.0,10645.2,0.0,0.0,0.0,0.0,0.0,0.0,,,,,,,10645.2,1,727.7999999999993,1137.2999999999993,11.0,157.0,0.0
71.0,2025-04-01,1779641,Bhubaneswar,BIKASH MISTRY,DHILLON CONSTRUCTION PVT LTD,THEJAHL0V00000088,ZX470H,,1006467.0,2025-04-07 00:00:00,2025-04-18 00:00:00,1531390,MAINTENANCE,TL01210,HYD OIL,2.0,82107,164214.0,0.1,147792.6,0.18,26602.668,174395.268,,2,1013270172,2025-04-05 00:00:00,114949.8,0.0,0.0,0.0,0.0,0.0,0.0,0.0,0.0,0.0,0.0,0.0,,,,,,,114949.8,1,49264.2,16421.399999999994,11.0,,0.0
72.0,2025-04-01,1779641,Bhubaneswar,BIKASH MISTRY,DHILLON CONSTRUCTION PVT LTD,THEJAHL0V00000088,ZX470H,,1006467.0,2025-04-07 00:00:00,2025-04-18 00:00:00,1531390,MAINTENANCE,TL07210,ENGINE OIL,1.0,57493,57493.0,0.1,51743.7,0.18,9313.866,61057.566,,1,1013270172,2025-04-05 00:00:00,40245.1,0.0,0.0,0.0,0.0,0.0,0.0,0.0,0.0,0.0,0.0,0.0,,,,,,,40245.1,1,17247.9,5749.300000000003,11.0,,0.0
73.0,2025-04-01,1779641,Bhubaneswar,BIKASH MISTRY,DHILLON CONSTRUCTION PVT LTD,THEJAHL0V00000088,ZX470H,,1006467.0,2025-04-07 00:00:00,2025-04-18 00:00:00,1531390,MAINTENANCE,TL08210,GEAR OIL,1.0,66547,66547.0,0.1,59892.3,0.18,10780.614,70672.914,,1,1013270172,2025-04-05 00:00:00,46582.9,0.0,0.0,0.0,0.0,0.0,0.0,0.0,0.0,0.0,0.0,0.0,,,,,,,46582.9,1,19964.1,6654.699999999997,11.0,,0.0
74.0,2025-04-01,1779641,Bhubaneswar,BIKASH MISTRY,DHILLON CONSTRUCTION PVT LTD,THEJAHL0V00000088,ZX470H,,1006467.0,2025-04-07 00:00:00,2025-04-18 00:00:00,1531415,PLANNING,113671-4730,FAN BELT ,1.0,13671,13671.0,0.1,12303.9,0.18,2214.7019999999998,14518.601999999999,,,,,0.0,0.0,0.0,0.0,0.0,0.0,0.0,0.0,0.0,0.0,0.0,0.0,,,,,,,0.0,0,13671.0,1367.1000000000004,11.0,,13671.0
75.0,2025-04-01,1779642,Bhubaneswar,BIKASH MISTRY,DHILLON CONSTRUCTION PVT LTD,THEJAHL0V00000219,ZX470H,,1006467.0,2025-04-17 00:00:00,2025-04-22 00:00:00,1535970,EMERGENCY,7056490,BOSS ASY,1.0,37926,37926.0,0.1,34133.4,0.18,6144.012,40277.412000000004,,,,,0.0,0.0,0.0,0.0,0.0,0.0,0.0,0.0,0.0,0.0,0.0,0.0,,,,,,,0.0,0,37926.0,3792.5999999999985,5.0,,37926.0
76.0,2025-04-01,1779642,Bhubaneswar,BIKASH MISTRY,DHILLON CONSTRUCTION PVT LTD,THEJAHL0V00000219,ZX470H,,1006467.0,2025-04-17 00:00:00,2025-04-22 00:00:00,1535970,EMERGENCY,113671-4730,FANBELT,1.0,13671,13671.0,0.1,12303.9,0.18,2214.7019999999998,14518.601999999999,,,,,0.0,0.0,0.0,0.0,0.0,0.0,0.0,0.0,0.0,0.0,0.0,0.0,,,,,,,0.0,0,13671.0,1367.1000000000004,5.0,,13671.0
77.0,2025-04-01,1779642,Bhubaneswar,BIKASH MISTRY,DHILLON CONSTRUCTION PVT LTD,THEJAHL0V00000219,ZX470H,,1006467.0,2025-04-17 00:00:00,2025-04-22 00:00:00,1536024,MAINTENANCE,4654745,HYDRAULIC TANK FILTER,1.0,11347,11347.0,0.1,10212.3,0.18,1838.2139999999997,12050.514,,1,1013281267,2025-12-19 00:00:00,0.0,0.0,0.0,0.0,0.0,0.0,0.0,0.0,10620.9,0.0,0.0,0.0,,,,,,,10620.9,1,726.1000000000004,1134.7000000000007,5.0,241.0,0.0
78.0,2025-04-01,1779642,Bhubaneswar,BIKASH MISTRY,DHILLON CONSTRUCTION PVT LTD,THEJAHL0V00000219,ZX470H,,1006467.0,2025-04-17 00:00:00,2025-04-22 00:00:00,1536024,MAINTENANCE,4630525,PILOT FILTER,1.0,2943,2943.0,0.1,2648.7,0.18,476.76599999999996,3125.466,,1,1013281833,2025-12-29 00:00:00,0.0,0.0,0.0,0.0,0.0,0.0,0.0,0.0,2741.4,0.0,0.0,0.0,,,,,,INVOICED,2741.4,1,201.5999999999999,294.3000000000002,5.0,251.0,0.0
79.0,2025-04-01,1779642,Bhubaneswar,BIKASH MISTRY,DHILLON CONSTRUCTION PVT LTD,THEJAHL0V00000219,ZX470H,,1006467.0,2025-04-17 00:00:00,2025-04-22 00:00:00,1536024,MAINTENANCE,4363399,PUMP DRAIN FILTER,1.0,4182,4182.0,0.1,3763.8,0.18,677.484,4441.284000000001,,,,,0.0,0.0,0.0,0.0,0.0,0.0,0.0,0.0,0.0,0.0,0.0,0.0,,,,,,,0.0,0,4182.0,418.1999999999998,5.0,,4182.0
80.0,2025-04-01,1779642,Bhubaneswar,BIKASH MISTRY,DHILLON CONSTRUCTION PVT LTD,THEJAHL0V00000219,ZX470H,,1006467.0,2025-04-17 00:00:00,2025-04-22 00:00:00,1536024,MAINTENANCE,4437838,AIR BREATHER FILTER,1.0,1695,1695.0,0.1,1525.5,0.18,274.59,1800.09,,1,1013281855,2025-12-30 00:00:00,0.0,0.0,0.0,0.0,0.0,0.0,0.0,0.0,1525.5,0.0,0.0,0.0,,,,,,,1525.5,1,169.5,169.5,5.0,252.0,0.0
81.0,2025-04-01,1779642,Bhubaneswar,BIKASH MISTRY,DHILLON CONSTRUCTION PVT LTD,THEJAHL0V00000219,ZX470H,,1006467.0,2025-04-17 00:00:00,2025-04-22 00:00:00,1536024,MAINTENANCE,YA00058283,ENGINE OIL FILTER,2.0,2615,5230.0,0.1,4707.0,0.18,847.26,5554.26,,2,1013277401,2025-09-22 00:00:00,0.0,0.0,0.0,0.0,0.0,4168.8,0.0,0.0,0.0,0.0,0.0,0.0,,,,,,,4168.8,1,1061.1999999999998,523.0,5.0,153.0,0.0
82.0,2025-04-01,1779642,Bhubaneswar,BIKASH MISTRY,DHILLON CONSTRUCTION PVT LTD,THEJAHL0V00000219,ZX470H,,1006467.0,2025-04-17 00:00:00,2025-04-22 00:00:00,1536024,MAINTENANCE,4078360,PRIMARY FUEL FILTER,1.0,1306,1306.0,0.1,1175.4,0.18,211.572,1386.9720000000002,,1,1013285248,2026-02-28 00:00:00,0.0,0.0,0.0,0.0,0.0,0.0,0.0,0.0,0.0,0.0,1014.0,0.0,,,,,,,1014.0,1,292.0,130.5999999999999,5.0,312.0,0.0
83.0,2025-04-01,1779642,Bhubaneswar,BIKASH MISTRY,DHILLON CONSTRUCTION PVT LTD,THEJAHL0V00000219,ZX470H,,1006467.0,2025-04-17 00:00:00,2025-04-22 00:00:00,1536024,MAINTENANCE,4616864,FUEL FILTER,1.0,2261,2261.0,0.1,2034.9,0.18,366.282,2401.1820000000002,,1,1013285248,2026-02-28 00:00:00,0.0,0.0,0.0,0.0,0.0,0.0,0.0,0.0,0.0,0.0,1763.25,0.0,,,,,,,1763.25,1,497.75,226.0999999999999,5.0,312.0,0.0
84.0,2025-04-01,1779642,Bhubaneswar,BIKASH MISTRY,DHILLON CONSTRUCTION PVT LTD,THEJAHL0V00000219,ZX470H,,1006467.0,2025-04-17 00:00:00,2025-04-22 00:00:00,1536024,MAINTENANCE,1209163,AIR FILTER OUTER,1.0,11373,11373.0,0.1,10235.7,0.18,1842.4260000000002,12078.126,,1,1013277402,2025-09-22 00:00:00,0.0,0.0,0.0,0.0,0.0,10645.2,0.0,0.0,0.0,0.0,0.0,0.0,,,,,,,10645.2,1,727.7999999999993,1137.2999999999993,5.0,153.0,0.0
85.0,2025-04-01,1779642,Bhubaneswar,BIKASH MISTRY,DHILLON CONSTRUCTION PVT LTD,THEJAHL0V00000219,ZX470H,,1006467.0,2025-04-17 00:00:00,2025-04-22 00:00:00,1536024,MAINTENANCE,1105353,AIR FILTER INNER,1.0,11373,11373.0,0.1,10235.7,0.18,1842.4260000000002,12078.126,,,,,0.0,0.0,0.0,0.0,0.0,0.0,0.0,0.0,0.0,0.0,0.0,0.0,,,,,,,0.0,0,11373.0,1137.2999999999993,5.0,,11373.0
86.0,2025-04-01,1779642,Bhubaneswar,BIKASH MISTRY,DHILLON CONSTRUCTION PVT LTD,THEJAHL0V00000219,ZX470H,,1006467.0,2025-04-17 00:00:00,2025-04-22 00:00:00,1536024,MAINTENANCE,TL01210,HYD OIL,2.0,82107,164214.0,0.1,147792.6,0.18,26602.668,174395.268,,2,1013280630,2025-12-06 00:00:00,0.0,0.0,0.0,0.0,0.0,0.0,0.0,0.0,44342.9,0.0,0.0,0.0,,,,,,,44342.9,1,119871.1,16421.399999999994,5.0,228.0,0.0
87.0,2025-04-01,1779642,Bhubaneswar,BIKASH MISTRY,DHILLON CONSTRUCTION PVT LTD,THEJAHL0V00000219,ZX470H,,1006467.0,2025-04-17 00:00:00,2025-04-22 00:00:00,1536030,PLANNING,113671-4730,FANBELT,1.0,13671,13671.0,0.1,12303.9,0.18,2214.7019999999998,14518.601999999999,,,,,0.0,0.0,0.0,0.0,0.0,0.0,0.0,0.0,0.0,0.0,0.0,0.0,,,,,,,0.0,0,13671.0,1367.1000000000004,5.0,,13671.0
88.0,2025-04-01,1779643,Bhubaneswar,BIKASH MISTRY,KARO MINING & MINERALS,THEJAHL0T00000455,ZX470H,,1069028.0,2025-04-04 00:00:00,2025-04-18 00:00:00,1531475,EMERGENCY,4183995,CUSHION,4.0,13854,55416.0,0.0,55416.0,0.18,9974.88,65390.88,,,,,0.0,0.0,0.0,0.0,0.0,0.0,0.0,0.0,0.0,0.0,0.0,0.0,,,,,,,0.0,0,55416.0,0.0,14.0,,55416.0
89.0,2025-04-01,1779643,Bhubaneswar,BIKASH MISTRY,KARO MINING & MINERALS,THEJAHL0T00000455,ZX470H,,1069028.0,2025-04-04 00:00:00,2025-04-18 00:00:00,1531475,EMERGENCY,4435106,CUSHION RUBBER,1.0,73158,73158.0,0.0,73158.0,0.18,13168.439999999999,86326.44,,,,,0.0,0.0,0.0,0.0,0.0,0.0,0.0,0.0,0.0,0.0,0.0,0.0,,,,,,,0.0,0,73158.0,0.0,14.0,,73158.0
90.0,2025-04-01,1779643,Bhubaneswar,BIKASH MISTRY,KARO MINING & MINERALS,THEJAHL0T00000455,ZX470H,,1069028.0,2025-04-04 00:00:00,2025-04-18 00:00:00,1531475,EMERGENCY,4467459,CUSHION,1.0,70549,70549.0,0.0,70549.0,0.18,12698.82,83247.82,,,,,0.0,0.0,0.0,0.0,0.0,0.0,0.0,0.0,0.0,0.0,0.0,0.0,,,,,,,0.0,0,70549.0,0.0,14.0,,70549.0
91.0,2025-04-01,1779643,Bhubaneswar,BIKASH MISTRY,KARO MINING & MINERALS,THEJAHL0T00000455,ZX470H,,1069028.0,2025-04-04 00:00:00,2025-04-18 00:00:00,1531475,EMERGENCY,4653042,SEAL KIT BUCKET,1.0,36557,36557.0,0.0,36557.0,0.18,6580.259999999999,43137.26,,,,,0.0,0.0,0.0,0.0,0.0,0.0,0.0,0.0,0.0,0.0,0.0,0.0,,,,,,,0.0,0,36557.0,0.0,14.0,,36557.0
92.0,2025-04-01,1779643,Bhubaneswar,BIKASH MISTRY,KARO MINING & MINERALS,THEJAHL0T00000455,ZX470H,,1069028.0,2025-04-04 00:00:00,2025-04-18 00:00:00,1531475,EMERGENCY,975411,RING;SLIDE,2.0,9596,19192.0,0.0,19192.0,0.18,3454.56,22646.56,,,,,0.0,0.0,0.0,0.0,0.0,0.0,0.0,0.0,0.0,0.0,0.0,0.0,,,,,,,0.0,0,19192.0,0.0,14.0,,19192.0
93.0,2025-04-01,1779643,Bhubaneswar,BIKASH MISTRY,KARO MINING & MINERALS,THEJAHL0T00000455,ZX470H,,1069028.0,2025-04-04 00:00:00,2025-04-18 00:00:00,1531475,EMERGENCY,259307,RING;SLIDE,2.0,5090,10180.0,0.0,10180.0,0.18,1832.3999999999999,12012.4,,,,,0.0,0.0,0.0,0.0,0.0,0.0,0.0,0.0,0.0,0.0,0.0,0.0,,,,,,,0.0,0,10180.0,0.0,14.0,,10180.0
94.0,2025-04-01,1779643,Bhubaneswar,BIKASH MISTRY,KARO MINING & MINERALS,THEJAHL0T00000455,ZX470H,,1069028.0,2025-04-04 00:00:00,2025-04-18 00:00:00,1531475,EMERGENCY,3093215,PIN,1.0,17461,17461.0,0.0,17461.0,0.18,3142.98,20603.98,,,,,0.0,0.0,0.0,0.0,0.0,0.0,0.0,0.0,0.0,0.0,0.0,0.0,,,,,,,0.0,0,17461.0,0.0,14.0,,17461.0
95.0,2025-04-01,1779643,Bhubaneswar,BIKASH MISTRY,KARO MINING & MINERALS,THEJAHL0T00000455,ZX470H,,1069028.0,2025-04-04 00:00:00,2025-04-18 00:00:00,1531475,EMERGENCY,3060476,BUSHING,4.0,7028,28112.0,0.0,28112.0,0.18,5060.16,33172.16,,,,,0.0,0.0,0.0,0.0,0.0,0.0,0.0,0.0,0.0,0.0,0.0,0.0,,,,,,,0.0,0,28112.0,0.0,14.0,,28112.0
96.0,2025-04-01,1779643,Bhubaneswar,BIKASH MISTRY,KARO MINING & MINERALS,THEJAHL0T00000455,ZX470H,,1069028.0,2025-04-04 00:00:00,2025-04-18 00:00:00,1531475,EMERGENCY,4251212,SEAL DUST,4.0,3320,13280.0,0.0,13280.0,0.18,2390.4,15670.4,,,,,0.0,0.0,0.0,0.0,0.0,0.0,0.0,0.0,0.0,0.0,0.0,0.0,,,,,,,0.0,0,13280.0,0.0,14.0,,13280.0
97.0,2025-04-01,1779643,Bhubaneswar,BIKASH MISTRY,KARO MINING & MINERALS,THEJAHL0T00000455,ZX470H,,1069028.0,2025-04-04 00:00:00,2025-04-18 00:00:00,1531475,EMERGENCY,4487682,O RING,2.0,2021,4042.0,0.0,4042.0,0.18,727.56,4769.5599999999995,,,,,0.0,0.0,0.0,0.0,0.0,0.0,0.0,0.0,0.0,0.0,0.0,0.0,,,,,,,0.0,0,4042.0,0.0,14.0,,4042.0
98.0,2025-04-01,1779643,Bhubaneswar,BIKASH MISTRY,KARO MINING & MINERALS,THEJAHL0T00000455,ZX470H,,1069028.0,2025-04-04 00:00:00,2025-04-18 00:00:00,1531475,EMERGENCY,TD08548,PIN,2.0,8006,16012.0,0.0,16012.0,0.18,2882.16,18894.16,,,,,0.0,0.0,0.0,0.0,0.0,0.0,0.0,0.0,0.0,0.0,0.0,0.0,,,,,,,0.0,0,16012.0,0.0,14.0,,16012.0
99.0,2025-04-01,1779643,Bhubaneswar,BIKASH MISTRY,KARO MINING & MINERALS,THEJAHL0T00000455,ZX470H,,1069028.0,2025-04-04 00:00:00,2025-04-18 00:00:00,1531475,EMERGENCY,TD08552,BUSHING,1.0,16249,16249.0,0.0,16249.0,0.18,2924.8199999999997,19173.82,,1,1013277153,2025-09-15 00:00:00,0.0,0.0,0.0,0.0,0.0,16899.0,0.0,0.0,0.0,0.0,0.0,0.0,,,,,,,16899.0,1,0.0,0.0,14.0,150.0,0.0
100.0,2025-04-01,1779643,Bhubaneswar,BIKASH MISTRY,KARO MINING & MINERALS,THEJAHL0T00000455,ZX470H,,1069028.0,2025-04-04 00:00:00,2025-04-18 00:00:00,1531475,EMERGENCY,4152858,CAP,1.0,4756,4756.0,0.0,4756.0,0.18,856.0799999999999,5612.08,,,,,0.0,0.0,0.0,0.0,0.0,0.0,0.0,0.0,0.0,0.0,0.0,0.0,,,,,,,0.0,0,4756.0,0.0,14.0,,4756.0
101.0,2025-04-01,1779643,Bhubaneswar,BIKASH MISTRY,KARO MINING & MINERALS,THEJAHL0T00000455,ZX470H,,1069028.0,2025-04-04 00:00:00,2025-04-18 00:00:00,1531498,MAINTENANCE,4078360,PRIMARY FUEL FILTER,1.0,1306,1306.0,0.0,1306.0,0.18,235.07999999999998,1541.08,,1,1013270057,2025-04-04 00:00:00,1306.0,0.0,0.0,0.0,0.0,0.0,0.0,0.0,0.0,0.0,0.0,0.0,,,,,,,1306.0,1,0.0,0.0,14.0,,0.0
102.0,2025-04-01,1779643,Bhubaneswar,BIKASH MISTRY,KARO MINING & MINERALS,THEJAHL0T00000455,ZX470H,,1069028.0,2025-04-04 00:00:00,2025-04-18 00:00:00,1531498,MAINTENANCE,4616864,FUEL FILTER,1.0,2261,2261.0,0.0,2261.0,0.18,406.97999999999996,2667.98,,1,1013270057,2025-04-04 00:00:00,2261.0,0.0,0.0,0.0,0.0,0.0,0.0,0.0,0.0,0.0,0.0,0.0,,,,,,,2261.0,1,0.0,0.0,14.0,,0.0
103.0,2025-04-01,1779643,Bhubaneswar,BIKASH MISTRY,KARO MINING & MINERALS,THEJAHL0T00000455,ZX470H,,1069028.0,2025-04-04 00:00:00,2025-04-18 00:00:00,1531498,MAINTENANCE,YA00058283,ENGINE OIL FILTER,2.0,2615,5230.0,0.0,5230.0,0.18,941.4,6171.4,,2,1013270057,2025-04-04 00:00:00,5230.0,0.0,0.0,0.0,0.0,0.0,0.0,0.0,0.0,0.0,0.0,0.0,,,,,,,5230.0,1,0.0,0.0,14.0,,0.0
104.0,2025-04-01,1779643,Bhubaneswar,BIKASH MISTRY,KARO MINING & MINERALS,THEJAHL0T00000455,ZX470H,,1069028.0,2025-04-04 00:00:00,2025-04-18 00:00:00,1531498,MAINTENANCE,1209163,AIR FILTER OUTER,1.0,11373,11373.0,0.0,11373.0,0.18,2047.1399999999999,13420.14,,1,1013270057,2025-04-04 00:00:00,11373.0,0.0,0.0,0.0,0.0,0.0,0.0,0.0,0.0,0.0,0.0,0.0,,,,,,,11373.0,1,0.0,0.0,14.0,,0.0
105.0,2025-04-01,1779643,Bhubaneswar,BIKASH MISTRY,KARO MINING & MINERALS,THEJAHL0T00000455,ZX470H,,1069028.0,2025-04-04 00:00:00,2025-04-18 00:00:00,1531498,MAINTENANCE,1105353,AIR FILTER INNER,1.0,6598,6598.0,0.0,6598.0,0.18,1187.6399999999999,7785.639999999999,,1,1013270057,2025-04-04 00:00:00,6598.0,0.0,0.0,0.0,0.0,0.0,0.0,0.0,0.0,0.0,0.0,0.0,,,,,,,6598.0,1,0.0,0.0,14.0,,0.0
106.0,2025-04-01,1779643,Bhubaneswar,BIKASH MISTRY,KARO MINING & MINERALS,THEJAHL0T00000455,ZX470H,,1069028.0,2025-04-04 00:00:00,2025-04-18 00:00:00,1531498,MAINTENANCE,4630525,PILOT FILTER,1.0,2943,2943.0,0.0,2943.0,0.18,529.74,3472.74,,1,1013270057,2025-04-04 00:00:00,2943.0,0.0,0.0,0.0,0.0,0.0,0.0,0.0,0.0,0.0,0.0,0.0,,,,,,,2943.0,1,0.0,0.0,14.0,,0.0
107.0,2025-04-01,1779643,Bhubaneswar,BIKASH MISTRY,KARO MINING & MINERALS,THEJAHL0T00000455,ZX470H,,1069028.0,2025-04-04 00:00:00,2025-04-18 00:00:00,1531498,MAINTENANCE,4363399,PUMP DRAIN FILTER,1.0,4182,4182.0,0.0,4182.0,0.18,752.76,4934.76,,1,1013270057,2025-04-04 00:00:00,4182.0,0.0,0.0,0.0,0.0,0.0,0.0,0.0,0.0,0.0,0.0,0.0,,,,,,,4182.0,1,0.0,0.0,14.0,,0.0
108.0,2025-04-01,1779643,Bhubaneswar,BIKASH MISTRY,KARO MINING & MINERALS,THEJAHL0T00000455,ZX470H,,1069028.0,2025-04-04 00:00:00,2025-04-18 00:00:00,1531498,MAINTENANCE,4654745,HYDRAULIC TANK FILTER,1.0,11347,11347.0,0.0,11347.0,0.18,2042.46,13389.46,,1,1013270057,2025-04-04 00:00:00,11347.0,0.0,0.0,0.0,0.0,0.0,0.0,0.0,0.0,0.0,0.0,0.0,,,,,,,11347.0,1,0.0,0.0,14.0,,0.0
109.0,2025-04-01,1779643,Bhubaneswar,BIKASH MISTRY,KARO MINING & MINERALS,THEJAHL0T00000455,ZX470H,,1069028.0,2025-04-04 00:00:00,2025-04-18 00:00:00,1531498,MAINTENANCE,YA00001490,AC FILTER,1.0,4607,4607.0,0.0,4607.0,0.18,829.26,5436.26,,1,1013270231,2025-04-07 00:00:00,5211.0,0.0,0.0,0.0,0.0,0.0,0.0,0.0,0.0,0.0,0.0,0.0,,,,,,,5211.0,1,0.0,0.0,14.0,,0.0
110.0,2025-04-01,1779643,Bhubaneswar,BIKASH MISTRY,KARO MINING & MINERALS,THEJAHL0T00000455,ZX470H,,1069028.0,2025-04-04 00:00:00,2025-04-18 00:00:00,1531498,MAINTENANCE,4632689,CIRCULATING AIR FILTER AC,1.0,3752,3752.0,0.0,3752.0,0.18,675.36,4427.36,,1,1013270231,2025-04-07 00:00:00,3752.0,0.0,0.0,0.0,0.0,0.0,0.0,0.0,0.0,0.0,0.0,0.0,,,,,,,3752.0,1,0.0,0.0,14.0,,0.0
111.0,2025-04-01,1779643,Bhubaneswar,BIKASH MISTRY,KARO MINING & MINERALS,THEJAHL0T00000455,ZX470H,,1069028.0,2025-04-04 00:00:00,2025-04-18 00:00:00,1531498,MAINTENANCE,TL08010,GEAR OIL,3.0,3302,9906.0,0.0,9906.0,0.18,1783.08,11689.08,,3,1013270057,2025-04-04 00:00:00,9906.0,0.0,0.0,0.0,0.0,0.0,0.0,0.0,0.0,0.0,0.0,0.0,,,,,,,9906.0,1,0.0,0.0,14.0,,0.0
112.0,2025-04-01,1779643,Bhubaneswar,BIKASH MISTRY,KARO MINING & MINERALS,THEJAHL0T00000455,ZX470H,,1069028.0,2025-04-04 00:00:00,2025-04-18 00:00:00,1531498,MAINTENANCE,TL07020,ENGINE OIL,3.0,5701,17103.0,0.0,17103.0,0.18,3078.54,20181.54,,3,1013270057,2025-04-04 00:00:00,17103.0,0.0,0.0,0.0,0.0,0.0,0.0,0.0,0.0,0.0,0.0,0.0,,,,,,,17103.0,1,0.0,0.0,14.0,,0.0
113.0,2025-04-01,1779643,Bhubaneswar,BIKASH MISTRY,KARO MINING & MINERALS,THEJAHL0T00000455,ZX470H,,1069028.0,2025-04-04 00:00:00,2025-04-18 00:00:00,1531498,MAINTENANCE,4437838,AIR BREATHER FILTER,1.0,1695,1695.0,0.0,1695.0,0.18,305.09999999999997,2000.1,,1,1013270057,2025-04-04 00:00:00,1695.0,0.0,0.0,0.0,0.0,0.0,0.0,0.0,0.0,0.0,0.0,0.0,,,,,,,1695.0,1,0.0,0.0,14.0,,0.0
114.0,2025-04-01,1779643,Bhubaneswar,BIKASH MISTRY,KARO MINING & MINERALS,THEJAHL0T00000455,ZX470H,,1069028.0,2025-04-04 00:00:00,2025-04-18 00:00:00,1531542,PLANNING,113671-4730,FANBELT,1.0,13671,13671.0,0.0,13671.0,0.18,2460.7799999999997,16131.779999999999,,,,,0.0,0.0,0.0,0.0,0.0,0.0,0.0,0.0,0.0,0.0,0.0,0.0,,,,,,,0.0,0,13671.0,0.0,14.0,,13671.0
115.0,2025-04-01,1779644,Bhubaneswar,NIRANJAN DAS,LAL TRADERS & AGENCIES PVT LTD,THEJAHL0C00000096,ZX470H,,1534577.0,2025-04-12 00:00:00,2025-04-21 00:00:00,1534577,EMERGENCY,TD08548,BUSHING,2.0,8006,16012.0,0.0,16012.0,0.18,2882.16,18894.16,,2,1013275545,2025-07-31 00:00:00,0.0,0.0,0.0,15651.73,0.0,0.0,0.0,0.0,0.0,0.0,0.0,0.0,,,,,,,15651.73,1,360.27000000000044,0.0,9.0,101.0,0.0
116.0,2025-04-01,1779644,Bhubaneswar,NIRANJAN DAS,LAL TRADERS & AGENCIES PVT LTD,THEJAHL0C00000096,ZX470H,,1534577.0,2025-04-12 00:00:00,2025-04-21 00:00:00,1534577,EMERGENCY,TD08552,PIN,1.0,16249,16249.0,0.0,16249.0,0.18,2924.8199999999997,19173.82,,,,,0.0,0.0,0.0,0.0,0.0,0.0,0.0,0.0,0.0,0.0,0.0,0.0,,,,,,,0.0,0,16249.0,0.0,9.0,,16249.0
117.0,2025-04-01,1779644,Bhubaneswar,NIRANJAN DAS,LAL TRADERS & AGENCIES PVT LTD,THEJAHL0C00000096,ZX470H,,1534577.0,2025-04-12 00:00:00,2025-04-21 00:00:00,1534577,EMERGENCY,4251212,SEAL DUST,2.0,3320,6640.0,0.0,6640.0,0.18,1195.2,7835.2,,2,1013275545,2025-07-31 00:00:00,0.0,0.0,0.0,6490.6,0.0,0.0,0.0,0.0,0.0,0.0,0.0,0.0,,,,,,,6490.6,1,149.39999999999964,0.0,9.0,101.0,0.0
118.0,2025-04-01,1779644,Bhubaneswar,NIRANJAN DAS,LAL TRADERS & AGENCIES PVT LTD,THEJAHL0C00000096,ZX470H,,1534577.0,2025-04-12 00:00:00,2025-04-21 00:00:00,1534577,EMERGENCY,4152609,PACKING U RING,1.0,4424,4424.0,0.0,4424.0,0.18,796.3199999999999,5220.32,,,,,0.0,0.0,0.0,0.0,0.0,0.0,0.0,0.0,0.0,0.0,0.0,0.0,,,,,,,0.0,0,4424.0,0.0,9.0,,4424.0
119.0,2025-04-01,1779644,Bhubaneswar,NIRANJAN DAS,LAL TRADERS & AGENCIES PVT LTD,THEJAHL0C00000096,ZX470H,,1534577.0,2025-04-12 00:00:00,2025-04-21 00:00:00,1534577,EMERGENCY,4150805,RING RETAINING,1.0,1017,1017.0,0.0,1017.0,0.18,183.06,1200.06,,,,,0.0,0.0,0.0,0.0,0.0,0.0,0.0,0.0,0.0,0.0,0.0,0.0,,,,,,,0.0,0,1017.0,0.0,9.0,,1017.0
120.0,2025-04-01,1779644,Bhubaneswar,NIRANJAN DAS,LAL TRADERS & AGENCIES PVT LTD,THEJAHL0C00000096,ZX470H,,1534577.0,2025-04-12 00:00:00,2025-04-21 00:00:00,1534577,EMERGENCY,4150804,RING,1.0,6406,6406.0,0.0,6406.0,0.18,1153.08,7559.08,,,,,0.0,0.0,0.0,0.0,0.0,0.0,0.0,0.0,0.0,0.0,0.0,0.0,,,,,,,0.0,0,6406.0,0.0,9.0,,6406.0
121.0,2025-04-01,1779644,Bhubaneswar,NIRANJAN DAS,LAL TRADERS & AGENCIES PVT LTD,THEJAHL0C00000096,ZX470H,,1534577.0,2025-04-12 00:00:00,2025-04-21 00:00:00,1534577,EMERGENCY,4071223,O RING,1.0,905,905.0,0.0,905.0,0.18,162.9,1067.9,,,,,0.0,0.0,0.0,0.0,0.0,0.0,0.0,0.0,0.0,0.0,0.0,0.0,,,,,,,0.0,0,905.0,0.0,9.0,,905.0
122.0,2025-04-01,1779644,Bhubaneswar,NIRANJAN DAS,LAL TRADERS & AGENCIES PVT LTD,THEJAHL0C00000096,ZX470H,,1534577.0,2025-04-12 00:00:00,2025-04-21 00:00:00,1534693,MAINTENANCE,4654745,HYDRAULIC TANK FILTER,2.0,11347,22694.0,0.0,22694.0,0.18,4084.92,26778.92,,,,,0.0,0.0,0.0,0.0,0.0,0.0,0.0,0.0,0.0,0.0,0.0,0.0,,,,,,,0.0,0,22694.0,0.0,9.0,,22694.0
123.0,2025-04-01,1779644,Bhubaneswar,NIRANJAN DAS,LAL TRADERS & AGENCIES PVT LTD,THEJAHL0C00000096,ZX470H,,1534577.0,2025-04-12 00:00:00,2025-04-21 00:00:00,1534693,MAINTENANCE,4630525,PILOT FILTER,2.0,2943,5886.0,0.0,5886.0,0.18,1059.48,6945.48,,2,1013274778,2025-07-14 00:00:00,0.0,0.0,0.0,5297.4,0.0,0.0,0.0,0.0,0.0,0.0,0.0,0.0,,,,,,,5297.4,1,588.6000000000004,0.0,9.0,84.0,0.0
124.0,2025-04-01,1779644,Bhubaneswar,NIRANJAN DAS,LAL TRADERS & AGENCIES PVT LTD,THEJAHL0C00000096,ZX470H,,1534577.0,2025-04-12 00:00:00,2025-04-21 00:00:00,1534693,MAINTENANCE,4363399,PUMP DRAIN FILTER,2.0,4182,8364.0,0.0,8364.0,0.18,1505.52,9869.52,,,,,0.0,0.0,0.0,0.0,0.0,0.0,0.0,0.0,0.0,0.0,0.0,0.0,,,,,,,0.0,0,8364.0,0.0,9.0,,8364.0
125.0,2025-04-01,1779644,Bhubaneswar,NIRANJAN DAS,LAL TRADERS & AGENCIES PVT LTD,THEJAHL0C00000096,ZX470H,,1534577.0,2025-04-12 00:00:00,2025-04-21 00:00:00,1534693,MAINTENANCE,4437838,AIR BREATHER FILTER,2.0,1695,3390.0,0.0,3390.0,0.18,610.1999999999999,4000.2,,,,,0.0,0.0,0.0,0.0,0.0,0.0,0.0,0.0,0.0,0.0,0.0,0.0,,,,,,,0.0,0,3390.0,0.0,9.0,,3390.0
126.0,2025-04-01,1779644,Bhubaneswar,NIRANJAN DAS,LAL TRADERS & AGENCIES PVT LTD,THEJAHL0C00000096,ZX470H,,1534577.0,2025-04-12 00:00:00,2025-04-21 00:00:00,1534693,MAINTENANCE,YA00058283,ENGINE OIL FILTER,4.0,2615,10460.0,0.0,10460.0,0.18,1882.8,12342.8,,4,1013274778,2025-07-14 00:00:00,0.0,0.0,0.0,9414.0,0.0,0.0,0.0,0.0,0.0,0.0,0.0,0.0,,,,,,,9414.0,1,1046.0,0.0,9.0,84.0,0.0
127.0,2025-04-01,1779644,Bhubaneswar,NIRANJAN DAS,LAL TRADERS & AGENCIES PVT LTD,THEJAHL0C00000096,ZX470H,,1534577.0,2025-04-12 00:00:00,2025-04-21 00:00:00,1534693,MAINTENANCE,4078360,PRIMARY FUEL FILTER,2.0,1306,2612.0,0.0,2612.0,0.18,470.15999999999997,3082.16,,2,1013274778,2025-07-14 00:00:00,0.0,0.0,0.0,2350.8,0.0,0.0,0.0,0.0,0.0,0.0,0.0,0.0,,,,,,,2350.8,1,261.1999999999998,0.0,9.0,84.0,0.0
128.0,2025-04-01,1779644,Bhubaneswar,NIRANJAN DAS,LAL TRADERS & AGENCIES PVT LTD,THEJAHL0C00000096,ZX470H,,1534577.0,2025-04-12 00:00:00,2025-04-21 00:00:00,1534693,MAINTENANCE,4616864,FUEL FILTER,2.0,2261,4522.0,0.0,4522.0,0.18,813.9599999999999,5335.96,,2,1013285248,2026-02-28 00:00:00,0.0,0.0,0.0,0.0,0.0,0.0,0.0,0.0,0.0,0.0,3526.5,0.0,,,,,,,3526.5,1,995.5,0.0,9.0,313.0,0.0
129.0,2025-04-01,1779644,Bhubaneswar,NIRANJAN DAS,LAL TRADERS & AGENCIES PVT LTD,THEJAHL0C00000096,ZX470H,,1534577.0,2025-04-12 00:00:00,2025-04-21 00:00:00,1534693,MAINTENANCE,1209163,AIR FILTER OUTER,2.0,11373,22746.0,0.0,22746.0,0.18,4094.2799999999997,26840.28,,2,1013285248,2026-02-28 00:00:00,0.0,0.0,0.0,0.0,0.0,0.0,0.0,0.0,0.0,0.0,17742.0,0.0,,,,,,,17742.0,1,5004.0,0.0,9.0,313.0,0.0
130.0,2025-04-01,1779644,Bhubaneswar,NIRANJAN DAS,LAL TRADERS & AGENCIES PVT LTD,THEJAHL0C00000096,ZX470H,,1534577.0,2025-04-12 00:00:00,2025-04-21 00:00:00,1534693,MAINTENANCE,1105353,AIR FILTER INNER,2.0,6598,13196.0,0.0,13196.0,0.18,2375.2799999999997,15571.279999999999,,,,,0.0,0.0,0.0,0.0,0.0,0.0,0.0,0.0,0.0,0.0,0.0,0.0,,,,,,,0.0,0,13196.0,0.0,9.0,,13196.0
131.0,2025-04-01,1779644,Bhubaneswar,NIRANJAN DAS,LAL TRADERS & AGENCIES PVT LTD,THEJAHL0C00000096,ZX470H,,1534577.0,2025-04-12 00:00:00,2025-04-21 00:00:00,1534693,MAINTENANCE,4632689,CIRCULATING AIR FILTER AC,2.0,3752,7504.0,0.0,7504.0,0.18,1350.72,8854.72,,,,,0.0,0.0,0.0,0.0,0.0,0.0,0.0,0.0,0.0,0.0,0.0,0.0,,,,,,,0.0,0,7504.0,0.0,9.0,,7504.0
132.0,2025-04-01,1779644,Bhubaneswar,NIRANJAN DAS,LAL TRADERS & AGENCIES PVT LTD,THEJAHL0C00000096,ZX470H,,1534577.0,2025-04-12 00:00:00,2025-04-21 00:00:00,1534693,MAINTENANCE,YA00001490,AC FILTER,2.0,4607,9214.0,0.0,9214.0,0.18,1658.52,10872.52,,,,,0.0,0.0,0.0,0.0,0.0,0.0,0.0,0.0,0.0,0.0,0.0,0.0,,,,,,,0.0,0,9214.0,0.0,9.0,,9214.0
133.0,2025-04-01,1779644,Bhubaneswar,NIRANJAN DAS,LAL TRADERS & AGENCIES PVT LTD,THEJAHL0C00000096,ZX470H,,1534577.0,2025-04-12 00:00:00,2025-04-21 00:00:00,1534693,MAINTENANCE,TL01210,HYD OIL,2.0,82107,164214.0,0.0,164214.0,0.18,29558.52,193772.52,,,,,0.0,0.0,0.0,0.0,0.0,0.0,0.0,0.0,0.0,0.0,0.0,0.0,,,,,,,0.0,0,164214.0,0.0,9.0,,164214.0
134.0,2025-04-01,1779644,Bhubaneswar,NIRANJAN DAS,LAL TRADERS & AGENCIES PVT LTD,THEJAHL0C00000096,ZX470H,,1534577.0,2025-04-12 00:00:00,2025-04-21 00:00:00,1534693,MAINTENANCE,TL07020,ENGINE OIL,3.0,5701,17103.0,0.0,17103.0,0.18,3078.54,20181.54,,,,,0.0,0.0,0.0,0.0,0.0,0.0,0.0,0.0,0.0,0.0,0.0,0.0,,,,,,,0.0,0,17103.0,0.0,9.0,,17103.0
135.0,2025-04-01,1779644,Bhubaneswar,NIRANJAN DAS,LAL TRADERS & AGENCIES PVT LTD,THEJAHL0C00000096,ZX470H,,1534577.0,2025-04-12 00:00:00,2025-04-21 00:00:00,1534693,MAINTENANCE,TL08010,GEAR OIL,6.0,3302,19812.0,0.0,19812.0,0.18,3566.16,23378.16,,6,1013283392,2026-01-29 00:00:00,0.0,0.0,0.0,0.0,0.0,0.0,0.0,0.0,0.0,15156.0,0.0,0.0,,,,,,INVOICED,15156.0,1,4656.0,0.0,9.0,283.0,0.0
136.0,2025-04-01,1779644,Bhubaneswar,NIRANJAN DAS,LAL TRADERS & AGENCIES PVT LTD,THEJAHL0C00000096,ZX470H,,1534577.0,2025-04-12 00:00:00,2025-04-21 00:00:00,1534768,PLANNING,113671-4730,FANBELT,1.0,13671,13671.0,0.0,13671.0,0.18,2460.7799999999997,16131.779999999999,,,,,0.0,0.0,0.0,0.0,0.0,0.0,0.0,0.0,0.0,0.0,0.0,0.0,,,,,,,0.0,0,13671.0,0.0,9.0,,13671.0
137.0,2025-04-01,1779545,Bhubaneswar,NIRANJAN DAS,LAL TRADERS & AGENCIES PVT LTD,THEJAHL0T00000102,ZX470H,,1534577.0,2025-04-15 00:00:00,2025-04-21 00:00:00,1534805,EMERGENCY,897372-9520,SWITCH OIL PRESSURE,1.0,10966,10966.0,0.0,10966.0,0.18,1973.8799999999999,12939.88,,,,,0.0,0.0,0.0,0.0,0.0,0.0,0.0,0.0,0.0,0.0,0.0,0.0,,,,,,,0.0,0,10966.0,0.0,6.0,,10966.0
138.0,2025-04-01,1779545,Bhubaneswar,NIRANJAN DAS,LAL TRADERS & AGENCIES PVT LTD,THEJAHL0T00000102,ZX470H,,1534577.0,2025-04-15 00:00:00,2025-04-21 00:00:00,1534805,EMERGENCY,YA00023056,PULLEY,1.0,27882,27882.0,0.0,27882.0,0.18,5018.76,32900.76,,,,,0.0,0.0,0.0,0.0,0.0,0.0,0.0,0.0,0.0,0.0,0.0,0.0,,,,,,,0.0,0,27882.0,0.0,6.0,,27882.0
139.0,2025-04-01,1779545,Bhubaneswar,NIRANJAN DAS,LAL TRADERS & AGENCIES PVT LTD,THEJAHL0T00000102,ZX470H,,1534577.0,2025-04-15 00:00:00,2025-04-21 00:00:00,1534805,EMERGENCY,4612763,AC BELT,1.0,8206,8206.0,0.0,8206.0,0.18,1477.08,9683.08,,,,,0.0,0.0,0.0,0.0,0.0,0.0,0.0,0.0,0.0,0.0,0.0,0.0,,,,,,,0.0,0,8206.0,0.0,6.0,,8206.0
140.0,2025-04-01,1779545,Bhubaneswar,NIRANJAN DAS,LAL TRADERS & AGENCIES PVT LTD,THEJAHL0T00000102,ZX470H,,1534577.0,2025-04-15 00:00:00,2025-04-21 00:00:00,1534805,EMERGENCY,4469526,GEAR LEVRE,2.0,277785,555570.0,0.0,555570.0,0.18,100002.59999999999,655572.6,,,,,0.0,0.0,0.0,0.0,0.0,0.0,0.0,0.0,0.0,0.0,0.0,0.0,,,,,,,0.0,0,555570.0,0.0,6.0,,555570.0
141.0,2025-04-01,1779545,Bhubaneswar,NIRANJAN DAS,LAL TRADERS & AGENCIES PVT LTD,THEJAHL0T00000102,ZX470H,,1534577.0,2025-04-15 00:00:00,2025-04-21 00:00:00,1534805,EMERGENCY,9246436,PILOT LEVER BUSH ,4.0,2921,11684.0,0.0,11684.0,0.18,2103.12,13787.119999999999,,4,1013274778,2025-07-14 00:00:00,0.0,0.0,0.0,10515.6,0.0,0.0,0.0,0.0,0.0,0.0,0.0,0.0,,,,,,,10515.6,1,1168.3999999999996,0.0,6.0,84.0,0.0
142.0,2025-04-01,1779545,Bhubaneswar,NIRANJAN DAS,LAL TRADERS & AGENCIES PVT LTD,THEJAHL0T00000102,ZX470H,,1534577.0,2025-04-15 00:00:00,2025-04-21 00:00:00,1534805,EMERGENCY,4201993,O RING,4.0,117,468.0,0.0,468.0,0.18,84.24,552.24,,4,1013274778,2025-07-14 00:00:00,0.0,0.0,0.0,615.6,0.0,0.0,0.0,0.0,0.0,0.0,0.0,0.0,,,,,,,615.6,1,0.0,0.0,6.0,84.0,0.0
143.0,2025-04-01,1779545,Bhubaneswar,NIRANJAN DAS,LAL TRADERS & AGENCIES PVT LTD,THEJAHL0T00000102,ZX470H,,1534577.0,2025-04-15 00:00:00,2025-04-21 00:00:00,1534833,MAINTENANCE,4654745,HYDRAULIC TANK FILTER,2.0,11347,22694.0,0.0,22694.0,0.18,4084.92,26778.92,,,,,0.0,0.0,0.0,0.0,0.0,0.0,0.0,0.0,0.0,0.0,0.0,0.0,,,,,,,0.0,0,22694.0,0.0,6.0,,22694.0
144.0,2025-04-01,1779545,Bhubaneswar,NIRANJAN DAS,LAL TRADERS & AGENCIES PVT LTD,THEJAHL0T00000102,ZX470H,,1534577.0,2025-04-15 00:00:00,2025-04-21 00:00:00,1534833,MAINTENANCE,4630525,PILOT FILTER,2.0,2943,5886.0,0.0,5886.0,0.18,1059.48,6945.48,,,,,0.0,0.0,0.0,0.0,0.0,0.0,0.0,0.0,0.0,0.0,0.0,0.0,,,,,,,0.0,0,5886.0,0.0,6.0,,5886.0
145.0,2025-04-01,1779545,Bhubaneswar,NIRANJAN DAS,LAL TRADERS & AGENCIES PVT LTD,THEJAHL0T00000102,ZX470H,,1534577.0,2025-04-15 00:00:00,2025-04-21 00:00:00,1534833,MAINTENANCE,4363399,PUMP DRAIN FILTER,2.0,4182,8364.0,0.0,8364.0,0.18,1505.52,9869.52,,,,,0.0,0.0,0.0,0.0,0.0,0.0,0.0,0.0,0.0,0.0,0.0,0.0,,,,,,,0.0,0,8364.0,0.0,6.0,,8364.0
146.0,2025-04-01,1779545,Bhubaneswar,NIRANJAN DAS,LAL TRADERS & AGENCIES PVT LTD,THEJAHL0T00000102,ZX470H,,1534577.0,2025-04-15 00:00:00,2025-04-21 00:00:00,1534833,MAINTENANCE,4437838,AIR BREATHER FILTER,2.0,1695,3390.0,0.0,3390.0,0.18,610.1999999999999,4000.2,,,,,0.0,0.0,0.0,0.0,0.0,0.0,0.0,0.0,0.0,0.0,0.0,0.0,,,,,,,0.0,0,3390.0,0.0,6.0,,3390.0
147.0,2025-04-01,1779545,Bhubaneswar,NIRANJAN DAS,LAL TRADERS & AGENCIES PVT LTD,THEJAHL0T00000102,ZX470H,,1534577.0,2025-04-15 00:00:00,2025-04-21 00:00:00,1534833,MAINTENANCE,YA00058283,ENGINE OIL FILTER,4.0,2615,10460.0,0.0,10460.0,0.18,1882.8,12342.8,,,,,0.0,0.0,0.0,0.0,0.0,0.0,0.0,0.0,0.0,0.0,0.0,0.0,,,,,,,0.0,0,10460.0,0.0,6.0,,10460.0
148.0,2025-04-01,1779545,Bhubaneswar,NIRANJAN DAS,LAL TRADERS & AGENCIES PVT LTD,THEJAHL0T00000102,ZX470H,,1534577.0,2025-04-15 00:00:00,2025-04-21 00:00:00,1534833,MAINTENANCE,4078360,PRIMARY FUEL FILTER,2.0,1306,2612.0,0.0,2612.0,0.18,470.15999999999997,3082.16,,2,1013274778,2025-07-14 00:00:00,0.0,0.0,0.0,2350.8,0.0,0.0,0.0,0.0,0.0,0.0,0.0,0.0,,,,,,,2350.8,1,261.1999999999998,0.0,6.0,84.0,0.0
149.0,2025-04-01,1779545,Bhubaneswar,NIRANJAN DAS,LAL TRADERS & AGENCIES PVT LTD,THEJAHL0T00000102,ZX470H,,1534577.0,2025-04-15 00:00:00,2025-04-21 00:00:00,1534833,MAINTENANCE,4616864,FUEL FILTER,2.0,2261,4522.0,0.0,4522.0,0.18,813.9599999999999,5335.96,,2,1013285248,2026-02-28 00:00:00,0.0,0.0,0.0,0.0,0.0,0.0,0.0,0.0,0.0,0.0,3526.5,0.0,,,,,,,3526.5,1,995.5,0.0,6.0,313.0,0.0
150.0,2025-04-01,1779545,Bhubaneswar,NIRANJAN DAS,LAL TRADERS & AGENCIES PVT LTD,THEJAHL0T00000102,ZX470H,,1534577.0,2025-04-15 00:00:00,2025-04-21 00:00:00,1534833,MAINTENANCE,1209163,AIR FILTER OUTER,2.0,11373,22746.0,0.0,22746.0,0.18,4094.2799999999997,26840.28,,2,1013285248,2026-02-28 00:00:00,0.0,0.0,0.0,0.0,0.0,0.0,0.0,0.0,0.0,0.0,17742.0,0.0,,,,,,,17742.0,1,5004.0,0.0,6.0,313.0,0.0
151.0,2025-04-01,1779545,Bhubaneswar,NIRANJAN DAS,LAL TRADERS & AGENCIES PVT LTD,THEJAHL0T00000102,ZX470H,,1534577.0,2025-04-15 00:00:00,2025-04-21 00:00:00,1534833,MAINTENANCE,1105353,AIR FILTER INNER,2.0,6598,13196.0,0.0,13196.0,0.18,2375.2799999999997,15571.279999999999,,,,,0.0,0.0,0.0,0.0,0.0,0.0,0.0,0.0,0.0,0.0,0.0,0.0,,,,,,,0.0,0,13196.0,0.0,6.0,,13196.0
152.0,2025-04-01,1779545,Bhubaneswar,NIRANJAN DAS,LAL TRADERS & AGENCIES PVT LTD,THEJAHL0T00000102,ZX470H,,1534577.0,2025-04-15 00:00:00,2025-04-21 00:00:00,1534833,MAINTENANCE,4632689,CIRCULATING AIR FILTER AC,2.0,3752,7504.0,0.0,7504.0,0.18,1350.72,8854.72,,,,,0.0,0.0,0.0,0.0,0.0,0.0,0.0,0.0,0.0,0.0,0.0,0.0,,,,,,,0.0,0,7504.0,0.0,6.0,,7504.0
153.0,2025-04-01,1779545,Bhubaneswar,NIRANJAN DAS,LAL TRADERS & AGENCIES PVT LTD,THEJAHL0T00000102,ZX470H,,1534577.0,2025-04-15 00:00:00,2025-04-21 00:00:00,1534833,MAINTENANCE,YA00001490,AC FILTER,2.0,4607,9214.0,0.0,9214.0,0.18,1658.52,10872.52,,,,,0.0,0.0,0.0,0.0,0.0,0.0,0.0,0.0,0.0,0.0,0.0,0.0,,,,,,,0.0,0,9214.0,0.0,6.0,,9214.0
154.0,2025-04-01,1779545,Bhubaneswar,NIRANJAN DAS,LAL TRADERS & AGENCIES PVT LTD,THEJAHL0T00000102,ZX470H,,1534577.0,2025-04-15 00:00:00,2025-04-21 00:00:00,1534833,MAINTENANCE,TL01210,HYD OIL,2.0,82107,164214.0,0.0,164214.0,0.18,29558.52,193772.52,,,,,0.0,0.0,0.0,0.0,0.0,0.0,0.0,0.0,0.0,0.0,0.0,0.0,,,,,,,0.0,0,164214.0,0.0,6.0,,164214.0
155.0,2025-04-01,1779545,Bhubaneswar,NIRANJAN DAS,LAL TRADERS & AGENCIES PVT LTD,THEJAHL0T00000102,ZX470H,,1534577.0,2025-04-15 00:00:00,2025-04-21 00:00:00,1534833,MAINTENANCE,TL07020,ENGINE OIL,3.0,5701,17103.0,0.0,17103.0,0.18,3078.54,20181.54,,,,,0.0,0.0,0.0,0.0,0.0,0.0,0.0,0.0,0.0,0.0,0.0,0.0,,,,,,,0.0,0,17103.0,0.0,6.0,,17103.0
156.0,2025-04-01,1779545,Bhubaneswar,NIRANJAN DAS,LAL TRADERS & AGENCIES PVT LTD,THEJAHL0T00000102,ZX470H,,1534577.0,2025-04-15 00:00:00,2025-04-21 00:00:00,1534833,MAINTENANCE,TL08010,GEAR OIL,6.0,3302,19812.0,0.0,19812.0,0.18,3566.16,23378.16,,6,1013283392,2026-01-29 00:00:00,0.0,0.0,0.0,0.0,0.0,0.0,0.0,0.0,0.0,15156.0,0.0,0.0,,,,,,,15156.0,1,4656.0,0.0,6.0,283.0,0.0
157.0,2025-04-01,1779545,Bhubaneswar,NIRANJAN DAS,LAL TRADERS & AGENCIES PVT LTD,THEJAHL0T00000102,ZX470H,,1534577.0,2025-04-15 00:00:00,2025-04-21 00:00:00,1534854,PLANNING,113671-4730,FANBELT,1.0,13671,13671.0,0.0,13671.0,0.18,2460.7799999999997,16131.779999999999,,,,,0.0,0.0,0.0,0.0,0.0,0.0,0.0,0.0,0.0,0.0,0.0,0.0,,,,,,,0.0,0,13671.0,0.0,6.0,,13671.0
158.0,2025-04-01,1779646,Bhubaneswar,NIRANJAN DAS,KHATAU LILADHAR THACKER,THEJAHL0P00000540,ZX470H,,1023279.0,2025-04-12 00:00:00,2025-04-21 00:00:00,1534984,EMERGENCY,4653041,SEAL KIT,1.0,50096,50096.0,0.0,50096.0,0.18,9017.279999999999,59113.28,,1,1013274512,2025-07-07 00:00:00,0.0,0.0,0.0,40076.8,0.0,0.0,0.0,0.0,0.0,0.0,0.0,0.0,,,,,,,40076.8,1,10019.199999999997,0.0,9.0,77.0,0.0
159.0,2025-04-01,1779646,Bhubaneswar,NIRANJAN DAS,KHATAU LILADHAR THACKER,THEJAHL0P00000540,ZX470H,,1023279.0,2025-04-12 00:00:00,2025-04-21 00:00:00,1534984,EMERGENCY,972305,RING SLIDE,2.0,7937,15874.0,0.0,15874.0,0.18,2857.3199999999997,18731.32,,2,1013274649,2025-07-11 00:00:00,0.0,0.0,0.0,12699.22,0.0,0.0,0.0,0.0,0.0,0.0,0.0,0.0,,,,,,,12699.22,1,3174.7800000000007,0.0,9.0,81.0,0.0
160.0,2025-04-01,1779646,Bhubaneswar,NIRANJAN DAS,KHATAU LILADHAR THACKER,THEJAHL0P00000540,ZX470H,,1023279.0,2025-04-12 00:00:00,2025-04-21 00:00:00,1534984,EMERGENCY,242512,RING,2.0,5921,11842.0,0.0,11842.0,0.18,2131.56,13973.56,,2,10132716949,2025-07-11 00:00:00,0.0,0.0,0.0,9473.6,0.0,0.0,0.0,0.0,0.0,0.0,0.0,0.0,,,,,,,9473.6,1,2368.3999999999996,0.0,9.0,81.0,0.0
161.0,2025-04-01,1779646,Bhubaneswar,NIRANJAN DAS,KHATAU LILADHAR THACKER,THEJAHL0P00000540,ZX470H,,1023279.0,2025-04-12 00:00:00,2025-04-21 00:00:00,1534984,EMERGENCY,4653042,SEAL KIT BUCKET,1.0,36557,36557.0,0.0,36557.0,0.18,6580.259999999999,43137.26,,1,1013274512,2025-07-07 00:00:00,0.0,0.0,0.0,29245.6,0.0,0.0,0.0,0.0,0.0,0.0,0.0,0.0,,,,,,,29245.6,1,7311.4000000000015,0.0,9.0,77.0,0.0
162.0,2025-04-01,1779646,Bhubaneswar,NIRANJAN DAS,KHATAU LILADHAR THACKER,THEJAHL0P00000540,ZX470H,,1023279.0,2025-04-12 00:00:00,2025-04-21 00:00:00,1534984,EMERGENCY,972106,RING,2.0,4619,9238.0,0.0,9238.0,0.18,1662.84,10900.84,,2,1013274512,2025-07-07 00:00:00,0.0,0.0,0.0,7390.4,0.0,0.0,0.0,0.0,0.0,0.0,0.0,0.0,,,,,,,7390.4,1,1847.6000000000004,0.0,9.0,77.0,0.0
163.0,2025-04-01,1779646,Bhubaneswar,NIRANJAN DAS,KHATAU LILADHAR THACKER,THEJAHL0P00000540,ZX470H,,1023279.0,2025-04-12 00:00:00,2025-04-21 00:00:00,1534984,EMERGENCY,259307,RING SLIDE,2.0,5090,10180.0,0.0,10180.0,0.18,1832.3999999999999,12012.4,,2,1013274512,2025-07-07 00:00:00,0.0,0.0,0.0,8144.0,0.0,0.0,0.0,0.0,0.0,0.0,0.0,0.0,,,,,,,8144.0,1,2036.0,0.0,9.0,77.0,0.0
164.0,2025-04-01,1779646,Bhubaneswar,NIRANJAN DAS,KHATAU LILADHAR THACKER,THEJAHL0P00000540,ZX470H,,1023279.0,2025-04-12 00:00:00,2025-04-21 00:00:00,1534984,EMERGENCY,4686432,SEAL KIT,2.0,43108,86216.0,0.0,86216.0,0.18,15518.88,101734.88,,2,1013274512,2025-07-07 00:00:00,0.0,0.0,0.0,68972.8,0.0,0.0,0.0,0.0,0.0,0.0,0.0,0.0,,,,,,,68972.8,1,17243.199999999997,0.0,9.0,77.0,0.0
165.0,2025-04-01,1779646,Bhubaneswar,NIRANJAN DAS,KHATAU LILADHAR THACKER,THEJAHL0P00000540,ZX470H,,1023279.0,2025-04-12 00:00:00,2025-04-21 00:00:00,1534984,EMERGENCY,972106,RING,4.0,4619,18476.0,0.0,18476.0,0.18,3325.68,21801.68,,,,,0.0,0.0,0.0,0.0,0.0,0.0,0.0,0.0,0.0,0.0,0.0,0.0,,,,,,,0.0,0,18476.0,0.0,9.0,,18476.0
166.0,2025-04-01,1779646,Bhubaneswar,NIRANJAN DAS,KHATAU LILADHAR THACKER,THEJAHL0P00000540,ZX470H,,1023279.0,2025-04-12 00:00:00,2025-04-21 00:00:00,1534984,EMERGENCY,259307,RING SLIDE,4.0,5090,20360.0,0.0,20360.0,0.18,3664.7999999999997,24024.8,,,,,0.0,0.0,0.0,0.0,0.0,0.0,0.0,0.0,0.0,0.0,0.0,0.0,,,,,,,0.0,0,20360.0,0.0,9.0,,20360.0
167.0,2025-04-01,1779646,Bhubaneswar,NIRANJAN DAS,KHATAU LILADHAR THACKER,THEJAHL0P00000540,ZX470H,,1023279.0,2025-04-12 00:00:00,2025-04-21 00:00:00,1535011,MAINTENANCE,4078360,PRIMARY FUEL FILTER,1.0,1306,1306.0,0.0,1306.0,0.18,235.07999999999998,1541.08,,1,1013270533,2025-04-14 00:00:00,1149.28,0.0,0.0,0.0,0.0,0.0,0.0,0.0,0.0,0.0,0.0,0.0,,,,,,,1149.28,1,156.72000000000003,0.0,9.0,,0.0
168.0,2025-04-01,1779646,Bhubaneswar,NIRANJAN DAS,KHATAU LILADHAR THACKER,THEJAHL0P00000540,ZX470H,,1023279.0,2025-04-12 00:00:00,2025-04-21 00:00:00,1535011,MAINTENANCE,4616864,FUEL FILTER,1.0,2261,2261.0,0.0,2261.0,0.18,406.97999999999996,2667.98,,1,1013270533,2025-04-14 00:00:00,1989.68,0.0,0.0,0.0,0.0,0.0,0.0,0.0,0.0,0.0,0.0,0.0,,,,,,,1989.68,1,271.31999999999994,0.0,9.0,,0.0
169.0,2025-04-01,1779646,Bhubaneswar,NIRANJAN DAS,KHATAU LILADHAR THACKER,THEJAHL0P00000540,ZX470H,,1023279.0,2025-04-12 00:00:00,2025-04-21 00:00:00,1535011,MAINTENANCE,YA00058283,ENGINE OIL FILTER,2.0,2615,5230.0,0.0,5230.0,0.18,941.4,6171.4,,1,1013270314,2025-04-09 00:00:00,2301.2,0.0,0.0,0.0,0.0,0.0,0.0,0.0,0.0,0.0,0.0,0.0,,,,,,,2301.2,1,2928.8,0.0,9.0,,0.0
170.0,2025-04-01,1779646,Bhubaneswar,NIRANJAN DAS,KHATAU LILADHAR THACKER,THEJAHL0P00000540,ZX470H,,1023279.0,2025-04-12 00:00:00,2025-04-21 00:00:00,1535011,MAINTENANCE,TL07020,ENGINE OIL,3.0,5701,17103.0,0.0,17103.0,0.18,3078.54,20181.54,,2,1013271712,2025-05-10 00:00:00,0.0,9121.6,0.0,0.0,0.0,0.0,0.0,0.0,0.0,0.0,0.0,0.0,,,,,,,9121.6,1,7981.4,0.0,9.0,19.0,0.0
171.0,2025-04-01,1779646,Bhubaneswar,NIRANJAN DAS,KHATAU LILADHAR THACKER,THEJAHL0P00000540,ZX470H,,1023279.0,2025-04-12 00:00:00,2025-04-21 00:00:00,1535018,PLANNING,113671-4730,FANBELT,1.0,13671,13671.0,0.0,13671.0,0.18,2460.7799999999997,16131.779999999999,,,,,0.0,0.0,0.0,0.0,0.0,0.0,0.0,0.0,0.0,0.0,0.0,0.0,,,,,,INVOICED,0.0,0,13671.0,0.0,9.0,,13671.0
172.0,2025-04-01,1779647,Bhubaneswar,BIKASH MISTRY,SHRI JAGANNATH STEEL & POWER LTD,THEJAHL0J00000489,ZX470H,,110703.0,2025-04-07 00:00:00,2025-04-24 00:00:00,1539339,EMERGENCY,4653042,SEAL KIT BUCKET,1.0,36557,36557.0,0.0,36557.0,0.18,6580.259999999999,43137.26,,,,,0.0,0.0,0.0,0.0,0.0,0.0,0.0,0.0,0.0,0.0,0.0,0.0,,,,,,,0.0,0,36557.0,0.0,17.0,,36557.0
173.0,2025-04-01,1779647,Bhubaneswar,BIKASH MISTRY,SHRI JAGANNATH STEEL & POWER LTD,THEJAHL0J00000489,ZX470H,,110703.0,2025-04-07 00:00:00,2025-04-24 00:00:00,1539339,EMERGENCY,972106,RING SLIDE,2.0,4619,9238.0,0.0,9238.0,0.18,1662.84,10900.84,,2,1013282430,2026-01-10 00:00:00,0.0,0.0,0.0,0.0,0.0,0.0,0.0,0.0,0.0,7907.2,0.0,0.0,,,,,,,7907.2,1,1330.8000000000002,0.0,17.0,261.0,0.0
174.0,2025-04-01,1779647,Bhubaneswar,BIKASH MISTRY,SHRI JAGANNATH STEEL & POWER LTD,THEJAHL0J00000489,ZX470H,,110703.0,2025-04-07 00:00:00,2025-04-24 00:00:00,1539339,EMERGENCY,259307,RING SLIDE,2.0,5090,10180.0,0.0,10180.0,0.18,1832.3999999999999,12012.4,,,,,0.0,0.0,0.0,0.0,0.0,0.0,0.0,0.0,0.0,0.0,0.0,0.0,,,,,,,0.0,0,10180.0,0.0,17.0,,10180.0
175.0,2025-04-01,1779647,Bhubaneswar,BIKASH MISTRY,SHRI JAGANNATH STEEL & POWER LTD,THEJAHL0J00000489,ZX470H,,110703.0,2025-04-07 00:00:00,2025-04-24 00:00:00,1539339,EMERGENCY,TD08548,BUSHING,2.0,8006,16012.0,0.0,16012.0,0.18,2882.16,18894.16,,2,1013272611,2025-05-27 00:00:00,0.0,12809.6,0.0,0.0,0.0,0.0,0.0,0.0,0.0,0.0,0.0,0.0,,,,,,,12809.6,1,3202.3999999999996,0.0,17.0,33.0,0.0
176.0,2025-04-01,1779647,Bhubaneswar,BIKASH MISTRY,SHRI JAGANNATH STEEL & POWER LTD,THEJAHL0J00000489,ZX470H,,110703.0,2025-04-07 00:00:00,2025-04-24 00:00:00,1539339,EMERGENCY,TD08552,PIN,1.0,16249,16249.0,0.0,16249.0,0.18,2924.8199999999997,19173.82,,1,1013272611,2025-05-27 00:00:00,0.0,12999.2,0.0,0.0,0.0,0.0,0.0,0.0,0.0,0.0,0.0,0.0,,,,,,,12999.2,1,3249.7999999999993,0.0,17.0,33.0,0.0
177.0,2025-04-01,1779647,Bhubaneswar,BIKASH MISTRY,SHRI JAGANNATH STEEL & POWER LTD,THEJAHL0J00000489,ZX470H,,110703.0,2025-04-07 00:00:00,2025-04-24 00:00:00,1539339,EMERGENCY,4251212,SEAL DUST,2.0,3320,6640.0,0.0,6640.0,0.18,1195.2,7835.2,,2,1013272606,2025-05-27 00:00:00,0.0,5312.0,0.0,0.0,0.0,0.0,0.0,0.0,0.0,0.0,0.0,0.0,,,,,,,5312.0,1,1328.0,0.0,17.0,33.0,0.0
178.0,2025-04-01,1779647,Bhubaneswar,BIKASH MISTRY,SHRI JAGANNATH STEEL & POWER LTD,THEJAHL0J00000489,ZX470H,,110703.0,2025-04-07 00:00:00,2025-04-24 00:00:00,1539339,EMERGENCY,4089028,O RING,2.0,964,1928.0,0.0,1928.0,0.18,347.03999999999996,2275.04,,2,1310273818,2025-06-19 00:00:00,0.0,0.0,1542.4,0.0,0.0,0.0,0.0,0.0,0.0,0.0,0.0,0.0,,,,,,,1542.4,1,385.5999999999999,0.0,17.0,56.0,0.0
179.0,2025-04-01,1779647,Bhubaneswar,BIKASH MISTRY,SHRI JAGANNATH STEEL & POWER LTD,THEJAHL0J00000489,ZX470H,,110703.0,2025-04-07 00:00:00,2025-04-24 00:00:00,1539339,EMERGENCY,3093215,PIN,1.0,17461,17461.0,0.0,17461.0,0.18,3142.98,20603.98,,,,,0.0,0.0,0.0,0.0,0.0,0.0,0.0,0.0,0.0,0.0,0.0,0.0,,,,,,,0.0,0,17461.0,0.0,17.0,,17461.0
180.0,2025-04-01,1779647,Bhubaneswar,BIKASH MISTRY,SHRI JAGANNATH STEEL & POWER LTD,THEJAHL0J00000489,ZX470H,,110703.0,2025-04-07 00:00:00,2025-04-24 00:00:00,1539339,EMERGENCY,3060476,BUSHING,4.0,7028,28112.0,0.0,28112.0,0.18,5060.16,33172.16,,,,,0.0,0.0,0.0,0.0,0.0,0.0,0.0,0.0,0.0,0.0,0.0,0.0,,,,,,,0.0,0,28112.0,0.0,17.0,,28112.0
181.0,2025-04-01,1779647,Bhubaneswar,BIKASH MISTRY,SHRI JAGANNATH STEEL & POWER LTD,THEJAHL0J00000489,ZX470H,,110703.0,2025-04-07 00:00:00,2025-04-24 00:00:00,1539339,EMERGENCY,420112,BUSH,2.0,27399,54798.0,0.0,54798.0,0.18,9863.64,64661.64,,,,,0.0,0.0,0.0,0.0,0.0,0.0,0.0,0.0,0.0,0.0,0.0,0.0,,,,,,,0.0,0,54798.0,0.0,17.0,,54798.0
182.0,2025-04-01,1779647,Bhubaneswar,BIKASH MISTRY,SHRI JAGANNATH STEEL & POWER LTD,THEJAHL0J00000489,ZX470H,,110703.0,2025-04-07 00:00:00,2025-04-24 00:00:00,1539339,EMERGENCY,8039138,ASSY PIN,2.0,25862,51724.0,0.0,51724.0,0.18,9310.32,61034.32,,2,1013276914,2025-09-08 00:00:00,0.0,0.0,0.0,0.0,0.0,43033.6,0.0,0.0,0.0,0.0,0.0,0.0,,,,,,,43033.6,1,8690.400000000001,0.0,17.0,137.0,0.0
183.0,2025-04-01,1779647,Bhubaneswar,BIKASH MISTRY,SHRI JAGANNATH STEEL & POWER LTD,THEJAHL0J00000489,ZX470H,,110703.0,2025-04-07 00:00:00,2025-04-24 00:00:00,1539339,EMERGENCY,4207890,SPACER,2.0,10079,20158.0,0.0,20158.0,0.18,3628.44,23786.44,,,,,0.0,0.0,0.0,0.0,0.0,0.0,0.0,0.0,0.0,0.0,0.0,0.0,,,,,,,0.0,0,20158.0,0.0,17.0,,20158.0
184.0,2025-04-01,1779647,Bhubaneswar,BIKASH MISTRY,SHRI JAGANNATH STEEL & POWER LTD,THEJAHL0J00000489,ZX470H,,110703.0,2025-04-07 00:00:00,2025-04-24 00:00:00,1539339,EMERGENCY,4143607,SHIM,4.0,430,1720.0,0.0,1720.0,0.18,309.59999999999997,2029.6,,4,1013277114,2025-09-13 00:00:00,0.0,0.0,0.0,0.0,0.0,1424.0,0.0,0.0,0.0,0.0,0.0,0.0,,,,,,,1424.0,1,296.0,0.0,17.0,142.0,0.0
185.0,2025-04-01,1779647,Bhubaneswar,BIKASH MISTRY,SHRI JAGANNATH STEEL & POWER LTD,THEJAHL0J00000489,ZX470H,,110703.0,2025-04-07 00:00:00,2025-04-24 00:00:00,1539488,MAINTENANCE,YA00058283,ENGINE OIL FILTER,6.0,2615,15690.0,0.0,15690.0,0.18,2824.2,18514.2,,6,1013270841,2025-04-21 00:00:00,12552.0,0.0,0.0,0.0,0.0,0.0,0.0,0.0,0.0,0.0,0.0,0.0,,,,,,,12552.0,1,3138.0,0.0,17.0,,0.0
186.0,2025-04-01,1779647,Bhubaneswar,BIKASH MISTRY,SHRI JAGANNATH STEEL & POWER LTD,THEJAHL0J00000489,ZX470H,,110703.0,2025-04-07 00:00:00,2025-04-24 00:00:00,1539488,MAINTENANCE,1105353,AIR FILTER INNER,3.0,6598,19794.0,0.0,19794.0,0.18,3562.92,23356.92,,1,1013273819,2025-06-19 00:00:00,0.0,0.0,5278.4,0.0,0.0,0.0,0.0,0.0,0.0,0.0,0.0,0.0,,,,,,,5278.4,1,14515.6,0.0,17.0,56.0,0.0
187.0,2025-04-01,1779647,Bhubaneswar,BIKASH MISTRY,SHRI JAGANNATH STEEL & POWER LTD,THEJAHL0J00000489,ZX470H,,110703.0,2025-04-07 00:00:00,2025-04-24 00:00:00,1539488,MAINTENANCE,1209163,AIR FILTER OUTER,3.0,11373,34119.0,0.0,34119.0,0.18,6141.42,40260.42,,3,"1013277446, 1013282792","23-09-2025, 16-01-26",0.0,0.0,0.0,0.0,0.0,18924.8,0.0,0.0,0.0,8871.0,0.0,0.0,,,,,,,27795.8,1,6323.200000000001,0.0,17.0,,0.0
188.0,2025-04-01,1779647,Bhubaneswar,BIKASH MISTRY,SHRI JAGANNATH STEEL & POWER LTD,THEJAHL0J00000489,ZX470H,,110703.0,2025-04-07 00:00:00,2025-04-24 00:00:00,1539488,MAINTENANCE,4654745,HYDRAULIC TANK FILTER,1.0,11347,11347.0,0.0,11347.0,0.18,2042.46,13389.46,,1,1013270841,2025-04-21 00:00:00,9077.6,0.0,0.0,0.0,0.0,0.0,0.0,0.0,0.0,0.0,0.0,0.0,,,,,,,9077.6,1,2269.3999999999996,0.0,17.0,,0.0
189.0,2025-04-01,1779647,Bhubaneswar,BIKASH MISTRY,SHRI JAGANNATH STEEL & POWER LTD,THEJAHL0J00000489,ZX470H,,110703.0,2025-04-07 00:00:00,2025-04-24 00:00:00,1539488,MAINTENANCE,4317008,HYD SUCTION FILTER,1.0,16563,16563.0,0.0,16563.0,0.18,2981.3399999999997,19544.34,,1,1013270841,2025-04-21 00:00:00,13250.4,0.0,0.0,0.0,0.0,0.0,0.0,0.0,0.0,0.0,0.0,0.0,,,,,,,13250.4,1,3312.6000000000004,0.0,17.0,,0.0
190.0,2025-04-01,1779647,Bhubaneswar,BIKASH MISTRY,SHRI JAGANNATH STEEL & POWER LTD,THEJAHL0J00000489,ZX470H,,110703.0,2025-04-07 00:00:00,2025-04-24 00:00:00,1539488,MAINTENANCE,4630525,PILOT FILTER,1.0,2943,2943.0,0.0,2943.0,0.18,529.74,3472.74,,1,1013270841,2025-04-21 00:00:00,2354.4,0.0,0.0,0.0,0.0,0.0,0.0,0.0,0.0,0.0,0.0,0.0,,,,,,,2354.4,1,588.5999999999999,0.0,17.0,,0.0
191.0,2025-04-01,1779647,Bhubaneswar,BIKASH MISTRY,SHRI JAGANNATH STEEL & POWER LTD,THEJAHL0J00000489,ZX470H,,110703.0,2025-04-07 00:00:00,2025-04-24 00:00:00,1539488,MAINTENANCE,YA00032683,AC FILTER,1.0,3752,3752.0,0.0,3752.0,0.18,675.36,4427.36,,1,1013272760,2025-05-29 00:00:00,0.0,3001.6,0.0,0.0,0.0,0.0,0.0,0.0,0.0,0.0,0.0,0.0,,,,,,,3001.6,1,750.4000000000001,0.0,17.0,35.0,0.0
192.0,2025-04-01,1779647,Bhubaneswar,BIKASH MISTRY,SHRI JAGANNATH STEEL & POWER LTD,THEJAHL0J00000489,ZX470H,,110703.0,2025-04-07 00:00:00,2025-04-24 00:00:00,1539488,MAINTENANCE,YA00001490,AC FILTER,1.0,4607,4607.0,0.0,4607.0,0.18,829.26,5436.26,,1,1013270841,2025-04-21 00:00:00,4168.8,0.0,0.0,0.0,0.0,0.0,0.0,0.0,0.0,0.0,0.0,0.0,,,,,,,4168.8,1,438.1999999999998,0.0,17.0,,0.0
193.0,2025-04-01,1779647,Bhubaneswar,BIKASH MISTRY,SHRI JAGANNATH STEEL & POWER LTD,THEJAHL0J00000489,ZX470H,,110703.0,2025-04-07 00:00:00,2025-04-24 00:00:00,1539488,MAINTENANCE,4363399,PUMP DRAIN FILTER,1.0,4182,4182.0,0.0,4182.0,0.18,752.76,4934.76,,1,1013270841,2025-04-21 00:00:00,3345.6,0.0,0.0,0.0,0.0,0.0,0.0,0.0,0.0,0.0,0.0,0.0,,,,,,,3345.6,1,836.4000000000001,0.0,17.0,,0.0
194.0,2025-04-01,1779647,Bhubaneswar,BIKASH MISTRY,SHRI JAGANNATH STEEL & POWER LTD,THEJAHL0J00000489,ZX470H,,110703.0,2025-04-07 00:00:00,2025-04-24 00:00:00,1539488,MAINTENANCE,4078360,PRIMARY FUEL FILTER,6.0,1306,7836.0,0.0,7836.0,0.18,1410.48,9246.48,,6,1013270841,2025-04-21 00:00:00,6268.8,0.0,0.0,0.0,0.0,0.0,0.0,0.0,0.0,0.0,0.0,0.0,,,,,,,6268.8,1,1567.1999999999998,0.0,17.0,,0.0
195.0,2025-04-01,1779647,Bhubaneswar,BIKASH MISTRY,SHRI JAGANNATH STEEL & POWER LTD,THEJAHL0J00000489,ZX470H,,110703.0,2025-04-07 00:00:00,2025-04-24 00:00:00,1539488,MAINTENANCE,4616864,FUEL FILTER,6.0,2261,13566.0,0.0,13566.0,0.18,2441.88,16007.880000000001,,6,1013270841,2025-04-21 00:00:00,10852.8,0.0,0.0,0.0,0.0,0.0,0.0,0.0,0.0,0.0,0.0,0.0,,,,,,,10852.8,1,2713.2000000000007,0.0,17.0,,0.0
196.0,2025-04-01,1779647,Bhubaneswar,BIKASH MISTRY,SHRI JAGANNATH STEEL & POWER LTD,THEJAHL0J00000489,ZX470H,,110703.0,2025-04-07 00:00:00,2025-04-24 00:00:00,1539488,MAINTENANCE,4437838,AIR BREATHER FILTER,1.0,1695,1695.0,0.0,1695.0,0.18,305.09999999999997,2000.1,,,,,0.0,0.0,0.0,0.0,0.0,0.0,0.0,0.0,0.0,0.0,0.0,0.0,,,,,,,0.0,0,1695.0,0.0,17.0,,1695.0
197.0,2025-04-01,1779647,Bhubaneswar,BIKASH MISTRY,SHRI JAGANNATH STEEL & POWER LTD,THEJAHL0J00000489,ZX470H,,110703.0,2025-04-07 00:00:00,2025-04-24 00:00:00,1539543,PLANNING,113671-4730,FANBELT,1.0,8206,8206.0,0.0,8206.0,0.18,1477.08,9683.08,,,,,0.0,0.0,0.0,0.0,0.0,0.0,0.0,0.0,0.0,0.0,0.0,0.0,,,,,,,0.0,0,8206.0,0.0,17.0,,8206.0
198.0,2025-05-01,1825904,Bhubaneswar,NIRANJAN DAS,THRIVENI EARTHMOVERS PVT LTD,THEJAHL0V00000379,ZX470H,,27868.0,2025-05-29 00:00:00,2025-05-30 00:00:00,1583871,EMERGENCY,113671-4730,FAN BELT,1.0,8206,8206.0,0.2,6564.8,0.18,1181.664,7746.464,,,,,0.0,0.0,0.0,0.0,0.0,0.0,0.0,0.0,0.0,0.0,0.0,0.0,,,,,,,0.0,0,8206.0,1641.1999999999998,1.0,,8206.0
199.0,2025-05-01,1825904,Bhubaneswar,NIRANJAN DAS,THRIVENI EARTHMOVERS PVT LTD,THEJAHL0V00000379,ZX470H,,27868.0,2025-05-29 00:00:00,2025-05-30 00:00:00,1583876,MAINTENANCE,4654745,HYDRAULIC TANK FILTER,1.0,11347,11347.0,0.2,9077.6,0.18,1633.968,10711.568000000001,,1,1013271955,2025-05-14 00:00:00,0.0,9077.6,0.0,0.0,0.0,0.0,0.0,0.0,0.0,0.0,0.0,0.0,,,,,,,9077.6,1,2269.3999999999996,2269.3999999999996,1.0,,0.0
200.0,2025-05-01,1825904,Bhubaneswar,NIRANJAN DAS,THRIVENI EARTHMOVERS PVT LTD,THEJAHL0V00000379,ZX470H,,27868.0,2025-05-29 00:00:00,2025-05-30 00:00:00,1583876,MAINTENANCE,4630525,PILOT FILTER,1.0,2943,2943.0,0.2,2354.4,0.18,423.792,2778.192,,1,1013271955,2025-05-14 00:00:00,0.0,2354.4,0.0,0.0,0.0,0.0,0.0,0.0,0.0,0.0,0.0,0.0,,,,,,,2354.4,1,588.5999999999999,588.5999999999999,1.0,,0.0
201.0,2025-05-01,1825904,Bhubaneswar,NIRANJAN DAS,THRIVENI EARTHMOVERS PVT LTD,THEJAHL0V00000379,ZX470H,,27868.0,2025-05-29 00:00:00,2025-05-30 00:00:00,1583876,MAINTENANCE,4363399,PUMP DRAIN FILTER,1.0,4182,4182.0,0.2,3345.6,0.18,602.208,3947.808,,1,1013271899,2025-05-14 00:00:00,0.0,3345.6,0.0,0.0,0.0,0.0,0.0,0.0,0.0,0.0,0.0,0.0,,,,,,,3345.6,1,836.4000000000001,836.4000000000001,1.0,,0.0
202.0,2025-05-01,1825904,Bhubaneswar,NIRANJAN DAS,THRIVENI EARTHMOVERS PVT LTD,THEJAHL0V00000379,ZX470H,,27868.0,2025-05-29 00:00:00,2025-05-30 00:00:00,1583876,MAINTENANCE,4437838,AIR BREATHER FILTER,1.0,1695,1695.0,0.2,1356.0,0.18,244.07999999999998,1600.08,,,,,0.0,0.0,0.0,0.0,0.0,0.0,0.0,0.0,0.0,0.0,0.0,0.0,,,,,,,0.0,0,1695.0,339.0,1.0,,1695.0
203.0,2025-05-01,1825904,Bhubaneswar,NIRANJAN DAS,THRIVENI EARTHMOVERS PVT LTD,THEJAHL0V00000379,ZX470H,,27868.0,2025-05-29 00:00:00,2025-05-30 00:00:00,1583876,MAINTENANCE,YA00058283,ENGINE OIL FILTER,2.0,2615,5230.0,0.2,4184.0,0.18,753.12,4937.12,,2,1013271535,2025-05-06 00:00:00,0.0,4184.0,0.0,0.0,0.0,0.0,0.0,0.0,0.0,0.0,0.0,0.0,,,,,,,4184.0,1,1046.0,1046.0,1.0,,0.0
204.0,2025-05-01,1825904,Bhubaneswar,NIRANJAN DAS,THRIVENI EARTHMOVERS PVT LTD,THEJAHL0V00000379,ZX470H,,27868.0,2025-05-29 00:00:00,2025-05-30 00:00:00,1583876,MAINTENANCE,4078360,PRIMARY FUEL FILTER,2.0,1306,2612.0,0.2,2089.6,0.18,376.128,2465.728,,2,1013271535,2025-05-06 00:00:00,0.0,2089.6,0.0,0.0,0.0,0.0,0.0,0.0,0.0,0.0,0.0,0.0,,,,,,,2089.6,1,522.4000000000001,522.4000000000001,1.0,,0.0
205.0,2025-05-01,1825904,Bhubaneswar,NIRANJAN DAS,THRIVENI EARTHMOVERS PVT LTD,THEJAHL0V00000379,ZX470H,,27868.0,2025-05-29 00:00:00,2025-05-30 00:00:00,1583876,MAINTENANCE,4616864,FUEL FILTER,2.0,2261,4522.0,0.2,3617.6,0.18,651.168,4268.768,,2,1013271590,2025-05-07 00:00:00,0.0,3617.6,0.0,0.0,0.0,0.0,0.0,0.0,0.0,0.0,0.0,0.0,,,,,,,3617.6,1,904.4000000000001,904.4000000000001,1.0,,0.0
206.0,2025-05-01,1825904,Bhubaneswar,NIRANJAN DAS,THRIVENI EARTHMOVERS PVT LTD,THEJAHL0V00000379,ZX470H,,27868.0,2025-05-29 00:00:00,2025-05-30 00:00:00,1583876,MAINTENANCE,1209163,AIR FILTER OUTER,1.0,11373,11373.0,0.2,9098.4,0.18,1637.7119999999998,10736.112,,1,1013171955,2025-05-14 00:00:00,0.0,9098.4,0.0,0.0,0.0,0.0,0.0,0.0,0.0,0.0,0.0,0.0,,,,,,,9098.4,1,2274.6000000000004,2274.6000000000004,1.0,,0.0
207.0,2025-05-01,1825904,Bhubaneswar,NIRANJAN DAS,THRIVENI EARTHMOVERS PVT LTD,THEJAHL0V00000379,ZX470H,,27868.0,2025-05-29 00:00:00,2025-05-30 00:00:00,1583876,MAINTENANCE,1105353,AIR FILTER INNER,1.0,6598,6598.0,0.2,5278.4,0.18,950.1119999999999,6228.512,,1,1013274108,2025-06-26 00:00:00,0.0,0.0,5278.4,0.0,0.0,0.0,0.0,0.0,0.0,0.0,0.0,0.0,,,,,,,5278.4,1,1319.6000000000004,1319.6000000000004,1.0,27.0,0.0
208.0,2025-05-01,1825904,Bhubaneswar,NIRANJAN DAS,THRIVENI EARTHMOVERS PVT LTD,THEJAHL0V00000379,ZX470H,,27868.0,2025-05-29 00:00:00,2025-05-30 00:00:00,1583876,MAINTENANCE,1105353,AIR FILTER INNER,2.0,6598,13196.0,0.2,10556.8,0.18,1900.2239999999997,12457.024,,2,1013271955,2025-05-14 00:00:00,0.0,10556.8,0.0,0.0,0.0,0.0,0.0,0.0,0.0,0.0,0.0,0.0,,,,,,,10556.8,1,2639.2000000000007,2639.2000000000007,1.0,,0.0
209.0,2025-05-01,1825904,Bhubaneswar,NIRANJAN DAS,THRIVENI EARTHMOVERS PVT LTD,THEJAHL0V00000379,ZX470H,,27868.0,2025-05-29 00:00:00,2025-05-30 00:00:00,1583878,PLANNING,4612763,AC BELT,1.0,8206,8206.0,0.2,6564.8,0.18,1181.664,7746.464,,,,,0.0,0.0,0.0,0.0,0.0,0.0,0.0,0.0,0.0,0.0,0.0,0.0,,,,,,,0.0,0,8206.0,1641.1999999999998,1.0,,8206.0
210.0,2025-05-01,1825942,Bhubaneswar,NIRANJAN DAS,THRIVENI EARTHMOVERS PVT LTD,0ACG-000262,ZX650H,,27868.0,2025-05-28 00:00:00,2025-05-30 00:00:00,1583880,EMERGENCY,4120315,HOSE; RUBBER,2.0,24372,48744.0,0.2,38995.2,0.18,7019.1359999999995,46014.335999999996,,2,1013274535,2025-07-07 00:00:00,0.0,0.0,0.0,38995.2,0.0,0.0,0.0,0.0,0.0,0.0,0.0,0.0,,,,,,,38995.2,1,9748.800000000003,9748.800000000003,2.0,38.0,0.0
211.0,2025-05-01,1825942,Bhubaneswar,NIRANJAN DAS,THRIVENI EARTHMOVERS PVT LTD,0ACG-000262,ZX650H,,27868.0,2025-05-28 00:00:00,2025-05-30 00:00:00,1583880,EMERGENCY,4612763,AC BELT,1.0,8206,8206.0,0.2,6564.8,0.18,1181.664,7746.464,,,,,0.0,0.0,0.0,0.0,0.0,0.0,0.0,0.0,0.0,0.0,0.0,0.0,,,,,,,0.0,0,8206.0,1641.1999999999998,2.0,,8206.0
212.0,2025-05-01,1825942,Bhubaneswar,NIRANJAN DAS,THRIVENI EARTHMOVERS PVT LTD,0ACG-000262,ZX650H,,27868.0,2025-05-28 00:00:00,2025-05-30 00:00:00,1583936,MAINTENANCE,4654745,HYDRAULIC TANK FILTER,1.0,11347,11347.0,0.2,9077.6,0.18,1633.968,10711.568000000001,,1,1013271955,2025-05-14 00:00:00,0.0,9077.6,0.0,0.0,0.0,0.0,0.0,0.0,0.0,0.0,0.0,0.0,,,,,,,9077.6,1,2269.3999999999996,2269.3999999999996,2.0,,0.0
213.0,2025-05-01,1825942,Bhubaneswar,NIRANJAN DAS,THRIVENI EARTHMOVERS PVT LTD,0ACG-000262,ZX650H,,27868.0,2025-05-28 00:00:00,2025-05-30 00:00:00,1583936,MAINTENANCE,4630525,PILOT FILTER,2.0,2943,5886.0,0.2,4708.8,0.18,847.584,5556.384,,2,1013271955,2025-05-14 00:00:00,0.0,4708.8,0.0,0.0,0.0,0.0,0.0,0.0,0.0,0.0,0.0,0.0,,,,,,,4708.8,1,1177.1999999999998,1177.1999999999998,2.0,,0.0
214.0,2025-05-01,1825942,Bhubaneswar,NIRANJAN DAS,THRIVENI EARTHMOVERS PVT LTD,0ACG-000262,ZX650H,,27868.0,2025-05-28 00:00:00,2025-05-30 00:00:00,1583936,MAINTENANCE,4363399,PUMP DRAIN FILTER,2.0,4182,8364.0,0.2,6691.2,0.18,1204.416,7895.616,,2,1013271899,2025-05-14 00:00:00,0.0,6691.2,0.0,0.0,0.0,0.0,0.0,0.0,0.0,0.0,0.0,0.0,,,,,,,6691.2,1,1672.8000000000002,1672.8000000000002,2.0,,0.0
215.0,2025-05-01,1825942,Bhubaneswar,NIRANJAN DAS,THRIVENI EARTHMOVERS PVT LTD,0ACG-000262,ZX650H,,27868.0,2025-05-28 00:00:00,2025-05-30 00:00:00,1583936,MAINTENANCE,4437838,AIR BREATHER FILTER,2.0,1695,3390.0,0.2,2712.0,0.18,488.15999999999997,3200.16,,2,1013271955,2025-05-14 00:00:00,0.0,2712.0,0.0,0.0,0.0,0.0,0.0,0.0,0.0,0.0,0.0,0.0,,,,,,,2712.0,1,678.0,678.0,2.0,,0.0
216.0,2025-05-01,1825942,Bhubaneswar,NIRANJAN DAS,THRIVENI EARTHMOVERS PVT LTD,0ACG-000262,ZX650H,,27868.0,2025-05-28 00:00:00,2025-05-30 00:00:00,1583936,MAINTENANCE,YA00058283,ENGINE OIL FILTER,4.0,2615,10460.0,0.2,8368.0,0.18,1506.24,9874.24,,4,1013271535,2025-05-06 00:00:00,0.0,8368.0,0.0,0.0,0.0,0.0,0.0,0.0,0.0,0.0,0.0,0.0,,,,,,,8368.0,1,2092.0,2092.0,2.0,,0.0
217.0,2025-05-01,1825942,Bhubaneswar,NIRANJAN DAS,THRIVENI EARTHMOVERS PVT LTD,0ACG-000262,ZX650H,,27868.0,2025-05-28 00:00:00,2025-05-30 00:00:00,1583936,MAINTENANCE,4078360,PRIMARY FUEL FILTER,8.0,1306,10448.0,0.2,8358.4,0.18,1504.512,9862.912,,8,1013271535,2025-05-06 00:00:00,0.0,8358.4,0.0,0.0,0.0,0.0,0.0,0.0,0.0,0.0,0.0,0.0,,,,,,,8358.4,1,2089.6000000000004,2089.6000000000004,2.0,,0.0
218.0,2025-05-01,1825942,Bhubaneswar,NIRANJAN DAS,THRIVENI EARTHMOVERS PVT LTD,0ACG-000262,ZX650H,,27868.0,2025-05-28 00:00:00,2025-05-30 00:00:00,1583936,MAINTENANCE,4616864,FUEL FILTER,8.0,2261,18088.0,0.2,14470.4,0.18,2604.672,17075.072,,8,1013271590,2025-05-07 00:00:00,0.0,14470.4,0.0,0.0,0.0,0.0,0.0,0.0,0.0,0.0,0.0,0.0,,,,,,,14470.4,1,3617.6000000000004,3617.6000000000004,2.0,,0.0
219.0,2025-05-01,1825942,Bhubaneswar,NIRANJAN DAS,THRIVENI EARTHMOVERS PVT LTD,0ACG-000262,ZX650H,,27868.0,2025-05-28 00:00:00,2025-05-30 00:00:00,1583936,MAINTENANCE,1209163,AIR FILTER OUTER,2.0,11373,22746.0,0.2,18196.8,0.18,3275.4239999999995,21472.224,,2,1013171955,2025-05-14 00:00:00,0.0,18196.8,0.0,0.0,0.0,0.0,0.0,0.0,0.0,0.0,0.0,0.0,,,,,,,18196.8,1,4549.200000000001,4549.200000000001,2.0,,0.0
220.0,2025-05-01,1825942,Bhubaneswar,NIRANJAN DAS,THRIVENI EARTHMOVERS PVT LTD,0ACG-000262,ZX650H,,27868.0,2025-05-28 00:00:00,2025-05-30 00:00:00,1583936,MAINTENANCE,1105353,AIR FILTER INNER,2.0,6598,13196.0,0.2,10556.8,0.18,1900.2239999999997,12457.024,,2,1013271955,2025-05-14 00:00:00,0.0,10556.8,0.0,0.0,0.0,0.0,0.0,0.0,0.0,0.0,0.0,0.0,,,,,,,10556.8,1,2639.2000000000007,2639.2000000000007,2.0,,0.0
221.0,2025-05-01,1825942,Bhubaneswar,NIRANJAN DAS,THRIVENI EARTHMOVERS PVT LTD,0ACG-000262,ZX650H,,27868.0,2025-05-28 00:00:00,2025-05-30 00:00:00,1583936,MAINTENANCE,1105353,AIR FILTER INNER,2.0,6598,13196.0,0.2,10556.8,0.18,1900.2239999999997,12457.024,,2,1013271955,2025-05-14 00:00:00,0.0,10556.8,0.0,0.0,0.0,0.0,0.0,0.0,0.0,0.0,0.0,0.0,,,,,,,10556.8,1,2639.2000000000007,2639.2000000000007,2.0,,0.0
222.0,2025-05-01,1825942,Bhubaneswar,NIRANJAN DAS,THRIVENI EARTHMOVERS PVT LTD,0ACG-000262,ZX650H,,27868.0,2025-05-28 00:00:00,2025-05-30 00:00:00,1583991,PLANNING,4612763,AC BELT,1.0,8206,8206.0,0.2,6564.8,0.18,1181.664,7746.464,,,,,0.0,0.0,0.0,0.0,0.0,0.0,0.0,0.0,0.0,0.0,0.0,0.0,,,,,,,0.0,0,8206.0,1641.1999999999998,2.0,,8206.0
223.0,2025-05-01,1825945,Bhubaneswar,NIRANJAN DAS,BAJWA INFRASTRUCTURE PVT LTD,0ACG-000068,ZX650H,,1009491.0,2025-05-24 00:00:00,2025-05-29 00:00:00,1582277,EMERGENCY,4437838,AIR BREATHER FILTER,1.0,1695,1695.0,0.2,1356.0,0.18,244.07999999999998,1600.08,,,,,0.0,0.0,0.0,0.0,0.0,0.0,0.0,0.0,0.0,0.0,0.0,0.0,,,,,,,0.0,0,1695.0,339.0,5.0,,1695.0
224.0,2025-05-01,1825945,Bhubaneswar,NIRANJAN DAS,BAJWA INFRASTRUCTURE PVT LTD,0ACG-000068,ZX650H,,1009491.0,2025-05-24 00:00:00,2025-05-29 00:00:00,1582336,MAINTENANCE,4333469,HYDRAULIC TANK FILTER,1.0,12042,12042.0,0.2,9633.6,0.18,1734.048,11367.648000000001,,,,,0.0,0.0,0.0,0.0,0.0,0.0,0.0,0.0,0.0,0.0,0.0,0.0,,,,,,,0.0,0,12042.0,2408.3999999999996,5.0,,12042.0
225.0,2025-05-01,1825945,Bhubaneswar,NIRANJAN DAS,BAJWA INFRASTRUCTURE PVT LTD,0ACG-000068,ZX650H,,1009491.0,2025-05-24 00:00:00,2025-05-29 00:00:00,1582336,MAINTENANCE,YA00058283,ENGINE OIL FILTER,2.0,2615,5230.0,0.2,4184.0,0.18,753.12,4937.12,,,,,0.0,0.0,0.0,0.0,0.0,0.0,0.0,0.0,0.0,0.0,0.0,0.0,,,,,,,0.0,0,5230.0,1046.0,5.0,,5230.0
226.0,2025-05-01,1825945,Bhubaneswar,NIRANJAN DAS,BAJWA INFRASTRUCTURE PVT LTD,0ACG-000068,ZX650H,,1009491.0,2025-05-24 00:00:00,2025-05-29 00:00:00,1582336,MAINTENANCE,4078360,PRIMARY FUEL FILTER,1.0,1306,1306.0,0.2,1044.8,0.18,188.064,1232.864,,1,1013285248,2026-02-28 00:00:00,0.0,0.0,0.0,0.0,0.0,0.0,0.0,0.0,0.0,0.0,1014.0,0.0,,,,,,,1014.0,1,292.0,261.20000000000005,5.0,275.0,0.0
227.0,2025-05-01,1825945,Bhubaneswar,NIRANJAN DAS,BAJWA INFRASTRUCTURE PVT LTD,0ACG-000068,ZX650H,,1009491.0,2025-05-24 00:00:00,2025-05-29 00:00:00,1582336,MAINTENANCE,4616864,FUEL FILTER,1.0,2261,2261.0,0.2,1808.8,0.18,325.584,2134.384,,1,1013285248,2026-02-28 00:00:00,0.0,0.0,0.0,0.0,0.0,0.0,0.0,0.0,0.0,0.0,1763.25,0.0,,,,,,,1763.25,1,497.75,452.20000000000005,5.0,275.0,0.0
228.0,2025-05-01,1825945,Bhubaneswar,NIRANJAN DAS,BAJWA INFRASTRUCTURE PVT LTD,0ACG-000068,ZX650H,,1009491.0,2025-05-24 00:00:00,2025-05-29 00:00:00,1582364,PLANNING,1209163,AIR FILTER OUTER,1.0,11373,11373.0,0.2,9098.4,0.18,1637.7119999999998,10736.112,,1,1013285248,2026-02-28 00:00:00,0.0,0.0,0.0,0.0,0.0,0.0,0.0,0.0,0.0,0.0,8871.0,0.0,,,,,,,8871.0,1,2502.0,2274.6000000000004,5.0,275.0,0.0
229.0,2025-05-01,1825906,Bhubaneswar,BIKASH MISTRY,THRIVENI EARTHMOVERS PVT LTD,THEJAHL0V00000298,ZX470H,,27868.0,2025-05-16 00:00:00,2025-05-27 00:00:00,1579246,EMERGENCY,171809,CAP O-RING,18.0,1535,27630.0,0.2,22104.0,0.18,3978.72,26082.72,,,,,0.0,0.0,0.0,0.0,0.0,0.0,0.0,0.0,0.0,0.0,0.0,0.0,,,,,,,0.0,0,27630.0,5526.0,11.0,,27630.0
230.0,2025-05-01,1825906,Bhubaneswar,BIKASH MISTRY,THRIVENI EARTHMOVERS PVT LTD,THEJAHL0V00000298,ZX470H,,27868.0,2025-05-16 00:00:00,2025-05-27 00:00:00,1579266,MAINTENANCE,4078360,PRIMARY FUEL FILTER,10.0,1306,13060.0,0.2,10448.0,0.18,1880.6399999999999,12328.64,,10,1013271955,2025-05-14 00:00:00,0.0,10448.0,0.0,0.0,0.0,0.0,0.0,0.0,0.0,0.0,0.0,0.0,,,,,,,10448.0,1,2612.0,2612.0,11.0,,0.0
231.0,2025-05-01,1825906,Bhubaneswar,BIKASH MISTRY,THRIVENI EARTHMOVERS PVT LTD,THEJAHL0V00000298,ZX470H,,27868.0,2025-05-16 00:00:00,2025-05-27 00:00:00,1579266,MAINTENANCE,4616864,FUEL FILTER,10.0,2261,22610.0,0.2,18088.0,0.18,3255.8399999999997,21343.84,,10,1013171955,2025-05-14 00:00:00,0.0,18088.0,0.0,0.0,0.0,0.0,0.0,0.0,0.0,0.0,0.0,0.0,,,,,,,18088.0,1,4522.0,4522.0,11.0,,0.0
232.0,2025-05-01,1825906,Bhubaneswar,BIKASH MISTRY,THRIVENI EARTHMOVERS PVT LTD,THEJAHL0V00000298,ZX470H,,27868.0,2025-05-16 00:00:00,2025-05-27 00:00:00,1579266,MAINTENANCE,YA00058283,ENGINE OIL FILTER,15.0,2615,39225.0,0.2,31380.0,0.18,5648.4,37028.4,,15,1013271955,2025-05-14 00:00:00,0.0,31380.0,0.0,0.0,0.0,0.0,0.0,0.0,0.0,0.0,0.0,0.0,,,,,,,31380.0,1,7845.0,7845.0,11.0,,0.0
233.0,2025-05-01,1825906,Bhubaneswar,BIKASH MISTRY,THRIVENI EARTHMOVERS PVT LTD,THEJAHL0V00000298,ZX470H,,27868.0,2025-05-16 00:00:00,2025-05-27 00:00:00,1579266,MAINTENANCE,4630525,PILOT FILTER,5.0,2943,14715.0,0.2,11772.0,0.18,2118.96,13890.96,,5,1013271955,2025-05-14 00:00:00,0.0,11772.0,0.0,0.0,0.0,0.0,0.0,0.0,0.0,0.0,0.0,0.0,,,,,,,11772.0,1,2943.0,2943.0,11.0,,0.0
234.0,2025-05-01,1825906,Bhubaneswar,BIKASH MISTRY,THRIVENI EARTHMOVERS PVT LTD,THEJAHL0V00000298,ZX470H,,27868.0,2025-05-16 00:00:00,2025-05-27 00:00:00,1579266,MAINTENANCE,4654745,HYDRAULIC TANK FILTER,2.0,11347,22694.0,0.2,18155.2,0.18,3267.936,21423.136000000002,,2,1013271955,2025-05-14 00:00:00,0.0,18155.2,0.0,0.0,0.0,0.0,0.0,0.0,0.0,0.0,0.0,0.0,,,,,,,18155.2,1,4538.799999999999,4538.799999999999,11.0,,0.0
235.0,2025-05-01,1825906,Bhubaneswar,BIKASH MISTRY,THRIVENI EARTHMOVERS PVT LTD,THEJAHL0V00000298,ZX470H,,27868.0,2025-05-16 00:00:00,2025-05-27 00:00:00,1579266,MAINTENANCE,4317008,HYD SECTION FILTER,2.0,16563,33126.0,0.2,26500.8,0.18,4770.143999999999,31270.944,,2,1013279802,2025-11-21 00:00:00,0.0,0.0,0.0,0.0,0.0,0.0,0.0,13043.25,0.0,0.0,0.0,0.0,,,,,,,13043.25,1,20082.75,6625.200000000001,11.0,178.0,0.0
236.0,2025-05-01,1825906,Bhubaneswar,BIKASH MISTRY,THRIVENI EARTHMOVERS PVT LTD,THEJAHL0V00000298,ZX470H,,27868.0,2025-05-16 00:00:00,2025-05-27 00:00:00,1579266,MAINTENANCE,4363399,PUMP DRAIN FILTER,2.0,4182,8364.0,0.2,6691.2,0.18,1204.416,7895.616,,2,1013271899,2025-05-14 00:00:00,0.0,6691.2,0.0,0.0,0.0,0.0,0.0,0.0,0.0,0.0,0.0,0.0,,,,,,,6691.2,1,1672.8000000000002,1672.8000000000002,11.0,,0.0
237.0,2025-05-01,1825906,Bhubaneswar,BIKASH MISTRY,THRIVENI EARTHMOVERS PVT LTD,THEJAHL0V00000298,ZX470H,,27868.0,2025-05-16 00:00:00,2025-05-27 00:00:00,1579266,MAINTENANCE,1105353,AIR FILTER INNER,5.0,6598,32990.0,0.2,26392.0,0.18,4750.5599999999995,31142.559999999998,,5,1013271955,2025-05-14 00:00:00,0.0,26392.0,0.0,0.0,0.0,0.0,0.0,0.0,0.0,0.0,0.0,0.0,,,,,,,26392.0,1,6598.0,6598.0,11.0,,0.0
238.0,2025-05-01,1825906,Bhubaneswar,BIKASH MISTRY,THRIVENI EARTHMOVERS PVT LTD,THEJAHL0V00000298,ZX470H,,27868.0,2025-05-16 00:00:00,2025-05-27 00:00:00,1579266,MAINTENANCE,1209163,AIR FILTER OUTER,5.0,11373,56865.0,0.2,45492.0,0.18,8188.5599999999995,53680.56,,5,1013171955,2025-05-14 00:00:00,0.0,45492.0,0.0,0.0,0.0,0.0,0.0,0.0,0.0,0.0,0.0,0.0,,,,,,,45492.0,1,11373.0,11373.0,11.0,,0.0
239.0,2025-05-01,1825906,Bhubaneswar,BIKASH MISTRY,THRIVENI EARTHMOVERS PVT LTD,THEJAHL0V00000298,ZX470H,,27868.0,2025-05-16 00:00:00,2025-05-27 00:00:00,1579266,MAINTENANCE,4437838,AIR BREATHER FILTER,4.0,1695,6780.0,0.2,5424.0,0.18,976.3199999999999,6400.32,,4,1013271955,2025-05-14 00:00:00,0.0,5424.0,0.0,0.0,0.0,0.0,0.0,0.0,0.0,0.0,0.0,0.0,,,,,,,5424.0,1,1356.0,1356.0,11.0,,0.0
240.0,2025-05-01,1825906,Bhubaneswar,BIKASH MISTRY,THRIVENI EARTHMOVERS PVT LTD,THEJAHL0V00000298,ZX470H,,27868.0,2025-05-16 00:00:00,2025-05-27 00:00:00,1579266,MAINTENANCE,YA00001490,AC FILTER,3.0,4607,13821.0,0.2,11056.8,0.18,1990.2239999999997,13047.024,,3,1013271535,2025-05-06 00:00:00,0.0,11056.8,0.0,0.0,0.0,0.0,0.0,0.0,0.0,0.0,0.0,0.0,,,,,,,11056.8,1,2764.2000000000007,2764.2000000000007,11.0,,0.0
241.0,2025-05-01,1825906,Bhubaneswar,BIKASH MISTRY,THRIVENI EARTHMOVERS PVT LTD,THEJAHL0V00000298,ZX470H,,27868.0,2025-05-16 00:00:00,2025-05-27 00:00:00,1579266,MAINTENANCE,4632689,CIRCULATING AIR FILTER AC,2.0,3752,7504.0,0.2,6003.2,0.18,1080.576,7083.776,,2,1013272762,2025-05-29 00:00:00,0.0,6003.2,0.0,0.0,0.0,0.0,0.0,0.0,0.0,0.0,0.0,0.0,,,,,,,6003.2,1,1500.8000000000002,1500.8000000000002,11.0,2.0,0.0
242.0,2025-05-01,1825906,Bhubaneswar,BIKASH MISTRY,THRIVENI EARTHMOVERS PVT LTD,THEJAHL0V00000298,ZX470H,,27868.0,2025-05-16 00:00:00,2025-05-27 00:00:00,1579304,PLANNING,4612763,AC BELT,1.0,8206,8206.0,0.2,6564.8,0.18,1181.664,7746.464,,1,1013271775,2025-05-12 00:00:00,0.0,6564.8,0.0,0.0,0.0,0.0,0.0,0.0,0.0,0.0,0.0,0.0,,,,,,,6564.8,1,1641.1999999999998,1641.1999999999998,11.0,,0.0
243.0,2025-05-01,1825906,Bhubaneswar,BIKASH MISTRY,THRIVENI EARTHMOVERS PVT LTD,THEJAHL0V00000298,ZX470H,,27868.0,2025-05-16 00:00:00,2025-05-27 00:00:00,1579304,PLANNING,4664585,FLOAT,1.0,8128,8128.0,0.2,6502.4,0.18,1170.4319999999998,7672.831999999999,,1,1013273113,2025-06-04 00:00:00,0.0,0.0,6502.0,0.0,0.0,0.0,0.0,0.0,0.0,0.0,0.0,0.0,,,,,,,6502.0,1,1626.0,1625.6000000000004,11.0,8.0,0.0
244.0,2025-05-01,1825947,Bhubaneswar,BIKASH MISTRY,THRIVENI EARTHMOVERS PVT LTD,THEJAHL0E00000601,ZX470H,,27868.0,2002-05-17 00:00:00,2025-05-29 00:00:00,1581764,EMERGENCY,TD08548,BUSH,2.0,8006,16012.0,0.2,12809.6,0.18,2305.728,15115.328000000001,,,,,0.0,0.0,0.0,0.0,0.0,0.0,0.0,0.0,0.0,0.0,0.0,0.0,,,,,,,0.0,0,16012.0,3202.3999999999996,8413.0,,16012.0
245.0,2025-05-01,1825947,Bhubaneswar,BIKASH MISTRY,THRIVENI EARTHMOVERS PVT LTD,THEJAHL0E00000601,ZX470H,,27868.0,2002-05-17 00:00:00,2025-05-29 00:00:00,1581764,EMERGENCY,TD08552,PIN,1.0,16249,16249.0,0.2,12999.2,0.18,2339.856,15339.056,,1,1013285235,2026-02-28 00:00:00,0.0,0.0,0.0,0.0,0.0,0.0,0.0,0.0,0.0,0.0,11829.3,0.0,,,,,,,11829.3,1,4419.700000000001,3249.7999999999993,8413.0,275.0,0.0
246.0,2025-05-01,1825947,Bhubaneswar,BIKASH MISTRY,THRIVENI EARTHMOVERS PVT LTD,THEJAHL0E00000601,ZX470H,,27868.0,2002-05-17 00:00:00,2025-05-29 00:00:00,1581764,EMERGENCY,4251212,DUST SEAL,2.0,3320,6640.0,0.2,5312.0,0.18,956.16,6268.16,,,,,0.0,0.0,0.0,0.0,0.0,0.0,0.0,0.0,0.0,0.0,0.0,0.0,,,,,,,0.0,0,6640.0,1328.0,8413.0,,6640.0
247.0,2025-05-01,1825947,Bhubaneswar,BIKASH MISTRY,THRIVENI EARTHMOVERS PVT LTD,THEJAHL0E00000601,ZX470H,,27868.0,2002-05-17 00:00:00,2025-05-29 00:00:00,1581764,EMERGENCY,4089028,ORING,2.0,964,1928.0,0.2,1542.4,0.18,277.632,1820.0320000000002,,,,,0.0,0.0,0.0,0.0,0.0,0.0,0.0,0.0,0.0,0.0,0.0,0.0,,,,,,,0.0,0,1928.0,385.5999999999999,8413.0,,1928.0
248.0,2025-05-01,1825947,Bhubaneswar,BIKASH MISTRY,THRIVENI EARTHMOVERS PVT LTD,THEJAHL0E00000601,ZX470H,,27868.0,2002-05-17 00:00:00,2025-05-29 00:00:00,1581764,EMERGENCY,3060476,BUSH,2.0,7028,14056.0,0.2,11244.8,0.18,2024.0639999999999,13268.864,,,,,0.0,0.0,0.0,0.0,0.0,0.0,0.0,0.0,0.0,0.0,0.0,0.0,,,,,,,0.0,0,14056.0,2811.2000000000007,8413.0,,14056.0
249.0,2025-05-01,1825947,Bhubaneswar,BIKASH MISTRY,THRIVENI EARTHMOVERS PVT LTD,THEJAHL0E00000601,ZX470H,,27868.0,2002-05-17 00:00:00,2025-05-29 00:00:00,1581764,EMERGENCY,171809,CAP O-RING,9.0,1535,13815.0,0.2,11052.0,0.18,1989.36,13041.36,,,,,0.0,0.0,0.0,0.0,0.0,0.0,0.0,0.0,0.0,0.0,0.0,0.0,,,,,,,0.0,0,13815.0,2763.0,8413.0,,13815.0
250.0,2025-05-01,1825947,Bhubaneswar,BIKASH MISTRY,THRIVENI EARTHMOVERS PVT LTD,THEJAHL0E00000601,ZX470H,,27868.0,2002-05-17 00:00:00,2025-05-29 00:00:00,1581821,MAINTENANCE,4078360,PRIMARY FUEL FILTER,10.0,1306,13060.0,0.2,10448.0,0.18,1880.6399999999999,12328.64,,10,1013271955,2025-05-14 00:00:00,0.0,10448.0,0.0,0.0,0.0,0.0,0.0,0.0,0.0,0.0,0.0,0.0,,,,,,,10448.0,1,2612.0,2612.0,8413.0,,0.0
251.0,2025-05-01,1825947,Bhubaneswar,BIKASH MISTRY,THRIVENI EARTHMOVERS PVT LTD,THEJAHL0E00000601,ZX470H,,27868.0,2002-05-17 00:00:00,2025-05-29 00:00:00,1581821,MAINTENANCE,4616864,FUEL FILTER,10.0,2261,22610.0,0.2,18088.0,0.18,3255.8399999999997,21343.84,,10,1013171955,2025-05-14 00:00:00,0.0,18088.0,0.0,0.0,0.0,0.0,0.0,0.0,0.0,0.0,0.0,0.0,,,,,,,18088.0,1,4522.0,4522.0,8413.0,,0.0
252.0,2025-05-01,1825947,Bhubaneswar,BIKASH MISTRY,THRIVENI EARTHMOVERS PVT LTD,THEJAHL0E00000601,ZX470H,,27868.0,2002-05-17 00:00:00,2025-05-29 00:00:00,1581821,MAINTENANCE,YA00058283,ENGINE OIL FILTER,15.0,2615,39225.0,0.2,31380.0,0.18,5648.4,37028.4,,15,1013271955,2025-05-14 00:00:00,0.0,31380.0,0.0,0.0,0.0,0.0,0.0,0.0,0.0,0.0,0.0,0.0,,,,,,,31380.0,1,7845.0,7845.0,8413.0,,0.0
253.0,2025-05-01,1825947,Bhubaneswar,BIKASH MISTRY,THRIVENI EARTHMOVERS PVT LTD,THEJAHL0E00000601,ZX470H,,27868.0,2002-05-17 00:00:00,2025-05-29 00:00:00,1581821,MAINTENANCE,4630525,PILOT FILTER,5.0,2943,14715.0,0.2,11772.0,0.18,2118.96,13890.96,,5,1013271955,2025-05-14 00:00:00,0.0,11772.0,0.0,0.0,0.0,0.0,0.0,0.0,0.0,0.0,0.0,0.0,,,,,,,11772.0,1,2943.0,2943.0,8413.0,,0.0
254.0,2025-05-01,1825947,Bhubaneswar,BIKASH MISTRY,THRIVENI EARTHMOVERS PVT LTD,THEJAHL0E00000601,ZX470H,,27868.0,2002-05-17 00:00:00,2025-05-29 00:00:00,1581821,MAINTENANCE,4654745,HYDRAULIC TANK FILTER,2.0,11347,22694.0,0.2,18155.2,0.18,3267.936,21423.136000000002,,2,1013271955,2025-05-14 00:00:00,0.0,18155.2,0.0,0.0,0.0,0.0,0.0,0.0,0.0,0.0,0.0,0.0,,,,,,,18155.2,1,4538.799999999999,4538.799999999999,8413.0,,0.0
255.0,2025-05-01,1825947,Bhubaneswar,BIKASH MISTRY,THRIVENI EARTHMOVERS PVT LTD,THEJAHL0E00000601,ZX470H,,27868.0,2002-05-17 00:00:00,2025-05-29 00:00:00,1581821,MAINTENANCE,4317008,HYD SECTION FILTER,2.0,16563,33126.0,0.2,26500.8,0.18,4770.143999999999,31270.944,,2,1013279802,2025-11-21 00:00:00,0.0,0.0,0.0,0.0,0.0,0.0,0.0,26086.5,0.0,0.0,0.0,0.0,,,,,,,26086.5,1,7039.5,6625.200000000001,8413.0,176.0,0.0
256.0,2025-05-01,1825947,Bhubaneswar,BIKASH MISTRY,THRIVENI EARTHMOVERS PVT LTD,THEJAHL0E00000601,ZX470H,,27868.0,2002-05-17 00:00:00,2025-05-29 00:00:00,1581821,MAINTENANCE,4363399,PUMP DRAIN FILTER,2.0,4182,8364.0,0.2,6691.2,0.18,1204.416,7895.616,,2,1013273860,2025-06-20 00:00:00,0.0,0.0,6691.2,0.0,0.0,0.0,0.0,0.0,0.0,0.0,0.0,0.0,,,,,,,6691.2,1,1672.8000000000002,1672.8000000000002,8413.0,22.0,0.0
257.0,2025-05-01,1825947,Bhubaneswar,BIKASH MISTRY,THRIVENI EARTHMOVERS PVT LTD,THEJAHL0E00000601,ZX470H,,27868.0,2002-05-17 00:00:00,2025-05-29 00:00:00,1581821,MAINTENANCE,1105353,AIR FILTER INNER,5.0,6598,32990.0,0.2,26392.0,0.18,4750.5599999999995,31142.559999999998,,5,1013271955,2025-05-14 00:00:00,0.0,26392.0,0.0,0.0,0.0,0.0,0.0,0.0,0.0,0.0,0.0,0.0,,,,,,,26392.0,1,6598.0,6598.0,8413.0,,0.0
258.0,2025-05-01,1825947,Bhubaneswar,BIKASH MISTRY,THRIVENI EARTHMOVERS PVT LTD,THEJAHL0E00000601,ZX470H,,27868.0,2002-05-17 00:00:00,2025-05-29 00:00:00,1581821,MAINTENANCE,1209163,AIR FILTER OUTER,5.0,11373,56865.0,0.2,45492.0,0.18,8188.5599999999995,53680.56,,5,1013171955,2025-05-14 00:00:00,0.0,45492.0,0.0,0.0,0.0,0.0,0.0,0.0,0.0,0.0,0.0,0.0,,,,,,,45492.0,1,11373.0,11373.0,8413.0,,0.0
259.0,2025-05-01,1825947,Bhubaneswar,BIKASH MISTRY,THRIVENI EARTHMOVERS PVT LTD,THEJAHL0E00000601,ZX470H,,27868.0,2002-05-17 00:00:00,2025-05-29 00:00:00,1581821,MAINTENANCE,4437838,AIR BREATHER FILTER,4.0,1695,6780.0,0.2,5424.0,0.18,976.3199999999999,6400.32,,4,1013271955,2025-05-14 00:00:00,0.0,5424.0,0.0,0.0,0.0,0.0,0.0,0.0,0.0,0.0,0.0,0.0,,,,,,,5424.0,1,1356.0,1356.0,8413.0,,0.0
260.0,2025-05-01,1825947,Bhubaneswar,BIKASH MISTRY,THRIVENI EARTHMOVERS PVT LTD,THEJAHL0E00000601,ZX470H,,27868.0,2002-05-17 00:00:00,2025-05-29 00:00:00,1581821,MAINTENANCE,YA00001490,AC FILTER,3.0,4607,13821.0,0.2,11056.8,0.18,1990.2239999999997,13047.024,,2,1013271535,2025-05-06 00:00:00,0.0,7371.2,0.0,0.0,0.0,0.0,0.0,0.0,0.0,0.0,0.0,0.0,,,,,,,7371.2,1,6449.8,2764.2000000000007,8413.0,,0.0
261.0,2025-05-01,1825947,Bhubaneswar,BIKASH MISTRY,THRIVENI EARTHMOVERS PVT LTD,THEJAHL0E00000601,ZX470H,,27868.0,2002-05-17 00:00:00,2025-05-29 00:00:00,1581821,MAINTENANCE,4632689,CIRCULATING AIR FILTER AC,2.0,3752,7504.0,0.2,6003.2,0.18,1080.576,7083.776,,2,1013272762,2025-05-29 00:00:00,0.0,6003.2,0.0,0.0,0.0,0.0,0.0,0.0,0.0,0.0,0.0,0.0,,,,,,,6003.2,1,1500.8000000000002,1500.8000000000002,8413.0,0.0,0.0
262.0,2025-05-01,1825947,Bhubaneswar,BIKASH MISTRY,THRIVENI EARTHMOVERS PVT LTD,THEJAHL0E00000601,ZX470H,,27868.0,2002-05-17 00:00:00,2025-05-29 00:00:00,1581824,PLANNING,4612763,AC BELT,1.0,8206,8206.0,0.2,6564.8,0.18,1181.664,7746.464,,1,1013271775,2025-05-12 00:00:00,0.0,6564.8,0.0,0.0,0.0,0.0,0.0,0.0,0.0,0.0,0.0,0.0,,,,,,,6564.8,1,1641.1999999999998,1641.1999999999998,8413.0,,0.0
263.0,2025-05-01,1825947,Bhubaneswar,BIKASH MISTRY,THRIVENI EARTHMOVERS PVT LTD,THEJAHL0E00000601,ZX470H,,27868.0,2002-05-17 00:00:00,2025-05-29 00:00:00,1581824,PLANNING,4664585,FLOAT,1.0,8128,8128.0,0.2,6502.4,0.18,1170.4319999999998,7672.831999999999,,1,1013273146,2025-06-05 00:00:00,0.0,0.0,6502.0,0.0,0.0,0.0,0.0,0.0,0.0,0.0,0.0,0.0,,,,,,,6502.0,1,1626.0,1625.6000000000004,8413.0,7.0,0.0
264.0,2025-05-01,1825946,Bhubaneswar,BIKASH MISTRY,THRIVENI EARTHMOVERS PVT LTD,THEJAHL0V00000060,ZX470H,,27868.0,2025-05-21 00:00:00,2025-05-29 00:00:00,1581926,EMERGENCY,4359550,SEAL;OIL,6.0,6450,38700.0,0.2,30960.0,0.18,5572.8,36532.8,,,,,0.0,0.0,0.0,0.0,0.0,0.0,0.0,0.0,0.0,0.0,0.0,0.0,,,,,,,0.0,0,38700.0,7740.0,8.0,,38700.0
265.0,2025-05-01,1825946,Bhubaneswar,BIKASH MISTRY,THRIVENI EARTHMOVERS PVT LTD,THEJAHL0V00000060,ZX470H,,27868.0,2025-05-21 00:00:00,2025-05-29 00:00:00,1581926,EMERGENCY,4359549,BUSHING,1.0,7658,7658.0,0.2,6126.4,0.18,1102.752,7229.152,,,,,0.0,0.0,0.0,0.0,0.0,0.0,0.0,0.0,0.0,0.0,0.0,0.0,,,,,,,0.0,0,7658.0,1531.6000000000004,8.0,,7658.0
266.0,2025-05-01,1825946,Bhubaneswar,BIKASH MISTRY,THRIVENI EARTHMOVERS PVT LTD,THEJAHL0V00000060,ZX470H,,27868.0,2025-05-21 00:00:00,2025-05-29 00:00:00,1581926,EMERGENCY,4408281,SEAL;DUST,1.0,6437,6437.0,0.2,5149.6,0.18,926.928,6076.528,,,,,0.0,0.0,0.0,0.0,0.0,0.0,0.0,0.0,0.0,0.0,0.0,0.0,,,,,,,0.0,0,6437.0,1287.3999999999996,8.0,,6437.0
267.0,2025-05-01,1825946,Bhubaneswar,BIKASH MISTRY,THRIVENI EARTHMOVERS PVT LTD,THEJAHL0V00000060,ZX470H,,27868.0,2025-05-21 00:00:00,2025-05-29 00:00:00,1581926,EMERGENCY,A810125,O-RING,1.0,459,459.0,0.2,367.2,0.18,66.09599999999999,433.296,,,,,0.0,0.0,0.0,0.0,0.0,0.0,0.0,0.0,0.0,0.0,0.0,0.0,,,,,,,0.0,0,459.0,91.80000000000001,8.0,,459.0
268.0,2025-05-01,1825946,Bhubaneswar,BIKASH MISTRY,THRIVENI EARTHMOVERS PVT LTD,THEJAHL0V00000060,ZX470H,,27868.0,2025-05-21 00:00:00,2025-05-29 00:00:00,1581926,EMERGENCY,4430508,O-RING,1.0,916,916.0,0.2,732.8,0.18,131.904,864.704,,,,,0.0,0.0,0.0,0.0,0.0,0.0,0.0,0.0,0.0,0.0,0.0,0.0,,,,,,,0.0,0,916.0,183.20000000000005,8.0,,916.0
269.0,2025-05-01,1825946,Bhubaneswar,BIKASH MISTRY,THRIVENI EARTHMOVERS PVT LTD,THEJAHL0V00000060,ZX470H,,27868.0,2025-05-21 00:00:00,2025-05-29 00:00:00,1581926,EMERGENCY,171809,CAP O-RING,18.0,1535,27630.0,0.2,22104.0,0.18,3978.72,26082.72,,,,,0.0,0.0,0.0,0.0,0.0,0.0,0.0,0.0,0.0,0.0,0.0,0.0,,,,,,,0.0,0,27630.0,5526.0,8.0,,27630.0
270.0,2025-05-01,1825946,Bhubaneswar,BIKASH MISTRY,THRIVENI EARTHMOVERS PVT LTD,THEJAHL0V00000060,ZX470H,,27868.0,2025-05-21 00:00:00,2025-05-29 00:00:00,1581926,EMERGENCY,451033,ORING,2.0,623,1246.0,0.2,996.8,0.18,179.42399999999998,1176.224,,,,,0.0,0.0,0.0,0.0,0.0,0.0,0.0,0.0,0.0,0.0,0.0,0.0,,,,,,,0.0,0,1246.0,249.20000000000005,8.0,,1246.0
271.0,2025-05-01,1825946,Bhubaneswar,BIKASH MISTRY,THRIVENI EARTHMOVERS PVT LTD,THEJAHL0V00000060,ZX470H,,27868.0,2025-05-21 00:00:00,2025-05-29 00:00:00,1581926,EMERGENCY,451037,RING BACKUP,2.0,994,1988.0,0.2,1590.4,0.18,286.272,1876.672,,,,,0.0,0.0,0.0,0.0,0.0,0.0,0.0,0.0,0.0,0.0,0.0,0.0,,,,,,,0.0,0,1988.0,397.5999999999999,8.0,,1988.0
272.0,2025-05-01,1825946,Bhubaneswar,BIKASH MISTRY,THRIVENI EARTHMOVERS PVT LTD,THEJAHL0V00000060,ZX470H,,27868.0,2025-05-21 00:00:00,2025-05-29 00:00:00,1581926,EMERGENCY,9246436,PILOT LEVER SEAL,8.0,2921,23368.0,0.2,18694.4,0.18,3364.992,22059.392,,4,1013272666,2025-05-28 00:00:00,0.0,9347.2,0.0,0.0,0.0,0.0,0.0,0.0,0.0,0.0,0.0,0.0,,,,,,,9347.2,1,14020.8,4673.5999999999985,8.0,,0.0
273.0,2025-05-01,1825946,Bhubaneswar,BIKASH MISTRY,THRIVENI EARTHMOVERS PVT LTD,THEJAHL0V00000060,ZX470H,,27868.0,2025-05-21 00:00:00,2025-05-29 00:00:00,1581926,EMERGENCY,4201993,O-RING;PILOT VALVE,8.0,117,936.0,0.2,748.8,0.18,134.784,883.584,,4,1013272666,2025-05-28 00:00:00,0.0,374.4,0.0,0.0,0.0,0.0,0.0,0.0,0.0,0.0,0.0,0.0,,,,,,,374.4,1,561.6,187.20000000000005,8.0,,0.0
274.0,2025-05-01,1825946,Bhubaneswar,BIKASH MISTRY,THRIVENI EARTHMOVERS PVT LTD,THEJAHL0V00000060,ZX470H,,27868.0,2025-05-21 00:00:00,2025-05-29 00:00:00,1581926,EMERGENCY,4653042,SEAL KIT BUCKET,1.0,36557,36557.0,0.2,29245.6,0.18,5264.208,34509.808,,,,,0.0,0.0,0.0,0.0,0.0,0.0,0.0,0.0,0.0,0.0,0.0,0.0,,,,,,,0.0,0,36557.0,7311.4000000000015,8.0,,36557.0
275.0,2025-05-01,1825946,Bhubaneswar,BIKASH MISTRY,THRIVENI EARTHMOVERS PVT LTD,THEJAHL0V00000060,ZX470H,,27868.0,2025-05-21 00:00:00,2025-05-29 00:00:00,1581926,EMERGENCY,972106,RING SLIDE,2.0,4619,9238.0,0.2,7390.4,0.18,1330.272,8720.671999999999,,,,,0.0,0.0,0.0,0.0,0.0,0.0,0.0,0.0,0.0,0.0,0.0,0.0,,,,,,,0.0,0,9238.0,1847.6000000000004,8.0,,9238.0
276.0,2025-05-01,1825946,Bhubaneswar,BIKASH MISTRY,THRIVENI EARTHMOVERS PVT LTD,THEJAHL0V00000060,ZX470H,,27868.0,2025-05-21 00:00:00,2025-05-29 00:00:00,1581926,EMERGENCY,259307,RING SLIDE,2.0,5090,10180.0,0.2,8144.0,0.18,1465.9199999999998,9609.92,,,,,0.0,0.0,0.0,0.0,0.0,0.0,0.0,0.0,0.0,0.0,0.0,0.0,,,,,,,0.0,0,10180.0,2036.0,8.0,,10180.0
277.0,2025-05-01,1825946,Bhubaneswar,BIKASH MISTRY,THRIVENI EARTHMOVERS PVT LTD,THEJAHL0V00000060,ZX470H,,27868.0,2025-05-21 00:00:00,2025-05-29 00:00:00,1581926,EMERGENCY,TE06589,LOWER ROLLERS,16.0,39079,625264.0,0.2,500211.2,0.18,90038.016,590249.216,,,,,0.0,0.0,0.0,0.0,0.0,0.0,0.0,0.0,0.0,0.0,0.0,0.0,,,,,,,0.0,0,625264.0,125052.79999999999,8.0,,625264.0
278.0,2025-05-01,1825946,Bhubaneswar,BIKASH MISTRY,THRIVENI EARTHMOVERS PVT LTD,THEJAHL0V00000060,ZX470H,,27868.0,2025-05-21 00:00:00,2025-05-29 00:00:00,1581993,MAINTENANCE,4078360,PRIMARY FUEL FILTER,10.0,1306,13060.0,0.2,10448.0,0.18,1880.6399999999999,12328.64,,10,1013271955,2025-05-14 00:00:00,0.0,10448.0,0.0,0.0,0.0,0.0,0.0,0.0,0.0,0.0,0.0,0.0,,,,,,,10448.0,1,2612.0,2612.0,8.0,,0.0
279.0,2025-05-01,1825946,Bhubaneswar,BIKASH MISTRY,THRIVENI EARTHMOVERS PVT LTD,THEJAHL0V00000060,ZX470H,,27868.0,2025-05-21 00:00:00,2025-05-29 00:00:00,1581993,MAINTENANCE,4616864,FUEL FILTER,10.0,2261,22610.0,0.2,18088.0,0.18,3255.8399999999997,21343.84,,10,1013171955,2025-05-14 00:00:00,0.0,18088.0,0.0,0.0,0.0,0.0,0.0,0.0,0.0,0.0,0.0,0.0,,,,,,,18088.0,1,4522.0,4522.0,8.0,,0.0
280.0,2025-05-01,1825946,Bhubaneswar,BIKASH MISTRY,THRIVENI EARTHMOVERS PVT LTD,THEJAHL0V00000060,ZX470H,,27868.0,2025-05-21 00:00:00,2025-05-29 00:00:00,1581993,MAINTENANCE,YA00058283,ENGINE OIL FILTER,15.0,2615,39225.0,0.2,31380.0,0.18,5648.4,37028.4,,15,1013271955,2025-05-14 00:00:00,0.0,31380.0,0.0,0.0,0.0,0.0,0.0,0.0,0.0,0.0,0.0,0.0,,,,,,,31380.0,1,7845.0,7845.0,8.0,,0.0
281.0,2025-05-01,1825946,Bhubaneswar,BIKASH MISTRY,THRIVENI EARTHMOVERS PVT LTD,THEJAHL0V00000060,ZX470H,,27868.0,2025-05-21 00:00:00,2025-05-29 00:00:00,1581993,MAINTENANCE,4630525,PILOT FILTER,5.0,2943,14715.0,0.2,11772.0,0.18,2118.96,13890.96,,5,1013274108,2025-06-26 00:00:00,0.0,0.0,2354.4,0.0,0.0,0.0,0.0,0.0,0.0,0.0,0.0,0.0,,,,,,,2354.4,1,12360.6,2943.0,8.0,28.0,0.0
282.0,2025-05-01,1825946,Bhubaneswar,BIKASH MISTRY,THRIVENI EARTHMOVERS PVT LTD,THEJAHL0V00000060,ZX470H,,27868.0,2025-05-21 00:00:00,2025-05-29 00:00:00,1581993,MAINTENANCE,4654745,HYDRAULIC TANK FILTER,2.0,11347,22694.0,0.2,18155.2,0.18,3267.936,21423.136000000002,,2,1013271955,2025-05-14 00:00:00,0.0,18155.2,0.0,0.0,0.0,0.0,0.0,0.0,0.0,0.0,0.0,0.0,,,,,,,18155.2,1,4538.799999999999,4538.799999999999,8.0,,0.0
283.0,2025-05-01,1825946,Bhubaneswar,BIKASH MISTRY,THRIVENI EARTHMOVERS PVT LTD,THEJAHL0V00000060,ZX470H,,27868.0,2025-05-21 00:00:00,2025-05-29 00:00:00,1581993,MAINTENANCE,4317008,HYD SECTION FILTER,2.0,16563,33126.0,0.2,26500.8,0.18,4770.143999999999,31270.944,,2,1013279802,2025-11-21 00:00:00,0.0,0.0,0.0,0.0,0.0,0.0,0.0,26086.5,0.0,0.0,0.0,0.0,,,,,,,26086.5,1,7039.5,6625.200000000001,8.0,176.0,0.0
284.0,2025-05-01,1825946,Bhubaneswar,BIKASH MISTRY,THRIVENI EARTHMOVERS PVT LTD,THEJAHL0V00000060,ZX470H,,27868.0,2025-05-21 00:00:00,2025-05-29 00:00:00,1581993,MAINTENANCE,4363399,PUMP DRAIN FILTER,2.0,4182,8364.0,0.2,6691.2,0.18,1204.416,7895.616,,2,101326696,2025-09-02 00:00:00,0.0,0.0,0.0,0.0,0.0,6523.5,0.0,0.0,0.0,0.0,0.0,0.0,,,,,,,6523.5,1,1840.5,1672.8000000000002,8.0,96.0,0.0
285.0,2025-05-01,1825946,Bhubaneswar,BIKASH MISTRY,THRIVENI EARTHMOVERS PVT LTD,THEJAHL0V00000060,ZX470H,,27868.0,2025-05-21 00:00:00,2025-05-29 00:00:00,1581993,MAINTENANCE,1105353,AIR FILTER INNER,5.0,6598,32990.0,0.2,26392.0,0.18,4750.5599999999995,31142.559999999998,,5,1013271955,2025-05-14 00:00:00,0.0,26392.0,0.0,0.0,0.0,0.0,0.0,0.0,0.0,0.0,0.0,0.0,,,,,,,26392.0,1,6598.0,6598.0,8.0,,0.0
286.0,2025-05-01,1825946,Bhubaneswar,BIKASH MISTRY,THRIVENI EARTHMOVERS PVT LTD,THEJAHL0V00000060,ZX470H,,27868.0,2025-05-21 00:00:00,2025-05-29 00:00:00,1581993,MAINTENANCE,1209163,AIR FILTER OUTER,5.0,11373,56865.0,0.2,45492.0,0.18,8188.5599999999995,53680.56,,5,1013171955,2025-05-14 00:00:00,0.0,45492.0,0.0,0.0,0.0,0.0,0.0,0.0,0.0,0.0,0.0,0.0,,,,,,,45492.0,1,11373.0,11373.0,8.0,,0.0
287.0,2025-05-01,1825946,Bhubaneswar,BIKASH MISTRY,THRIVENI EARTHMOVERS PVT LTD,THEJAHL0V00000060,ZX470H,,27868.0,2025-05-21 00:00:00,2025-05-29 00:00:00,1581993,MAINTENANCE,4437838,AIR BREATHER FILTER,4.0,1695,6780.0,0.2,5424.0,0.18,976.3199999999999,6400.32,,4,1013271955,2025-05-14 00:00:00,0.0,5424.0,0.0,0.0,0.0,0.0,0.0,0.0,0.0,0.0,0.0,0.0,,,,,,,5424.0,1,1356.0,1356.0,8.0,,0.0
288.0,2025-05-01,1825946,Bhubaneswar,BIKASH MISTRY,THRIVENI EARTHMOVERS PVT LTD,THEJAHL0V00000060,ZX470H,,27868.0,2025-05-21 00:00:00,2025-05-29 00:00:00,1581993,MAINTENANCE,YA00001490,AC FILTER,3.0,4607,13821.0,0.2,11056.8,0.18,1990.2239999999997,13047.024,,3,1013271955,2025-05-14 00:00:00,0.0,11056.8,0.0,0.0,0.0,0.0,0.0,0.0,0.0,0.0,0.0,0.0,,,,,,,11056.8,1,2764.2000000000007,2764.2000000000007,8.0,,0.0
289.0,2025-05-01,1825946,Bhubaneswar,BIKASH MISTRY,THRIVENI EARTHMOVERS PVT LTD,THEJAHL0V00000060,ZX470H,,27868.0,2025-05-21 00:00:00,2025-05-29 00:00:00,1581993,MAINTENANCE,4632689,CIRCULATING AIR FILTER AC,2.0,3752,7504.0,0.2,6003.2,0.18,1080.576,7083.776,,2,1013272762,2025-05-29 00:00:00,0.0,6003.2,0.0,0.0,0.0,0.0,0.0,0.0,0.0,0.0,0.0,0.0,,,,,,,6003.2,1,1500.8000000000002,1500.8000000000002,8.0,0.0,0.0
290.0,2025-05-01,1825946,Bhubaneswar,BIKASH MISTRY,THRIVENI EARTHMOVERS PVT LTD,THEJAHL0V00000060,ZX470H,,27868.0,2025-05-21 00:00:00,2025-05-29 00:00:00,1581999,PLANNING,4405815,SENSOR AC,1.0,1460,1460.0,0.2,1168.0,0.18,210.23999999999998,1378.24,,1,1013271840,2025-05-13 00:00:00,0.0,1168.0,0.0,0.0,0.0,0.0,0.0,0.0,0.0,0.0,0.0,0.0,,,,,,,1168.0,1,292.0,292.0,8.0,,0.0
291.0,2025-05-01,1825946,Bhubaneswar,BIKASH MISTRY,THRIVENI EARTHMOVERS PVT LTD,THEJAHL0V00000060,ZX470H,,27868.0,2025-05-21 00:00:00,2025-05-29 00:00:00,1581999,PLANNING,YA00004131,HOSE COOLER,1.0,5330,5330.0,0.2,4264.0,0.18,767.52,5031.52,,1,1013271907,2025-05-14 00:00:00,0.0,4264.0,0.0,0.0,0.0,0.0,0.0,0.0,0.0,0.0,0.0,0.0,,,,,,,4264.0,1,1066.0,1066.0,8.0,,0.0
292.0,2025-05-01,1825946,Bhubaneswar,BIKASH MISTRY,THRIVENI EARTHMOVERS PVT LTD,THEJAHL0V00000060,ZX470H,,27868.0,2025-05-21 00:00:00,2025-05-29 00:00:00,1581999,PLANNING,4612763,AC BELT,1.0,8206,8206.0,0.2,6564.8,0.18,1181.664,7746.464,,,,,0.0,0.0,0.0,0.0,0.0,0.0,0.0,0.0,0.0,0.0,0.0,0.0,,,,,,,0.0,0,8206.0,1641.1999999999998,8.0,,8206.0
293.0,2025-05-01,1825941,Bhubaneswar,BIKASH MISTRY,THRIVENI EARTHMOVERS PVT LTD,0ACG-000259,ZX650H,,27868.0,2025-05-19 00:00:00,2025-05-29 00:00:00,1581881,EMERGENCY,4120315,HOSE RUBBER,2.0,24372,48744.0,0.2,38995.2,0.18,7019.1359999999995,46014.335999999996,,2,1013272784,2025-05-29 00:00:00,0.0,38995.2,0.0,0.0,0.0,0.0,0.0,0.0,0.0,0.0,0.0,0.0,,,,,,,38995.2,1,9748.800000000003,9748.800000000003,10.0,0.0,0.0
294.0,2025-05-01,1825941,Bhubaneswar,BIKASH MISTRY,THRIVENI EARTHMOVERS PVT LTD,0ACG-000259,ZX650H,,27868.0,2025-05-19 00:00:00,2025-05-29 00:00:00,1581881,EMERGENCY,4455115,CABLE CONTROL,1.0,41863,41863.0,0.2,33490.4,0.18,6028.272,39518.672,,1,1013272492,2025-05-24 00:00:00,0.0,33490.4,0.0,0.0,0.0,0.0,0.0,0.0,0.0,0.0,0.0,0.0,,,,,,,33490.4,1,8372.599999999999,8372.599999999999,10.0,,0.0
295.0,2025-05-01,1825941,Bhubaneswar,BIKASH MISTRY,THRIVENI EARTHMOVERS PVT LTD,0ACG-000259,ZX650H,,27868.0,2025-05-19 00:00:00,2025-05-29 00:00:00,1581881,EMERGENCY,115629-1000,SEAL CAM,1.0,2897,2897.0,0.2,2317.6,0.18,417.16799999999995,2734.768,,1,1013274109,2025-06-26 00:00:00,0.0,0.0,2317.6,0.0,0.0,0.0,0.0,0.0,0.0,0.0,0.0,0.0,,,,,,,2317.6,1,579.4000000000001,579.4000000000001,10.0,28.0,0.0
296.0,2025-05-01,1825941,Bhubaneswar,BIKASH MISTRY,THRIVENI EARTHMOVERS PVT LTD,0ACG-000259,ZX650H,,27868.0,2025-05-19 00:00:00,2025-05-29 00:00:00,1581881,EMERGENCY,115749-9620,SEAL OIL TIMER,1.0,4963,4963.0,0.2,3970.4,0.18,714.672,4685.072,,,,,0.0,0.0,0.0,0.0,0.0,0.0,0.0,0.0,0.0,0.0,0.0,0.0,,,,,,,0.0,0,4963.0,992.5999999999999,10.0,,4963.0
297.0,2025-05-01,1825941,Bhubaneswar,BIKASH MISTRY,THRIVENI EARTHMOVERS PVT LTD,0ACG-000259,ZX650H,,27868.0,2025-05-19 00:00:00,2025-05-29 00:00:00,1581881,EMERGENCY,115749-1110,GASKET ,1.0,702,702.0,0.2,561.6,0.18,101.088,662.688,,,,,0.0,0.0,0.0,0.0,0.0,0.0,0.0,0.0,0.0,0.0,0.0,0.0,,,,,,,0.0,0,702.0,140.39999999999998,10.0,,702.0
298.0,2025-05-01,1825941,Bhubaneswar,BIKASH MISTRY,THRIVENI EARTHMOVERS PVT LTD,0ACG-000259,ZX650H,,27868.0,2025-05-19 00:00:00,2025-05-29 00:00:00,1581881,EMERGENCY,115619-3180,GASKET ,1.0,1395,1395.0,0.2,1116.0,0.18,200.88,1316.88,,,,,0.0,0.0,0.0,0.0,0.0,0.0,0.0,0.0,0.0,0.0,0.0,0.0,,,,,,,0.0,0,1395.0,279.0,10.0,,1395.0
299.0,2025-05-01,1825941,Bhubaneswar,BIKASH MISTRY,THRIVENI EARTHMOVERS PVT LTD,0ACG-000259,ZX650H,,27868.0,2025-05-19 00:00:00,2025-05-29 00:00:00,1581881,EMERGENCY,4218005,ORING,3.0,2441,7323.0,0.2,5858.4,0.18,1054.512,6912.911999999999,,3,1013271537,2025-05-06 00:00:00,0.0,5858.4,0.0,0.0,0.0,0.0,0.0,0.0,0.0,0.0,0.0,0.0,,,,,,,5858.4,1,1464.6000000000004,1464.6000000000004,10.0,,0.0
300.0,2025-05-01,1825941,Bhubaneswar,BIKASH MISTRY,THRIVENI EARTHMOVERS PVT LTD,0ACG-000259,ZX650H,,27868.0,2025-05-19 00:00:00,2025-05-29 00:00:00,1581888,MAINTENANCE,4333469,HYDRAULIC TANK FILTER,1.0,12042,12042.0,0.2,9633.6,0.18,1734.048,11367.648000000001,,,,,0.0,0.0,0.0,0.0,0.0,0.0,0.0,0.0,0.0,0.0,0.0,0.0,,,,,,,0.0,0,12042.0,2408.3999999999996,10.0,,12042.0
301.0,2025-05-01,1825941,Bhubaneswar,BIKASH MISTRY,THRIVENI EARTHMOVERS PVT LTD,0ACG-000259,ZX650H,,27868.0,2025-05-19 00:00:00,2025-05-29 00:00:00,1581888,MAINTENANCE,3015259,PILOT FILTER,4.0,381,1524.0,0.2,1219.2,0.18,219.456,1438.656,,4,1013271899,2025-05-14 00:00:00,0.0,1219.2,0.0,0.0,0.0,0.0,0.0,0.0,0.0,0.0,0.0,0.0,,,,,,,1219.2,1,304.79999999999995,304.79999999999995,10.0,,0.0
302.0,2025-05-01,1825941,Bhubaneswar,BIKASH MISTRY,THRIVENI EARTHMOVERS PVT LTD,0ACG-000259,ZX650H,,27868.0,2025-05-19 00:00:00,2025-05-29 00:00:00,1581888,MAINTENANCE,4317008,HYD SECTION FILTER,2.0,16563,33126.0,0.2,26500.8,0.18,4770.143999999999,31270.944,,2,1013279802,2025-11-21 00:00:00,0.0,0.0,0.0,0.0,0.0,0.0,0.0,26086.5,0.0,0.0,0.0,0.0,,,,,,,26086.5,1,7039.5,6625.200000000001,10.0,176.0,0.0
303.0,2025-05-01,1825941,Bhubaneswar,BIKASH MISTRY,THRIVENI EARTHMOVERS PVT LTD,0ACG-000259,ZX650H,,27868.0,2025-05-19 00:00:00,2025-05-29 00:00:00,1581888,MAINTENANCE,4363399,PUMP DRAIN FILTER,2.0,4182,8364.0,0.2,6691.2,0.18,1204.416,7895.616,,1,101326696,2025-09-02 00:00:00,0.0,0.0,0.0,0.0,0.0,3261.75,0.0,0.0,0.0,0.0,0.0,0.0,,,,,,,3261.75,1,5102.25,1672.8000000000002,10.0,96.0,0.0
304.0,2025-05-01,1825941,Bhubaneswar,BIKASH MISTRY,THRIVENI EARTHMOVERS PVT LTD,0ACG-000259,ZX650H,,27868.0,2025-05-19 00:00:00,2025-05-29 00:00:00,1581888,MAINTENANCE,4437838,AIR BREATHER FILTER,4.0,1695,6780.0,0.2,5424.0,0.18,976.3199999999999,6400.32,,4,1013279802,2025-11-21 00:00:00,0.0,0.0,0.0,0.0,0.0,0.0,0.0,5085.0,0.0,0.0,0.0,0.0,,,,,,,5085.0,1,1695.0,1356.0,10.0,176.0,0.0
305.0,2025-05-01,1825941,Bhubaneswar,BIKASH MISTRY,THRIVENI EARTHMOVERS PVT LTD,0ACG-000259,ZX650H,,27868.0,2025-05-19 00:00:00,2025-05-29 00:00:00,1581888,MAINTENANCE,YA00058283,ENGINE OIL FILTER,15.0,2615,39225.0,0.2,31380.0,0.18,5648.4,37028.4,,15,1013271955,2025-05-14 00:00:00,0.0,31380.0,0.0,0.0,0.0,0.0,0.0,0.0,0.0,0.0,0.0,0.0,,,,,,,31380.0,1,7845.0,7845.0,10.0,,0.0
306.0,2025-05-01,1825941,Bhubaneswar,BIKASH MISTRY,THRIVENI EARTHMOVERS PVT LTD,0ACG-000259,ZX650H,,27868.0,2025-05-19 00:00:00,2025-05-29 00:00:00,1581888,MAINTENANCE,4078360,PRIMARY FUEL FILTER,10.0,1306,13060.0,0.2,10448.0,0.18,1880.6399999999999,12328.64,,10,1013271955,2025-05-14 00:00:00,0.0,10448.0,0.0,0.0,0.0,0.0,0.0,0.0,0.0,0.0,0.0,0.0,,,,,,,10448.0,1,2612.0,2612.0,10.0,,0.0
307.0,2025-05-01,1825941,Bhubaneswar,BIKASH MISTRY,THRIVENI EARTHMOVERS PVT LTD,0ACG-000259,ZX650H,,27868.0,2025-05-19 00:00:00,2025-05-29 00:00:00,1581888,MAINTENANCE,4616864,FUEL FILTER,10.0,2261,22610.0,0.2,18088.0,0.18,3255.8399999999997,21343.84,,10,1013171955,2025-05-14 00:00:00,0.0,18088.0,0.0,0.0,0.0,0.0,0.0,0.0,0.0,0.0,0.0,0.0,,,,,,,18088.0,1,4522.0,4522.0,10.0,,0.0
308.0,2025-05-01,1825941,Bhubaneswar,BIKASH MISTRY,THRIVENI EARTHMOVERS PVT LTD,0ACG-000259,ZX650H,,27868.0,2025-05-19 00:00:00,2025-05-29 00:00:00,1581888,MAINTENANCE,1209163,AIR FILTER OUTER,2.0,11373,22746.0,0.2,18196.8,0.18,3275.4239999999995,21472.224,,2,1013171955,2025-05-14 00:00:00,0.0,10196.8,0.0,0.0,0.0,0.0,0.0,0.0,0.0,0.0,0.0,0.0,,,,,,,10196.8,1,12549.2,4549.200000000001,10.0,,0.0
309.0,2025-05-01,1825941,Bhubaneswar,BIKASH MISTRY,THRIVENI EARTHMOVERS PVT LTD,0ACG-000259,ZX650H,,27868.0,2025-05-19 00:00:00,2025-05-29 00:00:00,1581888,MAINTENANCE,1105353,AIR FILTER INNER,2.0,6598,13196.0,0.2,10556.8,0.18,1900.2239999999997,12457.024,,2,1013271955,2025-05-14 00:00:00,0.0,10556.8,0.0,0.0,0.0,0.0,0.0,0.0,0.0,0.0,0.0,0.0,,,,,,,10556.8,1,2639.2000000000007,2639.2000000000007,10.0,,0.0
310.0,2025-05-01,1825941,Bhubaneswar,BIKASH MISTRY,THRIVENI EARTHMOVERS PVT LTD,0ACG-000259,ZX650H,,27868.0,2025-05-19 00:00:00,2025-05-29 00:00:00,1581888,MAINTENANCE,4632689,CIRCULATING AIR FILTER AC,2.0,3752,7504.0,0.2,6003.2,0.18,1080.576,7083.776,,2,1013272762,2025-05-29 00:00:00,0.0,6003.2,0.0,0.0,0.0,0.0,0.0,0.0,0.0,0.0,0.0,0.0,,,,,,,6003.2,1,1500.8000000000002,1500.8000000000002,10.0,0.0,0.0
311.0,2025-05-01,1825941,Bhubaneswar,BIKASH MISTRY,THRIVENI EARTHMOVERS PVT LTD,0ACG-000259,ZX650H,,27868.0,2025-05-19 00:00:00,2025-05-29 00:00:00,1581888,MAINTENANCE,4643580,FRESH AIR FILTER AC,1.0,9208,9208.0,0.2,7366.4,0.18,1325.952,8692.351999999999,,,,,0.0,0.0,0.0,0.0,0.0,0.0,0.0,0.0,0.0,0.0,0.0,0.0,,,,,,,0.0,0,9208.0,1841.6000000000004,10.0,,9208.0
312.0,2025-05-01,1825941,Bhubaneswar,BIKASH MISTRY,THRIVENI EARTHMOVERS PVT LTD,0ACG-000259,ZX650H,,27868.0,2025-05-19 00:00:00,2025-05-29 00:00:00,1581921,PLANNING,4474619,FAN BELT,1.0,61863,61863.0,0.2,49490.4,0.18,8908.271999999999,58398.672,,,,,0.0,0.0,0.0,0.0,0.0,0.0,0.0,0.0,0.0,0.0,0.0,0.0,,,,,,,0.0,0,61863.0,12372.599999999999,10.0,,61863.0
313.0,2025-05-01,1825905,Bhubaneswar,BIKASH MISTRY,THRIVENI EARTHMOVERS PVT LTD,THEJAHL0C00000499,ZX470H,,27868.0,2025-05-22 00:00:00,2025-05-29 00:00:00,1582141,EMERGENCY,TE03204,MIRROR,1.0,381,381.0,0.2,304.8,0.18,54.864,359.664,,1,1013275134,2025-07-23 00:00:00,0.0,0.0,0.0,304.8,0.0,0.0,0.0,0.0,0.0,0.0,0.0,0.0,,,,,,,304.8,1,76.19999999999999,76.19999999999999,7.0,55.0,0.0
314.0,2025-05-01,1825905,Bhubaneswar,BIKASH MISTRY,THRIVENI EARTHMOVERS PVT LTD,THEJAHL0C00000499,ZX470H,,27868.0,2025-05-22 00:00:00,2025-05-29 00:00:00,1582147,MAINTENANCE,4078360,PRIMARY FUEL FILTER,10.0,1306,13060.0,0.2,10448.0,0.18,1880.6399999999999,12328.64,,10,1013271955,2025-05-14 00:00:00,0.0,10448.0,0.0,0.0,0.0,0.0,0.0,0.0,0.0,0.0,0.0,0.0,,,,,,,10448.0,1,2612.0,2612.0,7.0,,0.0
315.0,2025-05-01,1825905,Bhubaneswar,BIKASH MISTRY,THRIVENI EARTHMOVERS PVT LTD,THEJAHL0C00000499,ZX470H,,27868.0,2025-05-22 00:00:00,2025-05-29 00:00:00,1582147,MAINTENANCE,4616864,FUEL FILTER,10.0,2261,22610.0,0.2,18088.0,0.18,3255.8399999999997,21343.84,,10,1013274108,2025-06-26 00:00:00,0.0,0.0,18088.0,0.0,0.0,0.0,0.0,0.0,0.0,0.0,0.0,0.0,,,,,,,18088.0,1,4522.0,4522.0,7.0,28.0,0.0
316.0,2025-05-01,1825905,Bhubaneswar,BIKASH MISTRY,THRIVENI EARTHMOVERS PVT LTD,THEJAHL0C00000499,ZX470H,,27868.0,2025-05-22 00:00:00,2025-05-29 00:00:00,1582147,MAINTENANCE,YA00058283,ENGINE OIL FILTER,15.0,2615,39225.0,0.2,31380.0,0.18,5648.4,37028.4,,15,1013271955,2025-05-14 00:00:00,0.0,31380.0,0.0,0.0,0.0,0.0,0.0,0.0,0.0,0.0,0.0,0.0,,,,,,,31380.0,1,7845.0,7845.0,7.0,,0.0
317.0,2025-05-01,1825905,Bhubaneswar,BIKASH MISTRY,THRIVENI EARTHMOVERS PVT LTD,THEJAHL0C00000499,ZX470H,,27868.0,2025-05-22 00:00:00,2025-05-29 00:00:00,1582147,MAINTENANCE,4630525,PILOT FILTER,5.0,2943,14715.0,0.2,11772.0,0.18,2118.96,13890.96,,5,1013274108,2025-06-26 00:00:00,0.0,0.0,11772.0,0.0,0.0,0.0,0.0,0.0,0.0,0.0,0.0,0.0,,,,,,,11772.0,1,2943.0,2943.0,7.0,28.0,0.0
318.0,2025-05-01,1825905,Bhubaneswar,BIKASH MISTRY,THRIVENI EARTHMOVERS PVT LTD,THEJAHL0C00000499,ZX470H,,27868.0,2025-05-22 00:00:00,2025-05-29 00:00:00,1582147,MAINTENANCE,4654745,HYDRAULIC TANK FILTER,2.0,11347,22694.0,0.2,18155.2,0.18,3267.936,21423.136000000002,,2,1013274108,2025-06-26 00:00:00,0.0,0.0,18155.2,0.0,0.0,0.0,0.0,0.0,0.0,0.0,0.0,0.0,,,,,,,18155.2,1,4538.799999999999,4538.799999999999,7.0,28.0,0.0
319.0,2025-05-01,1825905,Bhubaneswar,BIKASH MISTRY,THRIVENI EARTHMOVERS PVT LTD,THEJAHL0C00000499,ZX470H,,27868.0,2025-05-22 00:00:00,2025-05-29 00:00:00,1582147,MAINTENANCE,4317008,HYD SECTION FILTER,2.0,16563,33126.0,0.2,26500.8,0.18,4770.143999999999,31270.944,,2,1013276831,2025-09-06 00:00:00,0.0,0.0,0.0,0.0,0.0,26086.5,0.0,0.0,0.0,0.0,0.0,0.0,,,,,,,26086.5,1,7039.5,6625.200000000001,7.0,100.0,0.0
320.0,2025-05-01,1825905,Bhubaneswar,BIKASH MISTRY,THRIVENI EARTHMOVERS PVT LTD,THEJAHL0C00000499,ZX470H,,27868.0,2025-05-22 00:00:00,2025-05-29 00:00:00,1582147,MAINTENANCE,4363399,PUMP DRAIN FILTER,2.0,4182,8364.0,0.2,6691.2,0.18,1204.416,7895.616,,2,1013276831,2025-09-06 00:00:00,0.0,0.0,0.0,0.0,0.0,6523.5,0.0,0.0,0.0,0.0,0.0,0.0,,,,,,,6523.5,1,1840.5,1672.8000000000002,7.0,100.0,0.0
321.0,2025-05-01,1825905,Bhubaneswar,BIKASH MISTRY,THRIVENI EARTHMOVERS PVT LTD,THEJAHL0C00000499,ZX470H,,27868.0,2025-05-22 00:00:00,2025-05-29 00:00:00,1582147,MAINTENANCE,1105353,AIR FILTER INNER,5.0,6598,32990.0,0.2,26392.0,0.18,4750.5599999999995,31142.559999999998,,5,1013271955,2025-05-14 00:00:00,0.0,26392.0,0.0,0.0,0.0,0.0,0.0,0.0,0.0,0.0,0.0,0.0,,,,,,,26392.0,1,6598.0,6598.0,7.0,,0.0
322.0,2025-05-01,1825905,Bhubaneswar,BIKASH MISTRY,THRIVENI EARTHMOVERS PVT LTD,THEJAHL0C00000499,ZX470H,,27868.0,2025-05-22 00:00:00,2025-05-29 00:00:00,1582147,MAINTENANCE,1209163,AIR FILTER OUTER,5.0,11373,56865.0,0.2,45492.0,0.18,8188.5599999999995,53680.56,,5,1013171955,2025-05-14 00:00:00,0.0,45492.0,0.0,0.0,0.0,0.0,0.0,0.0,0.0,0.0,0.0,0.0,,,,,,,45492.0,1,11373.0,11373.0,7.0,,0.0
323.0,2025-05-01,1825905,Bhubaneswar,BIKASH MISTRY,THRIVENI EARTHMOVERS PVT LTD,THEJAHL0C00000499,ZX470H,,27868.0,2025-05-22 00:00:00,2025-05-29 00:00:00,1582147,MAINTENANCE,4437838,AIR BREATHER FILTER,4.0,1695,6780.0,0.2,5424.0,0.18,976.3199999999999,6400.32,,4,1013279802,2025-11-21 00:00:00,0.0,0.0,0.0,0.0,0.0,0.0,0.0,5085.0,0.0,0.0,0.0,0.0,,,,,,,5085.0,1,1695.0,1356.0,7.0,176.0,0.0
324.0,2025-05-01,1825905,Bhubaneswar,BIKASH MISTRY,THRIVENI EARTHMOVERS PVT LTD,THEJAHL0C00000499,ZX470H,,27868.0,2025-05-22 00:00:00,2025-05-29 00:00:00,1582147,MAINTENANCE,YA00001490,AC FILTER,3.0,4607,13821.0,0.2,11056.8,0.18,1990.2239999999997,13047.024,,3,1013271955,2025-05-14 00:00:00,0.0,11056.8,0.0,0.0,0.0,0.0,0.0,0.0,0.0,0.0,0.0,0.0,,,,,,,11056.8,1,2764.2000000000007,2764.2000000000007,7.0,,0.0
325.0,2025-05-01,1825905,Bhubaneswar,BIKASH MISTRY,THRIVENI EARTHMOVERS PVT LTD,THEJAHL0C00000499,ZX470H,,27868.0,2025-05-22 00:00:00,2025-05-29 00:00:00,1582147,MAINTENANCE,4632689,CIRCULATING AIR FILTER AC,2.0,3752,7504.0,0.2,6003.2,0.18,1080.576,7083.776,,2,1013272762,2025-05-29 00:00:00,0.0,6003.2,0.0,0.0,0.0,0.0,0.0,0.0,0.0,0.0,0.0,0.0,,,,,,,6003.2,1,1500.8000000000002,1500.8000000000002,7.0,0.0,0.0
326.0,2025-05-01,1825905,Bhubaneswar,BIKASH MISTRY,THRIVENI EARTHMOVERS PVT LTD,THEJAHL0C00000499,ZX470H,,27868.0,2025-05-22 00:00:00,2025-05-29 00:00:00,1582150,PLANNING,4612763,AC BELT,1.0,8206,8206.0,0.2,6564.8,0.18,1181.664,7746.464,,,,,0.0,0.0,0.0,0.0,0.0,0.0,0.0,0.0,0.0,0.0,0.0,0.0,,,,,,,0.0,0,8206.0,1641.1999999999998,7.0,,8206.0
327.0,2025-05-01,1825944,Bhubaneswar,NIRANJAN DAS,BAJWA INFRASTRUCTURE PVT LTD,THEJHAL0K00000281,ZX470H,,1009491.0,2025-05-07 00:00:00,2025-05-23 00:00:00,1574489,EMERGENCY,4653041,SEAL KIT,1.0,50096,50096.0,0.0,50096.0,0.18,9017.279999999999,59113.28,,1,1013272045,2025-05-16 00:00:00,0.0,45086.4,0.0,0.0,0.0,0.0,0.0,0.0,0.0,0.0,0.0,0.0,,,,,,,45086.4,1,5009.5999999999985,0.0,16.0,,0.0
328.0,2025-05-01,1825944,Bhubaneswar,NIRANJAN DAS,BAJWA INFRASTRUCTURE PVT LTD,THEJHAL0K00000281,ZX470H,,1009491.0,2025-05-07 00:00:00,2025-05-23 00:00:00,1574489,EMERGENCY,972305,RING SLIDE,1.0,7937,7937.0,0.0,7937.0,0.18,1428.6599999999999,9365.66,,1,1013272045,2025-05-16 00:00:00,0.0,7143.3,0.0,0.0,0.0,0.0,0.0,0.0,0.0,0.0,0.0,0.0,,,,,,,7143.3,1,793.6999999999998,0.0,16.0,,0.0
329.0,2025-05-01,1825944,Bhubaneswar,NIRANJAN DAS,BAJWA INFRASTRUCTURE PVT LTD,THEJHAL0K00000281,ZX470H,,1009491.0,2025-05-07 00:00:00,2025-05-23 00:00:00,1574489,EMERGENCY,242512,RING,1.0,5921,5921.0,0.0,5921.0,0.18,1065.78,6986.78,,1,1013272045,2025-05-16 00:00:00,0.0,5328.9,0.0,0.0,0.0,0.0,0.0,0.0,0.0,0.0,0.0,0.0,,,,,,,5328.9,1,592.1000000000004,0.0,16.0,,0.0
330.0,2025-05-01,1825944,Bhubaneswar,NIRANJAN DAS,BAJWA INFRASTRUCTURE PVT LTD,THEJHAL0K00000281,ZX470H,,1009491.0,2025-05-07 00:00:00,2025-05-23 00:00:00,1574489,EMERGENCY,YB00000641,GROUP SEAL,1.0,70378,70378.0,0.0,70378.0,0.18,12668.039999999999,83046.04,,1,1013272045,2025-05-16 00:00:00,0.0,63340.2,0.0,0.0,0.0,0.0,0.0,0.0,0.0,0.0,0.0,0.0,,,,,,,63340.2,1,7037.800000000003,0.0,16.0,,0.0
331.0,2025-05-01,1825944,Bhubaneswar,NIRANJAN DAS,BAJWA INFRASTRUCTURE PVT LTD,THEJHAL0K00000281,ZX470H,,1009491.0,2025-05-07 00:00:00,2025-05-23 00:00:00,1574561,MAINTENANCE,4654745,HYDRAULIC TANK FILTER,1.0,11347,11347.0,0.0,11347.0,0.18,2042.46,13389.46,,,,,0.0,0.0,0.0,0.0,0.0,0.0,0.0,0.0,0.0,0.0,0.0,0.0,,,,,,,0.0,0,11347.0,0.0,16.0,,11347.0
332.0,2025-05-01,1825944,Bhubaneswar,NIRANJAN DAS,BAJWA INFRASTRUCTURE PVT LTD,THEJHAL0K00000281,ZX470H,,1009491.0,2025-05-07 00:00:00,2025-05-23 00:00:00,1574561,MAINTENANCE,4630525,PILOT FILTER,1.0,2943,2943.0,0.0,2943.0,0.18,529.74,3472.74,,,,,0.0,0.0,0.0,0.0,0.0,0.0,0.0,0.0,0.0,0.0,0.0,0.0,,,,,,,0.0,0,2943.0,0.0,16.0,,2943.0
333.0,2025-05-01,1825944,Bhubaneswar,NIRANJAN DAS,BAJWA INFRASTRUCTURE PVT LTD,THEJHAL0K00000281,ZX470H,,1009491.0,2025-05-07 00:00:00,2025-05-23 00:00:00,1574561,MAINTENANCE,4363399,PUMP DRAIN FILTER,1.0,4182,4182.0,0.0,4182.0,0.18,752.76,4934.76,,,,,0.0,0.0,0.0,0.0,0.0,0.0,0.0,0.0,0.0,0.0,0.0,0.0,,,,,,,0.0,0,4182.0,0.0,16.0,,4182.0
334.0,2025-05-01,1825944,Bhubaneswar,NIRANJAN DAS,BAJWA INFRASTRUCTURE PVT LTD,THEJHAL0K00000281,ZX470H,,1009491.0,2025-05-07 00:00:00,2025-05-23 00:00:00,1574561,MAINTENANCE,4437838,AIR BREATHER FILTER,1.0,1695,1695.0,0.0,1695.0,0.18,305.09999999999997,2000.1,,,,,0.0,0.0,0.0,0.0,0.0,0.0,0.0,0.0,0.0,0.0,0.0,0.0,,,,,,,0.0,0,1695.0,0.0,16.0,,1695.0
335.0,2025-05-01,1825944,Bhubaneswar,NIRANJAN DAS,BAJWA INFRASTRUCTURE PVT LTD,THEJHAL0K00000281,ZX470H,,1009491.0,2025-05-07 00:00:00,2025-05-23 00:00:00,1574561,MAINTENANCE,YA00058283,ENGINE OIL FILTER,2.0,2615,5230.0,0.0,5230.0,0.18,941.4,6171.4,,,,,0.0,0.0,0.0,0.0,0.0,0.0,0.0,0.0,0.0,0.0,0.0,0.0,,,,,,,0.0,0,5230.0,0.0,16.0,,5230.0
336.0,2025-05-01,1825944,Bhubaneswar,NIRANJAN DAS,BAJWA INFRASTRUCTURE PVT LTD,THEJHAL0K00000281,ZX470H,,1009491.0,2025-05-07 00:00:00,2025-05-23 00:00:00,1574561,MAINTENANCE,4078360,PRIMARY FUEL FILTER,1.0,1306,1306.0,0.0,1306.0,0.18,235.07999999999998,1541.08,,1,1013285248,2026-02-28 00:00:00,0.0,0.0,0.0,0.0,0.0,0.0,0.0,0.0,0.0,0.0,1014.0,0.0,,,,,,,1014.0,1,292.0,0.0,16.0,281.0,0.0
337.0,2025-05-01,1825944,Bhubaneswar,NIRANJAN DAS,BAJWA INFRASTRUCTURE PVT LTD,THEJHAL0K00000281,ZX470H,,1009491.0,2025-05-07 00:00:00,2025-05-23 00:00:00,1574561,MAINTENANCE,4616864,FUEL FILTER,1.0,2261,2261.0,0.0,2261.0,0.18,406.97999999999996,2667.98,,1,1013285248,2026-02-28 00:00:00,0.0,0.0,0.0,0.0,0.0,0.0,0.0,0.0,0.0,0.0,1763.25,0.0,,,,,,,1763.25,1,497.75,0.0,16.0,281.0,0.0
338.0,2025-05-01,1825944,Bhubaneswar,NIRANJAN DAS,BAJWA INFRASTRUCTURE PVT LTD,THEJHAL0K00000281,ZX470H,,1009491.0,2025-05-07 00:00:00,2025-05-23 00:00:00,1574561,MAINTENANCE,1209163,AIR FILTER OUTER,1.0,11373,11373.0,0.0,11373.0,0.18,2047.1399999999999,13420.14,,1,1013285248,2026-02-28 00:00:00,0.0,0.0,0.0,0.0,0.0,0.0,0.0,0.0,0.0,0.0,8871.0,0.0,,,,,,,8871.0,1,2502.0,0.0,16.0,281.0,0.0
339.0,2025-05-01,1825944,Bhubaneswar,NIRANJAN DAS,BAJWA INFRASTRUCTURE PVT LTD,THEJHAL0K00000281,ZX470H,,1009491.0,2025-05-07 00:00:00,2025-05-23 00:00:00,1574567,PLANNING,4633668,FAN BELT,1.0,13537,13537.0,0.0,13537.0,0.18,2436.66,15973.66,,,,,0.0,0.0,0.0,0.0,0.0,0.0,0.0,0.0,0.0,0.0,0.0,0.0,,,,,,,0.0,0,13537.0,0.0,16.0,,13537.0
340.0,2025-05-01,1825944,Bhubaneswar,NIRANJAN DAS,SHRI JAGANNATH STEEL & POWER LTD,THEJHAL0P00000490,ZX470H,,110703.0,2025-05-06 00:00:00,2025-05-23 00:00:00,1574596,EMERGENCY,4469585,VALVE REDUCING,1.0,52754,52754.0,0.0,52754.0,0.18,9495.72,62249.72,,1,1013271965,2025-05-15 00:00:00,0.0,42203.2,0.0,0.0,0.0,0.0,0.0,0.0,0.0,0.0,0.0,0.0,,,,,,,42203.2,1,10550.800000000003,0.0,17.0,,0.0
341.0,2025-05-01,1825944,Bhubaneswar,NIRANJAN DAS,SHRI JAGANNATH STEEL & POWER LTD,THEJHAL0P00000490,ZX470H,,110703.0,2025-05-06 00:00:00,2025-05-23 00:00:00,1574596,EMERGENCY,YA60036664,CONTROLLER,1.0,139369,139369.0,0.0,139369.0,0.18,25086.42,164455.41999999998,,1,1013272674,2025-05-28 00:00:00,0.0,111495.2,0.0,0.0,0.0,0.0,0.0,0.0,0.0,0.0,0.0,0.0,,,,,,,111495.2,1,27873.800000000003,0.0,17.0,5.0,0.0
342.0,2025-05-01,1825944,Bhubaneswar,NIRANJAN DAS,SHRI JAGANNATH STEEL & POWER LTD,THEJHAL0P00000490,ZX470H,,110703.0,2025-05-06 00:00:00,2025-05-23 00:00:00,1574599,MAINTENANCE,4654745,HYDRAULIC TANK FILTER,2.0,11347,22694.0,0.0,22694.0,0.18,4084.92,26778.92,,,,,0.0,0.0,0.0,0.0,0.0,0.0,0.0,0.0,0.0,0.0,0.0,0.0,,,,,,,0.0,0,22694.0,0.0,17.0,,22694.0
343.0,2025-05-01,1825944,Bhubaneswar,NIRANJAN DAS,SHRI JAGANNATH STEEL & POWER LTD,THEJHAL0P00000490,ZX470H,,110703.0,2025-05-06 00:00:00,2025-05-23 00:00:00,1574599,MAINTENANCE,4630525,PILOT FILTER,2.0,2943,5886.0,0.0,5886.0,0.18,1059.48,6945.48,,2,1013273819,2025-06-19 00:00:00,0.0,0.0,4708.8,0.0,0.0,0.0,0.0,0.0,0.0,0.0,0.0,0.0,,,,,,,4708.8,1,1177.1999999999998,0.0,17.0,27.0,0.0
344.0,2025-05-01,1825944,Bhubaneswar,NIRANJAN DAS,SHRI JAGANNATH STEEL & POWER LTD,THEJHAL0P00000490,ZX470H,,110703.0,2025-05-06 00:00:00,2025-05-23 00:00:00,1574599,MAINTENANCE,4363399,PUMP DRAIN FILTER,2.0,4182,8364.0,0.0,8364.0,0.18,1505.52,9869.52,,2,1013273819,2025-06-19 00:00:00,0.0,0.0,6691.2,0.0,0.0,0.0,0.0,0.0,0.0,0.0,0.0,0.0,,,,,,,6691.2,1,1672.8000000000002,0.0,17.0,27.0,0.0
345.0,2025-05-01,1825944,Bhubaneswar,NIRANJAN DAS,SHRI JAGANNATH STEEL & POWER LTD,THEJHAL0P00000490,ZX470H,,110703.0,2025-05-06 00:00:00,2025-05-23 00:00:00,1574599,MAINTENANCE,4437838,AIR BREATHER FILTER,2.0,1695,3390.0,0.0,3390.0,0.18,610.1999999999999,4000.2,,2,1013276922,2025-09-08 00:00:00,0.0,0.0,0.0,0.0,0.0,2712.0,0.0,0.0,0.0,0.0,0.0,0.0,,,,,,,2712.0,1,678.0,0.0,17.0,108.0,0.0
346.0,2025-05-01,1825944,Bhubaneswar,NIRANJAN DAS,SHRI JAGANNATH STEEL & POWER LTD,THEJHAL0P00000490,ZX470H,,110703.0,2025-05-06 00:00:00,2025-05-23 00:00:00,1574599,MAINTENANCE,YA00058283,ENGINE OIL FILTER,4.0,2615,10460.0,0.0,10460.0,0.18,1882.8,12342.8,,4,1013272183,2025-05-19 00:00:00,0.0,8368.0,0.0,0.0,0.0,0.0,0.0,0.0,0.0,0.0,0.0,0.0,,,,,,,8368.0,1,2092.0,0.0,17.0,,0.0
347.0,2025-05-01,1825944,Bhubaneswar,NIRANJAN DAS,SHRI JAGANNATH STEEL & POWER LTD,THEJHAL0P00000490,ZX470H,,110703.0,2025-05-06 00:00:00,2025-05-23 00:00:00,1574599,MAINTENANCE,4078360,PRIMARY FUEL FILTER,4.0,1306,5224.0,0.0,5224.0,0.18,940.3199999999999,6164.32,,4,1013272183,2025-05-19 00:00:00,0.0,4179.2,0.0,0.0,0.0,0.0,0.0,0.0,0.0,0.0,0.0,0.0,,,,,,,4179.2,1,1044.8000000000002,0.0,17.0,,0.0
348.0,2025-05-01,1825944,Bhubaneswar,NIRANJAN DAS,SHRI JAGANNATH STEEL & POWER LTD,THEJHAL0P00000490,ZX470H,,110703.0,2025-05-06 00:00:00,2025-05-23 00:00:00,1574599,MAINTENANCE,4616864,FUEL FILTER,4.0,2261,9044.0,0.0,9044.0,0.18,1627.9199999999998,10671.92,,4,1013272183,2025-05-19 00:00:00,0.0,7235.200000000001,0.0,0.0,0.0,0.0,0.0,0.0,0.0,0.0,0.0,0.0,,,,,,,7235.200000000001,1,1808.7999999999993,0.0,17.0,,0.0
349.0,2025-05-01,1825944,Bhubaneswar,NIRANJAN DAS,SHRI JAGANNATH STEEL & POWER LTD,THEJHAL0P00000490,ZX470H,,110703.0,2025-05-06 00:00:00,2025-05-23 00:00:00,1574599,MAINTENANCE,1209163,AIR FILTER OUTER,2.0,11373,22746.0,0.0,22746.0,0.18,4094.2799999999997,26840.28,,2,1013282183,2025-05-19 00:00:00,0.0,18196.8,0.0,0.0,0.0,0.0,0.0,0.0,0.0,0.0,0.0,0.0,,,,,,,18196.8,1,4549.200000000001,0.0,17.0,,0.0
350.0,2025-05-01,1825944,Bhubaneswar,NIRANJAN DAS,SHRI JAGANNATH STEEL & POWER LTD,THEJHAL0P00000490,ZX470H,,110703.0,2025-05-06 00:00:00,2025-05-23 00:00:00,1574599,MAINTENANCE,1105353,AIR FILTER INNER,1.0,6598,6598.0,0.0,6598.0,0.18,1187.6399999999999,7785.639999999999,,1,1013274117,2025-06-26 00:00:00,0.0,0.0,5278.4,0.0,0.0,0.0,0.0,0.0,0.0,0.0,0.0,0.0,,,,,,,5278.4,1,1319.6000000000004,0.0,17.0,34.0,0.0
351.0,2025-06-01,1870201,Bhubaneswar,BIKASH MISTRY,KJS PELLETS & POWER PVT LTD,THEJAHL0E00000825,ZX470H,,1108453.0,2025-06-03 00:00:00,2025-06-20 00:00:00,1609308,EMERGENCY,4653042,SEAL KIT BUCKET,1.0,36557,36557.0,0.2,29245.6,0.18,5264.208,34509.808,,,,,0.0,0.0,0.0,0.0,0.0,0.0,0.0,0.0,0.0,0.0,0.0,0.0,,,,,,,0.0,0,36557.0,7311.4000000000015,17.0,,36557.0
352.0,2025-06-01,1870201,Bhubaneswar,BIKASH MISTRY,KJS PELLETS & POWER PVT LTD,THEJAHL0E00000825,ZX470H,,1108453.0,2025-06-03 00:00:00,2025-06-20 00:00:00,1609308,EMERGENCY,972106,RING SLIDE,2.0,4619,9238.0,0.2,7390.4,0.18,1330.272,8720.671999999999,,2,1013273547,2025-06-13 00:00:00,0.0,0.0,7390.400000000001,0.0,0.0,0.0,0.0,0.0,0.0,0.0,0.0,0.0,,,,,,,7390.400000000001,1,1847.5999999999995,1847.6000000000004,17.0,,0.0
353.0,2025-06-01,1870201,Bhubaneswar,BIKASH MISTRY,KJS PELLETS & POWER PVT LTD,THEJAHL0E00000825,ZX470H,,1108453.0,2025-06-03 00:00:00,2025-06-20 00:00:00,1609308,EMERGENCY,259307,RING SLIDE,2.0,5090,10180.0,0.2,8144.0,0.18,1465.9199999999998,9609.92,,2,1013273696,2025-06-17 00:00:00,0.0,0.0,8144.0,0.0,0.0,0.0,0.0,0.0,0.0,0.0,0.0,0.0,,,,,,,8144.0,1,2036.0,2036.0,17.0,,0.0
354.0,2025-06-01,1870201,Bhubaneswar,BIKASH MISTRY,KJS PELLETS & POWER PVT LTD,THEJAHL0E00000825,ZX470H,,1108453.0,2025-06-03 00:00:00,2025-06-20 00:00:00,1609308,EMERGENCY,TD08548,BUSHING,2.0,8006,16012.0,0.2,12809.6,0.18,2305.728,15115.328000000001,,2,1013274376,2025-07-02 00:00:00,0.0,0.0,0.0,12809.6,0.0,0.0,0.0,0.0,0.0,0.0,0.0,0.0,,,,,,,12809.6,1,3202.3999999999996,3202.3999999999996,17.0,12.0,0.0
355.0,2025-06-01,1870201,Bhubaneswar,BIKASH MISTRY,KJS PELLETS & POWER PVT LTD,THEJAHL0E00000825,ZX470H,,1108453.0,2025-06-03 00:00:00,2025-06-20 00:00:00,1609308,EMERGENCY,TD08552,PIN,1.0,16249,16249.0,0.2,12999.2,0.18,2339.856,15339.056,,1,1013274376,2025-07-02 00:00:00,0.0,0.0,0.0,12999.2,0.0,0.0,0.0,0.0,0.0,0.0,0.0,0.0,,,,,,,12999.2,1,3249.7999999999993,3249.7999999999993,17.0,12.0,0.0
356.0,2025-06-01,1870201,Bhubaneswar,BIKASH MISTRY,KJS PELLETS & POWER PVT LTD,THEJAHL0E00000825,ZX470H,,1108453.0,2025-06-03 00:00:00,2025-06-20 00:00:00,1609308,EMERGENCY,4251212,DUST SEAL,2.0,3320,6640.0,0.2,5312.0,0.18,956.16,6268.16,,2,1013273699,2025-06-17 00:00:00,0.0,0.0,5312.0,0.0,0.0,0.0,0.0,0.0,0.0,0.0,0.0,0.0,,,,,,,5312.0,1,1328.0,1328.0,17.0,,0.0
357.0,2025-06-01,1870201,Bhubaneswar,BIKASH MISTRY,KJS PELLETS & POWER PVT LTD,THEJAHL0E00000825,ZX470H,,1108453.0,2025-06-03 00:00:00,2025-06-20 00:00:00,1609308,EMERGENCY,4089028,ORING,2.0,964,1928.0,0.2,1542.4,0.18,277.632,1820.0320000000002,,2,1310273818,2025-06-19 00:00:00,0.0,0.0,1542.4,0.0,0.0,0.0,0.0,0.0,0.0,0.0,0.0,0.0,,,,,,,1542.4,1,385.5999999999999,385.5999999999999,17.0,,0.0
358.0,2025-06-01,1870201,Bhubaneswar,BIKASH MISTRY,KJS PELLETS & POWER PVT LTD,THEJAHL0E00000825,ZX470H,,1108453.0,2025-06-03 00:00:00,2025-06-20 00:00:00,1609308,EMERGENCY,4653041,SEAL KIT ARM CYL,1.0,50096,50096.0,0.2,40076.8,0.18,7213.8240000000005,47290.624,,1,1013273696,2025-06-17 00:00:00,0.0,0.0,40076.8,0.0,0.0,0.0,0.0,0.0,0.0,0.0,0.0,0.0,,,,,,,40076.8,1,10019.199999999997,10019.199999999997,17.0,,0.0
359.0,2025-06-01,1870201,Bhubaneswar,BIKASH MISTRY,KJS PELLETS & POWER PVT LTD,THEJAHL0E00000825,ZX470H,,1108453.0,2025-06-03 00:00:00,2025-06-20 00:00:00,1609308,EMERGENCY,972305,RING SLIDE,2.0,7937,15874.0,0.2,12699.2,0.18,2285.856,14985.056,,2,1013273547,2025-06-13 00:00:00,0.0,0.0,12699.2,0.0,0.0,0.0,0.0,0.0,0.0,0.0,0.0,0.0,,,,,,,12699.2,1,3174.7999999999993,3174.7999999999993,17.0,,0.0
360.0,2025-06-01,1870201,Bhubaneswar,BIKASH MISTRY,KJS PELLETS & POWER PVT LTD,THEJAHL0E00000825,ZX470H,,1108453.0,2025-06-03 00:00:00,2025-06-20 00:00:00,1609308,EMERGENCY,242512,RING,2.0,5921,11842.0,0.2,9473.6,0.18,1705.248,11178.848,,2,101327998,2025-06-02 00:00:00,0.0,0.0,18947.2,0.0,0.0,0.0,0.0,0.0,0.0,0.0,0.0,0.0,,,,,,,18947.2,1,0.0,2368.3999999999996,17.0,,0.0
361.0,2025-06-01,1870201,Bhubaneswar,BIKASH MISTRY,KJS PELLETS & POWER PVT LTD,THEJAHL0E00000825,ZX470H,,1108453.0,2025-06-03 00:00:00,2025-06-20 00:00:00,1609308,EMERGENCY,4686432,KIT SEAL BOOM CYLINER(RIGHT),1.0,43108,43108.0,0.2,34486.4,0.18,6207.552,40693.952000000005,,1,1013273696,2025-06-17 00:00:00,0.0,0.0,34486.4,0.0,0.0,0.0,0.0,0.0,0.0,0.0,0.0,0.0,,,,,,,34486.4,1,8621.599999999999,8621.599999999999,17.0,,0.0
362.0,2025-06-01,1870201,Bhubaneswar,BIKASH MISTRY,KJS PELLETS & POWER PVT LTD,THEJAHL0E00000825,ZX470H,,1108453.0,2025-06-03 00:00:00,2025-06-20 00:00:00,1609308,EMERGENCY,4653040,KIT SEAL BOOM CYLINER(LEFT),1.0,85694,85694.0,0.2,68555.2,0.18,12339.936,80895.136,,,,,0.0,0.0,0.0,0.0,0.0,0.0,0.0,0.0,0.0,0.0,0.0,0.0,,,,,,,0.0,0,85694.0,17138.800000000003,17.0,,85694.0
363.0,2025-06-01,1870201,Bhubaneswar,BIKASH MISTRY,KJS PELLETS & POWER PVT LTD,THEJAHL0E00000825,ZX470H,,1108453.0,2025-06-03 00:00:00,2025-06-20 00:00:00,1609308,EMERGENCY,972106,RING;SLIDE,4.0,4619,18476.0,0.2,14780.8,0.18,2660.544,17441.343999999997,,4,,,0.0,0.0,14780.8,0.0,0.0,0.0,0.0,0.0,0.0,0.0,0.0,0.0,,,,,,,14780.8,1,3695.2000000000007,3695.2000000000007,17.0,,0.0
364.0,2025-06-01,1870201,Bhubaneswar,BIKASH MISTRY,KJS PELLETS & POWER PVT LTD,THEJAHL0E00000825,ZX470H,,1108453.0,2025-06-03 00:00:00,2025-06-20 00:00:00,1609308,EMERGENCY,259307,RING;SLIDE,4.0,5090,20360.0,0.2,16288.0,0.18,2931.8399999999997,19219.84,,4,1013273547,2025-06-13 00:00:00,8144.0,0.0,16288.0,0.0,0.0,0.0,0.0,0.0,0.0,0.0,0.0,0.0,,,,,,,24432.0,1,0.0,4072.0,17.0,,0.0
365.0,2025-06-01,1870201,Bhubaneswar,BIKASH MISTRY,KJS PELLETS & POWER PVT LTD,THEJAHL0E00000825,ZX470H,,1108453.0,2025-06-03 00:00:00,2025-06-20 00:00:00,1609357,MAINTENANCE,YA00058283,ENGINE OIL FILTER,2.0,2615,5230.0,0.2,4184.0,0.18,753.12,4937.12,,2,1013273819,2025-06-19 00:00:00,0.0,0.0,12552.0,0.0,0.0,0.0,0.0,0.0,0.0,0.0,0.0,0.0,,,,,,,12552.0,1,0.0,1046.0,17.0,,0.0
366.0,2025-06-01,1870201,Bhubaneswar,BIKASH MISTRY,KJS PELLETS & POWER PVT LTD,THEJAHL0E00000825,ZX470H,,1108453.0,2025-06-03 00:00:00,2025-06-20 00:00:00,1609357,MAINTENANCE,1105353,AIR FILTER INNER,1.0,6598,6598.0,0.2,5278.4,0.18,950.1119999999999,6228.512,,1,1013276922,2025-09-08 00:00:00,0.0,0.0,0.0,0.0,0.0,5489.6,0.0,0.0,0.0,0.0,0.0,0.0,,,,,,,5489.6,1,1108.3999999999996,1319.6000000000004,17.0,80.0,0.0
367.0,2025-06-01,1870201,Bhubaneswar,BIKASH MISTRY,KJS PELLETS & POWER PVT LTD,THEJAHL0E00000825,ZX470H,,1108453.0,2025-06-03 00:00:00,2025-06-20 00:00:00,1609357,MAINTENANCE,1209163,AIR FILTER OUTER,1.0,11373,11373.0,0.2,9098.4,0.18,1637.7119999999998,10736.112,,1,1013273819,2025-06-19 00:00:00,0.0,0.0,9098.4,0.0,0.0,0.0,0.0,0.0,0.0,0.0,0.0,0.0,,,,,,,9098.4,1,2274.6000000000004,2274.6000000000004,17.0,,0.0
368.0,2025-06-01,1870201,Bhubaneswar,BIKASH MISTRY,KJS PELLETS & POWER PVT LTD,THEJAHL0E00000825,ZX470H,,1108453.0,2025-06-03 00:00:00,2025-06-20 00:00:00,1609357,MAINTENANCE,4654745,HYDRAULIC TANK FILTER,1.0,11347,11347.0,0.2,9077.6,0.18,1633.968,10711.568000000001,,,,,0.0,0.0,0.0,0.0,0.0,0.0,0.0,0.0,0.0,0.0,0.0,0.0,,,,,,,0.0,0,11347.0,2269.3999999999996,17.0,,11347.0
369.0,2025-06-01,1870201,Bhubaneswar,BIKASH MISTRY,KJS PELLETS & POWER PVT LTD,THEJAHL0E00000825,ZX470H,,1108453.0,2025-06-03 00:00:00,2025-06-20 00:00:00,1609357,MAINTENANCE,4317008,HYD SUCTION FILTER,1.0,16563,16563.0,0.2,13250.4,0.18,2385.0719999999997,15635.472,,1,1013276922,2025-09-08 00:00:00,0.0,0.0,0.0,0.0,0.0,13912.8,0.0,0.0,0.0,0.0,0.0,0.0,,,,,,,13912.8,1,2650.2000000000007,3312.6000000000004,17.0,80.0,0.0
370.0,2025-06-01,1870201,Bhubaneswar,BIKASH MISTRY,KJS PELLETS & POWER PVT LTD,THEJAHL0E00000825,ZX470H,,1108453.0,2025-06-03 00:00:00,2025-06-20 00:00:00,1609357,MAINTENANCE,4630525,PILOT FILTER,1.0,2943,2943.0,0.2,2354.4,0.18,423.792,2778.192,,1,1013273819,2025-06-19 00:00:00,0.0,0.0,2354.4,0.0,0.0,0.0,0.0,0.0,0.0,0.0,0.0,0.0,,,,,,,2354.4,1,588.5999999999999,588.5999999999999,17.0,,0.0
371.0,2025-06-01,1870201,Bhubaneswar,BIKASH MISTRY,KJS PELLETS & POWER PVT LTD,THEJAHL0E00000825,ZX470H,,1108453.0,2025-06-03 00:00:00,2025-06-20 00:00:00,1609357,MAINTENANCE,YA00032683,AC FILTER,1.0,3752,3752.0,0.2,3001.6,0.18,540.288,3541.888,,1,1013274117,2025-06-26 00:00:00,0.0,0.0,3001.6,0.0,0.0,0.0,0.0,0.0,0.0,0.0,0.0,0.0,,,,,,,3001.6,1,750.4000000000001,750.4000000000001,17.0,6.0,0.0
372.0,2025-06-01,1870201,Bhubaneswar,BIKASH MISTRY,KJS PELLETS & POWER PVT LTD,THEJAHL0E00000825,ZX470H,,1108453.0,2025-06-03 00:00:00,2025-06-20 00:00:00,1609357,MAINTENANCE,YA00001490,AC FILTER,1.0,4607,4607.0,0.2,3685.6,0.18,663.408,4349.008,,2,1013274350,2025-07-01 00:00:00,0.0,0.0,0.0,3685.6,0.0,0.0,0.0,0.0,0.0,0.0,0.0,0.0,,,,,,,3685.6,1,921.4000000000001,921.4000000000001,17.0,11.0,0.0
373.0,2025-06-01,1870201,Bhubaneswar,BIKASH MISTRY,KJS PELLETS & POWER PVT LTD,THEJAHL0E00000825,ZX470H,,1108453.0,2025-06-03 00:00:00,2025-06-20 00:00:00,1609357,MAINTENANCE,4363399,PUMP DRAIN FILTER,1.0,4182,4182.0,0.2,3345.6,0.18,602.208,3947.808,,1,1013276097,2025-08-16 00:00:00,0.0,0.0,0.0,0.0,3479.2,0.0,0.0,0.0,0.0,0.0,0.0,0.0,,,,,,,3479.2,1,702.8000000000002,836.4000000000001,17.0,57.0,0.0
374.0,2025-06-01,1870201,Bhubaneswar,BIKASH MISTRY,KJS PELLETS & POWER PVT LTD,THEJAHL0E00000825,ZX470H,,1108453.0,2025-06-03 00:00:00,2025-06-20 00:00:00,1609357,MAINTENANCE,4078360,PRIMARY FUEL FILTER,2.0,1306,2612.0,0.2,2089.6,0.18,376.128,2465.728,,2,1013274117,2025-06-26 00:00:00,0.0,0.0,2089.6,0.0,0.0,0.0,0.0,0.0,0.0,0.0,0.0,0.0,,,,,,,2089.6,1,522.4000000000001,522.4000000000001,17.0,6.0,0.0
375.0,2025-06-01,1870201,Bhubaneswar,BIKASH MISTRY,KJS PELLETS & POWER PVT LTD,THEJAHL0E00000825,ZX470H,,1108453.0,2025-06-03 00:00:00,2025-06-20 00:00:00,1609357,MAINTENANCE,4616864,FUEL FILTER,2.0,2261,4522.0,0.2,3617.6,0.18,651.168,4268.768,,2,1013273819,2025-06-19 00:00:00,0.0,0.0,0.0,0.0,0.0,0.0,0.0,0.0,0.0,0.0,0.0,0.0,,,,,,,0.0,1,4522.0,904.4000000000001,17.0,,0.0
376.0,2025-06-01,1870201,Bhubaneswar,BIKASH MISTRY,KJS PELLETS & POWER PVT LTD,THEJAHL0E00000825,ZX470H,,1108453.0,2025-06-03 00:00:00,2025-06-20 00:00:00,1609357,MAINTENANCE,4437838,AIR BREATHER FILTER,1.0,1695,1695.0,0.2,1356.0,0.18,244.07999999999998,1600.08,,1,1013274619,2025-07-10 00:00:00,0.0,0.0,0.0,1356.0,0.0,0.0,0.0,0.0,0.0,0.0,0.0,0.0,,,,,,,1356.0,1,339.0,339.0,17.0,20.0,0.0
377.0,2025-06-01,1870201,Bhubaneswar,BIKASH MISTRY,KJS PELLETS & POWER PVT LTD,THEJAHL0E00000825,ZX470H,,1108453.0,2025-06-03 00:00:00,2025-06-20 00:00:00,1609391,PLANNING,4612763,AC BELT,1.0,8206,8206.0,0.2,6564.8,0.18,1181.664,7746.464,,,,,0.0,0.0,0.0,0.0,0.0,0.0,0.0,0.0,0.0,0.0,0.0,0.0,,,,,,,0.0,0,8206.0,1641.1999999999998,17.0,,8206.0
378.0,2025-06-01,1869440,Bhubaneswar,BIKASH MISTRY,KJS PELLETS & POWER PVT LTD,HCMJBE92A00050827,ZX870,,1108453.0,2025-06-05 00:00:00,2025-06-20 00:00:00,1609392,EMERGENCY,YA00001980,SPROCKET,2.0,211514,423028.0,0.2,338422.4,0.18,60916.032,399338.43200000003,,,,,0.0,0.0,0.0,0.0,0.0,0.0,0.0,0.0,0.0,0.0,0.0,0.0,,,,,,,0.0,0,423028.0,84605.59999999998,15.0,,423028.0
379.0,2025-06-01,1869440,Bhubaneswar,BIKASH MISTRY,KJS PELLETS & POWER PVT LTD,HCMJBE92A00050827,ZX870,,1108453.0,2025-06-05 00:00:00,2025-06-20 00:00:00,1609392,EMERGENCY,YA60051665,SHOE-ASSY,2.0,3255154,6510308.0,0.2,5208246.4,0.18,937484.3520000001,6145730.752,,,,,0.0,0.0,0.0,0.0,0.0,0.0,0.0,0.0,0.0,0.0,0.0,0.0,,,,,,,0.0,0,6510308.0,1302061.5999999996,15.0,,6510308.0
380.0,2025-06-01,1869440,Bhubaneswar,BIKASH MISTRY,KJS PELLETS & POWER PVT LTD,HCMJBE92A00050827,ZX870,,1108453.0,2025-06-05 00:00:00,2025-06-20 00:00:00,1609392,EMERGENCY,4638433,ROLLER;UPPER,6.0,99141,594846.0,0.2,475876.8,0.18,85657.824,561534.624,,,,,0.0,0.0,0.0,0.0,0.0,0.0,0.0,0.0,0.0,0.0,0.0,0.0,,,,,,,0.0,0,594846.0,118969.20000000001,15.0,,594846.0
381.0,2025-06-01,1869440,Bhubaneswar,BIKASH MISTRY,KJS PELLETS & POWER PVT LTD,HCMJBE92A00050827,ZX870,,1108453.0,2025-06-05 00:00:00,2025-06-20 00:00:00,1609392,EMERGENCY,4473720,LOWER ROLLER,18.0,187261,3370698.0,0.2,2696558.4,0.18,485380.512,3181938.912,,,,,0.0,0.0,0.0,0.0,0.0,0.0,0.0,0.0,0.0,0.0,0.0,0.0,,,,,,,0.0,0,3370698.0,674139.6000000001,15.0,,3370698.0
382.0,2025-06-01,1869440,Bhubaneswar,BIKASH MISTRY,KJS PELLETS & POWER PVT LTD,HCMJBE92A00050827,ZX870,,1108453.0,2025-06-05 00:00:00,2025-06-20 00:00:00,1609392,EMERGENCY,YA00026683,IDLER,2.0,899340,1798680.0,0.2,1438944.0,0.18,259009.91999999998,1697953.92,,,,,0.0,0.0,0.0,0.0,0.0,0.0,0.0,0.0,0.0,0.0,0.0,0.0,,,,,,,0.0,0,1798680.0,359736.0,15.0,,1798680.0
383.0,2025-06-01,1869440,Bhubaneswar,BIKASH MISTRY,KJS PELLETS & POWER PVT LTD,HCMJBE92A00050827,ZX870,,1108453.0,2025-06-05 00:00:00,2025-06-20 00:00:00,1609481,MAINTENANCE,4654745,HYDRAULIC TANK FILTER ,1.0,11347,11347.0,0.2,9077.6,0.18,1633.968,10711.568000000001,,1,1013285427,2026-03-06 00:00:00,0.0,0.0,0.0,0.0,0.0,0.0,0.0,0.0,0.0,0.0,0.0,8850.75,,,,,,,8850.75,1,2496.25,2269.3999999999996,15.0,259.0,0.0
384.0,2025-06-01,1869440,Bhubaneswar,BIKASH MISTRY,KJS PELLETS & POWER PVT LTD,HCMJBE92A00050827,ZX870,,1108453.0,2025-06-05 00:00:00,2025-06-20 00:00:00,1609481,MAINTENANCE,4630525,PILOT FILTER,1.0,2943,2943.0,0.2,2354.4,0.18,423.792,2778.192,,1,1013279542,2025-11-17 00:00:00,0.0,0.0,0.0,0.0,0.0,0.0,0.0,2284.5,0.0,0.0,0.0,0.0,,,,,,,2284.5,1,658.5,588.5999999999999,15.0,150.0,0.0
385.0,2025-06-01,1869440,Bhubaneswar,BIKASH MISTRY,KJS PELLETS & POWER PVT LTD,HCMJBE92A00050827,ZX870,,1108453.0,2025-06-05 00:00:00,2025-06-20 00:00:00,1609481,MAINTENANCE,4317008,HYD SUCTION FILTER,1.0,16563,16563.0,0.2,13250.4,0.18,2385.0719999999997,15635.472,,1,1013276922,2025-09-08 00:00:00,0.0,0.0,0.0,0.0,0.0,13912.8,0.0,0.0,0.0,0.0,0.0,0.0,,,,,,,13912.8,1,2650.2000000000007,3312.6000000000004,15.0,80.0,0.0
386.0,2025-06-01,1869440,Bhubaneswar,BIKASH MISTRY,KJS PELLETS & POWER PVT LTD,HCMJBE92A00050827,ZX870,,1108453.0,2025-06-05 00:00:00,2025-06-20 00:00:00,1609481,MAINTENANCE,4363399,PUMP DRAIN FILTER,1.0,4182,4182.0,0.2,3345.6,0.18,602.208,3947.808,,1,1013276097,2025-08-16 00:00:00,0.0,0.0,0.0,0.0,3479.2,0.0,0.0,0.0,0.0,0.0,0.0,0.0,,,,,,,3479.2,1,702.8000000000002,836.4000000000001,15.0,57.0,0.0
387.0,2025-06-01,1869440,Bhubaneswar,BIKASH MISTRY,KJS PELLETS & POWER PVT LTD,HCMJBE92A00050827,ZX870,,1108453.0,2025-06-05 00:00:00,2025-06-20 00:00:00,1609481,MAINTENANCE,4437838,AIR BREATHER FILTER,1.0,1695,1695.0,0.2,1356.0,0.18,244.07999999999998,1600.08,,1,1013274619,2025-07-10 00:00:00,0.0,0.0,0.0,1356.0,0.0,0.0,0.0,0.0,0.0,0.0,0.0,0.0,,,,,,,1356.0,1,339.0,339.0,15.0,20.0,0.0
388.0,2025-06-01,1869440,Bhubaneswar,BIKASH MISTRY,KJS PELLETS & POWER PVT LTD,HCMJBE92A00050827,ZX870,,1108453.0,2025-06-05 00:00:00,2025-06-20 00:00:00,1609481,MAINTENANCE,YA00058283,ENGINE OIL FILTER,2.0,2615,5230.0,0.2,4184.0,0.18,753.12,4937.12,,1,1013273819,2025-06-19 00:00:00,0.0,0.0,6276.0,0.0,0.0,0.0,0.0,0.0,0.0,0.0,0.0,0.0,,,,,,,6276.0,1,0.0,1046.0,15.0,,0.0
389.0,2025-06-01,1869440,Bhubaneswar,BIKASH MISTRY,KJS PELLETS & POWER PVT LTD,HCMJBE92A00050827,ZX870,,1108453.0,2025-06-05 00:00:00,2025-06-20 00:00:00,1609481,MAINTENANCE,4078360,PRIMARY FUEL FILTER,1.0,1306,1306.0,0.2,1044.8,0.18,188.064,1232.864,,1,1013276097,2025-08-16 00:00:00,0.0,0.0,0.0,0.0,1081.6,0.0,0.0,0.0,0.0,0.0,0.0,0.0,,,,,,,1081.6,1,224.4000000000001,261.20000000000005,15.0,57.0,0.0
390.0,2025-06-01,1869440,Bhubaneswar,BIKASH MISTRY,KJS PELLETS & POWER PVT LTD,HCMJBE92A00050827,ZX870,,1108453.0,2025-06-05 00:00:00,2025-06-20 00:00:00,1609481,MAINTENANCE,4616864,FUEL FILTER,1.0,2261,2261.0,0.2,1808.8,0.18,325.584,2134.384,,1,1013276097,2025-08-16 00:00:00,0.0,0.0,0.0,0.0,1880.8,0.0,0.0,0.0,0.0,0.0,0.0,0.0,,,,,,,1880.8,1,380.20000000000005,452.20000000000005,15.0,57.0,0.0
391.0,2025-06-01,1869440,Bhubaneswar,BIKASH MISTRY,KJS PELLETS & POWER PVT LTD,HCMJBE92A00050827,ZX870,,1108453.0,2025-06-05 00:00:00,2025-06-20 00:00:00,1609481,MAINTENANCE,1199364,AIR FILTER OUTER,1.0,21184,21184.0,0.2,16947.2,0.18,3050.496,19997.696,,1,101327417,2025-06-26 00:00:00,0.0,0.0,16947.2,0.0,0.0,0.0,0.0,0.0,0.0,0.0,0.0,0.0,,,,,,,16947.2,1,4236.799999999999,4236.799999999999,15.0,6.0,0.0
392.0,2025-06-01,1869440,Bhubaneswar,BIKASH MISTRY,KJS PELLETS & POWER PVT LTD,HCMJBE92A00050827,ZX870,,1108453.0,2025-06-05 00:00:00,2025-06-20 00:00:00,1609481,MAINTENANCE,1168261,AIR FILTER INNER,1.0,17974,17974.0,0.2,14379.2,0.18,2588.256,16967.456000000002,,,,,0.0,0.0,0.0,0.0,0.0,0.0,0.0,0.0,0.0,0.0,0.0,0.0,,,,,,,0.0,0,17974.0,3594.7999999999993,15.0,,17974.0
393.0,2025-06-01,1869440,Bhubaneswar,BIKASH MISTRY,KJS PELLETS & POWER PVT LTD,HCMJBE92A00050827,ZX870,,1108453.0,2025-06-05 00:00:00,2025-06-20 00:00:00,1609489,PLANNING,4612763,AC BELT,1.0,8206,8206.0,0.2,6564.8,0.18,1181.664,7746.464,,,,,0.0,0.0,0.0,0.0,0.0,0.0,0.0,0.0,0.0,0.0,0.0,0.0,,,,,,,0.0,0,8206.0,1641.1999999999998,15.0,,8206.0
394.0,2025-06-01,1870157,Bhubaneswar,BIKASH MISTRY,THRIVENI EARTHMOVERS PVT LTD,THEJAHL0J00000492,ZX470H,,27868.0,2025-06-09 00:00:00,2025-06-20 00:00:00,1609068,EMERGENCY,TD08548,BUSH,2.0,8006,16012.0,0.2,12809.6,0.18,2305.728,15115.328000000001,,2,1013287020,2026-03-31 00:00:00,0.0,0.0,0.0,0.0,0.0,0.0,0.0,0.0,0.0,0.0,0.0,13321.6,,,,,,,13321.6,1,2690.3999999999996,3202.3999999999996,11.0,284.0,0.0
395.0,2025-06-01,1870157,Bhubaneswar,BIKASH MISTRY,THRIVENI EARTHMOVERS PVT LTD,THEJAHL0J00000492,ZX470H,,27868.0,2025-06-09 00:00:00,2025-06-20 00:00:00,1609068,EMERGENCY,TD08552,PIN,1.0,16249,16249.0,0.2,12999.2,0.18,2339.856,15339.056,,1,1013285235,2026-02-28 00:00:00,0.0,0.0,0.0,0.0,0.0,0.0,0.0,0.0,0.0,0.0,11829.3,0.0,,,,,,,11829.3,1,4419.700000000001,3249.7999999999993,11.0,253.0,0.0
396.0,2025-06-01,1870157,Bhubaneswar,BIKASH MISTRY,THRIVENI EARTHMOVERS PVT LTD,THEJAHL0J00000492,ZX470H,,27868.0,2025-06-09 00:00:00,2025-06-20 00:00:00,1609143,MAINTENANCE,4363399,PUMP DRAIN FILTER,1.0,4182,4182.0,0.2,3345.6,0.18,602.208,3947.808,,1,1013276831,2025-09-06 00:00:00,0.0,0.0,0.0,0.0,0.0,3261.75,0.0,0.0,0.0,0.0,0.0,0.0,,,,,,,3261.75,1,920.25,836.4000000000001,11.0,78.0,0.0
397.0,2025-06-01,1870157,Bhubaneswar,BIKASH MISTRY,THRIVENI EARTHMOVERS PVT LTD,THEJAHL0J00000492,ZX470H,,27868.0,2025-06-09 00:00:00,2025-06-20 00:00:00,1609143,MAINTENANCE,4654745,HYDRAULIC TANK FILTER,1.0,11347,11347.0,0.2,9077.6,0.18,1633.968,10711.568000000001,,1,1013274108,2025-06-26 00:00:00,0.0,0.0,9077.6,0.0,0.0,0.0,0.0,0.0,0.0,0.0,0.0,0.0,,,,,,,9077.6,1,2269.3999999999996,2269.3999999999996,11.0,6.0,0.0
398.0,2025-06-01,1870157,Bhubaneswar,BIKASH MISTRY,THRIVENI EARTHMOVERS PVT LTD,THEJAHL0J00000492,ZX470H,,27868.0,2025-06-09 00:00:00,2025-06-20 00:00:00,1609143,MAINTENANCE,1105353,AIR FILTER INNER,1.0,6598,6598.0,0.2,5278.4,0.18,950.1119999999999,6228.512,,1,1013274108,2025-06-26 00:00:00,0.0,0.0,5278.4,0.0,0.0,0.0,0.0,0.0,0.0,0.0,0.0,0.0,,,,,,,5278.4,1,1319.6000000000004,1319.6000000000004,11.0,6.0,0.0
399.0,2025-06-01,1870157,Bhubaneswar,BIKASH MISTRY,THRIVENI EARTHMOVERS PVT LTD,THEJAHL0J00000492,ZX470H,,27868.0,2025-06-09 00:00:00,2025-06-20 00:00:00,1609143,MAINTENANCE,1209163,AIR FILTER OUTER,1.0,11373,11373.0,2.2,-13647.600000000002,0.18,-2456.568,-16104.168000000001,,1,1013274108,2025-06-26 00:00:00,0.0,0.0,9098.4,0.0,0.0,0.0,0.0,0.0,0.0,0.0,0.0,0.0,,,,,,,9098.4,1,2274.6000000000004,25020.600000000002,11.0,6.0,0.0
400.0,2025-06-01,1870157,Bhubaneswar,BIKASH MISTRY,THRIVENI EARTHMOVERS PVT LTD,THEJAHL0J00000492,ZX470H,,27868.0,2025-06-09 00:00:00,2025-06-20 00:00:00,1609143,MAINTENANCE,4616864,FUEL FILTER,1.0,2261,2261.0,0.2,1808.8,0.18,325.584,2134.384,,1,1013274108,2025-06-26 00:00:00,0.0,0.0,1808.8,0.0,0.0,0.0,0.0,0.0,0.0,0.0,0.0,0.0,,,,,,,1808.8,1,452.20000000000005,452.20000000000005,11.0,6.0,0.0
401.0,2025-06-01,1870157,Bhubaneswar,BIKASH MISTRY,THRIVENI EARTHMOVERS PVT LTD,THEJAHL0J00000492,ZX470H,,27868.0,2025-06-09 00:00:00,2025-06-20 00:00:00,1609143,MAINTENANCE,YA00058283,ENGINE OIL FILTER,2.0,2615,5230.0,0.2,4184.0,0.18,753.12,4937.12,,2,1013274108,2025-06-26 00:00:00,0.0,0.0,4184.0,0.0,0.0,0.0,0.0,0.0,0.0,0.0,0.0,0.0,,,,,,,4184.0,1,1046.0,1046.0,11.0,6.0,0.0
402.0,2025-06-01,1870157,Bhubaneswar,BIKASH MISTRY,THRIVENI EARTHMOVERS PVT LTD,THEJAHL0J00000492,ZX470H,,27868.0,2025-06-09 00:00:00,2025-06-20 00:00:00,1609143,MAINTENANCE,4078360,PRIMARY FUEL FILTER,1.0,1306,1306.0,0.2,1044.8,0.18,188.064,1232.864,,1,1013274108,2025-06-26 00:00:00,0.0,0.0,1044.8,0.0,0.0,0.0,0.0,0.0,0.0,0.0,0.0,0.0,,,,,,,1044.8,1,261.20000000000005,261.20000000000005,11.0,6.0,0.0
403.0,2025-06-01,1870157,Bhubaneswar,BIKASH MISTRY,THRIVENI EARTHMOVERS PVT LTD,THEJAHL0J00000492,ZX470H,,27868.0,2025-06-09 00:00:00,2025-06-20 00:00:00,1609143,MAINTENANCE,4437838,AIR BREATHER FILTER,1.0,1695,1695.0,0.2,1356.0,0.18,244.07999999999998,1600.08,,,,,0.0,0.0,0.0,0.0,0.0,0.0,0.0,0.0,0.0,0.0,0.0,0.0,,,,,,,0.0,0,1695.0,339.0,11.0,,1695.0
404.0,2025-06-01,1870157,Bhubaneswar,BIKASH MISTRY,THRIVENI EARTHMOVERS PVT LTD,THEJAHL0J00000492,ZX470H,,27868.0,2025-06-09 00:00:00,2025-06-20 00:00:00,1609143,MAINTENANCE,YA00001490,AC FILTER,1.0,4607,4607.0,0.2,3685.6,0.18,663.408,4349.008,,1,1013277132,2025-09-13 00:00:00,0.0,0.0,0.0,0.0,0.0,2130.0,0.0,0.0,0.0,0.0,0.0,0.0,,,,,,,2130.0,1,2477.0,921.4000000000001,11.0,85.0,0.0
405.0,2025-06-01,1870157,Bhubaneswar,BIKASH MISTRY,THRIVENI EARTHMOVERS PVT LTD,THEJAHL0J00000492,ZX470H,,27868.0,2025-06-09 00:00:00,2025-06-20 00:00:00,1609143,MAINTENANCE,4630525,PILOT FILTER,1.0,2943,2943.0,0.2,2354.4,0.18,423.792,2778.192,,1,1013274108,2025-06-26 00:00:00,0.0,0.0,2354.4,0.0,0.0,0.0,0.0,0.0,0.0,0.0,0.0,0.0,,,,,,,2354.4,1,588.5999999999999,588.5999999999999,11.0,6.0,0.0
406.0,2025-06-01,1870157,Bhubaneswar,BIKASH MISTRY,THRIVENI EARTHMOVERS PVT LTD,THEJAHL0J00000492,ZX470H,,27868.0,2025-06-09 00:00:00,2025-06-20 00:00:00,1609304,PLANNING,171809,CAP O-RING,9.0,1535,13815.0,0.2,11052.0,0.18,1989.36,13041.36,,,,,0.0,0.0,0.0,0.0,0.0,0.0,0.0,0.0,0.0,0.0,0.0,0.0,,,,,,,0.0,0,13815.0,2763.0,11.0,,13815.0
407.0,2025-06-01,1870159,Bhubaneswar,BIKASH MISTRY,STEEL AUTHORITY OF INDIA,90Z5 - 90C5-1519,KCM LOADER,,1009864.0,2025-06-06 00:00:00,2025-06-25 00:00:00,1615051,EMERGENCY,49327-72610,SEAL KIT,2.0,18981,37962.0,0.0,37962.0,0.18,6833.16,44795.16,,,,,0.0,0.0,0.0,0.0,0.0,0.0,0.0,0.0,0.0,0.0,0.0,0.0,,,,,,,0.0,0,37962.0,0.0,19.0,,37962.0
408.0,2025-06-01,1870159,Bhubaneswar,BIKASH MISTRY,STEEL AUTHORITY OF INDIA,90Z5 - 90C5-1519,KCM LOADER,,1009864.0,2025-06-06 00:00:00,2025-06-25 00:00:00,1615051,EMERGENCY,49327-72600,SEAL KIT,2.0,13037,26074.0,0.0,26074.0,0.18,4693.32,30767.32,,,,,0.0,0.0,0.0,0.0,0.0,0.0,0.0,0.0,0.0,0.0,0.0,0.0,,,,,,,0.0,0,26074.0,0.0,19.0,,26074.0
409.0,2025-06-01,1870159,Bhubaneswar,BIKASH MISTRY,STEEL AUTHORITY OF INDIA,90Z5 - 90C5-1519,KCM LOADER,,1009864.0,2025-06-06 00:00:00,2025-06-25 00:00:00,1615051,EMERGENCY,37636-70100,NUT;PISTON,2.0,6696,13392.0,0.0,13392.0,0.18,2410.56,15802.56,,,,,0.0,0.0,0.0,0.0,0.0,0.0,0.0,0.0,0.0,0.0,0.0,0.0,,,,,,,0.0,0,13392.0,0.0,19.0,,13392.0
410.0,2025-06-01,1870159,Bhubaneswar,BIKASH MISTRY,STEEL AUTHORITY OF INDIA,90Z5 - 90C5-1519,KCM LOADER,,1009864.0,2025-06-06 00:00:00,2025-06-25 00:00:00,1615051,EMERGENCY,46926-70150,RING;LOCK,2.0,2870,5740.0,0.0,5740.0,0.18,1033.2,6773.2,,,,,0.0,0.0,0.0,0.0,0.0,0.0,0.0,0.0,0.0,0.0,0.0,0.0,,,,,,,0.0,0,5740.0,0.0,19.0,,5740.0
411.0,2025-06-01,1870159,Bhubaneswar,BIKASH MISTRY,STEEL AUTHORITY OF INDIA,90Z5 - 90C5-1519,KCM LOADER,,1009864.0,2025-06-06 00:00:00,2025-06-25 00:00:00,1615051,EMERGENCY,63422-45490,BUSHING,4.0,23204,92816.0,0.0,92816.0,0.18,16706.88,109522.88,,,,,0.0,0.0,0.0,0.0,0.0,0.0,0.0,0.0,0.0,0.0,0.0,0.0,,,,,,,0.0,0,92816.0,0.0,19.0,,92816.0
412.0,2025-06-01,1870159,Bhubaneswar,BIKASH MISTRY,STEEL AUTHORITY OF INDIA,90Z5 - 90C5-1519,KCM LOADER,,1009864.0,2025-06-06 00:00:00,2025-06-25 00:00:00,1615051,EMERGENCY,63422-37630,BUSHING,2.0,11840,23680.0,0.0,23680.0,0.18,4262.4,27942.4,,,,,0.0,0.0,0.0,0.0,0.0,0.0,0.0,0.0,0.0,0.0,0.0,0.0,,,,,,,0.0,0,23680.0,0.0,19.0,,23680.0
413.0,2025-06-01,1870159,Bhubaneswar,BIKASH MISTRY,STEEL AUTHORITY OF INDIA,90Z5 - 90C5-1519,KCM LOADER,,1009864.0,2025-06-06 00:00:00,2025-06-25 00:00:00,1615051,EMERGENCY,63422-37440,BUSHING,2.0,5710,11420.0,0.0,11420.0,0.18,2055.6,13475.6,,,,,0.0,0.0,0.0,0.0,0.0,0.0,0.0,0.0,0.0,0.0,0.0,0.0,,,,,,,0.0,0,11420.0,0.0,19.0,,11420.0
414.0,2025-06-01,1870159,Bhubaneswar,BIKASH MISTRY,STEEL AUTHORITY OF INDIA,90Z5 - 90C5-1519,KCM LOADER,,1009864.0,2025-06-06 00:00:00,2025-06-25 00:00:00,1615095,MAINTENANCE,30981-70330,"ELEMENT,FILTER",1.0,6697,6697.0,0.0,6697.0,0.18,1205.46,7902.46,,,,,0.0,0.0,0.0,0.0,0.0,0.0,0.0,0.0,0.0,0.0,0.0,0.0,,,,,,,0.0,0,6697.0,0.0,19.0,,6697.0
415.0,2025-06-01,1870159,Bhubaneswar,BIKASH MISTRY,STEEL AUTHORITY OF INDIA,90Z5 - 90C5-1519,KCM LOADER,,1009864.0,2025-06-06 00:00:00,2025-06-25 00:00:00,1615095,MAINTENANCE,30981-70720,"ELEMENT,FILTER",1.0,4626,4626.0,0.0,4626.0,0.18,832.68,5458.68,,,,,0.0,0.0,0.0,0.0,0.0,0.0,0.0,0.0,0.0,0.0,0.0,0.0,,,,,,,0.0,0,4626.0,0.0,19.0,,4626.0
416.0,2025-06-01,1870159,Bhubaneswar,BIKASH MISTRY,STEEL AUTHORITY OF INDIA,90Z5 - 90C5-1519,KCM LOADER,,1009864.0,2025-06-06 00:00:00,2025-06-25 00:00:00,1615095,MAINTENANCE,30981-70660,AIR FILTER(INNER),1.0,15531,15531.0,0.0,15531.0,0.18,2795.58,18326.58,,,,,0.0,0.0,0.0,0.0,0.0,0.0,0.0,0.0,0.0,0.0,0.0,0.0,,,,,,,0.0,0,15531.0,0.0,19.0,,15531.0
417.0,2025-06-01,1870159,Bhubaneswar,BIKASH MISTRY,STEEL AUTHORITY OF INDIA,90Z5 - 90C5-1519,KCM LOADER,,1009864.0,2025-06-06 00:00:00,2025-06-25 00:00:00,1615095,MAINTENANCE,30981-60140,AIR FILTER(OUTER),1.0,37381,37381.0,0.0,37381.0,0.18,6728.58,44109.58,,,,,0.0,0.0,0.0,0.0,0.0,0.0,0.0,0.0,0.0,0.0,0.0,0.0,,,,,,,0.0,0,37381.0,0.0,19.0,,37381.0
418.0,2025-06-01,1870159,Bhubaneswar,BIKASH MISTRY,STEEL AUTHORITY OF INDIA,90Z5 - 90C5-1519,KCM LOADER,,1009864.0,2025-06-06 00:00:00,2025-06-25 00:00:00,1615095,MAINTENANCE,40330-60400,FILTER,1.0,9287,9287.0,0.0,9287.0,0.18,1671.6599999999999,10958.66,,,,,0.0,0.0,0.0,0.0,0.0,0.0,0.0,0.0,0.0,0.0,0.0,0.0,,,,,,,0.0,0,9287.0,0.0,19.0,,9287.0
419.0,2025-06-01,1870159,Bhubaneswar,BIKASH MISTRY,STEEL AUTHORITY OF INDIA,90Z5 - 90C5-1519,KCM LOADER,,1009864.0,2025-06-06 00:00:00,2025-06-25 00:00:00,1615095,MAINTENANCE,30981-70330,"ELEMENT,FILTER",1.0,6697,6697.0,0.0,6697.0,0.18,1205.46,7902.46,,,,,0.0,0.0,0.0,0.0,0.0,0.0,0.0,0.0,0.0,0.0,0.0,0.0,,,,,,,0.0,0,6697.0,0.0,19.0,,6697.0
420.0,2025-06-01,1870159,Bhubaneswar,BIKASH MISTRY,STEEL AUTHORITY OF INDIA,90Z5 - 90C5-1519,KCM LOADER,,1009864.0,2025-06-06 00:00:00,2025-06-25 00:00:00,1615095,MAINTENANCE,3111570040,ELEMENT; FILTER,1.0,16871,16871.0,0.0,16871.0,0.18,3036.7799999999997,19907.78,,,,,0.0,0.0,0.0,0.0,0.0,0.0,0.0,0.0,0.0,0.0,0.0,0.0,,,,,,,0.0,0,16871.0,0.0,19.0,,16871.0
421.0,2025-06-01,1870159,Bhubaneswar,BIKASH MISTRY,STEEL AUTHORITY OF INDIA,90Z5 - 90C5-1519,KCM LOADER,,1009864.0,2025-06-06 00:00:00,2025-06-25 00:00:00,1615095,MAINTENANCE,4367100,FILTER LUBRICATING OIL,1.0,15293,15293.0,0.0,15293.0,0.18,2752.74,18045.739999999998,,,,,0.0,0.0,0.0,0.0,0.0,0.0,0.0,0.0,0.0,0.0,0.0,0.0,,,,,,,0.0,0,15293.0,0.0,19.0,,15293.0
422.0,2025-06-01,1870159,Bhubaneswar,BIKASH MISTRY,STEEL AUTHORITY OF INDIA,90Z5 - 90C5-1519,KCM LOADER,,1009864.0,2025-06-06 00:00:00,2025-06-25 00:00:00,1615141,PLANNING,49327-91030,SEAL KIT,2.0,52889,105778.0,0.0,105778.0,0.18,19040.04,124818.04000000001,,,,,0.0,0.0,0.0,0.0,0.0,0.0,0.0,0.0,0.0,0.0,0.0,0.0,,,,,,,0.0,0,105778.0,0.0,19.0,,105778.0
423.0,2025-06-01,1870159,Bhubaneswar,BIKASH MISTRY,STEEL AUTHORITY OF INDIA,90Z5 - 90C5-1519,KCM LOADER,,1009864.0,2025-06-06 00:00:00,2025-06-25 00:00:00,1615141,PLANNING,49327-60690,SEAL KIT,2.0,23626,47252.0,0.0,47252.0,0.18,8505.36,55757.36,,,,,0.0,0.0,0.0,0.0,0.0,0.0,0.0,0.0,0.0,0.0,0.0,0.0,,,,,,,0.0,0,47252.0,0.0,19.0,,47252.0
424.0,2025-06-01,1870159,Bhubaneswar,BIKASH MISTRY,STEEL AUTHORITY OF INDIA,90Z5 - 90C5-1519,KCM LOADER,,1009864.0,2025-06-06 00:00:00,2025-06-25 00:00:00,1615141,PLANNING,63422-45490,BUSHING,2.0,23204,46408.0,0.0,46408.0,0.18,8353.44,54761.44,,,,,0.0,0.0,0.0,0.0,0.0,0.0,0.0,0.0,0.0,0.0,0.0,0.0,,,,,,,0.0,0,46408.0,0.0,19.0,,46408.0
425.0,2025-06-01,1870159,Bhubaneswar,BIKASH MISTRY,STEEL AUTHORITY OF INDIA,90Z5 - 90C5-1519,KCM LOADER,,1009864.0,2025-06-06 00:00:00,2025-06-25 00:00:00,1615141,PLANNING,65051-01906,SEAL DUST,2.0,3318,6636.0,0.0,6636.0,0.18,1194.48,7830.48,,,,,0.0,0.0,0.0,0.0,0.0,0.0,0.0,0.0,0.0,0.0,0.0,0.0,,,,,,,0.0,0,6636.0,0.0,19.0,,6636.0
426.0,2025-06-01,1894022,Bhubaneswar,BIKASH MISTRY,THRIVENI EARTHMOVERS PVT LTD,0ACG-000097,ZX650H,,27868.0,2025-06-19 00:00:00,2025-06-25 00:00:00,1615518,EMERGENCY,4444902,SENSOR;ANGLE,1.0,51551,51551.0,0.2,41240.8,0.18,7423.344,48664.144,,,,,0.0,0.0,0.0,0.0,0.0,0.0,0.0,0.0,0.0,0.0,0.0,0.0,,,,,,,0.0,0,51551.0,10310.199999999997,6.0,,51551.0
427.0,2025-06-01,1894022,Bhubaneswar,BIKASH MISTRY,THRIVENI EARTHMOVERS PVT LTD,0ACG-000097,ZX650H,,27868.0,2025-06-19 00:00:00,2025-06-25 00:00:00,1615556,MAINTENANCE,4333469,HYDRAULIC TANK FILTER,1.0,12042,12042.0,0.2,9633.6,0.18,1734.048,11367.648000000001,,,,,0.0,0.0,0.0,0.0,0.0,0.0,0.0,0.0,0.0,0.0,0.0,0.0,,,,,,,0.0,0,12042.0,2408.3999999999996,6.0,,12042.0
428.0,2025-06-01,1894022,Bhubaneswar,BIKASH MISTRY,THRIVENI EARTHMOVERS PVT LTD,0ACG-000097,ZX650H,,27868.0,2025-06-19 00:00:00,2025-06-25 00:00:00,1615556,MAINTENANCE,3015259,PILOT FILTER,2.0,381,762.0,0.2,609.6,0.18,109.728,719.328,,2,1013273860,2025-06-20 00:00:00,0.0,0.0,609.6,0.0,0.0,0.0,0.0,0.0,0.0,0.0,0.0,0.0,,,,,,,609.6,1,152.39999999999998,152.39999999999998,6.0,,0.0
429.0,2025-06-01,1894022,Bhubaneswar,BIKASH MISTRY,THRIVENI EARTHMOVERS PVT LTD,0ACG-000097,ZX650H,,27868.0,2025-06-19 00:00:00,2025-06-25 00:00:00,1615556,MAINTENANCE,4317008,HYD SECTION FILTER,1.0,16563,16563.0,0.2,13250.4,0.18,2385.0719999999997,15635.472,,1,1013276831,2025-09-06 00:00:00,0.0,0.0,0.0,0.0,0.0,13043.25,0.0,0.0,0.0,0.0,0.0,0.0,,,,,,,13043.25,1,3519.75,3312.6000000000004,6.0,73.0,0.0
430.0,2025-06-01,1894022,Bhubaneswar,BIKASH MISTRY,THRIVENI EARTHMOVERS PVT LTD,0ACG-000097,ZX650H,,27868.0,2025-06-19 00:00:00,2025-06-25 00:00:00,1615556,MAINTENANCE,4363399,PUMP DRAIN FILTER,3.0,4182,12546.0,0.2,10036.8,0.18,1806.6239999999998,11843.423999999999,,3,1013276831,2025-09-06 00:00:00,0.0,0.0,0.0,0.0,0.0,9785.25,0.0,0.0,0.0,0.0,0.0,0.0,,,,,,,9785.25,1,2760.75,2509.2000000000007,6.0,73.0,0.0
431.0,2025-06-01,1894022,Bhubaneswar,BIKASH MISTRY,THRIVENI EARTHMOVERS PVT LTD,0ACG-000097,ZX650H,,27868.0,2025-06-19 00:00:00,2025-06-25 00:00:00,1615556,MAINTENANCE,4437838,AIR BREATHER FILTER,2.0,1695,3390.0,0.2,2712.0,0.18,488.15999999999997,3200.16,,2,1013274108,2025-06-26 00:00:00,0.0,0.0,2712.0,0.0,0.0,0.0,0.0,0.0,0.0,0.0,0.0,0.0,,,,,,,2712.0,1,678.0,678.0,6.0,1.0,0.0
432.0,2025-06-01,1894022,Bhubaneswar,BIKASH MISTRY,THRIVENI EARTHMOVERS PVT LTD,0ACG-000097,ZX650H,,27868.0,2025-06-19 00:00:00,2025-06-25 00:00:00,1615556,MAINTENANCE,YA00058283,ENGINE OIL FILTER,15.0,2615,39225.0,0.2,31380.0,0.18,5648.4,37028.4,,15,1013274108,2025-06-26 00:00:00,0.0,0.0,31380.0,0.0,0.0,0.0,0.0,0.0,0.0,0.0,0.0,0.0,,,,,,,31380.0,1,7845.0,7845.0,6.0,1.0,0.0
433.0,2025-06-01,1894022,Bhubaneswar,BIKASH MISTRY,THRIVENI EARTHMOVERS PVT LTD,0ACG-000097,ZX650H,,27868.0,2025-06-19 00:00:00,2025-06-25 00:00:00,1615556,MAINTENANCE,4078360,PRIMARY FUEL FILTER,20.0,2615,52300.0,0.2,41840.0,0.18,7531.2,49371.2,,20,"1013273860, 1013274108","20-06-2025, 26-06-25",0.0,0.0,20896.0,0.0,0.0,0.0,0.0,0.0,0.0,0.0,0.0,0.0,,,,,,,20896.0,1,31404.0,10460.0,6.0,,0.0
434.0,2025-06-01,1894022,Bhubaneswar,BIKASH MISTRY,THRIVENI EARTHMOVERS PVT LTD,0ACG-000097,ZX650H,,27868.0,2025-06-19 00:00:00,2025-06-25 00:00:00,1615556,MAINTENANCE,4616864,FUEL FILTER,15.0,2261,33915.0,0.2,27132.0,0.18,4883.76,32015.760000000002,,15,1013274108,2025-06-26 00:00:00,0.0,0.0,27132.0,0.0,0.0,0.0,0.0,0.0,0.0,0.0,0.0,0.0,,,,,,,27132.0,1,6783.0,6783.0,6.0,1.0,0.0
435.0,2025-06-01,1894022,Bhubaneswar,BIKASH MISTRY,THRIVENI EARTHMOVERS PVT LTD,0ACG-000097,ZX650H,,27868.0,2025-06-19 00:00:00,2025-06-25 00:00:00,1615556,MAINTENANCE,1209163,AIR FILTER OUTER,1.0,11373,11373.0,0.2,9098.4,0.18,1637.7119999999998,10736.112,,1,1013274108,2025-06-26 00:00:00,0.0,0.0,9098.4,0.0,0.0,0.0,0.0,0.0,0.0,0.0,0.0,0.0,,,,,,,9098.4,1,2274.6000000000004,2274.6000000000004,6.0,1.0,0.0
436.0,2025-06-01,1894022,Bhubaneswar,BIKASH MISTRY,THRIVENI EARTHMOVERS PVT LTD,0ACG-000097,ZX650H,,27868.0,2025-06-19 00:00:00,2025-06-25 00:00:00,1615556,MAINTENANCE,1105353,AIR FILTER INNER,1.0,6598,6598.0,0.2,5278.4,0.18,950.1119999999999,6228.512,,1,1013274108,2025-06-26 00:00:00,0.0,0.0,5278.4,0.0,0.0,0.0,0.0,0.0,0.0,0.0,0.0,0.0,,,,,,,5278.4,1,1319.6000000000004,1319.6000000000004,6.0,1.0,0.0
437.0,2025-06-01,1894022,Bhubaneswar,BIKASH MISTRY,THRIVENI EARTHMOVERS PVT LTD,0ACG-000097,ZX650H,,27868.0,2025-06-19 00:00:00,2025-06-25 00:00:00,1615591,PLANNING,4435234,CABLE,1.0,31594,31594.0,0.2,25275.2,0.18,4549.536,29824.736,,,,,0.0,0.0,0.0,0.0,0.0,0.0,0.0,0.0,0.0,0.0,0.0,0.0,,,,,,,0.0,0,31594.0,6318.799999999999,6.0,,31594.0
438.0,2025-06-01,1870154,Bhubaneswar,BIKASH MISTRY,THRIVENI EARTHMOVERS PVT LTD,0ACG-000257,ZX650H,,27868.0,2025-06-20 00:00:00,2025-06-25 00:00:00,1615598,EMERGENCY,8053519,PIN,1.0,43717,43717.0,0.2,34973.6,0.18,6295.248,41268.848,,1,1013274139,2025-06-26 00:00:00,0.0,0.0,34973.6,0.0,0.0,0.0,0.0,0.0,0.0,0.0,0.0,0.0,,,,,,,34973.6,1,8743.400000000001,8743.400000000001,5.0,1.0,0.0
439.0,2025-06-01,1870154,Bhubaneswar,BIKASH MISTRY,THRIVENI EARTHMOVERS PVT LTD,0ACG-000257,ZX650H,,27868.0,2025-06-20 00:00:00,2025-06-25 00:00:00,1615598,EMERGENCY,4457757,BUSHING,2.0,19404,38808.0,0.2,31046.4,0.18,5588.352,36634.752,,2,1013279560,2025-11-17 00:00:00,0.0,0.0,0.0,0.0,0.0,0.0,0.0,32288.0,0.0,0.0,0.0,0.0,,,,,,,32288.0,1,6520.0,7761.5999999999985,5.0,145.0,0.0
440.0,2025-06-01,1870154,Bhubaneswar,BIKASH MISTRY,THRIVENI EARTHMOVERS PVT LTD,0ACG-000257,ZX650H,,27868.0,2025-06-20 00:00:00,2025-06-25 00:00:00,1615598,EMERGENCY,3060580,BUSHING,2.0,13093,26186.0,0.2,20948.8,0.18,3770.7839999999997,24719.584,,1,1013273839,2025-06-20 00:00:00,0.0,0.0,10474.4,0.0,0.0,0.0,0.0,0.0,0.0,0.0,0.0,0.0,,,,,,,10474.4,1,15711.6,5237.200000000001,5.0,,0.0
441.0,2025-06-01,1870154,Bhubaneswar,BIKASH MISTRY,THRIVENI EARTHMOVERS PVT LTD,0ACG-000257,ZX650H,,27868.0,2025-06-20 00:00:00,2025-06-25 00:00:00,1615598,EMERGENCY,3060596, PIN,1.0,21899,21899.0,0.2,17519.2,0.18,3153.456,20672.656000000003,,1,1013273839,2025-06-20 00:00:00,0.0,0.0,17519.2,0.0,0.0,0.0,0.0,0.0,0.0,0.0,0.0,0.0,,,,,,,17519.2,1,4379.799999999999,4379.799999999999,5.0,,0.0
442.0,2025-06-01,1870154,Bhubaneswar,BIKASH MISTRY,THRIVENI EARTHMOVERS PVT LTD,0ACG-000257,ZX650H,,27868.0,2025-06-20 00:00:00,2025-06-25 00:00:00,1615598,EMERGENCY,3097975,PIN,1.0,32060,32060.0,0.2,25648.0,0.18,4616.639999999999,30264.64,,1,1013273839,2025-06-20 00:00:00,0.0,0.0,25648.0,0.0,0.0,0.0,0.0,0.0,0.0,0.0,0.0,0.0,,,,,,,25648.0,1,6412.0,6412.0,5.0,,0.0
443.0,2025-06-01,1870154,Bhubaneswar,BIKASH MISTRY,THRIVENI EARTHMOVERS PVT LTD,0ACG-000257,ZX650H,,27868.0,2025-06-20 00:00:00,2025-06-25 00:00:00,1615598,EMERGENCY,TD22573,BUSHING,2.0,9581,19162.0,0.2,15329.6,0.18,2759.328,18088.928,,2,1013273840,2025-06-20 00:00:00,0.0,0.0,15329.6,0.0,0.0,0.0,0.0,0.0,0.0,0.0,0.0,0.0,,,,,,,15329.6,1,3832.3999999999996,3832.3999999999996,5.0,,0.0
444.0,2025-06-01,1870154,Bhubaneswar,BIKASH MISTRY,THRIVENI EARTHMOVERS PVT LTD,0ACG-000257,ZX650H,,27868.0,2025-06-20 00:00:00,2025-06-25 00:00:00,1615628,MAINTENANCE,4333469,HYDRAULIC TANK FILTER,1.0,12042,12042.0,0.2,9633.6,0.18,1734.048,11367.648000000001,,,,,0.0,0.0,0.0,0.0,0.0,0.0,0.0,0.0,0.0,0.0,0.0,0.0,,,,,,,0.0,0,12042.0,2408.3999999999996,5.0,,12042.0
445.0,2025-06-01,1870154,Bhubaneswar,BIKASH MISTRY,THRIVENI EARTHMOVERS PVT LTD,0ACG-000257,ZX650H,,27868.0,2025-06-20 00:00:00,2025-06-25 00:00:00,1615628,MAINTENANCE,3015259,PILOT FILTER,2.0,381,762.0,0.2,609.6,0.18,109.728,719.328,,2,1013277473,2025-09-23 00:00:00,0.0,0.0,0.0,0.0,0.0,591.0,0.0,0.0,0.0,0.0,0.0,0.0,,,,,,,591.0,1,171.0,152.39999999999998,5.0,90.0,0.0
446.0,2025-06-01,1870154,Bhubaneswar,BIKASH MISTRY,THRIVENI EARTHMOVERS PVT LTD,0ACG-000257,ZX650H,,27868.0,2025-06-20 00:00:00,2025-06-25 00:00:00,1615628,MAINTENANCE,4317008,HYD SECTION FILTER,1.0,16563,16563.0,0.2,13250.4,0.18,2385.0719999999997,15635.472,,1,1013276831,2025-09-06 00:00:00,0.0,0.0,0.0,0.0,0.0,13043.25,0.0,0.0,0.0,0.0,0.0,0.0,,,,,,,13043.25,1,3519.75,3312.6000000000004,5.0,73.0,0.0
447.0,2025-06-01,1870154,Bhubaneswar,BIKASH MISTRY,THRIVENI EARTHMOVERS PVT LTD,0ACG-000257,ZX650H,,27868.0,2025-06-20 00:00:00,2025-06-25 00:00:00,1615628,MAINTENANCE,4363399,PUMP DRAIN FILTER,3.0,4182,12546.0,0.2,10036.8,0.18,1806.6239999999998,11843.423999999999,,3,1013276831,2025-09-06 00:00:00,0.0,0.0,0.0,0.0,0.0,9785.25,0.0,0.0,0.0,0.0,0.0,0.0,,,,,,,9785.25,1,2760.75,2509.2000000000007,5.0,73.0,0.0
448.0,2025-06-01,1870154,Bhubaneswar,BIKASH MISTRY,THRIVENI EARTHMOVERS PVT LTD,0ACG-000257,ZX650H,,27868.0,2025-06-20 00:00:00,2025-06-25 00:00:00,1615628,MAINTENANCE,4437838,AIR BREATHER FILTER,2.0,1695,3390.0,0.2,2712.0,0.18,488.15999999999997,3200.16,,2,1013274108,2025-06-26 00:00:00,0.0,0.0,2712.0,0.0,0.0,0.0,0.0,0.0,0.0,0.0,0.0,0.0,,,,,,,2712.0,1,678.0,678.0,5.0,1.0,0.0
449.0,2025-06-01,1870154,Bhubaneswar,BIKASH MISTRY,THRIVENI EARTHMOVERS PVT LTD,0ACG-000257,ZX650H,,27868.0,2025-06-20 00:00:00,2025-06-25 00:00:00,1615628,MAINTENANCE,YA00058283,ENGINE OIL FILTER,15.0,2615,39225.0,0.2,31380.0,0.18,5648.4,37028.4,,15,1013274108,2025-06-26 00:00:00,0.0,0.0,31380.0,0.0,0.0,0.0,0.0,0.0,0.0,0.0,0.0,0.0,,,,,,,31380.0,1,7845.0,7845.0,5.0,1.0,0.0
450.0,2025-06-01,1870154,Bhubaneswar,BIKASH MISTRY,THRIVENI EARTHMOVERS PVT LTD,0ACG-000257,ZX650H,,27868.0,2025-06-20 00:00:00,2025-06-25 00:00:00,1615628,MAINTENANCE,4078360,PRIMARY FUEL FILTER,20.0,1306,26120.0,0.2,20896.0,0.18,3761.2799999999997,24657.28,,20,1013274108,2025-06-26 00:00:00,0.0,0.0,20896.0,0.0,0.0,0.0,0.0,0.0,0.0,0.0,0.0,0.0,,,,,,,20896.0,1,5224.0,5224.0,5.0,1.0,0.0
451.0,2025-06-01,1870154,Bhubaneswar,BIKASH MISTRY,THRIVENI EARTHMOVERS PVT LTD,0ACG-000257,ZX650H,,27868.0,2025-06-20 00:00:00,2025-06-25 00:00:00,1615628,MAINTENANCE,4616864,FUEL FILTER,15.0,2261,33915.0,0.2,27132.0,0.18,4883.76,32015.760000000002,,15,1013274108,2025-06-26 00:00:00,0.0,0.0,27132.0,0.0,0.0,0.0,0.0,0.0,0.0,0.0,0.0,0.0,,,,,,,27132.0,1,6783.0,6783.0,5.0,1.0,0.0
452.0,2025-06-01,1870154,Bhubaneswar,BIKASH MISTRY,THRIVENI EARTHMOVERS PVT LTD,0ACG-000257,ZX650H,,27868.0,2025-06-20 00:00:00,2025-06-25 00:00:00,1615628,MAINTENANCE,1209163,AIR FILTER OUTER,1.0,11373,11373.0,0.2,9098.4,0.18,1637.7119999999998,10736.112,,1,1013274108,2025-06-26 00:00:00,0.0,0.0,9098.4,0.0,0.0,0.0,0.0,0.0,0.0,0.0,0.0,0.0,,,,,,,9098.4,1,2274.6000000000004,2274.6000000000004,5.0,1.0,0.0
453.0,2025-06-01,1870154,Bhubaneswar,BIKASH MISTRY,THRIVENI EARTHMOVERS PVT LTD,0ACG-000257,ZX650H,,27868.0,2025-06-20 00:00:00,2025-06-25 00:00:00,1615628,MAINTENANCE,1105353,AIR FILTER INNER,1.0,6598,6598.0,0.2,5278.4,0.18,950.1119999999999,6228.512,,1,1013274108,2025-06-26 00:00:00,0.0,0.0,5278.4,0.0,0.0,0.0,0.0,0.0,0.0,0.0,0.0,0.0,,,,,,,5278.4,1,1319.6000000000004,1319.6000000000004,5.0,1.0,0.0
454.0,2025-06-01,1870154,Bhubaneswar,BIKASH MISTRY,THRIVENI EARTHMOVERS PVT LTD,0ACG-000257,ZX650H,,27868.0,2025-06-20 00:00:00,2025-06-25 00:00:00,1615628,MAINTENANCE,4632689,CIRCULATING AIR FILTER AC,1.0,3752,3752.0,0.2,3001.6,0.18,540.288,3541.888,,,,,0.0,0.0,0.0,0.0,0.0,0.0,0.0,0.0,0.0,0.0,0.0,0.0,,,,,,,0.0,0,3752.0,750.4000000000001,5.0,,3752.0
455.0,2025-06-01,1870154,Bhubaneswar,BIKASH MISTRY,THRIVENI EARTHMOVERS PVT LTD,0ACG-000257,ZX650H,,27868.0,2025-06-20 00:00:00,2025-06-25 00:00:00,1615671,PLANNING,8053517,PIN,1.0,94699,94699.0,0.2,75759.2,0.18,13636.655999999999,89395.856,,1,1013273930,2025-06-21 00:00:00,0.0,0.0,75759.2,0.0,0.0,0.0,0.0,0.0,0.0,0.0,0.0,0.0,,,,,,,75759.2,1,18939.800000000003,18939.800000000003,5.0,,0.0
456.0,2025-06-01,1870154,Bhubaneswar,BIKASH MISTRY,THRIVENI EARTHMOVERS PVT LTD,0ACG-000257,ZX650H,,27868.0,2025-06-20 00:00:00,2025-06-25 00:00:00,1615671,PLANNING,8053518,PIN,1.0,31145,31145.0,0.2,24916.0,0.18,4484.88,29400.88,,1,1013273799,2025-06-19 00:00:00,0.0,0.0,24916.0,0.0,0.0,0.0,0.0,0.0,0.0,0.0,0.0,0.0,,,,,,,24916.0,1,6229.0,6229.0,5.0,,0.0
457.0,2025-06-01,1870154,Bhubaneswar,BIKASH MISTRY,THRIVENI EARTHMOVERS PVT LTD,0ACG-000257,ZX650H,,27868.0,2025-06-20 00:00:00,2025-06-25 00:00:00,1615671,PLANNING,4296258,BUSHING,2.0,8743,17486.0,0.2,13988.8,0.18,2517.984,16506.784,,2,1013275119,2025-07-23 00:00:00,0.0,0.0,0.0,13988.8,0.0,0.0,0.0,0.0,0.0,0.0,0.0,0.0,,,,,,,13988.8,1,3497.2000000000007,3497.2000000000007,5.0,28.0,0.0
458.0,2025-06-01,1870154,Bhubaneswar,BIKASH MISTRY,THRIVENI EARTHMOVERS PVT LTD,0ACG-000257,ZX650H,,27868.0,2025-06-20 00:00:00,2025-06-25 00:00:00,1615671,PLANNING,3060579,BUSHING,2.0,14743,29486.0,0.2,23588.8,0.18,4245.9839999999995,27834.784,,2,1013273839,2025-06-20 00:00:00,0.0,0.0,23588.8,0.0,0.0,0.0,0.0,0.0,0.0,0.0,0.0,0.0,,,,,,,23588.8,1,5897.200000000001,5897.200000000001,5.0,,0.0
459.0,2025-06-01,1870154,Bhubaneswar,BIKASH MISTRY,THRIVENI EARTHMOVERS PVT LTD,0ACG-000257,ZX650H,,27868.0,2025-06-20 00:00:00,2025-06-25 00:00:00,1615671,PLANNING,4251753,SEAL DUST,2.0,4579,9158.0,0.2,7326.4,0.18,1318.752,8645.152,,2,1013273839,2025-06-20 00:00:00,0.0,0.0,7326.4,0.0,0.0,0.0,0.0,0.0,0.0,0.0,0.0,0.0,,,,,,,7326.4,1,1831.6000000000004,1831.6000000000004,5.0,,0.0
460.0,2025-06-01,1870151,Bhubaneswar,BIKASH MISTRY,KJS PELLETS & POWER PVT LTD,THEJAHL0T00000438,ZX470H,,1108453.0,2025-06-24 00:00:00,2025-06-25 00:00:00,1615512,EMERGENCY,109623-5861,GASKET;PUMP TO C/BL,1.0,967,967.0,0.2,773.6,0.18,139.248,912.848,,1,1013273537,2025-06-13 00:00:00,0.0,0.0,773.6,0.0,0.0,0.0,0.0,0.0,0.0,0.0,0.0,0.0,,,,,,,773.6,1,193.39999999999998,193.39999999999998,1.0,,0.0
461.0,2025-06-01,1870151,Bhubaneswar,BIKASH MISTRY,KJS PELLETS & POWER PVT LTD,THEJAHL0T00000438,ZX470H,,1108453.0,2025-06-24 00:00:00,2025-06-25 00:00:00,1615512,EMERGENCY,109623-4940,GASKET; WATER PUMP,1.0,1076,1076.0,0.2,860.8,0.18,154.944,1015.7439999999999,,1,1013273537,2025-06-13 00:00:00,0.0,0.0,860.8,0.0,0.0,0.0,0.0,0.0,0.0,0.0,0.0,0.0,,,,,,,860.8,1,215.20000000000005,215.20000000000005,1.0,,0.0
462.0,2025-06-01,1870151,Bhubaneswar,BIKASH MISTRY,KJS PELLETS & POWER PVT LTD,THEJAHL0T00000438,ZX470H,,1108453.0,2025-06-24 00:00:00,2025-06-25 00:00:00,1615512,EMERGENCY,4686432,SEAL KIT BOOM CYL,2.0,43108,86216.0,0.2,68972.8,0.18,12415.104,81387.90400000001,,2,1013273547,2025-06-13 00:00:00,0.0,0.0,68972.8,0.0,0.0,0.0,0.0,0.0,0.0,0.0,0.0,0.0,,,,,,,68972.8,1,17243.199999999997,17243.199999999997,1.0,,0.0
463.0,2025-06-01,1870151,Bhubaneswar,BIKASH MISTRY,KJS PELLETS & POWER PVT LTD,THEJAHL0T00000438,ZX470H,,1108453.0,2025-06-24 00:00:00,2025-06-25 00:00:00,1615512,EMERGENCY,972106,RING SLIDE,4.0,4619,18476.0,0.2,14780.8,0.18,2660.544,17441.343999999997,,,,,0.0,0.0,0.0,0.0,0.0,0.0,0.0,0.0,0.0,0.0,0.0,0.0,,,,,,,0.0,0,18476.0,3695.2000000000007,1.0,,18476.0
464.0,2025-06-01,1870151,Bhubaneswar,BIKASH MISTRY,KJS PELLETS & POWER PVT LTD,THEJAHL0T00000438,ZX470H,,1108453.0,2025-06-24 00:00:00,2025-06-25 00:00:00,1615512,EMERGENCY,259307,RING SLIDE,4.0,5090,20360.0,0.2,16288.0,0.18,2931.8399999999997,19219.84,,,,,0.0,0.0,0.0,0.0,0.0,0.0,0.0,0.0,0.0,0.0,0.0,0.0,,,,,,,0.0,0,20360.0,4072.0,1.0,,20360.0
465.0,2025-06-01,1870151,Bhubaneswar,BIKASH MISTRY,KJS PELLETS & POWER PVT LTD,THEJAHL0T00000438,ZX470H,,1108453.0,2025-06-24 00:00:00,2025-06-25 00:00:00,1615512,EMERGENCY,4653041,SEAL KIT,1.0,50096,50096.0,0.2,40076.8,0.18,7213.8240000000005,47290.624,,1,1013273696,2025-06-17 00:00:00,0.0,0.0,40076.8,0.0,0.0,0.0,0.0,0.0,0.0,0.0,0.0,0.0,,,,,,,40076.8,1,10019.199999999997,10019.199999999997,1.0,,0.0
466.0,2025-06-01,1870151,Bhubaneswar,BIKASH MISTRY,KJS PELLETS & POWER PVT LTD,THEJAHL0T00000438,ZX470H,,1108453.0,2025-06-24 00:00:00,2025-06-25 00:00:00,1615512,EMERGENCY,972305,RING SLIDE,2.0,7937,15874.0,0.2,12699.2,0.18,2285.856,14985.056,,2,1013273696,2025-06-17 00:00:00,0.0,0.0,12699.2,0.0,0.0,0.0,0.0,0.0,0.0,0.0,0.0,0.0,,,,,,,12699.2,1,3174.7999999999993,3174.7999999999993,1.0,,0.0
467.0,2025-06-01,1870151,Bhubaneswar,BIKASH MISTRY,KJS PELLETS & POWER PVT LTD,THEJAHL0T00000438,ZX470H,,1108453.0,2025-06-24 00:00:00,2025-06-25 00:00:00,1615512,EMERGENCY,4359550,SEAL;OIL,6.0,6450,38700.0,0.2,30960.0,0.18,5572.8,36532.8,,6,1013276223,2025-08-21 00:00:00,0.0,0.0,0.0,0.0,32664.0,0.0,0.0,0.0,0.0,0.0,0.0,0.0,,,,,,,32664.0,1,6036.0,7740.0,1.0,57.0,0.0
468.0,2025-06-01,1870151,Bhubaneswar,BIKASH MISTRY,KJS PELLETS & POWER PVT LTD,THEJAHL0T00000438,ZX470H,,1108453.0,2025-06-24 00:00:00,2025-06-25 00:00:00,1615512,EMERGENCY,4359549,BUSHING,1.0,7658,7658.0,0.2,6126.4,0.18,1102.752,7229.152,,1,1013276923,2025-09-08 00:00:00,0.0,0.0,0.0,0.0,0.0,6463.2,0.0,0.0,0.0,0.0,0.0,0.0,,,,,,,6463.2,1,1194.8000000000002,1531.6000000000004,1.0,75.0,0.0
469.0,2025-06-01,1870151,Bhubaneswar,BIKASH MISTRY,KJS PELLETS & POWER PVT LTD,THEJAHL0T00000438,ZX470H,,1108453.0,2025-06-24 00:00:00,2025-06-25 00:00:00,1615512,EMERGENCY,4408281,SEAL;DUST,1.0,6437,6437.0,0.2,5149.6,0.18,926.928,6076.528,,1,1013276923,2025-09-08 00:00:00,0.0,0.0,0.0,0.0,0.0,5432.8,0.0,0.0,0.0,0.0,0.0,0.0,,,,,,,5432.8,1,1004.1999999999998,1287.3999999999996,1.0,75.0,0.0
470.0,2025-06-01,1870151,Bhubaneswar,BIKASH MISTRY,KJS PELLETS & POWER PVT LTD,THEJAHL0T00000438,ZX470H,,1108453.0,2025-06-24 00:00:00,2025-06-25 00:00:00,1615512,EMERGENCY,A810125,O-RING,1.0,459,459.0,0.2,367.2,0.18,66.09599999999999,433.296,,1,1013276923,2025-09-08 00:00:00,0.0,0.0,0.0,0.0,0.0,391.2,0.0,0.0,0.0,0.0,0.0,0.0,,,,,,,391.2,1,67.80000000000001,91.80000000000001,1.0,75.0,0.0
471.0,2025-06-01,1870151,Bhubaneswar,BIKASH MISTRY,KJS PELLETS & POWER PVT LTD,THEJAHL0T00000438,ZX470H,,1108453.0,2025-06-24 00:00:00,2025-06-25 00:00:00,1615512,EMERGENCY,4430508,O-RING,1.0,916,916.0,0.2,732.8,0.18,131.904,864.704,,1,1013276923,2025-09-08 00:00:00,0.0,0.0,0.0,0.0,0.0,772.8,0.0,0.0,0.0,0.0,0.0,0.0,,,,,,,772.8,1,143.20000000000005,183.20000000000005,1.0,75.0,0.0
472.0,2025-06-01,1870151,Bhubaneswar,BIKASH MISTRY,KJS PELLETS & POWER PVT LTD,THEJAHL0T00000438,ZX470H,,1108453.0,2025-06-24 00:00:00,2025-06-25 00:00:00,1615512,EMERGENCY,TD08548,BUSHING,2.0,8006,16012.0,0.2,12809.6,0.18,2305.728,15115.328000000001,,2,1013275138,2025-07-23 00:00:00,0.0,0.0,0.0,12809.6,0.0,0.0,0.0,0.0,0.0,0.0,0.0,0.0,,,,,,,12809.6,1,3202.3999999999996,3202.3999999999996,1.0,28.0,0.0
473.0,2025-06-01,1870151,Bhubaneswar,BIKASH MISTRY,KJS PELLETS & POWER PVT LTD,THEJAHL0T00000438,ZX470H,,1108453.0,2025-06-24 00:00:00,2025-06-25 00:00:00,1615512,EMERGENCY,TD08552,PIN,1.0,16249,16249.0,0.2,12999.2,0.18,2339.856,15339.056,,1,1013275138,2025-07-23 00:00:00,0.0,0.0,0.0,12999.2,0.0,0.0,0.0,0.0,0.0,0.0,0.0,0.0,,,,,,,12999.2,1,3249.7999999999993,3249.7999999999993,1.0,28.0,0.0
474.0,2025-06-01,1870151,Bhubaneswar,BIKASH MISTRY,KJS PELLETS & POWER PVT LTD,THEJAHL0T00000438,ZX470H,,1108453.0,2025-06-24 00:00:00,2025-06-25 00:00:00,1615512,EMERGENCY,4251212,DUST SEAL,2.0,3320,6640.0,0.2,5312.0,0.18,956.16,6268.16,,2,1013273818,2025-06-19 00:00:00,0.0,0.0,5312.0,0.0,0.0,0.0,0.0,0.0,0.0,0.0,0.0,0.0,,,,,,,5312.0,1,1328.0,1328.0,1.0,,0.0
475.0,2025-06-01,1870151,Bhubaneswar,BIKASH MISTRY,KJS PELLETS & POWER PVT LTD,THEJAHL0T00000438,ZX470H,,1108453.0,2025-06-24 00:00:00,2025-06-25 00:00:00,1615512,EMERGENCY,4089028,ORING,2.0,964,1928.0,0.2,1542.4,0.18,277.632,1820.0320000000002,,,,,0.0,0.0,0.0,0.0,0.0,0.0,0.0,0.0,0.0,0.0,0.0,0.0,,,,,,,0.0,0,1928.0,385.5999999999999,1.0,,1928.0
476.0,2025-06-01,1870151,Bhubaneswar,BIKASH MISTRY,KJS PELLETS & POWER PVT LTD,THEJAHL0T00000438,ZX470H,,1108453.0,2025-06-24 00:00:00,2025-06-25 00:00:00,1615512,EMERGENCY,3093215,PIN,1.0,17461,17461.0,0.2,13968.8,0.18,2514.3839999999996,16483.183999999997,,1,1013275138,2025-07-23 00:00:00,0.0,0.0,0.0,13968.8,0.0,0.0,0.0,0.0,0.0,0.0,0.0,0.0,,,,,,,13968.8,1,3492.2000000000007,3492.2000000000007,1.0,28.0,0.0
477.0,2025-06-01,1870151,Bhubaneswar,BIKASH MISTRY,KJS PELLETS & POWER PVT LTD,THEJAHL0T00000438,ZX470H,,1108453.0,2025-06-24 00:00:00,2025-06-25 00:00:00,1615512,EMERGENCY,3060476,BUSH,4.0,7028,28112.0,0.2,22489.6,0.18,4048.1279999999997,26537.728,,2,1013274376,2025-07-02 00:00:00,0.0,0.0,0.0,11244.8,0.0,0.0,0.0,0.0,0.0,0.0,0.0,0.0,,,,,,,11244.8,1,16867.2,5622.4000000000015,1.0,7.0,0.0
478.0,2025-06-01,1870151,Bhubaneswar,BIKASH MISTRY,KJS PELLETS & POWER PVT LTD,THEJAHL0T00000438,ZX470H,,1108453.0,2025-06-24 00:00:00,2025-06-25 00:00:00,1615512,EMERGENCY,4251212,DUST SEAL,4.0,3320,13280.0,0.2,10624.0,0.18,1912.32,12536.32,,2,1013274147,2025-06-28 00:00:00,0.0,0.0,5312.0,0.0,0.0,0.0,0.0,0.0,0.0,0.0,0.0,0.0,,,,,,,5312.0,1,7968.0,2656.0,1.0,3.0,0.0
479.0,2025-06-01,1870151,Bhubaneswar,BIKASH MISTRY,KJS PELLETS & POWER PVT LTD,THEJAHL0T00000438,ZX470H,,1108453.0,2025-06-24 00:00:00,2025-06-25 00:00:00,1615512,EMERGENCY,4487682,ORING,2.0,2021,4042.0,0.2,3233.6,0.18,582.048,3815.648,,2,1013277343,2025-09-20 00:00:00,0.0,0.0,0.0,0.0,0.0,3411.2000000000003,0.0,0.0,0.0,0.0,0.0,0.0,,,,,,,3411.2000000000003,1,630.7999999999997,808.4000000000001,1.0,87.0,0.0
480.0,2025-06-01,1870151,Bhubaneswar,BIKASH MISTRY,KJS PELLETS & POWER PVT LTD,THEJAHL0T00000438,ZX470H,,1108453.0,2025-06-24 00:00:00,2025-06-25 00:00:00,1615512,EMERGENCY,9246436, SLEEVE ASS'Y,4.0,2921,11684.0,0.2,9347.2,0.18,1682.496,11029.696,,,,,0.0,0.0,0.0,0.0,0.0,0.0,0.0,0.0,0.0,0.0,0.0,0.0,,,,,,,0.0,0,11684.0,2336.7999999999993,1.0,,11684.0
481.0,2025-06-01,1870151,Bhubaneswar,BIKASH MISTRY,KJS PELLETS & POWER PVT LTD,THEJAHL0T00000438,ZX470H,,1108453.0,2025-06-24 00:00:00,2025-06-25 00:00:00,1615512,EMERGENCY,4201993, O-RING,4.0,117,468.0,0.2,374.4,0.18,67.392,441.792,,,,,0.0,0.0,0.0,0.0,0.0,0.0,0.0,0.0,0.0,0.0,0.0,0.0,,,,,,,0.0,0,468.0,93.60000000000002,1.0,,468.0
482.0,2025-06-01,1870151,Bhubaneswar,BIKASH MISTRY,KJS PELLETS & POWER PVT LTD,THEJAHL0T00000438,ZX470H,,1108453.0,2025-06-24 00:00:00,2025-06-25 00:00:00,1615514,MAINTENANCE,1105353,AIR FILTER INNER,2.0,6598,13196.0,0.2,10556.8,0.18,1900.2239999999997,12457.024,,2,1013277366,2025-09-22 00:00:00,0.0,0.0,0.0,0.0,0.0,10979.2,0.0,0.0,0.0,0.0,0.0,0.0,,,,,,,10979.2,1,2216.7999999999993,2639.2000000000007,1.0,89.0,0.0
483.0,2025-06-01,1870151,Bhubaneswar,BIKASH MISTRY,KJS PELLETS & POWER PVT LTD,THEJAHL0T00000438,ZX470H,,1108453.0,2025-06-24 00:00:00,2025-06-25 00:00:00,1615514,MAINTENANCE,1209163,AIR FILTER OUTER,2.0,11373,22746.0,0.2,18196.8,0.18,3275.4239999999995,21472.224,,2,1013274117,2025-06-26 00:00:00,0.0,0.0,18196.4,0.0,0.0,0.0,0.0,0.0,0.0,0.0,0.0,0.0,,,,,,,18196.4,1,4549.5999999999985,4549.200000000001,1.0,1.0,0.0
484.0,2025-06-01,1870151,Bhubaneswar,BIKASH MISTRY,KJS PELLETS & POWER PVT LTD,THEJAHL0T00000438,ZX470H,,1108453.0,2025-06-24 00:00:00,2025-06-25 00:00:00,1615514,MAINTENANCE,YA00058283,ENGINE OIL FILTER,7.0,2615,18305.0,0.2,14644.0,0.18,2635.92,17279.92,,8,1013274117,2025-06-26 00:00:00,0.0,0.0,16736.0,0.0,0.0,0.0,0.0,0.0,0.0,0.0,0.0,0.0,,,,,,,16736.0,1,1569.0,3661.0,1.0,1.0,0.0
485.0,2025-06-01,1870151,Bhubaneswar,BIKASH MISTRY,KJS PELLETS & POWER PVT LTD,THEJAHL0T00000438,ZX470H,,1108453.0,2025-06-24 00:00:00,2025-06-25 00:00:00,1615514,MAINTENANCE,4078360,PRIMARY FUEL FILTER,12.0,1306,15672.0,0.2,12537.6,0.18,2256.768,14794.368,,12,"1013273819, 1013274117","19-06-2025, 26-06-25",0.0,0.0,12537.6,0.0,0.0,0.0,0.0,0.0,0.0,0.0,0.0,0.0,,,,,,,12537.6,1,3134.3999999999996,3134.3999999999996,1.0,,0.0
486.0,2025-06-01,1870151,Bhubaneswar,BIKASH MISTRY,KJS PELLETS & POWER PVT LTD,THEJAHL0T00000438,ZX470H,,1108453.0,2025-06-24 00:00:00,2025-06-25 00:00:00,1615514,MAINTENANCE,4616864,FULE FILTER,3.0,2261,6783.0,0.2,5426.4,0.18,976.752,6403.152,,3,1013273819,2025-06-19 00:00:00,0.0,0.0,27132.6,0.0,0.0,0.0,0.0,0.0,0.0,0.0,0.0,0.0,,,,,,,27132.6,1,0.0,1356.6000000000004,1.0,,0.0
487.0,2025-06-01,1870151,Bhubaneswar,BIKASH MISTRY,KJS PELLETS & POWER PVT LTD,THEJAHL0T00000438,ZX470H,,1108453.0,2025-06-24 00:00:00,2025-06-25 00:00:00,1615514,MAINTENANCE,YA00032683,AC FILTER,3.0,3752,11256.0,0.2,9004.8,0.18,1620.8639999999998,10625.663999999999,,2+1,1013273819,2025-06-19 00:00:00,0.0,0.0,9004.8,0.0,0.0,0.0,0.0,0.0,0.0,0.0,0.0,0.0,,,,,,,9004.8,1,2251.2000000000007,2251.2000000000007,1.0,,0.0
488.0,2025-06-01,1870151,Bhubaneswar,BIKASH MISTRY,KJS PELLETS & POWER PVT LTD,THEJAHL0T00000438,ZX470H,,1108453.0,2025-06-24 00:00:00,2025-06-25 00:00:00,1615514,MAINTENANCE,YA00001490,AC FILTER,3.0,4607,13821.0,0.2,11056.8,0.18,1990.2239999999997,13047.024,,3,"1013273819, 1013274350","19-06-2025, 01-07-25",0.0,0.0,7371.2,3685.6,0.0,0.0,0.0,0.0,0.0,0.0,0.0,0.0,,,,,,,11056.8,1,2764.2000000000007,2764.2000000000007,1.0,,0.0
489.0,2025-06-01,1870151,Bhubaneswar,BIKASH MISTRY,KJS PELLETS & POWER PVT LTD,THEJAHL0T00000438,ZX470H,,1108453.0,2025-06-24 00:00:00,2025-06-25 00:00:00,1615514,MAINTENANCE,4363399,PUMP DRAIN FILTER,2.0,4182,8364.0,0.2,6691.2,0.18,1204.416,7895.616,,2,1013274350,2025-07-01 00:00:00,0.0,0.0,0.0,6691.2,0.0,0.0,0.0,0.0,0.0,0.0,0.0,0.0,,,,,,,6691.2,1,1672.8000000000002,1672.8000000000002,1.0,6.0,0.0
490.0,2025-06-01,1870151,Bhubaneswar,BIKASH MISTRY,KJS PELLETS & POWER PVT LTD,THEJAHL0T00000438,ZX470H,,1108453.0,2025-06-24 00:00:00,2025-06-25 00:00:00,1615514,MAINTENANCE,4437838,AIR BREATHER FILTER,1.0,1695,1695.0,0.2,1356.0,0.18,244.07999999999998,1600.08,,1,1013274619,2025-07-10 00:00:00,0.0,0.0,0.0,1356.0,0.0,0.0,0.0,0.0,0.0,0.0,0.0,0.0,,,,,,,1356.0,1,339.0,339.0,1.0,15.0,0.0
491.0,2025-06-01,1870151,Bhubaneswar,BIKASH MISTRY,KJS PELLETS & POWER PVT LTD,THEJAHL0T00000438,ZX470H,,1108453.0,2025-06-24 00:00:00,2025-06-25 00:00:00,1615514,MAINTENANCE,4630525,PILOT FILTER,4.0,2943,11772.0,0.2,9417.6,0.18,1695.168,11112.768,,3,1013274117,2025-06-26 00:00:00,0.0,0.0,7063.2,0.0,0.0,0.0,0.0,0.0,0.0,0.0,0.0,0.0,,,,,,,7063.2,1,4708.8,2354.3999999999996,1.0,1.0,0.0
492.0,2025-06-01,1870151,Bhubaneswar,BIKASH MISTRY,KJS PELLETS & POWER PVT LTD,THEJAHL0T00000438,ZX470H,,1108453.0,2025-06-24 00:00:00,2025-06-25 00:00:00,1615516,PLANNING,113671-4730,FAN BELT,1.0,13671,13671.0,0.2,10936.8,0.18,1968.6239999999998,12905.423999999999,,,,,0.0,0.0,0.0,0.0,0.0,0.0,0.0,0.0,0.0,0.0,0.0,0.0,,,,,,,0.0,0,13671.0,2734.2000000000007,1.0,,13671.0
493.0,2025-06-01,1870156,Bhubaneswar,NIRANJAN DAS,THRIVENI EARTHMOVERS PVT LTD,0ACG-000255,ZX650H,,27868.0,2025-06-20 00:00:00,2025-06-25 00:00:00,1616198,EMERGENCY,3060601,PIN,1.0,65094,65094.0,0.2,52075.2,0.18,9373.535999999998,61448.736,,1,1013273800,2025-06-19 00:00:00,0.0,0.0,52075.2,0.0,0.0,0.0,0.0,0.0,0.0,0.0,0.0,0.0,,,,,,,52075.2,1,13018.800000000003,13018.800000000003,5.0,,0.0
494.0,2025-06-01,1870156,Bhubaneswar,NIRANJAN DAS,THRIVENI EARTHMOVERS PVT LTD,0ACG-000255,ZX650H,,27868.0,2025-06-20 00:00:00,2025-06-25 00:00:00,1616198,EMERGENCY,8053519,PIN,1.0,43717,43717.0,0.2,34973.6,0.18,6295.248,41268.848,,1,1013273839,2025-06-20 00:00:00,0.0,0.0,34973.6,0.0,0.0,0.0,0.0,0.0,0.0,0.0,0.0,0.0,,,,,,,34973.6,1,8743.400000000001,8743.400000000001,5.0,,0.0
495.0,2025-06-01,1870156,Bhubaneswar,NIRANJAN DAS,THRIVENI EARTHMOVERS PVT LTD,0ACG-000255,ZX650H,,27868.0,2025-06-20 00:00:00,2025-06-25 00:00:00,1616198,EMERGENCY,8053520,PIN,1.0,32234,32234.0,0.2,25787.2,0.18,4641.696,30428.896,,1,1013273930,2025-06-21 00:00:00,0.0,0.0,25787.2,0.0,0.0,0.0,0.0,0.0,0.0,0.0,0.0,0.0,,,,,,,25787.2,1,6446.799999999999,6446.799999999999,5.0,,0.0
496.0,2025-06-01,1870156,Bhubaneswar,NIRANJAN DAS,THRIVENI EARTHMOVERS PVT LTD,0ACG-000255,ZX650H,,27868.0,2025-06-20 00:00:00,2025-06-25 00:00:00,1616198,EMERGENCY,3060580,BUSHING,2.0,13093,26186.0,0.2,20948.8,0.18,3770.7839999999997,24719.584,,2,1013275122,2025-07-23 00:00:00,0.0,0.0,0.0,20948.8,0.0,0.0,0.0,0.0,0.0,0.0,0.0,0.0,,,,,,,20948.8,1,5237.200000000001,5237.200000000001,5.0,28.0,0.0
497.0,2025-06-01,1870156,Bhubaneswar,NIRANJAN DAS,THRIVENI EARTHMOVERS PVT LTD,0ACG-000255,ZX650H,,27868.0,2025-06-20 00:00:00,2025-06-25 00:00:00,1616198,EMERGENCY,TD22572,BUSHING,2.0,1306,2612.0,0.2,2089.6,0.18,376.128,2465.728,,2,1013287020,2026-03-31 00:00:00,0.0,0.0,0.0,0.0,0.0,0.0,0.0,0.0,0.0,0.0,0.0,2172.8,,,,,,,2172.8,1,439.1999999999998,522.4000000000001,5.0,279.0,0.0
498.0,2025-06-01,1870156,Bhubaneswar,NIRANJAN DAS,THRIVENI EARTHMOVERS PVT LTD,0ACG-000255,ZX650H,,27868.0,2025-06-20 00:00:00,2025-06-25 00:00:00,1616198,EMERGENCY,3097975,PIN,1.0,32060,32060.0,0.2,25648.0,0.18,4616.639999999999,30264.64,,1,1013273839,2025-06-20 00:00:00,0.0,0.0,25648.0,0.0,0.0,0.0,0.0,0.0,0.0,0.0,0.0,0.0,,,,,,,25648.0,1,6412.0,6412.0,5.0,,0.0
499.0,2025-06-01,1870156,Bhubaneswar,NIRANJAN DAS,THRIVENI EARTHMOVERS PVT LTD,0ACG-000255,ZX650H,,27868.0,2025-06-20 00:00:00,2025-06-25 00:00:00,1616198,EMERGENCY,TD22575,BUSHING,2.0,10423,20846.0,0.2,16676.8,0.18,3001.8239999999996,19678.624,,2,1013273799,2025-06-19 00:00:00,0.0,0.0,49832.0,0.0,0.0,0.0,0.0,0.0,0.0,0.0,0.0,0.0,,,,,,,49832.0,1,0.0,4169.200000000001,5.0,,0.0
500.0,2025-06-01,1870156,Bhubaneswar,NIRANJAN DAS,THRIVENI EARTHMOVERS PVT LTD,0ACG-000255,ZX650H,,27868.0,2025-06-20 00:00:00,2025-06-25 00:00:00,1616232,MAINTENANCE,4333469,HYDRAULIC TANK FILTER,2.0,12042,24084.0,0.2,19267.2,0.18,3468.096,22735.296000000002,,,,,0.0,0.0,0.0,0.0,0.0,0.0,0.0,0.0,0.0,0.0,0.0,0.0,,,,,,,0.0,0,24084.0,4816.799999999999,5.0,,24084.0
501.0,2025-06-01,1870156,Bhubaneswar,NIRANJAN DAS,THRIVENI EARTHMOVERS PVT LTD,0ACG-000255,ZX650H,,27868.0,2025-06-20 00:00:00,2025-06-25 00:00:00,1616232,MAINTENANCE,3015259,PILOT FILTER,2.0,381,762.0,0.2,609.6,0.18,109.728,719.328,,2,1013277473,2025-09-23 00:00:00,0.0,0.0,0.0,0.0,0.0,591.0,0.0,0.0,0.0,0.0,0.0,0.0,,,,,,,591.0,1,171.0,152.39999999999998,5.0,90.0,0.0
502.0,2025-06-01,1870156,Bhubaneswar,NIRANJAN DAS,THRIVENI EARTHMOVERS PVT LTD,0ACG-000255,ZX650H,,27868.0,2025-06-20 00:00:00,2025-06-25 00:00:00,1616232,MAINTENANCE,4317008,HYD SECTION FILTER,1.0,16563,16563.0,0.2,13250.4,0.18,2385.0719999999997,15635.472,,1,1013276831,2025-09-06 00:00:00,0.0,0.0,0.0,0.0,0.0,13043.25,0.0,0.0,0.0,0.0,0.0,0.0,,,,,,,13043.25,1,3519.75,3312.6000000000004,5.0,73.0,0.0
503.0,2025-06-01,1870156,Bhubaneswar,NIRANJAN DAS,THRIVENI EARTHMOVERS PVT LTD,0ACG-000255,ZX650H,,27868.0,2025-06-20 00:00:00,2025-06-25 00:00:00,1616232,MAINTENANCE,4363399,PUMP DRAIN FILTER,3.0,4182,12546.0,0.2,10036.8,0.18,1806.6239999999998,11843.423999999999,,3,1013276831,2025-09-06 00:00:00,0.0,0.0,0.0,0.0,0.0,9785.25,0.0,0.0,0.0,0.0,0.0,0.0,,,,,,,9785.25,1,2760.75,2509.2000000000007,5.0,73.0,0.0
504.0,2025-06-01,1870156,Bhubaneswar,NIRANJAN DAS,THRIVENI EARTHMOVERS PVT LTD,0ACG-000255,ZX650H,,27868.0,2025-06-20 00:00:00,2025-06-25 00:00:00,1616232,MAINTENANCE,4437838,AIR BREATHER FILTER,2.0,1695,3390.0,0.2,2712.0,0.18,488.15999999999997,3200.16,,2,1013274108,2025-06-26 00:00:00,0.0,0.0,2712.0,0.0,0.0,0.0,0.0,0.0,0.0,0.0,0.0,0.0,,,,,,,2712.0,1,678.0,678.0,5.0,1.0,0.0
505.0,2025-06-01,1870156,Bhubaneswar,NIRANJAN DAS,THRIVENI EARTHMOVERS PVT LTD,0ACG-000255,ZX650H,,27868.0,2025-06-20 00:00:00,2025-06-25 00:00:00,1616232,MAINTENANCE,YA00058283,ENGINE OIL FILTER,15.0,2615,39225.0,0.2,31380.0,0.18,5648.4,37028.4,,15,1013274108,2025-06-26 00:00:00,0.0,0.0,31380.0,0.0,0.0,0.0,0.0,0.0,0.0,0.0,0.0,0.0,,,,,,,31380.0,1,7845.0,7845.0,5.0,1.0,0.0
506.0,2025-06-01,1870156,Bhubaneswar,NIRANJAN DAS,THRIVENI EARTHMOVERS PVT LTD,0ACG-000255,ZX650H,,27868.0,2025-06-20 00:00:00,2025-06-25 00:00:00,1616232,MAINTENANCE,4078360,PRIMARY FUEL FILTER,20.0,1306,26120.0,0.2,20896.0,0.18,3761.2799999999997,24657.28,,20,1013274108,2025-06-26 00:00:00,0.0,0.0,20896.0,0.0,0.0,0.0,0.0,0.0,0.0,0.0,0.0,0.0,,,,,,,20896.0,1,5224.0,5224.0,5.0,1.0,0.0
507.0,2025-06-01,1870156,Bhubaneswar,NIRANJAN DAS,THRIVENI EARTHMOVERS PVT LTD,0ACG-000255,ZX650H,,27868.0,2025-06-20 00:00:00,2025-06-25 00:00:00,1616232,MAINTENANCE,4616864,FUEL FILTER,15.0,2261,33915.0,0.2,27132.0,0.18,4883.76,32015.760000000002,,15,1013274108,2025-06-26 00:00:00,0.0,0.0,27132.0,0.0,0.0,0.0,0.0,0.0,0.0,0.0,0.0,0.0,,,,,,,27132.0,1,6783.0,6783.0,5.0,1.0,0.0
508.0,2025-06-01,1870156,Bhubaneswar,NIRANJAN DAS,THRIVENI EARTHMOVERS PVT LTD,0ACG-000255,ZX650H,,27868.0,2025-06-20 00:00:00,2025-06-25 00:00:00,1616232,MAINTENANCE,1209163,AIR FILTER OUTER,2.0,11373,22746.0,0.2,18196.8,0.18,3275.4239999999995,21472.224,,2,1013274108,2025-06-26 00:00:00,0.0,0.0,18196.8,0.0,0.0,0.0,0.0,0.0,0.0,0.0,0.0,0.0,,,,,,,18196.8,1,4549.200000000001,4549.200000000001,5.0,1.0,0.0
509.0,2025-06-01,1870156,Bhubaneswar,NIRANJAN DAS,THRIVENI EARTHMOVERS PVT LTD,0ACG-000255,ZX650H,,27868.0,2025-06-20 00:00:00,2025-06-25 00:00:00,1616232,MAINTENANCE,1105353,AIR FILTER INNER,1.0,6598,6598.0,0.2,5278.4,0.18,950.1119999999999,6228.512,,1,1013274108,2025-06-26 00:00:00,0.0,0.0,5278.4,0.0,0.0,0.0,0.0,0.0,0.0,0.0,0.0,0.0,,,,,,,5278.4,1,1319.6000000000004,1319.6000000000004,5.0,1.0,0.0
510.0,2025-06-01,1870156,Bhubaneswar,NIRANJAN DAS,THRIVENI EARTHMOVERS PVT LTD,0ACG-000255,ZX650H,,27868.0,2025-06-20 00:00:00,2025-06-25 00:00:00,1616232,MAINTENANCE,4632689,CIRCULATING AIR FILTER AC,1.0,3752,3752.0,0.2,3001.6,0.18,540.288,3541.888,,,,,0.0,0.0,0.0,0.0,0.0,0.0,0.0,0.0,0.0,0.0,0.0,0.0,,,,,,,0.0,0,3752.0,750.4000000000001,5.0,,3752.0
511.0,2025-06-01,1870156,Bhubaneswar,NIRANJAN DAS,THRIVENI EARTHMOVERS PVT LTD,0ACG-000255,ZX650H,,27868.0,2025-06-20 00:00:00,2025-06-25 00:00:00,1616232,MAINTENANCE,4643580,FRESH AIR FILTER AC,1.0,9208,9208.0,0.2,7366.4,0.18,1325.952,8692.351999999999,,,,,0.0,0.0,0.0,0.0,0.0,0.0,0.0,0.0,0.0,0.0,0.0,0.0,,,,,,,0.0,0,9208.0,1841.6000000000004,5.0,,9208.0
512.0,2025-06-01,1870156,Bhubaneswar,NIRANJAN DAS,THRIVENI EARTHMOVERS PVT LTD,0ACG-000255,ZX650H,,27868.0,2025-06-20 00:00:00,2025-06-25 00:00:00,1616239,PLANNING,TD22573,BUSHING,2.0,9581,19162.0,0.2,15329.6,0.18,2759.328,18088.928,,2,1013273840,2025-06-20 00:00:00,0.0,0.0,15329.6,0.0,0.0,0.0,0.0,0.0,0.0,0.0,0.0,0.0,,,,,,,15329.6,1,3832.3999999999996,3832.3999999999996,5.0,,0.0
513.0,2025-06-01,1870155,Bhubaneswar,NIRANJAN DAS,THRIVENI EARTHMOVERS PVT LTD,0ACG-000201,ZX650H,,27868.0,2025-06-19 00:00:00,2025-06-25 00:00:00,1616106,EMERGENCY,8053517,PIN,1.0,94699,94699.0,0.2,75759.2,0.18,13636.655999999999,89395.856,,1,1013273930,2025-06-21 00:00:00,0.0,0.0,75759.2,0.0,0.0,0.0,0.0,0.0,0.0,0.0,0.0,0.0,,,,,,,75759.2,1,18939.800000000003,18939.800000000003,6.0,,0.0
514.0,2025-06-01,1870155,Bhubaneswar,NIRANJAN DAS,THRIVENI EARTHMOVERS PVT LTD,0ACG-000201,ZX650H,,27868.0,2025-06-19 00:00:00,2025-06-25 00:00:00,1616106,EMERGENCY,8053518,PIN,1.0,31145,31145.0,0.2,24916.0,0.18,4484.88,29400.88,,1,1013273799,2025-06-19 00:00:00,0.0,0.0,24916.0,0.0,0.0,0.0,0.0,0.0,0.0,0.0,0.0,0.0,,,,,,,24916.0,1,6229.0,6229.0,6.0,,0.0
515.0,2025-06-01,1870155,Bhubaneswar,NIRANJAN DAS,THRIVENI EARTHMOVERS PVT LTD,0ACG-000201,ZX650H,,27868.0,2025-06-19 00:00:00,2025-06-25 00:00:00,1616106,EMERGENCY,4296258,BUSHING,2.0,8743,17486.0,0.2,13988.8,0.18,2517.984,16506.784,,2,1013275119,2025-07-23 00:00:00,0.0,0.0,0.0,13988.8,0.0,0.0,0.0,0.0,0.0,0.0,0.0,0.0,,,,,,,13988.8,1,3497.2000000000007,3497.2000000000007,6.0,28.0,0.0
516.0,2025-06-01,1870155,Bhubaneswar,NIRANJAN DAS,THRIVENI EARTHMOVERS PVT LTD,0ACG-000201,ZX650H,,27868.0,2025-06-19 00:00:00,2025-06-25 00:00:00,1616106,EMERGENCY,4251753,SEAL DUST,2.0,4579,9158.0,0.2,7326.4,0.18,1318.752,8645.152,,2,1013273839,2025-06-20 00:00:00,0.0,0.0,7326.4,0.0,0.0,0.0,0.0,0.0,0.0,0.0,0.0,0.0,,,,,,,7326.4,1,1831.6000000000004,1831.6000000000004,6.0,,0.0
517.0,2025-06-01,1870155,Bhubaneswar,NIRANJAN DAS,THRIVENI EARTHMOVERS PVT LTD,0ACG-000201,ZX650H,,27868.0,2025-06-19 00:00:00,2025-06-25 00:00:00,1616106,EMERGENCY,3060579,BUSHING,2.0,14743,29486.0,0.2,23588.8,0.18,4245.9839999999995,27834.784,,2,"1013273839, 1013274132","20-06-2025, 26-06-25",0.0,0.0,23588.8,0.0,0.0,0.0,0.0,0.0,0.0,0.0,0.0,0.0,,,,,,,23588.8,1,5897.200000000001,5897.200000000001,6.0,,0.0
518.0,2025-06-01,1870155,Bhubaneswar,NIRANJAN DAS,THRIVENI EARTHMOVERS PVT LTD,0ACG-000201,ZX650H,,27868.0,2025-06-19 00:00:00,2025-06-25 00:00:00,1616106,EMERGENCY,3060601,PIN,1.0,65094,65094.0,0.2,52075.2,0.18,9373.535999999998,61448.736,,1,1013273800,2025-06-19 00:00:00,0.0,0.0,52075.2,0.0,0.0,0.0,0.0,0.0,0.0,0.0,0.0,0.0,,,,,,,52075.2,1,13018.800000000003,13018.800000000003,6.0,,0.0
519.0,2025-06-01,1870155,Bhubaneswar,NIRANJAN DAS,THRIVENI EARTHMOVERS PVT LTD,0ACG-000201,ZX650H,,27868.0,2025-06-19 00:00:00,2025-06-25 00:00:00,1616106,EMERGENCY,8053519,PIN,2.0,43717,87434.0,0.2,69947.2,0.18,12590.496,82537.696,,2,1013273839,2025-06-20 00:00:00,0.0,0.0,69947.2,0.0,0.0,0.0,0.0,0.0,0.0,0.0,0.0,0.0,,,,,,,69947.2,1,17486.800000000003,17486.800000000003,6.0,,0.0
520.0,2025-06-01,1870155,Bhubaneswar,NIRANJAN DAS,THRIVENI EARTHMOVERS PVT LTD,0ACG-000201,ZX650H,,27868.0,2025-06-19 00:00:00,2025-06-25 00:00:00,1616106,EMERGENCY,8053520,PIN,1.0,32234,32234.0,0.2,25787.2,0.18,4641.696,30428.896,,1,1013273930,2025-06-21 00:00:00,0.0,0.0,0.0,0.0,0.0,0.0,0.0,0.0,0.0,0.0,0.0,0.0,,,,,,,0.0,1,32234.0,6446.799999999999,6.0,,0.0
521.0,2025-06-01,1870155,Bhubaneswar,NIRANJAN DAS,THRIVENI EARTHMOVERS PVT LTD,0ACG-000201,ZX650H,,27868.0,2025-06-19 00:00:00,2025-06-25 00:00:00,1616106,EMERGENCY,4457757,BUSHING,2.0,19404,38808.0,0.2,31046.4,0.18,5588.352,36634.752,,,,,0.0,0.0,0.0,0.0,0.0,0.0,0.0,0.0,0.0,0.0,0.0,0.0,,,,,,,0.0,0,38808.0,7761.5999999999985,6.0,,38808.0
522.0,2025-06-01,1870155,Bhubaneswar,NIRANJAN DAS,THRIVENI EARTHMOVERS PVT LTD,0ACG-000201,ZX650H,,27868.0,2025-06-19 00:00:00,2025-06-25 00:00:00,1616106,EMERGENCY,TD22577,BUSHING,2.0,9581,19162.0,0.2,15329.6,0.18,2759.328,18088.928,,2,"1013273839, 1013274539","20-06-2025, 07-07-25",0.0,0.0,7664.8,7664.8,0.0,0.0,0.0,0.0,0.0,0.0,0.0,0.0,,,,,,,15329.6,1,3832.3999999999996,3832.3999999999996,6.0,,0.0
523.0,2025-06-01,1870155,Bhubaneswar,NIRANJAN DAS,THRIVENI EARTHMOVERS PVT LTD,0ACG-000201,ZX650H,,27868.0,2025-06-19 00:00:00,2025-06-25 00:00:00,1616106,EMERGENCY,3060596,PIN,1.0,21899,21899.0,0.2,17519.2,0.18,3153.456,20672.656000000003,,1,1013273839,2025-06-20 00:00:00,0.0,0.0,17519.2,0.0,0.0,0.0,0.0,0.0,0.0,0.0,0.0,0.0,,,,,,,17519.2,1,4379.799999999999,4379.799999999999,6.0,,0.0
524.0,2025-06-01,1870155,Bhubaneswar,NIRANJAN DAS,THRIVENI EARTHMOVERS PVT LTD,0ACG-000201,ZX650H,,27868.0,2025-06-19 00:00:00,2025-06-25 00:00:00,1616155,MAINTENANCE,4333469,HYDRAULIC TANK FILTER,2.0,12042,24084.0,0.2,19267.2,0.18,3468.096,22735.296000000002,,,,,0.0,0.0,0.0,0.0,0.0,0.0,0.0,0.0,0.0,0.0,0.0,0.0,,,,,,,0.0,0,24084.0,4816.799999999999,6.0,,24084.0
525.0,2025-06-01,1870155,Bhubaneswar,NIRANJAN DAS,THRIVENI EARTHMOVERS PVT LTD,0ACG-000201,ZX650H,,27868.0,2025-06-19 00:00:00,2025-06-25 00:00:00,1616155,MAINTENANCE,3015259,PILOT FILTER,2.0,381,762.0,0.2,609.6,0.18,109.728,719.328,,2,1013277473,2025-09-23 00:00:00,0.0,0.0,0.0,0.0,0.0,591.0,0.0,0.0,0.0,0.0,0.0,0.0,,,,,,,591.0,1,171.0,152.39999999999998,6.0,90.0,0.0
526.0,2025-06-01,1870155,Bhubaneswar,NIRANJAN DAS,THRIVENI EARTHMOVERS PVT LTD,0ACG-000201,ZX650H,,27868.0,2025-06-19 00:00:00,2025-06-25 00:00:00,1616155,MAINTENANCE,4317008,HYD SECTION FILTER,1.0,16563,16563.0,0.2,13250.4,0.18,2385.0719999999997,15635.472,,1,1013276831,2025-09-06 00:00:00,0.0,0.0,0.0,0.0,0.0,13043.25,0.0,0.0,0.0,0.0,0.0,0.0,,,,,,,13043.25,1,3519.75,3312.6000000000004,6.0,73.0,0.0
527.0,2025-06-01,1870155,Bhubaneswar,NIRANJAN DAS,THRIVENI EARTHMOVERS PVT LTD,0ACG-000201,ZX650H,,27868.0,2025-06-19 00:00:00,2025-06-25 00:00:00,1616155,MAINTENANCE,4363399,PUMP DRAIN FILTER,3.0,4182,12546.0,0.2,10036.8,0.18,1806.6239999999998,11843.423999999999,,,,,0.0,0.0,0.0,0.0,0.0,0.0,0.0,0.0,0.0,0.0,0.0,0.0,,,,,,,0.0,0,12546.0,2509.2000000000007,6.0,,12546.0
528.0,2025-06-01,1870155,Bhubaneswar,NIRANJAN DAS,THRIVENI EARTHMOVERS PVT LTD,0ACG-000201,ZX650H,,27868.0,2025-06-19 00:00:00,2025-06-25 00:00:00,1616155,MAINTENANCE,4437838,AIR BREATHER FILTER,2.0,1695,3390.0,0.2,2712.0,0.18,488.15999999999997,3200.16,,2,1013274108,2025-06-26 00:00:00,0.0,0.0,2712.0,0.0,0.0,0.0,0.0,0.0,0.0,0.0,0.0,0.0,,,,,,,2712.0,1,678.0,678.0,6.0,1.0,0.0
529.0,2025-06-01,1870155,Bhubaneswar,NIRANJAN DAS,THRIVENI EARTHMOVERS PVT LTD,0ACG-000201,ZX650H,,27868.0,2025-06-19 00:00:00,2025-06-25 00:00:00,1616155,MAINTENANCE,YA00058283,ENGINE OIL FILTER,15.0,2615,39225.0,0.2,31380.0,0.18,5648.4,37028.4,,15,1013274108,2025-06-26 00:00:00,0.0,0.0,31380.0,0.0,0.0,0.0,0.0,0.0,0.0,0.0,0.0,0.0,,,,,,,31380.0,1,7845.0,7845.0,6.0,1.0,0.0
530.0,2025-06-01,1870155,Bhubaneswar,NIRANJAN DAS,THRIVENI EARTHMOVERS PVT LTD,0ACG-000201,ZX650H,,27868.0,2025-06-19 00:00:00,2025-06-25 00:00:00,1616155,MAINTENANCE,4078360,PRIMARY FUEL FILTER,20.0,1306,26120.0,0.2,20896.0,0.18,3761.2799999999997,24657.28,,20,1013274108,2025-06-26 00:00:00,0.0,0.0,20896.0,0.0,0.0,0.0,0.0,0.0,0.0,0.0,0.0,0.0,,,,,,,20896.0,1,5224.0,5224.0,6.0,1.0,0.0
531.0,2025-06-01,1870155,Bhubaneswar,NIRANJAN DAS,THRIVENI EARTHMOVERS PVT LTD,0ACG-000201,ZX650H,,27868.0,2025-06-19 00:00:00,2025-06-25 00:00:00,1616155,MAINTENANCE,4616864,FUEL FILTER,15.0,2261,33915.0,0.2,27132.0,0.18,4883.76,32015.760000000002,,15,1013274108,2025-06-26 00:00:00,0.0,0.0,27132.0,0.0,0.0,0.0,0.0,0.0,0.0,0.0,0.0,0.0,,,,,,,27132.0,1,6783.0,6783.0,6.0,1.0,0.0
532.0,2025-06-01,1870155,Bhubaneswar,NIRANJAN DAS,THRIVENI EARTHMOVERS PVT LTD,0ACG-000201,ZX650H,,27868.0,2025-06-19 00:00:00,2025-06-25 00:00:00,1616155,MAINTENANCE,1209163,AIR FILTER OUTER,2.0,11373,22746.0,0.2,18196.8,0.18,3275.4239999999995,21472.224,,2,1013274108,2025-06-26 00:00:00,0.0,0.0,18196.8,0.0,0.0,0.0,0.0,0.0,0.0,0.0,0.0,0.0,,,,,,,18196.8,1,4549.200000000001,4549.200000000001,6.0,1.0,0.0
533.0,2025-06-01,1870155,Bhubaneswar,NIRANJAN DAS,THRIVENI EARTHMOVERS PVT LTD,0ACG-000201,ZX650H,,27868.0,2025-06-19 00:00:00,2025-06-25 00:00:00,1616155,MAINTENANCE,1105353,AIR FILTER INNER,1.0,6598,6598.0,0.2,5278.4,0.18,950.1119999999999,6228.512,,1,1013274108,2025-06-26 00:00:00,0.0,0.0,5278.4,0.0,0.0,0.0,0.0,0.0,0.0,0.0,0.0,0.0,,,,,,,5278.4,1,1319.6000000000004,1319.6000000000004,6.0,1.0,0.0
534.0,2025-06-01,1870155,Bhubaneswar,NIRANJAN DAS,THRIVENI EARTHMOVERS PVT LTD,0ACG-000201,ZX650H,,27868.0,2025-06-19 00:00:00,2025-06-25 00:00:00,1616155,MAINTENANCE,4632689,CIRCULATING AIR FILTER AC,1.0,3752,3752.0,0.2,3001.6,0.18,540.288,3541.888,,,,,0.0,0.0,0.0,0.0,0.0,0.0,0.0,0.0,0.0,0.0,0.0,0.0,,,,,,,0.0,0,3752.0,750.4000000000001,6.0,,3752.0
535.0,2025-06-01,1870155,Bhubaneswar,NIRANJAN DAS,THRIVENI EARTHMOVERS PVT LTD,0ACG-000201,ZX650H,,27868.0,2025-06-19 00:00:00,2025-06-25 00:00:00,1616155,MAINTENANCE,4643580,DUCT FILTER,1.0,9208,9208.0,0.2,7366.4,0.18,1325.952,8692.351999999999,,,,,0.0,0.0,0.0,0.0,0.0,0.0,0.0,0.0,0.0,0.0,0.0,0.0,,,,,,,0.0,0,9208.0,1841.6000000000004,6.0,,9208.0
536.0,2025-06-01,1870155,Bhubaneswar,NIRANJAN DAS,THRIVENI EARTHMOVERS PVT LTD,0ACG-000201,ZX650H,,27868.0,2025-06-19 00:00:00,2025-06-25 00:00:00,1616191,PLANNING,TD10159,BUSH,2.0,10993,21986.0,0.2,17588.8,0.18,3165.984,20754.784,,2,1013273839,2025-06-20 00:00:00,0.0,0.0,17588.8,0.0,0.0,0.0,0.0,0.0,0.0,0.0,0.0,0.0,,,,,,,17588.8,1,4397.200000000001,4397.200000000001,6.0,,0.0
537.0,2025-06-01,1870152,Bhubaneswar,NIRANJAN DAS,DHILLON CONSTRUCTION PVT LTD,0ACG-001064,ZX650H,,1006467.0,2025-06-21 00:00:00,2025-06-25 00:00:00,1615920,EMERGENCY,4408281,SEAL DUST,1.0,6437,6437.0,0.1,5793.3,0.18,1042.794,6836.094,,1,1013275145,2025-07-23 00:00:00,0.0,0.0,0.0,5793.3,0.0,0.0,0.0,0.0,0.0,0.0,0.0,0.0,,,,,,,5793.3,1,643.6999999999998,643.6999999999998,4.0,28.0,0.0
538.0,2025-06-01,1870152,Bhubaneswar,NIRANJAN DAS,DHILLON CONSTRUCTION PVT LTD,0ACG-001064,ZX650H,,1006467.0,2025-06-21 00:00:00,2025-06-25 00:00:00,1615920,EMERGENCY,4430508,O RING,1.0,916,916.0,0.1,824.4,0.18,148.392,972.7919999999999,,1,1013275145,2025-07-23 00:00:00,0.0,0.0,0.0,824.4,0.0,0.0,0.0,0.0,0.0,0.0,0.0,0.0,,,,,,,824.4,1,91.60000000000002,91.60000000000002,4.0,28.0,0.0
539.0,2025-06-01,1870152,Bhubaneswar,NIRANJAN DAS,DHILLON CONSTRUCTION PVT LTD,0ACG-001064,ZX650H,,1006467.0,2025-06-21 00:00:00,2025-06-25 00:00:00,1615920,EMERGENCY,4359550,SEAL OIL,6.0,6450,38700.0,0.1,34830.0,0.18,6269.4,41099.4,,6,1013275145,2025-07-23 00:00:00,0.0,0.0,0.0,27523.8,0.0,0.0,0.0,0.0,0.0,0.0,0.0,0.0,,,,,,,27523.8,1,11176.2,3870.0,4.0,28.0,0.0
540.0,2025-06-01,1870152,Bhubaneswar,NIRANJAN DAS,DHILLON CONSTRUCTION PVT LTD,0ACG-001064,ZX650H,,1006467.0,2025-06-21 00:00:00,2025-06-25 00:00:00,1615920,EMERGENCY,A810125,O RING,1.0,459,459.0,0.1,413.1,0.18,74.358,487.458,,1,10132751455,2025-07-23 00:00:00,0.0,0.0,0.0,413.1,0.0,0.0,0.0,0.0,0.0,0.0,0.0,0.0,,,,,,,413.1,1,45.89999999999998,45.89999999999998,4.0,28.0,0.0
541.0,2025-06-01,1870152,Bhubaneswar,NIRANJAN DAS,DHILLON CONSTRUCTION PVT LTD,0ACG-001064,ZX650H,,1006467.0,2025-06-21 00:00:00,2025-06-25 00:00:00,1615968,MAINTENANCE,4078360,PRIMARY FUEL FILTER,2.0,1306,2612.0,0.1,2350.8,0.18,423.144,2773.9440000000004,,2,1013285248,2026-02-28 00:00:00,0.0,0.0,0.0,0.0,0.0,0.0,0.0,0.0,0.0,0.0,2028.0,0.0,,,,,,,2028.0,1,584.0,261.1999999999998,4.0,248.0,0.0
542.0,2025-06-01,1870152,Bhubaneswar,NIRANJAN DAS,DHILLON CONSTRUCTION PVT LTD,0ACG-001064,ZX650H,,1006467.0,2025-06-21 00:00:00,2025-06-25 00:00:00,1615968,MAINTENANCE,4616864,FUEL FILTER,1.0,2261,2261.0,0.1,2034.9,0.18,366.282,2401.1820000000002,,1,1013285248,2026-02-28 00:00:00,0.0,0.0,0.0,0.0,0.0,0.0,0.0,0.0,0.0,0.0,1763.25,0.0,,,,,,,1763.25,1,497.75,226.0999999999999,4.0,248.0,0.0
543.0,2025-06-01,1870152,Bhubaneswar,NIRANJAN DAS,DHILLON CONSTRUCTION PVT LTD,0ACG-001064,ZX650H,,1006467.0,2025-06-21 00:00:00,2025-06-25 00:00:00,1615968,MAINTENANCE,YA00058283,ENGINE OIL FILTER,2.0,2615,5230.0,0.1,4707.0,0.18,847.26,5554.26,,2,1013277401,2025-09-22 00:00:00,0.0,0.0,0.0,0.0,0.0,4168.8,0.0,0.0,0.0,0.0,0.0,0.0,,,,,,,4168.8,1,1061.1999999999998,523.0,4.0,89.0,0.0
544.0,2025-06-01,1870152,Bhubaneswar,NIRANJAN DAS,DHILLON CONSTRUCTION PVT LTD,0ACG-001064,ZX650H,,1006467.0,2025-06-21 00:00:00,2025-06-25 00:00:00,1615968,MAINTENANCE,1209163,AIR FILTER OUTER,1.0,11373,11373.0,0.1,10235.7,0.18,1842.4260000000002,12078.126,,1,1013285248,2026-02-28 00:00:00,0.0,0.0,0.0,0.0,0.0,0.0,0.0,0.0,0.0,0.0,8871.0,0.0,,,,,,,8871.0,1,2502.0,1137.2999999999993,4.0,248.0,0.0
545.0,2025-06-01,1870152,Bhubaneswar,NIRANJAN DAS,DHILLON CONSTRUCTION PVT LTD,0ACG-001064,ZX650H,,1006467.0,2025-06-21 00:00:00,2025-06-25 00:00:00,1615968,MAINTENANCE,4333469,HYDRAULIC TANK FILTER,1.0,12042,12042.0,0.1,10837.8,0.18,1950.8039999999999,12788.604,,,,,0.0,0.0,0.0,0.0,0.0,0.0,0.0,0.0,0.0,0.0,0.0,0.0,,,,,,,0.0,0,12042.0,1204.2000000000007,4.0,,12042.0
546.0,2025-06-01,1870152,Bhubaneswar,NIRANJAN DAS,DHILLON CONSTRUCTION PVT LTD,0ACG-001064,ZX650H,,1006467.0,2025-06-21 00:00:00,2025-06-25 00:00:00,1615993,PLANNING,9246436,PILOT LEVER SEAL,4.0,2921,11684.0,0.1,10515.6,0.18,1892.808,12408.408,,4,1013275145,2025-07-23 00:00:00,0.0,0.0,0.0,10515.6,0.0,0.0,0.0,0.0,0.0,0.0,0.0,0.0,,,,,,,10515.6,1,1168.3999999999996,1168.3999999999996,4.0,28.0,0.0
547.0,2025-06-01,1870152,Bhubaneswar,NIRANJAN DAS,DHILLON CONSTRUCTION PVT LTD,0ACG-001064,ZX650H,,1006467.0,2025-06-21 00:00:00,2025-06-25 00:00:00,1615993,PLANNING,4201993,O RING,4.0,117,468.0,0.1,421.2,0.18,75.81599999999999,497.01599999999996,,4,1013275145,2025-07-23 00:00:00,0.0,0.0,0.0,421.2,0.0,0.0,0.0,0.0,0.0,0.0,0.0,0.0,,,,,,,421.2,1,46.80000000000001,46.80000000000001,4.0,28.0,0.0
548.0,2025-06-01,1870153,Bhubaneswar,NIRANJAN DAS,BAJWA INFRASTRUCTURE PVT LTD,THEJAHL0P00000103,ZX470H,,1009491.0,2025-06-16 00:00:00,2025-06-25 00:00:00,1615865,EMERGENCY,4633668,FAN BELT,1.0,1357,1357.0,0.1,1221.3,0.18,219.83399999999997,1441.134,,,,,0.0,0.0,0.0,0.0,0.0,0.0,0.0,0.0,0.0,0.0,0.0,0.0,,,,,,,0.0,0,1357.0,135.70000000000005,9.0,,1357.0
549.0,2025-06-01,1870153,Bhubaneswar,NIRANJAN DAS,BAJWA INFRASTRUCTURE PVT LTD,THEJAHL0P00000103,ZX470H,,1009491.0,2025-06-16 00:00:00,2025-06-25 00:00:00,1615870,MAINTENANCE,4654745,HYDRAULIC TANK FILTER,1.0,11347,11347.0,0.1,10212.3,0.18,1838.2139999999997,12050.514,,,,,0.0,0.0,0.0,0.0,0.0,0.0,0.0,0.0,0.0,0.0,0.0,0.0,,,,,,,0.0,0,11347.0,1134.7000000000007,9.0,,11347.0
550.0,2025-06-01,1870153,Bhubaneswar,NIRANJAN DAS,BAJWA INFRASTRUCTURE PVT LTD,THEJAHL0P00000103,ZX470H,,1009491.0,2025-06-16 00:00:00,2025-06-25 00:00:00,1615870,MAINTENANCE,YA00058283,ENGINE OIL FILTER,2.0,2615,5230.0,0.1,4707.0,0.18,847.26,5554.26,,,,,0.0,0.0,0.0,0.0,0.0,0.0,0.0,0.0,0.0,0.0,0.0,0.0,,,,,,,0.0,0,5230.0,523.0,9.0,,5230.0
551.0,2025-06-01,1870153,Bhubaneswar,NIRANJAN DAS,BAJWA INFRASTRUCTURE PVT LTD,THEJAHL0P00000103,ZX470H,,1009491.0,2025-06-16 00:00:00,2025-06-25 00:00:00,1615870,MAINTENANCE,4078360,PRIMARY FUEL FILTER,1.0,1306,1306.0,0.1,1175.4,0.18,211.572,1386.9720000000002,,1,1013285248,2026-02-28 00:00:00,0.0,0.0,0.0,0.0,0.0,0.0,0.0,0.0,0.0,0.0,1014.0,0.0,,,,,,,1014.0,1,292.0,130.5999999999999,9.0,248.0,0.0
552.0,2025-06-01,1870153,Bhubaneswar,NIRANJAN DAS,BAJWA INFRASTRUCTURE PVT LTD,THEJAHL0P00000103,ZX470H,,1009491.0,2025-06-16 00:00:00,2025-06-25 00:00:00,1615870,MAINTENANCE,4616864,FUEL FILTER,1.0,2261,2261.0,0.1,2034.9,0.18,366.282,2401.1820000000002,,1,1013285248,2026-02-28 00:00:00,0.0,0.0,0.0,0.0,0.0,0.0,0.0,0.0,0.0,0.0,1763.25,0.0,,,,,,,1763.25,1,497.75,226.0999999999999,9.0,248.0,0.0
553.0,2025-06-01,1870153,Bhubaneswar,NIRANJAN DAS,BAJWA INFRASTRUCTURE PVT LTD,THEJAHL0P00000103,ZX470H,,1009491.0,2025-06-16 00:00:00,2025-06-25 00:00:00,1615870,MAINTENANCE,TL02020,HYD OIL,2.0,6157,12314.0,0.1,11082.6,0.18,1994.868,13077.468,,,,,0.0,0.0,0.0,0.0,0.0,0.0,0.0,0.0,0.0,0.0,0.0,0.0,,,,,,,0.0,0,12314.0,1231.3999999999996,9.0,,12314.0
554.0,2025-06-01,1870153,Bhubaneswar,NIRANJAN DAS,BAJWA INFRASTRUCTURE PVT LTD,THEJAHL0P00000103,ZX470H,,1009491.0,2025-06-16 00:00:00,2025-06-25 00:00:00,1615912,PLANNING,4612763,AC BELT,1.0,8206,8206.0,0.1,7385.4,0.18,1329.3719999999998,8714.771999999999,,,,,0.0,0.0,0.0,0.0,0.0,0.0,0.0,0.0,0.0,0.0,0.0,0.0,,,,,,,0.0,0,8206.0,820.6000000000004,9.0,,8206.0
555.0,2025-06-01,1893286,Bhubaneswar,BIKASH MISTRY,THRIVENI EARTHMOVERS PVT LTD,THEJAHL0A00000500,ZX470H,,27868.0,2025-06-25 00:00:00,2025-06-26 00:00:00,1616466,EMERGENCY,4207845,SHIM(t=3.2mm),1.0,1576,1576.0,0.2,1260.8,0.18,226.944,1487.744,,,,,0.0,0.0,0.0,0.0,0.0,0.0,0.0,0.0,0.0,0.0,0.0,0.0,,,,,,,0.0,0,1576.0,315.20000000000005,1.0,,1576.0
556.0,2025-06-01,1893286,Bhubaneswar,BIKASH MISTRY,THRIVENI EARTHMOVERS PVT LTD,THEJAHL0A00000500,ZX470H,,27868.0,2025-06-25 00:00:00,2025-06-26 00:00:00,1616466,EMERGENCY,4173485,SHIM(t=2.3mm),1.0,768,768.0,0.2,614.4,0.18,110.592,724.992,,,,,0.0,0.0,0.0,0.0,0.0,0.0,0.0,0.0,0.0,0.0,0.0,0.0,,,,,,,0.0,0,768.0,153.60000000000002,1.0,,768.0
557.0,2025-06-01,1893286,Bhubaneswar,BIKASH MISTRY,THRIVENI EARTHMOVERS PVT LTD,THEJAHL0A00000500,ZX470H,,27868.0,2025-06-25 00:00:00,2025-06-26 00:00:00,1616490,MAINTENANCE,4078360,PRIMARY FUEL FILTER,15.0,1306,19590.0,0.2,15672.0,0.18,2820.96,18492.96,,15,1013274108,2025-06-26 00:00:00,0.0,0.0,15672.0,0.0,0.0,0.0,0.0,0.0,0.0,0.0,0.0,0.0,,,,,,,15672.0,1,3918.0,3918.0,1.0,0.0,0.0
558.0,2025-06-01,1893286,Bhubaneswar,BIKASH MISTRY,THRIVENI EARTHMOVERS PVT LTD,THEJAHL0A00000500,ZX470H,,27868.0,2025-06-25 00:00:00,2025-06-26 00:00:00,1616490,MAINTENANCE,4616864,FUEL FILTER,15.0,2261,33915.0,0.2,27132.0,0.18,4883.76,32015.760000000002,,15,1013274108,2025-06-26 00:00:00,0.0,0.0,27132.0,0.0,0.0,0.0,0.0,0.0,0.0,0.0,0.0,0.0,,,,,,,27132.0,1,6783.0,6783.0,1.0,0.0,0.0
559.0,2025-06-01,1893286,Bhubaneswar,BIKASH MISTRY,THRIVENI EARTHMOVERS PVT LTD,THEJAHL0A00000500,ZX470H,,27868.0,2025-06-25 00:00:00,2025-06-26 00:00:00,1616490,MAINTENANCE,YA00058283,ENGINE OIL FILTER,15.0,2615,39225.0,0.2,31380.0,0.18,5648.4,37028.4,,15,1013274108,2025-06-26 00:00:00,0.0,0.0,31380.0,0.0,0.0,0.0,0.0,0.0,0.0,0.0,0.0,0.0,,,,,,,31380.0,1,7845.0,7845.0,1.0,0.0,0.0
560.0,2025-06-01,1893286,Bhubaneswar,BIKASH MISTRY,THRIVENI EARTHMOVERS PVT LTD,THEJAHL0A00000500,ZX470H,,27868.0,2025-06-25 00:00:00,2025-06-26 00:00:00,1616490,MAINTENANCE,4630525,PILOT FILTER,2.0,2943,5886.0,0.2,4708.8,0.18,847.584,5556.384,,2,1013274108,2025-06-26 00:00:00,0.0,0.0,4708.8,0.0,0.0,0.0,0.0,0.0,0.0,0.0,0.0,0.0,,,,,,,4708.8,1,1177.1999999999998,1177.1999999999998,1.0,0.0,0.0
561.0,2025-06-01,1893286,Bhubaneswar,BIKASH MISTRY,THRIVENI EARTHMOVERS PVT LTD,THEJAHL0A00000500,ZX470H,,27868.0,2025-06-25 00:00:00,2025-06-26 00:00:00,1616490,MAINTENANCE,4654745,HYDRAULIC TANK FILTER,2.0,11347,22694.0,0.2,18155.2,0.18,3267.936,21423.136000000002,,2,1013274108,2025-06-26 00:00:00,0.0,0.0,18155.2,0.0,0.0,0.0,0.0,0.0,0.0,0.0,0.0,0.0,,,,,,,18155.2,1,4538.799999999999,4538.799999999999,1.0,0.0,0.0
562.0,2025-06-01,1893286,Bhubaneswar,BIKASH MISTRY,THRIVENI EARTHMOVERS PVT LTD,THEJAHL0A00000500,ZX470H,,27868.0,2025-06-25 00:00:00,2025-06-26 00:00:00,1616490,MAINTENANCE,4363399,PUMP DRAIN FILTER,2.0,4182,8364.0,0.2,6691.2,0.18,1204.416,7895.616,,,,,0.0,0.0,0.0,0.0,0.0,0.0,0.0,0.0,0.0,0.0,0.0,0.0,,,,,,,0.0,0,8364.0,1672.8000000000002,1.0,,8364.0
563.0,2025-06-01,1893286,Bhubaneswar,BIKASH MISTRY,THRIVENI EARTHMOVERS PVT LTD,THEJAHL0A00000500,ZX470H,,27868.0,2025-06-25 00:00:00,2025-06-26 00:00:00,1616490,MAINTENANCE,1105353,AIR FILTER INNER,6.0,6598,39588.0,0.2,31670.4,0.18,5700.6720000000005,37371.072,,6,1013274108,2025-06-26 00:00:00,0.0,0.0,31670.4,0.0,0.0,0.0,0.0,0.0,0.0,0.0,0.0,0.0,,,,,,,31670.4,1,7917.5999999999985,7917.5999999999985,1.0,0.0,0.0
564.0,2025-06-01,1893286,Bhubaneswar,BIKASH MISTRY,THRIVENI EARTHMOVERS PVT LTD,THEJAHL0A00000500,ZX470H,,27868.0,2025-06-25 00:00:00,2025-06-26 00:00:00,1616490,MAINTENANCE,1209163,AIR FILTER OUTER,6.0,11373,68238.0,0.2,54590.4,0.18,9826.271999999999,64416.672,,6,1013274108,2025-06-26 00:00:00,0.0,0.0,54590.4,0.0,0.0,0.0,0.0,0.0,0.0,0.0,0.0,0.0,,,,,,,54590.4,1,13647.599999999999,13647.599999999999,1.0,0.0,0.0
565.0,2025-06-01,1893286,Bhubaneswar,BIKASH MISTRY,THRIVENI EARTHMOVERS PVT LTD,THEJAHL0A00000500,ZX470H,,27868.0,2025-06-25 00:00:00,2025-06-26 00:00:00,1616490,MAINTENANCE,YA00001490,AC FILTER,2.0,4607,9214.0,0.2,7371.2,0.18,1326.816,8698.016,,2,1013273860,2025-06-20 00:00:00,0.0,0.0,7371.2,0.0,0.0,0.0,0.0,0.0,0.0,0.0,0.0,0.0,,,,,,,7371.2,1,1842.8000000000002,1842.8000000000002,1.0,,0.0
566.0,2025-06-01,1893286,Bhubaneswar,BIKASH MISTRY,THRIVENI EARTHMOVERS PVT LTD,THEJAHL0A00000500,ZX470H,,27868.0,2025-06-25 00:00:00,2025-06-26 00:00:00,1616490,MAINTENANCE,4437838,AIR BREATHER FILTER,2.0,1695,3390.0,0.2,2712.0,0.18,488.15999999999997,3200.16,,2,1013274108,2025-06-26 00:00:00,0.0,0.0,2712.0,0.0,0.0,0.0,0.0,0.0,0.0,0.0,0.0,0.0,,,,,,,2712.0,1,678.0,678.0,1.0,0.0,0.0
567.0,2025-06-01,1893286,Bhubaneswar,BIKASH MISTRY,THRIVENI EARTHMOVERS PVT LTD,THEJAHL0A00000500,ZX470H,,27868.0,2025-06-25 00:00:00,2025-06-26 00:00:00,1616515,PLANNING,4487682,O-RING,1.0,2021,2021.0,0.2,1616.8,0.18,291.024,1907.824,,,,,0.0,0.0,0.0,0.0,0.0,0.0,0.0,0.0,0.0,0.0,0.0,0.0,,,,,,,0.0,0,2021.0,404.20000000000005,1.0,,2021.0
568.0,2025-06-01,1870158,Bhubaneswar,NIRANJAN DAS,THRIVENI EARTHMOVERS PVT LTD,THEJAHL0V00000494,ZX470H,,27868.0,2025-06-30 00:00:00,2025-06-30 00:00:00,1621533,EMERGENCY,113671-4730,FAN BELT,1.0,13671,13671.0,0.2,10936.8,0.18,1968.6239999999998,12905.423999999999,,,,,0.0,0.0,0.0,0.0,0.0,0.0,0.0,0.0,0.0,0.0,0.0,0.0,,,,,,,0.0,0,13671.0,2734.2000000000007,0.0,,13671.0
569.0,2025-06-01,1870158,Bhubaneswar,NIRANJAN DAS,THRIVENI EARTHMOVERS PVT LTD,THEJAHL0V00000494,ZX470H,,27868.0,2025-06-30 00:00:00,2025-06-30 00:00:00,1621580,MAINTENANCE,4654745,HYDRAULIC TANK FILTER,1.0,11347,11347.0,0.2,9077.6,0.18,1633.968,10711.568000000001,,1,1013274108,2025-06-26 00:00:00,0.0,0.0,9077.6,0.0,0.0,0.0,0.0,0.0,0.0,0.0,0.0,0.0,,,,,,,9077.6,1,2269.3999999999996,2269.3999999999996,0.0,,0.0
570.0,2025-06-01,1870158,Bhubaneswar,NIRANJAN DAS,THRIVENI EARTHMOVERS PVT LTD,THEJAHL0V00000494,ZX470H,,27868.0,2025-06-30 00:00:00,2025-06-30 00:00:00,1621580,MAINTENANCE,4630525,PILOT FILTER,1.0,2943,2943.0,0.2,2354.4,0.18,423.792,2778.192,,1,1013274108,2025-06-26 00:00:00,0.0,0.0,2354.4,0.0,0.0,0.0,0.0,0.0,0.0,0.0,0.0,0.0,,,,,,,2354.4,1,588.5999999999999,588.5999999999999,0.0,,0.0
571.0,2025-06-01,1870158,Bhubaneswar,NIRANJAN DAS,THRIVENI EARTHMOVERS PVT LTD,THEJAHL0V00000494,ZX470H,,27868.0,2025-06-30 00:00:00,2025-06-30 00:00:00,1621580,MAINTENANCE,4363399,PUMP DRAIN FILTER,1.0,4182,4182.0,0.2,3345.6,0.18,602.208,3947.808,,,,,0.0,0.0,0.0,0.0,0.0,0.0,0.0,0.0,0.0,0.0,0.0,0.0,,,,,,,0.0,0,4182.0,836.4000000000001,0.0,,4182.0
572.0,2025-06-01,1870158,Bhubaneswar,NIRANJAN DAS,THRIVENI EARTHMOVERS PVT LTD,THEJAHL0V00000494,ZX470H,,27868.0,2025-06-30 00:00:00,2025-06-30 00:00:00,1621580,MAINTENANCE,4437838,AIR BREATHER FILTER,1.0,1695,1695.0,0.2,1356.0,0.18,244.07999999999998,1600.08,,1,101326696,2025-09-02 00:00:00,0.0,0.0,0.0,0.0,0.0,1271.25,0.0,0.0,0.0,0.0,0.0,0.0,,,,,,,1271.25,1,423.75,339.0,0.0,64.0,0.0
573.0,2025-06-01,1870158,Bhubaneswar,NIRANJAN DAS,THRIVENI EARTHMOVERS PVT LTD,THEJAHL0V00000494,ZX470H,,27868.0,2025-06-30 00:00:00,2025-06-30 00:00:00,1621580,MAINTENANCE,YA00058283,ENGINE OIL FILTER,2.0,2615,5230.0,0.2,4184.0,0.18,753.12,4937.12,,2,1013274108,2025-06-26 00:00:00,0.0,0.0,4184.0,0.0,0.0,0.0,0.0,0.0,0.0,0.0,0.0,0.0,,,,,,,4184.0,1,1046.0,1046.0,0.0,,0.0
574.0,2025-06-01,1870158,Bhubaneswar,NIRANJAN DAS,THRIVENI EARTHMOVERS PVT LTD,THEJAHL0V00000494,ZX470H,,27868.0,2025-06-30 00:00:00,2025-06-30 00:00:00,1621580,MAINTENANCE,4078360,PRIMARY FUEL FILTER,2.0,1306,2612.0,0.2,2089.6,0.18,376.128,2465.728,,2,1013274108,2025-06-26 00:00:00,0.0,0.0,2089.6,0.0,0.0,0.0,0.0,0.0,0.0,0.0,0.0,0.0,,,,,,,2089.6,1,522.4000000000001,522.4000000000001,0.0,,0.0
575.0,2025-06-01,1870158,Bhubaneswar,NIRANJAN DAS,THRIVENI EARTHMOVERS PVT LTD,THEJAHL0V00000494,ZX470H,,27868.0,2025-06-30 00:00:00,2025-06-30 00:00:00,1621580,MAINTENANCE,4616864,FUEL FILTER,2.0,2261,4522.0,0.2,3617.6,0.18,651.168,4268.768,,2,1013274108,2025-06-26 00:00:00,0.0,0.0,3617.6,0.0,0.0,0.0,0.0,0.0,0.0,0.0,0.0,0.0,,,,,,,3617.6,1,904.4000000000001,904.4000000000001,0.0,,0.0
576.0,2025-06-01,1870158,Bhubaneswar,NIRANJAN DAS,THRIVENI EARTHMOVERS PVT LTD,THEJAHL0V00000494,ZX470H,,27868.0,2025-06-30 00:00:00,2025-06-30 00:00:00,1621580,MAINTENANCE,1209163,AIR FILTER OUTER,1.0,11373,11373.0,0.2,9098.4,0.18,1637.7119999999998,10736.112,,1,1013274108,2025-06-26 00:00:00,0.0,0.0,9098.4,0.0,0.0,0.0,0.0,0.0,0.0,0.0,0.0,0.0,,,,,,,9098.4,1,2274.6000000000004,2274.6000000000004,0.0,,0.0
577.0,2025-06-01,1870158,Bhubaneswar,NIRANJAN DAS,THRIVENI EARTHMOVERS PVT LTD,THEJAHL0V00000494,ZX470H,,27868.0,2025-06-30 00:00:00,2025-06-30 00:00:00,1621580,MAINTENANCE,1105353,AIR FILTER INNER,1.0,6598,6598.0,0.2,5278.4,0.18,950.1119999999999,6228.512,,1,1013274108,2025-06-26 00:00:00,0.0,0.0,5278.4,0.0,0.0,0.0,0.0,0.0,0.0,0.0,0.0,0.0,,,,,,,5278.4,1,1319.6000000000004,1319.6000000000004,0.0,,0.0
578.0,2025-06-01,1870158,Bhubaneswar,NIRANJAN DAS,THRIVENI EARTHMOVERS PVT LTD,THEJAHL0V00000494,ZX470H,,27868.0,2025-06-30 00:00:00,2025-06-30 00:00:00,1621580,MAINTENANCE,1105353,AIR FILTER INNER,2.0,6598,13196.0,0.2,10556.8,0.18,1900.2239999999997,12457.024,,2,1013274108,2025-06-26 00:00:00,0.0,0.0,10556.8,0.0,0.0,0.0,0.0,0.0,0.0,0.0,0.0,0.0,,,,,,,10556.8,1,2639.2000000000007,2639.2000000000007,0.0,,0.0
579.0,2025-06-01,1870158,Bhubaneswar,NIRANJAN DAS,THRIVENI EARTHMOVERS PVT LTD,THEJAHL0V00000494,ZX470H,,27868.0,2025-06-30 00:00:00,2025-06-30 00:00:00,1621583,PLANNING,4612763,AC BELT,1.0,8206,8206.0,0.2,6564.8,0.18,1181.664,7746.464,,,,,0.0,0.0,0.0,0.0,0.0,0.0,0.0,0.0,0.0,0.0,0.0,0.0,,,,,,,0.0,0,8206.0,1641.1999999999998,0.0,,8206.0
580.0,2025-07-01,1910007,Bhubaneswar,NIRANJAN DAS,THRIVENI EARTHMOVERS PVT LTD,THEJAHL0L00000563,ZX470H,,27868.0,2025-07-05 00:00:00,2025-07-18 00:00:00,1644771,EMERGENCY,113671-4730,FAN BELT,1.0,13671,13671.0,0.2,10936.8,0.18,1968.6239999999998,12905.423999999999,,,,,0.0,0.0,0.0,0.0,0.0,0.0,0.0,0.0,0.0,0.0,0.0,0.0,,,,,,,0.0,0,13671.0,2734.2000000000007,13.0,,13671.0
581.0,2025-07-01,1910007,Bhubaneswar,NIRANJAN DAS,THRIVENI EARTHMOVERS PVT LTD,THEJAHL0L00000563,ZX470H,,27868.0,2025-07-05 00:00:00,2025-07-18 00:00:00,1644772,MAINTENANCE,4654745,HYDRAULIC TANK FILTER,1.0,11347,11347.0,0.2,9077.6,0.18,1633.968,10711.568000000001,,1,1013276696,2025-09-02 00:00:00,0.0,0.0,0.0,0.0,0.0,8850.75,0.0,0.0,0.0,0.0,0.0,0.0,,,,,,,8850.75,1,2496.25,2269.3999999999996,13.0,46.0,0.0
582.0,2025-07-01,1910007,Bhubaneswar,NIRANJAN DAS,THRIVENI EARTHMOVERS PVT LTD,THEJAHL0L00000563,ZX470H,,27868.0,2025-07-05 00:00:00,2025-07-18 00:00:00,1644772,MAINTENANCE,4630525,PILOT FILTER,1.0,2943,2943.0,0.2,2354.4,0.18,423.792,2778.192,,1,1013276696,2025-09-02 00:00:00,0.0,0.0,0.0,0.0,0.0,2284.5,0.0,0.0,0.0,0.0,0.0,0.0,,,,,,,2284.5,1,658.5,588.5999999999999,13.0,46.0,0.0
583.0,2025-07-01,1910007,Bhubaneswar,NIRANJAN DAS,THRIVENI EARTHMOVERS PVT LTD,THEJAHL0L00000563,ZX470H,,27868.0,2025-07-05 00:00:00,2025-07-18 00:00:00,1644772,MAINTENANCE,4363399,PUMP DRAIN FILTER,1.0,4182,4182.0,0.2,3345.6,0.18,602.208,3947.808,,,,,0.0,0.0,0.0,0.0,0.0,0.0,0.0,0.0,0.0,0.0,0.0,0.0,,,,,,,0.0,0,4182.0,836.4000000000001,13.0,,4182.0
584.0,2025-07-01,1910007,Bhubaneswar,NIRANJAN DAS,THRIVENI EARTHMOVERS PVT LTD,THEJAHL0L00000563,ZX470H,,27868.0,2025-07-05 00:00:00,2025-07-18 00:00:00,1644772,MAINTENANCE,4437838,AIR BREATHER FILTER,1.0,1695,1695.0,0.2,1356.0,0.18,244.07999999999998,1600.08,,1,101326696,2025-09-02 00:00:00,0.0,0.0,0.0,0.0,0.0,1271.25,0.0,0.0,0.0,0.0,0.0,0.0,,,,,,,1271.25,1,423.75,339.0,13.0,46.0,0.0
585.0,2025-07-01,1910007,Bhubaneswar,NIRANJAN DAS,THRIVENI EARTHMOVERS PVT LTD,THEJAHL0L00000563,ZX470H,,27868.0,2025-07-05 00:00:00,2025-07-18 00:00:00,1644772,MAINTENANCE,YA00058283,ENGINE OIL FILTER,2.0,2615,5230.0,0.2,4184.0,0.18,753.12,4937.12,,2,1013276696,2025-09-02 00:00:00,0.0,0.0,0.0,0.0,0.0,4080.0,0.0,0.0,0.0,0.0,0.0,0.0,,,,,,,4080.0,1,1150.0,1046.0,13.0,46.0,0.0
586.0,2025-07-01,1910007,Bhubaneswar,NIRANJAN DAS,THRIVENI EARTHMOVERS PVT LTD,THEJAHL0L00000563,ZX470H,,27868.0,2025-07-05 00:00:00,2025-07-18 00:00:00,1644772,MAINTENANCE,4078360,PRIMARY FUEL FILTER,2.0,1306,2612.0,0.2,2089.6,0.18,376.128,2465.728,,2,1013276696,2025-09-02 00:00:00,0.0,0.0,0.0,0.0,0.0,2028.0,0.0,0.0,0.0,0.0,0.0,0.0,,,,,,,2028.0,1,584.0,522.4000000000001,13.0,46.0,0.0
587.0,2025-07-01,1910007,Bhubaneswar,NIRANJAN DAS,THRIVENI EARTHMOVERS PVT LTD,THEJAHL0L00000563,ZX470H,,27868.0,2025-07-05 00:00:00,2025-07-18 00:00:00,1644772,MAINTENANCE,4616864,FUEL FILTER,2.0,2261,4522.0,0.2,3617.6,0.18,651.168,4268.768,,2,1013276696,2025-09-02 00:00:00,0.0,0.0,0.0,0.0,0.0,3526.5,0.0,0.0,0.0,0.0,0.0,0.0,,,,,,,3526.5,1,995.5,904.4000000000001,13.0,46.0,0.0
588.0,2025-07-01,1910007,Bhubaneswar,NIRANJAN DAS,THRIVENI EARTHMOVERS PVT LTD,THEJAHL0L00000563,ZX470H,,27868.0,2025-07-05 00:00:00,2025-07-18 00:00:00,1644772,MAINTENANCE,1209163,AIR FILTER OUTER,1.0,11373,11373.0,0.2,9098.4,0.18,1637.7119999999998,10736.112,,1,101326696,2025-09-02 00:00:00,0.0,0.0,0.0,0.0,0.0,8871.0,0.0,0.0,0.0,0.0,0.0,0.0,,,,,,,8871.0,1,2502.0,2274.6000000000004,13.0,46.0,0.0
589.0,2025-07-01,1910007,Bhubaneswar,NIRANJAN DAS,THRIVENI EARTHMOVERS PVT LTD,THEJAHL0L00000563,ZX470H,,27868.0,2025-07-05 00:00:00,2025-07-18 00:00:00,1644772,MAINTENANCE,1105353,AIR FILTER INNER,3.0,6598,19794.0,0.2,15835.2,0.18,2850.3360000000002,18685.536,,2,101326696,2025-09-02 00:00:00,0.0,0.0,0.0,0.0,0.0,10293.0,0.0,0.0,0.0,0.0,0.0,0.0,,,,,,,10293.0,1,9501.0,3958.7999999999993,13.0,46.0,0.0
590.0,2025-07-01,1910007,Bhubaneswar,NIRANJAN DAS,THRIVENI EARTHMOVERS PVT LTD,THEJAHL0L00000563,ZX470H,,27868.0,2025-07-05 00:00:00,2025-07-18 00:00:00,1644773,PLANNING,4612763,AC BELT,1.0,8206,8206.0,0.2,6564.8,0.18,1181.664,7746.464,,,,,0.0,0.0,0.0,0.0,0.0,0.0,0.0,0.0,0.0,0.0,0.0,0.0,,,,,,,0.0,0,8206.0,1641.1999999999998,13.0,,8206.0
591.0,2025-07-01,1910008,Bhubaneswar,BIKASH MISTRY,THRIVENI EARTHMOVERS PVT LTD,THEJAHL0H00000564,ZX470H,,27868.0,2025-07-07 00:00:00,2025-07-18 00:00:00,1644774,EMERGENCY,UC00470ZX,ZX470H Undercarriage Kit,1.0,2995740,2995740.0,0.2,2396592.0,0.18,431386.56,2827978.56,,1,1013274530,2025-07-07 00:00:00,0.0,0.0,0.0,1470000.0,0.0,0.0,0.0,0.0,0.0,0.0,0.0,0.0,,,,,,,1470000.0,1,1525740.0,599148.0,11.0,,0.0
592.0,2025-07-01,1910008,Bhubaneswar,BIKASH MISTRY,THRIVENI EARTHMOVERS PVT LTD,THEJAHL0H00000564,ZX470H,,27868.0,2025-07-07 00:00:00,2025-07-18 00:00:00,1644774,EMERGENCY,J932270,BOLT,48.0,464,22272.0,0.2,17817.6,0.18,3207.1679999999997,21024.767999999996,,48,1013275570,2025-07-31 00:00:00,0.0,0.0,0.0,17817.6,0.0,0.0,0.0,0.0,0.0,0.0,0.0,0.0,,,,,,,17817.6,1,4454.4000000000015,4454.4000000000015,11.0,13.0,0.0
593.0,2025-07-01,1910008,Bhubaneswar,BIKASH MISTRY,THRIVENI EARTHMOVERS PVT LTD,THEJAHL0H00000564,ZX470H,,27868.0,2025-07-07 00:00:00,2025-07-18 00:00:00,1644774,EMERGENCY,A590922,WASHER,48.0,137,6576.0,0.2,5260.8,0.18,946.944,6207.744000000001,,48,1013275568,2025-07-31 00:00:00,0.0,0.0,0.0,5260.8,0.0,0.0,0.0,0.0,0.0,0.0,0.0,0.0,,,,,,,5260.8,1,1315.1999999999998,1315.1999999999998,11.0,13.0,0.0
594.0,2025-07-01,1910008,Bhubaneswar,BIKASH MISTRY,THRIVENI EARTHMOVERS PVT LTD,THEJAHL0H00000564,ZX470H,,27868.0,2025-07-07 00:00:00,2025-07-18 00:00:00,1644775,MAINTENANCE,4078360,PRIMARY FUEL FILTER,2.0,1306,2612.0,0.2,2089.6,0.18,376.128,2465.728,,2,1013276696,2025-09-02 00:00:00,0.0,0.0,0.0,0.0,0.0,2028.0,0.0,0.0,0.0,0.0,0.0,0.0,,,,,,,2028.0,1,584.0,522.4000000000001,11.0,46.0,0.0
595.0,2025-07-01,1910008,Bhubaneswar,BIKASH MISTRY,THRIVENI EARTHMOVERS PVT LTD,THEJAHL0H00000564,ZX470H,,27868.0,2025-07-07 00:00:00,2025-07-18 00:00:00,1644775,MAINTENANCE,4616864,FULE  FILTER,2.0,2261,4522.0,0.2,3617.6,0.18,651.168,4268.768,,2,1013276696,2025-09-02 00:00:00,0.0,0.0,0.0,0.0,0.0,3526.5,0.0,0.0,0.0,0.0,0.0,0.0,,,,,,,3526.5,1,995.5,904.4000000000001,11.0,46.0,0.0
596.0,2025-07-01,1910008,Bhubaneswar,BIKASH MISTRY,THRIVENI EARTHMOVERS PVT LTD,THEJAHL0H00000564,ZX470H,,27868.0,2025-07-07 00:00:00,2025-07-18 00:00:00,1644775,MAINTENANCE,1209163,AIR FILTER OUTER,1.0,11373,11373.0,0.2,9098.4,0.18,1637.7119999999998,10736.112,,1,101326696,2025-09-02 00:00:00,0.0,0.0,0.0,0.0,0.0,8871.0,0.0,0.0,0.0,0.0,0.0,0.0,,,,,,,8871.0,1,2502.0,2274.6000000000004,11.0,46.0,0.0
597.0,2025-07-01,1910008,Bhubaneswar,BIKASH MISTRY,THRIVENI EARTHMOVERS PVT LTD,THEJAHL0H00000564,ZX470H,,27868.0,2025-07-07 00:00:00,2025-07-18 00:00:00,1644775,MAINTENANCE,1105353,AIR FILTER INNER,1.0,6598,6598.0,0.2,5278.4,0.18,950.1119999999999,6228.512,,1,1013276831,2025-09-06 00:00:00,0.0,0.0,0.0,0.0,0.0,5146.5,0.0,0.0,0.0,0.0,0.0,0.0,,,,,,,5146.5,1,1451.5,1319.6000000000004,11.0,50.0,0.0
598.0,2025-07-01,1910008,Bhubaneswar,BIKASH MISTRY,THRIVENI EARTHMOVERS PVT LTD,THEJAHL0H00000564,ZX470H,,27868.0,2025-07-07 00:00:00,2025-07-18 00:00:00,1644775,MAINTENANCE,4437838,AIR BREATHER FILTER,1.0,1695,1695.0,0.2,1356.0,0.18,244.07999999999998,1600.08,,1,101326696,2025-09-02 00:00:00,0.0,0.0,0.0,0.0,0.0,1271.25,0.0,0.0,0.0,0.0,0.0,0.0,,,,,,,1271.25,1,423.75,339.0,11.0,46.0,0.0
599.0,2025-07-01,1910008,Bhubaneswar,BIKASH MISTRY,THRIVENI EARTHMOVERS PVT LTD,THEJAHL0H00000564,ZX470H,,27868.0,2025-07-07 00:00:00,2025-07-18 00:00:00,1644775,MAINTENANCE,4654745,HYDRAULIC TANK FILTER,1.0,11347,11347.0,0.2,9077.6,0.18,1633.968,10711.568000000001,,1,1013276696,2025-09-02 00:00:00,0.0,0.0,0.0,0.0,0.0,8850.75,0.0,0.0,0.0,0.0,0.0,0.0,,,,,,,8850.75,1,2496.25,2269.3999999999996,11.0,46.0,0.0
600.0,2025-07-01,1910008,Bhubaneswar,BIKASH MISTRY,THRIVENI EARTHMOVERS PVT LTD,THEJAHL0H00000564,ZX470H,,27868.0,2025-07-07 00:00:00,2025-07-18 00:00:00,1644775,MAINTENANCE,4363399,PUMP DRAIN FILTER,1.0,4182,4182.0,0.2,3345.6,0.18,602.208,3947.808,,,,,0.0,0.0,0.0,0.0,0.0,0.0,0.0,0.0,0.0,0.0,0.0,0.0,,,,,,,0.0,0,4182.0,836.4000000000001,11.0,,4182.0
601.0,2025-07-01,1910008,Bhubaneswar,BIKASH MISTRY,THRIVENI EARTHMOVERS PVT LTD,THEJAHL0H00000564,ZX470H,,27868.0,2025-07-07 00:00:00,2025-07-18 00:00:00,1644775,MAINTENANCE,4317008,HYD SECTION FILTER,1.0,16563,16563.0,0.2,13250.4,0.18,2385.0719999999997,15635.472,,1,1013276831,2025-09-06 00:00:00,0.0,0.0,0.0,0.0,0.0,13043.25,0.0,0.0,0.0,0.0,0.0,0.0,,,,,,,13043.25,1,3519.75,3312.6000000000004,11.0,50.0,0.0
602.0,2025-07-01,1910008,Bhubaneswar,BIKASH MISTRY,THRIVENI EARTHMOVERS PVT LTD,THEJAHL0H00000564,ZX470H,,27868.0,2025-07-07 00:00:00,2025-07-18 00:00:00,1644775,MAINTENANCE,4630525,PILOT FILTER,1.0,2943,2943.0,0.2,2354.4,0.18,423.792,2778.192,,1,1013276696,2025-09-02 00:00:00,0.0,0.0,0.0,0.0,0.0,2284.5,0.0,0.0,0.0,0.0,0.0,0.0,,,,,,,2284.5,1,658.5,588.5999999999999,11.0,46.0,0.0
603.0,2025-07-01,1910008,Bhubaneswar,BIKASH MISTRY,THRIVENI EARTHMOVERS PVT LTD,THEJAHL0H00000564,ZX470H,,27868.0,2025-07-07 00:00:00,2025-07-18 00:00:00,1644775,MAINTENANCE,4632689,CIRCULATING AIR FILTER AC,1.0,3752,3752.0,0.2,3001.6,0.18,540.288,3541.888,,,,,0.0,0.0,0.0,0.0,0.0,0.0,0.0,0.0,0.0,0.0,0.0,0.0,,,,,,,0.0,0,3752.0,750.4000000000001,11.0,,3752.0
604.0,2025-07-01,1910008,Bhubaneswar,BIKASH MISTRY,THRIVENI EARTHMOVERS PVT LTD,THEJAHL0H00000564,ZX470H,,27868.0,2025-07-07 00:00:00,2025-07-18 00:00:00,1644776,PLANNING,4612763,AC BELT,1.0,8206,8206.0,0.2,6564.8,0.18,1181.664,7746.464,,,,,0.0,0.0,0.0,0.0,0.0,0.0,0.0,0.0,0.0,0.0,0.0,0.0,,,,,,,0.0,0,8206.0,1641.1999999999998,11.0,,8206.0
605.0,2025-07-01,1910645,Bhubaneswar,BIKASH MISTRY,THRIVENI EARTHMOVERS PVT LTD,THEJAHL0C00000493,ZX470H,,27868.0,2025-07-04 00:00:00,2025-07-18 00:00:00,1644777,EMERGENCY,171809,CAP O-RING,9.0,1535,13815.0,0.2,11052.0,0.18,1989.36,13041.36,,,,,0.0,0.0,0.0,0.0,0.0,0.0,0.0,0.0,0.0,0.0,0.0,0.0,,,,,,,0.0,0,13815.0,2763.0,14.0,,13815.0
606.0,2025-07-01,1910645,Bhubaneswar,BIKASH MISTRY,THRIVENI EARTHMOVERS PVT LTD,THEJAHL0C00000493,ZX470H,,27868.0,2025-07-04 00:00:00,2025-07-18 00:00:00,1644777,EMERGENCY,4183995,CUSHION,4.0,13854,55416.0,0.2,44332.8,0.18,7979.904,52312.704000000005,,,,,0.0,0.0,0.0,0.0,0.0,0.0,0.0,0.0,0.0,0.0,0.0,0.0,,,,,,,0.0,0,55416.0,11083.199999999997,14.0,,55416.0
607.0,2025-07-01,1910645,Bhubaneswar,BIKASH MISTRY,THRIVENI EARTHMOVERS PVT LTD,THEJAHL0C00000493,ZX470H,,27868.0,2025-07-04 00:00:00,2025-07-18 00:00:00,1644777,EMERGENCY,4435106,CUSHION,1.0,73158,73158.0,0.2,58526.4,0.18,10534.752,69061.152,,,,,0.0,0.0,0.0,0.0,0.0,0.0,0.0,0.0,0.0,0.0,0.0,0.0,,,,,,,0.0,0,73158.0,14631.599999999999,14.0,,73158.0
608.0,2025-07-01,1910645,Bhubaneswar,BIKASH MISTRY,THRIVENI EARTHMOVERS PVT LTD,THEJAHL0C00000493,ZX470H,,27868.0,2025-07-04 00:00:00,2025-07-18 00:00:00,1644777,EMERGENCY,4467459,CUSHION,1.0,70549,70549.0,0.2,56439.2,0.18,10159.055999999999,66598.256,,,,,0.0,0.0,0.0,0.0,0.0,0.0,0.0,0.0,0.0,0.0,0.0,0.0,,,,,,,0.0,0,70549.0,14109.800000000003,14.0,,70549.0
609.0,2025-07-01,1910645,Bhubaneswar,BIKASH MISTRY,THRIVENI EARTHMOVERS PVT LTD,THEJAHL0C00000493,ZX470H,,27868.0,2025-07-04 00:00:00,2025-07-18 00:00:00,1644777,EMERGENCY,9246436,PILOT LEVER SEAL,8.0,2921,23368.0,0.2,18694.4,0.18,3364.992,22059.392,,,,,0.0,0.0,0.0,0.0,0.0,0.0,0.0,0.0,0.0,0.0,0.0,0.0,,,,,,,0.0,0,23368.0,4673.5999999999985,14.0,,23368.0
610.0,2025-07-01,1910645,Bhubaneswar,BIKASH MISTRY,THRIVENI EARTHMOVERS PVT LTD,THEJAHL0C00000493,ZX470H,,27868.0,2025-07-04 00:00:00,2025-07-18 00:00:00,1644777,EMERGENCY,4201993,O-RING;PILOT VALVE,8.0,117,936.0,0.2,748.8,0.18,134.784,883.584,,,,,0.0,0.0,0.0,0.0,0.0,0.0,0.0,0.0,0.0,0.0,0.0,0.0,,,,,,,0.0,0,936.0,187.20000000000005,14.0,,936.0
611.0,2025-07-01,1910645,Bhubaneswar,BIKASH MISTRY,THRIVENI EARTHMOVERS PVT LTD,THEJAHL0C00000493,ZX470H,,27868.0,2025-07-04 00:00:00,2025-07-18 00:00:00,1644777,EMERGENCY,UC00470ZX,ZX470H Undercarriage Kit,1.0,2995740,2995740.0,0.2,2396592.0,0.18,431386.56,2827978.56,,1,1013274530,2025-07-07 00:00:00,0.0,0.0,0.0,1470000.0,0.0,0.0,0.0,0.0,0.0,0.0,0.0,0.0,,,,,,,1470000.0,1,1525740.0,599148.0,14.0,,0.0
612.0,2025-07-01,1910645,Bhubaneswar,BIKASH MISTRY,THRIVENI EARTHMOVERS PVT LTD,THEJAHL0C00000493,ZX470H,,27868.0,2025-07-04 00:00:00,2025-07-18 00:00:00,1644777,EMERGENCY,J932270,BOLT,48.0,464,22272.0,0.2,17817.6,0.18,3207.1679999999997,21024.767999999996,,48,1013275570,2025-07-31 00:00:00,17817.6,0.0,0.0,17817.6,0.0,0.0,0.0,0.0,0.0,0.0,0.0,0.0,,,,,,,35635.2,1,0.0,4454.4000000000015,14.0,13.0,0.0
613.0,2025-07-01,1910645,Bhubaneswar,BIKASH MISTRY,THRIVENI EARTHMOVERS PVT LTD,THEJAHL0C00000493,ZX470H,,27868.0,2025-07-04 00:00:00,2025-07-18 00:00:00,1644777,EMERGENCY,A590922,WASHER,48.0,137,6576.0,0.2,5260.8,0.18,946.944,6207.744000000001,,48,1013275568,2025-07-31 00:00:00,5260.8,0.0,0.0,5260.8,0.0,0.0,0.0,0.0,0.0,0.0,0.0,0.0,,,,,,,10521.6,1,0.0,1315.1999999999998,14.0,13.0,0.0
614.0,2025-07-01,1910645,Bhubaneswar,BIKASH MISTRY,THRIVENI EARTHMOVERS PVT LTD,THEJAHL0C00000493,ZX470H,,27868.0,2025-07-04 00:00:00,2025-07-18 00:00:00,1644777,EMERGENCY,451033,ORING,2.0,623,1246.0,0.2,996.8,0.18,179.42399999999998,1176.224,,,,,0.0,0.0,0.0,0.0,0.0,0.0,0.0,0.0,0.0,0.0,0.0,0.0,,,,,,,0.0,0,1246.0,249.20000000000005,14.0,,1246.0
615.0,2025-07-01,1910645,Bhubaneswar,BIKASH MISTRY,THRIVENI EARTHMOVERS PVT LTD,THEJAHL0C00000493,ZX470H,,27868.0,2025-07-04 00:00:00,2025-07-18 00:00:00,1644777,EMERGENCY,451037,RING BACKUP,2.0,994,1988.0,0.2,1590.4,0.18,286.272,1876.672,,,,,0.0,0.0,0.0,0.0,0.0,0.0,0.0,0.0,0.0,0.0,0.0,0.0,,,,,,,0.0,0,1988.0,397.5999999999999,14.0,,1988.0
616.0,2025-07-01,1910645,Bhubaneswar,BIKASH MISTRY,THRIVENI EARTHMOVERS PVT LTD,THEJAHL0C00000493,ZX470H,,27868.0,2025-07-04 00:00:00,2025-07-18 00:00:00,1644778,MAINTENANCE,4078360,PRIMARY FUEL FILTER,2.0,1306,2612.0,0.2,2089.6,0.18,376.128,2465.728,,2,1013276696,2025-09-02 00:00:00,0.0,0.0,0.0,0.0,0.0,2028.0,0.0,0.0,0.0,0.0,0.0,0.0,,,,,,,2028.0,1,584.0,522.4000000000001,14.0,46.0,0.0
617.0,2025-07-01,1910645,Bhubaneswar,BIKASH MISTRY,THRIVENI EARTHMOVERS PVT LTD,THEJAHL0C00000493,ZX470H,,27868.0,2025-07-04 00:00:00,2025-07-18 00:00:00,1644778,MAINTENANCE,4616864,FULE  FILTER,2.0,2261,4522.0,0.2,3617.6,0.18,651.168,4268.768,,2,1013276696,2025-09-02 00:00:00,0.0,0.0,0.0,0.0,0.0,3526.5,0.0,0.0,0.0,0.0,0.0,0.0,,,,,,,3526.5,1,995.5,904.4000000000001,14.0,46.0,0.0
618.0,2025-07-01,1910645,Bhubaneswar,BIKASH MISTRY,THRIVENI EARTHMOVERS PVT LTD,THEJAHL0C00000493,ZX470H,,27868.0,2025-07-04 00:00:00,2025-07-18 00:00:00,1644778,MAINTENANCE,1209163,AIR FILTER OUTER,1.0,11373,11373.0,0.2,9098.4,0.18,1637.7119999999998,10736.112,,1,1013276831,2025-09-06 00:00:00,0.0,0.0,0.0,0.0,0.0,8871.0,0.0,0.0,0.0,0.0,0.0,0.0,,,,,,,8871.0,1,2502.0,2274.6000000000004,14.0,50.0,0.0
619.0,2025-07-01,1910645,Bhubaneswar,BIKASH MISTRY,THRIVENI EARTHMOVERS PVT LTD,THEJAHL0C00000493,ZX470H,,27868.0,2025-07-04 00:00:00,2025-07-18 00:00:00,1644778,MAINTENANCE,1105353,AIR FILTER INNER,1.0,6598,6598.0,0.2,5278.4,0.18,950.1119999999999,6228.512,,1,1013276831,2025-09-06 00:00:00,0.0,0.0,0.0,0.0,0.0,5146.5,0.0,0.0,0.0,0.0,0.0,0.0,,,,,,,5146.5,1,1451.5,1319.6000000000004,14.0,50.0,0.0
620.0,2025-07-01,1910645,Bhubaneswar,BIKASH MISTRY,THRIVENI EARTHMOVERS PVT LTD,THEJAHL0C00000493,ZX470H,,27868.0,2025-07-04 00:00:00,2025-07-18 00:00:00,1644778,MAINTENANCE,4437838,AIR BREATHER FILTER,1.0,1695,1695.0,0.2,1356.0,0.18,244.07999999999998,1600.08,,1,101326696,2025-09-02 00:00:00,0.0,0.0,0.0,0.0,0.0,1271.25,0.0,0.0,0.0,0.0,0.0,0.0,,,,,,,1271.25,1,423.75,339.0,14.0,46.0,0.0
621.0,2025-07-01,1910645,Bhubaneswar,BIKASH MISTRY,THRIVENI EARTHMOVERS PVT LTD,THEJAHL0C00000493,ZX470H,,27868.0,2025-07-04 00:00:00,2025-07-18 00:00:00,1644778,MAINTENANCE,4654745,HYDRAULIC TANK FILTER,1.0,11347,11347.0,0.2,9077.6,0.18,1633.968,10711.568000000001,,1,1013276831,2025-09-06 00:00:00,0.0,0.0,0.0,0.0,0.0,5146.5,0.0,0.0,0.0,0.0,0.0,0.0,,,,,,,5146.5,1,6200.5,2269.3999999999996,14.0,50.0,0.0
622.0,2025-07-01,1910645,Bhubaneswar,BIKASH MISTRY,THRIVENI EARTHMOVERS PVT LTD,THEJAHL0C00000493,ZX470H,,27868.0,2025-07-04 00:00:00,2025-07-18 00:00:00,1644778,MAINTENANCE,4363399,PUMP DRAIN FILTER,1.0,4182,4182.0,0.2,3345.6,0.18,602.208,3947.808,,,,,0.0,0.0,0.0,0.0,0.0,0.0,0.0,0.0,0.0,0.0,0.0,0.0,,,,,,,0.0,0,4182.0,836.4000000000001,14.0,,4182.0
623.0,2025-07-01,1910645,Bhubaneswar,BIKASH MISTRY,THRIVENI EARTHMOVERS PVT LTD,THEJAHL0C00000493,ZX470H,,27868.0,2025-07-04 00:00:00,2025-07-18 00:00:00,1644778,MAINTENANCE,4317008,HYD SECTION FILTER,1.0,16563,16563.0,0.2,13250.4,0.18,2385.0719999999997,15635.472,,1,1013279802,2025-11-21 00:00:00,0.0,0.0,0.0,0.0,0.0,0.0,0.0,0.0,0.0,0.0,0.0,0.0,,,,,,,0.0,1,16563.0,3312.6000000000004,14.0,126.0,0.0
624.0,2025-07-01,1910645,Bhubaneswar,BIKASH MISTRY,THRIVENI EARTHMOVERS PVT LTD,THEJAHL0C00000493,ZX470H,,27868.0,2025-07-04 00:00:00,2025-07-18 00:00:00,1644778,MAINTENANCE,4630525,PILOT FILTER,1.0,2943,2943.0,0.2,2354.4,0.18,423.792,2778.192,,1,1013276696,2025-09-02 00:00:00,0.0,0.0,0.0,0.0,0.0,2284.5,0.0,0.0,0.0,0.0,0.0,0.0,,,,,,,2284.5,1,658.5,588.5999999999999,14.0,46.0,0.0
625.0,2025-07-01,1910645,Bhubaneswar,BIKASH MISTRY,THRIVENI EARTHMOVERS PVT LTD,THEJAHL0C00000493,ZX470H,,27868.0,2025-07-04 00:00:00,2025-07-18 00:00:00,1644780,PLANNING,4653040,SEAL KIT RH BOOM,1.0,85694,85694.0,0.2,68555.2,0.18,12339.936,80895.136,,,,,0.0,0.0,0.0,0.0,0.0,0.0,0.0,0.0,0.0,0.0,0.0,0.0,,,,,,,0.0,0,85694.0,17138.800000000003,14.0,,85694.0
626.0,2025-07-01,1910645,Bhubaneswar,BIKASH MISTRY,THRIVENI EARTHMOVERS PVT LTD,THEJAHL0C00000493,ZX470H,,27868.0,2025-07-04 00:00:00,2025-07-18 00:00:00,1644780,PLANNING,972106,RING;SLIDE,2.0,4619,9238.0,0.2,7390.4,0.18,1330.272,8720.671999999999,,,,,0.0,0.0,0.0,0.0,0.0,0.0,0.0,0.0,0.0,0.0,0.0,0.0,,,,,,,0.0,0,9238.0,1847.6000000000004,14.0,,9238.0
627.0,2025-07-01,1910645,Bhubaneswar,BIKASH MISTRY,THRIVENI EARTHMOVERS PVT LTD,THEJAHL0C00000493,ZX470H,,27868.0,2025-07-04 00:00:00,2025-07-18 00:00:00,1644780,PLANNING,259307,RING;SLIDE,2.0,5090,10180.0,0.2,8144.0,0.18,1465.9199999999998,9609.92,,,,,0.0,0.0,0.0,0.0,0.0,0.0,0.0,0.0,0.0,0.0,0.0,0.0,,,,,,,0.0,0,10180.0,2036.0,14.0,,10180.0
628.0,2025-07-01,1910776,Bhubaneswar,BIKASH MISTRY,SHRI JAGANNATH STEEL & POWER LTD,THEJAHL0J00000489,ZX470H,,110703.0,2025-07-11 00:00:00,2025-07-21 00:00:00,1646928,EMERGENCY,YA60033413,CONTROLLER,1.0,307442,307442.0,0.2,245953.6,0.18,44271.648,290225.248,,,,,0.0,0.0,0.0,0.0,0.0,0.0,0.0,0.0,0.0,0.0,0.0,0.0,,,,,,,0.0,0,307442.0,61488.399999999994,10.0,,307442.0
629.0,2025-07-01,1910776,Bhubaneswar,BIKASH MISTRY,SHRI JAGANNATH STEEL & POWER LTD,THEJAHL0J00000489,ZX470H,,110703.0,2025-07-11 00:00:00,2025-07-21 00:00:00,1646928,EMERGENCY,171809,CAP O-RING,18.0,1535,27630.0,0.2,22104.0,0.18,3978.72,26082.72,,18,1013276918,2025-09-08 00:00:00,0.0,0.0,0.0,0.0,0.0,23212.8,0.0,0.0,0.0,0.0,0.0,0.0,,,,,,,23212.8,1,4417.200000000001,5526.0,10.0,49.0,0.0
630.0,2025-07-01,1910776,Bhubaneswar,BIKASH MISTRY,SHRI JAGANNATH STEEL & POWER LTD,THEJAHL0J00000489,ZX470H,,110703.0,2025-07-11 00:00:00,2025-07-21 00:00:00,1647254,MAINTENANCE,YA00058283,ENGINE OIL FILTER,2.0,2615,5230.0,0.2,4184.0,0.18,753.12,4937.12,,2,1013276097,2025-08-16 00:00:00,0.0,0.0,0.0,0.0,4352.0,0.0,0.0,0.0,0.0,0.0,0.0,0.0,,,,,,,4352.0,1,878.0,1046.0,10.0,26.0,0.0
631.0,2025-07-01,1910776,Bhubaneswar,BIKASH MISTRY,SHRI JAGANNATH STEEL & POWER LTD,THEJAHL0J00000489,ZX470H,,110703.0,2025-07-11 00:00:00,2025-07-21 00:00:00,1647254,MAINTENANCE,1105353,AIR FILTER INNER,1.0,6598,6598.0,0.2,5278.4,0.18,950.1119999999999,6228.512,,1,1013280080,2025-11-27 00:00:00,0.0,0.0,0.0,0.0,0.0,0.0,0.0,5146.5,0.0,0.0,0.0,0.0,,,,,,,5146.5,1,1451.5,1319.6000000000004,10.0,129.0,0.0
632.0,2025-07-01,1910776,Bhubaneswar,BIKASH MISTRY,SHRI JAGANNATH STEEL & POWER LTD,THEJAHL0J00000489,ZX470H,,110703.0,2025-07-11 00:00:00,2025-07-21 00:00:00,1647254,MAINTENANCE,1209163,AIR FILTER OUTER,1.0,11373,11373.0,0.2,9098.4,0.18,1637.7119999999998,10736.112,,1,1013276922,2025-09-08 00:00:00,0.0,0.0,0.0,0.0,0.0,9462.4,0.0,0.0,0.0,0.0,0.0,0.0,,,,,,,9462.4,1,1910.6000000000004,2274.6000000000004,10.0,49.0,0.0
633.0,2025-07-01,1910776,Bhubaneswar,BIKASH MISTRY,SHRI JAGANNATH STEEL & POWER LTD,THEJAHL0J00000489,ZX470H,,110703.0,2025-07-11 00:00:00,2025-07-21 00:00:00,1647254,MAINTENANCE,4654745,HYDRAULIC TANK FILTER,1.0,11347,11347.0,0.2,9077.6,0.18,1633.968,10711.568000000001,,1,1013276097,2025-08-16 00:00:00,0.0,0.0,0.0,0.0,9440.8,0.0,0.0,0.0,0.0,0.0,0.0,0.0,,,,,,,9440.8,1,1906.2000000000007,2269.3999999999996,10.0,26.0,0.0
634.0,2025-07-01,1910776,Bhubaneswar,BIKASH MISTRY,SHRI JAGANNATH STEEL & POWER LTD,THEJAHL0J00000489,ZX470H,,110703.0,2025-07-11 00:00:00,2025-07-21 00:00:00,1647254,MAINTENANCE,4317008,HYD SUCTION FILTER,1.0,16563,16563.0,0.2,13250.4,0.18,2385.0719999999997,15635.472,,,,,0.0,0.0,0.0,0.0,0.0,0.0,0.0,0.0,0.0,0.0,0.0,0.0,,,,,,,0.0,0,16563.0,3312.6000000000004,10.0,,16563.0
635.0,2025-07-01,1910776,Bhubaneswar,BIKASH MISTRY,SHRI JAGANNATH STEEL & POWER LTD,THEJAHL0J00000489,ZX470H,,110703.0,2025-07-11 00:00:00,2025-07-21 00:00:00,1647254,MAINTENANCE,4630525,PILOT FILTER,1.0,2943,2943.0,0.2,2354.4,0.18,423.792,2778.192,,1,1013276097,2025-08-16 00:00:00,0.0,0.0,0.0,0.0,2436.8,0.0,0.0,0.0,0.0,0.0,0.0,0.0,,,,,,,2436.8,1,506.1999999999998,588.5999999999999,10.0,26.0,0.0
636.0,2025-07-01,1910776,Bhubaneswar,BIKASH MISTRY,SHRI JAGANNATH STEEL & POWER LTD,THEJAHL0J00000489,ZX470H,,110703.0,2025-07-11 00:00:00,2025-07-21 00:00:00,1647254,MAINTENANCE,YA00032683,AC FILTER,1.0,3752,3752.0,0.2,3001.6,0.18,540.288,3541.888,,1,1013276097,2025-08-16 00:00:00,0.0,0.0,0.0,0.0,3106.4,0.0,0.0,0.0,0.0,0.0,0.0,0.0,,,,,,,3106.4,1,645.5999999999999,750.4000000000001,10.0,26.0,0.0
637.0,2025-07-01,1910776,Bhubaneswar,BIKASH MISTRY,SHRI JAGANNATH STEEL & POWER LTD,THEJAHL0J00000489,ZX470H,,110703.0,2025-07-11 00:00:00,2025-07-21 00:00:00,1647254,MAINTENANCE,YA00001490,AC FILTER,1.0,4607,4607.0,0.2,3685.6,0.18,663.408,4349.008,,1,1013276922,2025-09-08 00:00:00,0.0,0.0,0.0,0.0,0.0,3685.6,0.0,0.0,0.0,0.0,0.0,0.0,,,,,,,3685.6,1,921.4000000000001,921.4000000000001,10.0,49.0,0.0
638.0,2025-07-01,1910776,Bhubaneswar,BIKASH MISTRY,SHRI JAGANNATH STEEL & POWER LTD,THEJAHL0J00000489,ZX470H,,110703.0,2025-07-11 00:00:00,2025-07-21 00:00:00,1647254,MAINTENANCE,4078360,PRIMARY FUEL FILTER,2.0,1306,2612.0,0.2,2089.6,0.18,376.128,2465.728,,2,1013276097,2025-08-16 00:00:00,0.0,0.0,0.0,0.0,2163.2,0.0,0.0,0.0,0.0,0.0,0.0,0.0,,,,,,,2163.2,1,448.8000000000002,522.4000000000001,10.0,26.0,0.0
639.0,2025-07-01,1910776,Bhubaneswar,BIKASH MISTRY,SHRI JAGANNATH STEEL & POWER LTD,THEJAHL0J00000489,ZX470H,,110703.0,2025-07-11 00:00:00,2025-07-21 00:00:00,1647254,MAINTENANCE,4616864,FULE  FILTER,2.0,2261,4522.0,0.2,3617.6,0.18,651.168,4268.768,,2,1013276097,2025-08-16 00:00:00,0.0,0.0,0.0,0.0,3761.6,0.0,0.0,0.0,0.0,0.0,0.0,0.0,,,,,,,3761.6,1,760.4000000000001,904.4000000000001,10.0,26.0,0.0
640.0,2025-07-01,1910776,Bhubaneswar,BIKASH MISTRY,SHRI JAGANNATH STEEL & POWER LTD,THEJAHL0J00000489,ZX470H,,110703.0,2025-07-11 00:00:00,2025-07-21 00:00:00,1647260,PLANNING,4612763,AC BELT,1.0,8206,8206.0,0.2,6564.8,0.18,1181.664,7746.464,,,,,0.0,0.0,0.0,0.0,0.0,0.0,0.0,0.0,0.0,0.0,0.0,0.0,,,,,,,0.0,0,8206.0,1641.1999999999998,10.0,,8206.0
641.0,2025-07-01,1910776,Bhubaneswar,BIKASH MISTRY,SHRI JAGANNATH STEEL & POWER LTD,THEJAHL0J00000489,ZX470H,,110703.0,2025-07-11 00:00:00,2025-07-21 00:00:00,1647260,PLANNING,113671-4730,FAN BELT ,1.0,13671,13671.0,0.2,10936.8,0.18,1968.6239999999998,12905.423999999999,,,,,0.0,0.0,0.0,0.0,0.0,0.0,0.0,0.0,0.0,0.0,0.0,0.0,,,,,,,0.0,0,13671.0,2734.2000000000007,10.0,,13671.0
642.0,2025-07-01,1910646,Bhubaneswar,BIKASH MISTRY,DHILLON CONSTRUCTION PVT LTD,THEJAHL0V00000219,ZX470H,,1910648.0,2025-07-10 00:00:00,2025-07-21 00:00:00,1647336,EMERGENCY,111173-1102,GASKET TAPPET,1.0,7340,7340.0,0.1,6606.0,0.18,1189.08,7795.08,,,,,0.0,0.0,0.0,0.0,0.0,0.0,0.0,0.0,0.0,0.0,0.0,0.0,,,,,,,0.0,0,7340.0,734.0,11.0,,7340.0
643.0,2025-07-01,1910646,Bhubaneswar,BIKASH MISTRY,DHILLON CONSTRUCTION PVT LTD,THEJAHL0V00000219,ZX470H,,1910648.0,2025-07-10 00:00:00,2025-07-21 00:00:00,1647336,EMERGENCY,897617-3080,"SEAL; OIL,CRANKSHAFT FRT",1.0,7699,7699.0,0.1,6929.1,0.18,1247.238,8176.338000000001,,,,,0.0,0.0,0.0,0.0,0.0,0.0,0.0,0.0,0.0,0.0,0.0,0.0,,,,,,,0.0,0,7699.0,769.8999999999996,11.0,,7699.0
644.0,2025-07-01,1910646,Bhubaneswar,BIKASH MISTRY,DHILLON CONSTRUCTION PVT LTD,THEJAHL0V00000219,ZX470H,,1910648.0,2025-07-10 00:00:00,2025-07-21 00:00:00,1647336,EMERGENCY,111322-0610,GASKET; GEAR CASE TO COVER,1.0,4092,4092.0,0.1,3682.8,0.18,662.904,4345.704,,,,,0.0,0.0,0.0,0.0,0.0,0.0,0.0,0.0,0.0,0.0,0.0,0.0,,,,,,,0.0,0,4092.0,409.1999999999998,11.0,,4092.0
645.0,2025-07-01,1910646,Bhubaneswar,BIKASH MISTRY,DHILLON CONSTRUCTION PVT LTD,THEJAHL0V00000219,ZX470H,,1910648.0,2025-07-10 00:00:00,2025-07-21 00:00:00,1647336,EMERGENCY,451033,ORING,2.0,623,1246.0,0.1,1121.4,0.18,201.852,1323.2520000000002,,,,,0.0,0.0,0.0,0.0,0.0,0.0,0.0,0.0,0.0,0.0,0.0,0.0,,,,,,,0.0,0,1246.0,124.59999999999991,11.0,,1246.0
646.0,2025-07-01,1910646,Bhubaneswar,BIKASH MISTRY,DHILLON CONSTRUCTION PVT LTD,THEJAHL0V00000219,ZX470H,,1910648.0,2025-07-10 00:00:00,2025-07-21 00:00:00,1647336,EMERGENCY,451037,RING BACKUP,2.0,994,1988.0,0.1,1789.2,0.18,322.056,2111.256,,,,,0.0,0.0,0.0,0.0,0.0,0.0,0.0,0.0,0.0,0.0,0.0,0.0,,,,,,,0.0,0,1988.0,198.79999999999995,11.0,,1988.0
647.0,2025-07-01,1910646,Bhubaneswar,BIKASH MISTRY,DHILLON CONSTRUCTION PVT LTD,THEJAHL0V00000219,ZX470H,,1910648.0,2025-07-10 00:00:00,2025-07-21 00:00:00,1647337,MAINTENANCE,4078360,PRIMARY FUEL FILTER,1.0,1306,1306.0,0.1,1175.4,0.18,211.572,1386.9720000000002,,1,1013285248,2026-02-28 00:00:00,0.0,0.0,0.0,0.0,0.0,0.0,0.0,0.0,0.0,0.0,1014.0,0.0,,,,,,,1014.0,1,292.0,130.5999999999999,11.0,222.0,0.0
648.0,2025-07-01,1910646,Bhubaneswar,BIKASH MISTRY,DHILLON CONSTRUCTION PVT LTD,THEJAHL0V00000219,ZX470H,,1910648.0,2025-07-10 00:00:00,2025-07-21 00:00:00,1647337,MAINTENANCE,4616864,FILTER FUEL,1.0,2261,2261.0,0.1,2034.9,0.18,366.282,2401.1820000000002,,1,1013285248,2026-02-28 00:00:00,0.0,0.0,0.0,0.0,0.0,0.0,0.0,0.0,0.0,0.0,1763.25,0.0,,,,,,,1763.25,1,497.75,226.0999999999999,11.0,222.0,0.0
649.0,2025-07-01,1910646,Bhubaneswar,BIKASH MISTRY,DHILLON CONSTRUCTION PVT LTD,THEJAHL0V00000219,ZX470H,,1910648.0,2025-07-10 00:00:00,2025-07-21 00:00:00,1647337,MAINTENANCE,4696643,ENGINE OIL FILTER ,2.0,2615,5230.0,0.1,4707.0,0.18,847.26,5554.26,,,,,0.0,0.0,0.0,0.0,0.0,0.0,0.0,0.0,0.0,0.0,0.0,0.0,,,,,,,0.0,0,5230.0,523.0,11.0,,5230.0
650.0,2025-07-01,1910646,Bhubaneswar,BIKASH MISTRY,DHILLON CONSTRUCTION PVT LTD,THEJAHL0V00000219,ZX470H,,1910648.0,2025-07-10 00:00:00,2025-07-21 00:00:00,1647337,MAINTENANCE,1209163,AIR FILTER OUTER,1.0,11373,11373.0,0.1,10235.7,0.18,1842.4260000000002,12078.126,,1,1013285248,2026-02-28 00:00:00,0.0,0.0,0.0,0.0,0.0,0.0,0.0,0.0,0.0,0.0,8871.0,0.0,,,,,,,8871.0,1,2502.0,1137.2999999999993,11.0,222.0,0.0
651.0,2025-07-01,1910009,Bhubaneswar,BIKASH MISTRY,THRIVENI EARTHMOVERS PVT LTD,THEJAHL0C00000387,ZX470H,,27868.0,2025-07-03 00:00:00,2025-07-21 00:00:00,1547528,EMERGENCY,171809,CAP O-RING,18.0,1535,27630.0,0.2,22104.0,0.18,3978.72,26082.72,,,,,0.0,0.0,0.0,0.0,0.0,0.0,0.0,0.0,0.0,0.0,0.0,0.0,,,,,,,0.0,0,27630.0,5526.0,18.0,,27630.0
652.0,2025-07-01,1910009,Bhubaneswar,BIKASH MISTRY,THRIVENI EARTHMOVERS PVT LTD,THEJAHL0C00000387,ZX470H,,27868.0,2025-07-03 00:00:00,2025-07-21 00:00:00,1547528,EMERGENCY,9246436,PILOT LEVER SEAL,8.0,2921,23368.0,0.2,18694.4,0.18,3364.992,22059.392,,,,,0.0,0.0,0.0,0.0,0.0,0.0,0.0,0.0,0.0,0.0,0.0,0.0,,,,,,,0.0,0,23368.0,4673.5999999999985,18.0,,23368.0
653.0,2025-07-01,1910009,Bhubaneswar,BIKASH MISTRY,THRIVENI EARTHMOVERS PVT LTD,THEJAHL0C00000387,ZX470H,,27868.0,2025-07-03 00:00:00,2025-07-21 00:00:00,1547528,EMERGENCY,4201993,O-RING;PILOT VALVE,8.0,117,936.0,0.2,748.8,0.18,134.784,883.584,,,,,0.0,0.0,0.0,0.0,0.0,0.0,0.0,0.0,0.0,0.0,0.0,0.0,,,,,,,0.0,0,936.0,187.20000000000005,18.0,,936.0
654.0,2025-07-01,1910009,Bhubaneswar,BIKASH MISTRY,THRIVENI EARTHMOVERS PVT LTD,THEJAHL0C00000387,ZX470H,,27868.0,2025-07-03 00:00:00,2025-07-21 00:00:00,1547528,EMERGENCY,451033,ORING,2.0,623,1246.0,0.2,996.8,0.18,179.42399999999998,1176.224,,,,,0.0,0.0,0.0,0.0,0.0,0.0,0.0,0.0,0.0,0.0,0.0,0.0,,,,,,,0.0,0,1246.0,249.20000000000005,18.0,,1246.0
655.0,2025-07-01,1910009,Bhubaneswar,BIKASH MISTRY,THRIVENI EARTHMOVERS PVT LTD,THEJAHL0C00000387,ZX470H,,27868.0,2025-07-03 00:00:00,2025-07-21 00:00:00,1547528,EMERGENCY,451037,RING BACKUP,2.0,994,1988.0,0.2,1590.4,0.18,286.272,1876.672,,,,,0.0,0.0,0.0,0.0,0.0,0.0,0.0,0.0,0.0,0.0,0.0,0.0,,,,,,,0.0,0,1988.0,397.5999999999999,18.0,,1988.0
656.0,2025-07-01,1910009,Bhubaneswar,BIKASH MISTRY,THRIVENI EARTHMOVERS PVT LTD,THEJAHL0C00000387,ZX470H,,27868.0,2025-07-03 00:00:00,2025-07-21 00:00:00,1647564,MAINTENANCE,4078360,PRIMARY FUEL FILTER,2.0,1306,2612.0,0.2,2089.6,0.18,376.128,2465.728,,2,1013276696,2025-09-02 00:00:00,0.0,0.0,0.0,0.0,0.0,2028.0,0.0,0.0,0.0,0.0,0.0,0.0,,,,,,,2028.0,1,584.0,522.4000000000001,18.0,43.0,0.0
657.0,2025-07-01,1910009,Bhubaneswar,BIKASH MISTRY,THRIVENI EARTHMOVERS PVT LTD,THEJAHL0C00000387,ZX470H,,27868.0,2025-07-03 00:00:00,2025-07-21 00:00:00,1647564,MAINTENANCE,4616864,FULE  FILTER,2.0,2261,4522.0,0.2,3617.6,0.18,651.168,4268.768,,2,1013276696,2025-09-02 00:00:00,0.0,0.0,0.0,0.0,0.0,3526.5,0.0,0.0,0.0,0.0,0.0,0.0,,,,,,,3526.5,1,995.5,904.4000000000001,18.0,43.0,0.0
658.0,2025-07-01,1910009,Bhubaneswar,BIKASH MISTRY,THRIVENI EARTHMOVERS PVT LTD,THEJAHL0C00000387,ZX470H,,27868.0,2025-07-03 00:00:00,2025-07-21 00:00:00,1647564,MAINTENANCE,1209163,AIR FILTER OUTER,2.0,11373,22746.0,0.2,18196.8,0.18,3275.4239999999995,21472.224,,2,1013276831,2025-09-06 00:00:00,0.0,0.0,0.0,0.0,0.0,17742.0,0.0,0.0,0.0,0.0,0.0,0.0,,,,,,,17742.0,1,5004.0,4549.200000000001,18.0,47.0,0.0
659.0,2025-07-01,1910009,Bhubaneswar,BIKASH MISTRY,THRIVENI EARTHMOVERS PVT LTD,THEJAHL0C00000387,ZX470H,,27868.0,2025-07-03 00:00:00,2025-07-21 00:00:00,1647564,MAINTENANCE,1105353,AIR FILTER INNER,2.0,6598,13196.0,0.2,10556.8,0.18,1900.2239999999997,12457.024,,2,1013276831,2025-09-06 00:00:00,0.0,0.0,0.0,0.0,0.0,10293.0,0.0,0.0,0.0,0.0,0.0,0.0,,,,,,,10293.0,1,2903.0,2639.2000000000007,18.0,47.0,0.0
660.0,2025-07-01,1910009,Bhubaneswar,BIKASH MISTRY,THRIVENI EARTHMOVERS PVT LTD,THEJAHL0C00000387,ZX470H,,27868.0,2025-07-03 00:00:00,2025-07-21 00:00:00,1647564,MAINTENANCE,4437838,AIR BREATHER FILTER,2.0,1695,3390.0,0.2,2712.0,0.18,488.15999999999997,3200.16,,2,101326696,2025-09-02 00:00:00,0.0,0.0,0.0,0.0,0.0,2542.5,0.0,0.0,0.0,0.0,0.0,0.0,,,,,,,2542.5,1,847.5,678.0,18.0,43.0,0.0
661.0,2025-07-01,1910009,Bhubaneswar,BIKASH MISTRY,THRIVENI EARTHMOVERS PVT LTD,THEJAHL0C00000387,ZX470H,,27868.0,2025-07-03 00:00:00,2025-07-21 00:00:00,1647564,MAINTENANCE,4654745,HYDRAULIC TANK FILTER,2.0,11347,22694.0,0.2,18155.2,0.18,3267.936,21423.136000000002,,2,1013276831,2025-09-06 00:00:00,0.0,0.0,0.0,0.0,0.0,17701.5,0.0,0.0,0.0,0.0,0.0,0.0,,,,,,,17701.5,1,4992.5,4538.799999999999,18.0,47.0,0.0
662.0,2025-07-01,1910009,Bhubaneswar,BIKASH MISTRY,THRIVENI EARTHMOVERS PVT LTD,THEJAHL0C00000387,ZX470H,,27868.0,2025-07-03 00:00:00,2025-07-21 00:00:00,1647564,MAINTENANCE,4363399,PUMP DRAIN FILTER,2.0,4182,8364.0,0.2,6691.2,0.18,1204.416,7895.616,,,,,0.0,0.0,0.0,0.0,0.0,0.0,0.0,0.0,0.0,0.0,0.0,0.0,,,,,,,0.0,0,8364.0,1672.8000000000002,18.0,,8364.0
663.0,2025-07-01,1910009,Bhubaneswar,BIKASH MISTRY,THRIVENI EARTHMOVERS PVT LTD,THEJAHL0C00000387,ZX470H,,27868.0,2025-07-03 00:00:00,2025-07-21 00:00:00,1647564,MAINTENANCE,4317008,HYD SECTION FILTER,2.0,16563,33126.0,0.2,26500.8,0.18,4770.143999999999,31270.944,,2,1013279802,2025-11-21 00:00:00,0.0,0.0,0.0,0.0,0.0,0.0,0.0,0.0,0.0,0.0,0.0,0.0,,,,,,,0.0,1,33126.0,6625.200000000001,18.0,123.0,0.0
664.0,2025-07-01,1910009,Bhubaneswar,BIKASH MISTRY,THRIVENI EARTHMOVERS PVT LTD,THEJAHL0C00000387,ZX470H,,27868.0,2025-07-03 00:00:00,2025-07-21 00:00:00,1647564,MAINTENANCE,4630525,PILOT FILTER,2.0,2943,5886.0,0.2,4708.8,0.18,847.584,5556.384,,2,1013277132,2025-09-13 00:00:00,0.0,0.0,0.0,0.0,0.0,4569.0,0.0,0.0,0.0,0.0,0.0,0.0,,,,,,,4569.0,1,1317.0,1177.1999999999998,18.0,54.0,0.0
665.0,2025-07-01,1910009,Bhubaneswar,BIKASH MISTRY,THRIVENI EARTHMOVERS PVT LTD,THEJAHL0C00000387,ZX470H,,27868.0,2025-07-03 00:00:00,2025-07-21 00:00:00,1647564,MAINTENANCE,4632689,CIRCULATING AIR FILTER AC,2.0,3752,7504.0,0.2,6003.2,0.18,1080.576,7083.776,,,,,0.0,0.0,0.0,0.0,0.0,0.0,0.0,0.0,0.0,0.0,0.0,0.0,,,,,,,0.0,0,7504.0,1500.8000000000002,18.0,,7504.0
666.0,2025-07-01,1910009,Bhubaneswar,BIKASH MISTRY,THRIVENI EARTHMOVERS PVT LTD,THEJAHL0C00000387,ZX470H,,27868.0,2025-07-03 00:00:00,2025-07-21 00:00:00,1647568,PLANNING,113671-4730,FAN BELT ,1.0,13671,13671.0,0.2,10936.8,0.18,1968.6239999999998,12905.423999999999,,,,,0.0,0.0,0.0,0.0,0.0,0.0,0.0,0.0,0.0,0.0,0.0,0.0,,,,,,,0.0,0,13671.0,2734.2000000000007,18.0,,13671.0
667.0,2025-07-01,1910647,Bhubaneswar,NIRANJAN DAS,DHILLON CONSTRUCTION PVT LTD,THEJAHL0V00000088,ZX470H,,1006467.0,2025-07-25 00:00:00,2025-07-26 00:00:00,1653786,EMERGENCY,113671-4730,FAN BELT,1.0,13671,13671.0,0.1,12303.9,0.18,2214.7019999999998,14518.601999999999,,,,,0.0,0.0,0.0,0.0,0.0,0.0,0.0,0.0,0.0,0.0,0.0,0.0,,,,,,,0.0,0,13671.0,1367.1000000000004,1.0,,13671.0
668.0,2025-07-01,1910647,Bhubaneswar,NIRANJAN DAS,DHILLON CONSTRUCTION PVT LTD,THEJAHL0V00000088,ZX470H,,1910648.0,2025-07-25 00:00:00,2025-07-26 00:00:00,1653790,MAINTENANCE,4654745,HYDRAULIC TANK FILTER,1.0,11347,11347.0,0.1,10212.3,0.18,1838.2139999999997,12050.514,,1,1013281267,2025-12-19 00:00:00,0.0,0.0,0.0,0.0,0.0,0.0,0.0,0.0,10620.9,0.0,0.0,0.0,,,,,,,10620.9,1,726.1000000000004,1134.7000000000007,1.0,146.0,0.0
669.0,2025-07-01,1910647,Bhubaneswar,NIRANJAN DAS,DHILLON CONSTRUCTION PVT LTD,THEJAHL0V00000088,ZX470H,,1006467.0,2025-07-25 00:00:00,2025-07-26 00:00:00,1653790,MAINTENANCE,4630525,PILOT FILTER,1.0,2943,2943.0,0.1,2648.7,0.18,476.76599999999996,3125.466,,1,1013281833,2025-12-29 00:00:00,2741.4,0.0,0.0,0.0,0.0,0.0,0.0,0.0,2741.4,0.0,0.0,0.0,,,,,,,5482.8,1,0.0,294.3000000000002,1.0,156.0,0.0
670.0,2025-07-01,1910647,Bhubaneswar,NIRANJAN DAS,DHILLON CONSTRUCTION PVT LTD,THEJAHL0V00000088,ZX470H,,1006467.0,2025-07-25 00:00:00,2025-07-26 00:00:00,1653790,MAINTENANCE,4363399,PUMP DRAIN FILTER,1.0,4182,4182.0,0.1,3763.8,0.18,677.484,4441.284000000001,,,,,0.0,0.0,0.0,0.0,0.0,0.0,0.0,0.0,0.0,0.0,0.0,0.0,,,,,,,0.0,0,4182.0,418.1999999999998,1.0,,4182.0
671.0,2025-07-01,1910647,Bhubaneswar,NIRANJAN DAS,DHILLON CONSTRUCTION PVT LTD,THEJAHL0V00000088,ZX470H,,1006467.0,2025-07-25 00:00:00,2025-07-26 00:00:00,1653790,MAINTENANCE,4437838,AIR BREATHER FILTER,1.0,1695,1695.0,0.1,1525.5,0.18,274.59,1800.09,,,,,0.0,0.0,0.0,0.0,0.0,0.0,0.0,0.0,0.0,0.0,0.0,0.0,,,,,,,0.0,0,1695.0,169.5,1.0,,1695.0
672.0,2025-07-01,1910647,Bhubaneswar,NIRANJAN DAS,DHILLON CONSTRUCTION PVT LTD,THEJAHL0V00000088,ZX470H,,1006467.0,2025-07-25 00:00:00,2025-07-26 00:00:00,1653790,MAINTENANCE,YA00058283,ENGINE OIL FILTER,2.0,2615,5230.0,0.1,4707.0,0.18,847.26,5554.26,,2,1013277401,2025-09-22 00:00:00,0.0,0.0,0.0,0.0,0.0,4168.8,0.0,0.0,0.0,0.0,0.0,0.0,,,,,,,4168.8,1,1061.1999999999998,523.0,1.0,58.0,0.0
673.0,2025-07-01,1910647,Bhubaneswar,NIRANJAN DAS,DHILLON CONSTRUCTION PVT LTD,THEJAHL0V00000088,ZX470H,,1006467.0,2025-07-25 00:00:00,2025-07-26 00:00:00,1653790,MAINTENANCE,4078360,PRIMARY FUEL FILTER,2.0,1306,2612.0,0.1,2350.8,0.18,423.144,2773.9440000000004,,2,1013285248,2026-02-28 00:00:00,0.0,0.0,0.0,0.0,0.0,0.0,0.0,0.0,0.0,0.0,2028.0,0.0,,,,,,,2028.0,1,584.0,261.1999999999998,1.0,217.0,0.0
674.0,2025-07-01,1910647,Bhubaneswar,NIRANJAN DAS,DHILLON CONSTRUCTION PVT LTD,THEJAHL0V00000088,ZX470H,,1006467.0,2025-07-25 00:00:00,2025-07-26 00:00:00,1653790,MAINTENANCE,4616864,FUEL FILTER,2.0,2261,4522.0,0.1,4069.8,0.18,732.564,4802.3640000000005,,2,1013285248,2026-02-28 00:00:00,0.0,0.0,0.0,0.0,0.0,0.0,0.0,0.0,0.0,0.0,3526.5,0.0,,,,,,,3526.5,1,995.5,452.1999999999998,1.0,217.0,0.0
675.0,2025-07-01,1910647,Bhubaneswar,NIRANJAN DAS,DHILLON CONSTRUCTION PVT LTD,THEJAHL0V00000088,ZX470H,,1006467.0,2025-07-25 00:00:00,2025-07-26 00:00:00,1653790,MAINTENANCE,1209163,AIR FILTER OUTER,2.0,11373,22746.0,0.1,20471.4,0.18,3684.8520000000003,24156.252,,2,1013285248,2026-02-28 00:00:00,0.0,0.0,0.0,0.0,0.0,0.0,0.0,0.0,0.0,0.0,17742.0,0.0,,,,,,,17742.0,1,5004.0,2274.5999999999985,1.0,217.0,0.0
676.0,2025-07-01,1910647,Bhubaneswar,NIRANJAN DAS,DHILLON CONSTRUCTION PVT LTD,THEJAHL0V00000088,ZX470H,,1006467.0,2025-07-25 00:00:00,2025-07-26 00:00:00,1653790,MAINTENANCE,1105353,AIR FILTER INNER,2.0,6598,13196.0,0.1,11876.4,0.18,2137.752,14014.152,,2,1013277402,2025-09-22 00:00:00,0.0,0.0,0.0,0.0,0.0,12351.6,0.0,0.0,0.0,0.0,0.0,0.0,,,,,,,12351.6,1,844.3999999999996,1319.6000000000004,1.0,58.0,0.0
677.0,2025-07-01,1910647,Bhubaneswar,NIRANJAN DAS,DHILLON CONSTRUCTION PVT LTD,THEJAHL0V00000088,ZX470H,,1006467.0,2025-07-25 00:00:00,2025-07-26 00:00:00,1653857,PLANNING,4612763,AC BELT,1.0,8206,8206.0,0.1,7385.4,0.18,1329.3719999999998,8714.771999999999,,,,,0.0,0.0,0.0,0.0,0.0,0.0,0.0,0.0,0.0,0.0,0.0,0.0,,,,,,,0.0,0,8206.0,820.6000000000004,1.0,,8206.0
678.0,2025-07-01,1910775,Bhubaneswar,NIRANJAN DAS,KHATAU LILADHAR THACKER,THEJAHL0P00000540 ,ZX470H,,100289789.0,2025-07-05 00:00:00,2025-07-26 00:00:00,1653541,EMERGENCY,4653041,KIT;SEAL ARM,1.0,50096,50096.0,0.0,50096.0,0.18,9017.279999999999,59113.28,,,,,0.0,0.0,0.0,0.0,0.0,0.0,0.0,0.0,0.0,0.0,0.0,0.0,,,,,,,0.0,0,50096.0,0.0,21.0,,50096.0
679.0,2025-07-01,1910775,Bhubaneswar,NIRANJAN DAS,KHATAU LILADHAR THACKER,THEJAHL0P00000540 ,ZX470H,,100289789.0,2025-07-05 00:00:00,2025-07-26 00:00:00,1653541,EMERGENCY,972305,RING;SLIDE,2.0,7937,15874.0,0.0,15874.0,0.18,2857.3199999999997,18731.32,,2,1013274651,2025-07-11 00:00:00,0.0,0.0,0.0,12699.22,0.0,0.0,0.0,0.0,0.0,0.0,0.0,0.0,,,,,,,12699.22,1,3174.7800000000007,0.0,21.0,,0.0
680.0,2025-07-01,1910775,Bhubaneswar,NIRANJAN DAS,KHATAU LILADHAR THACKER,THEJAHL0P00000540 ,ZX470H,,100289789.0,2025-07-05 00:00:00,2025-07-26 00:00:00,1653541,EMERGENCY,242512,RING,2.0,5921,11842.0,0.0,11842.0,0.18,2131.56,13973.56,,2,1013274651,2025-07-11 00:00:00,0.0,0.0,0.0,9473.6,0.0,0.0,0.0,0.0,0.0,0.0,0.0,0.0,,,,,,,9473.6,1,2368.3999999999996,0.0,21.0,,0.0
681.0,2025-07-01,1910775,Bhubaneswar,NIRANJAN DAS,KHATAU LILADHAR THACKER,THEJAHL0P00000540 ,ZX470H,,100289789.0,2025-07-05 00:00:00,2025-07-26 00:00:00,1653541,EMERGENCY,972106,RING,2.0,4619,9238.0,0.0,9238.0,0.18,1662.84,10900.84,,,,,0.0,0.0,0.0,0.0,0.0,0.0,0.0,0.0,0.0,0.0,0.0,0.0,,,,,,,0.0,0,9238.0,0.0,21.0,,9238.0
682.0,2025-07-01,1910775,Bhubaneswar,NIRANJAN DAS,KHATAU LILADHAR THACKER,THEJAHL0P00000540 ,ZX470H,,100289789.0,2025-07-05 00:00:00,2025-07-26 00:00:00,1653541,EMERGENCY,4653042,SEAL KIT BUCKET,1.0,36557,36557.0,0.0,36557.0,0.18,6580.259999999999,43137.26,,,,,0.0,0.0,0.0,0.0,0.0,0.0,0.0,0.0,0.0,0.0,0.0,0.0,,,,,,,0.0,0,36557.0,0.0,21.0,,36557.0
683.0,2025-07-01,1910775,Bhubaneswar,NIRANJAN DAS,KHATAU LILADHAR THACKER,THEJAHL0P00000540 ,ZX470H,,100289789.0,2025-07-05 00:00:00,2025-07-26 00:00:00,1653541,EMERGENCY,4686432,KIT SEAL,2.0,43108,86216.0,0.0,86216.0,0.18,15518.88,101734.88,,,,,0.0,0.0,0.0,0.0,0.0,0.0,0.0,0.0,0.0,0.0,0.0,0.0,,,,,,,0.0,0,86216.0,0.0,21.0,,86216.0
684.0,2025-07-01,1910775,Bhubaneswar,NIRANJAN DAS,KHATAU LILADHAR THACKER,THEJAHL0P00000540 ,ZX470H,,100289789.0,2025-07-05 00:00:00,2025-07-26 00:00:00,1653541,EMERGENCY,TD08547,BUSH,1.0,11213,11213.0,0.0,11213.0,0.18,2018.34,13231.34,,1,1013275417,2025-07-30 00:00:00,0.0,0.0,0.0,9867.44,0.0,0.0,0.0,0.0,0.0,0.0,0.0,0.0,,,,,,,9867.44,1,1345.5599999999995,0.0,21.0,4.0,0.0
685.0,2025-07-01,1910775,Bhubaneswar,NIRANJAN DAS,KHATAU LILADHAR THACKER,THEJAHL0P00000540 ,ZX470H,,100289789.0,2025-07-05 00:00:00,2025-07-26 00:00:00,1653541,EMERGENCY,TD08548,BUSH,2.0,8006,16012.0,0.0,16012.0,0.18,2882.16,18894.16,,2,1013274495,2025-07-05 00:00:00,0.0,0.0,0.0,12809.6,0.0,0.0,0.0,0.0,0.0,0.0,0.0,0.0,,,,,,,12809.6,1,3202.3999999999996,0.0,21.0,,0.0
686.0,2025-07-01,1910775,Bhubaneswar,NIRANJAN DAS,KHATAU LILADHAR THACKER,THEJAHL0P00000540 ,ZX470H,,100289789.0,2025-07-05 00:00:00,2025-07-26 00:00:00,1653541,EMERGENCY,TD08552,PIN,1.0,16249,16249.0,0.0,16249.0,0.18,2924.8199999999997,19173.82,,1,1013274512,2025-07-07 00:00:00,0.0,0.0,0.0,12999.2,0.0,0.0,0.0,0.0,0.0,0.0,0.0,0.0,,,,,,,12999.2,1,3249.7999999999993,0.0,21.0,,0.0
687.0,2025-07-01,1910775,Bhubaneswar,NIRANJAN DAS,KHATAU LILADHAR THACKER,THEJAHL0P00000540 ,ZX470H,,100289789.0,2025-07-05 00:00:00,2025-07-26 00:00:00,1653541,EMERGENCY,3055219,PIN,1.0,14223,14223.0,0.0,14223.0,0.18,2560.14,16783.14,,1,1013275376,2025-07-29 00:00:00,0.0,0.0,0.0,11378.4,0.0,0.0,0.0,0.0,0.0,0.0,0.0,0.0,,,,,,,11378.4,1,2844.6000000000004,0.0,21.0,3.0,0.0
688.0,2025-07-01,1910775,Bhubaneswar,NIRANJAN DAS,KHATAU LILADHAR THACKER,THEJAHL0P00000540 ,ZX470H,,100289789.0,2025-07-05 00:00:00,2025-07-26 00:00:00,1653608,MAINTENANCE,4654745,HYDRAULIC TANK FILTER,1.0,11347,11347.0,0.0,11347.0,0.18,2042.46,13389.46,,1,1013275938,2025-08-12 00:00:00,0.0,0.0,0.0,0.0,10384.88,0.0,0.0,0.0,0.0,0.0,0.0,0.0,,,,,,,10384.88,1,962.1200000000008,0.0,21.0,17.0,0.0
689.0,2025-07-01,1910775,Bhubaneswar,NIRANJAN DAS,KHATAU LILADHAR THACKER,THEJAHL0P00000540 ,ZX470H,,100289789.0,2025-07-05 00:00:00,2025-07-26 00:00:00,1653608,MAINTENANCE,4630525,PILOT FILTER,1.0,2943,2943.0,0.0,2943.0,0.18,529.74,3472.74,,1,1013279860,2025-11-22 00:00:00,0.0,0.0,0.0,0.0,0.0,0.0,0.0,2436.8,0.0,0.0,0.0,0.0,,,,,,,2436.8,1,506.1999999999998,0.0,21.0,119.0,0.0
690.0,2025-07-01,1910775,Bhubaneswar,NIRANJAN DAS,KHATAU LILADHAR THACKER,THEJAHL0P00000540 ,ZX470H,,100289789.0,2025-07-05 00:00:00,2025-07-26 00:00:00,1653608,MAINTENANCE,4363399,PUMP DRAIN FILTER,1.0,4182,4182.0,0.0,4182.0,0.18,752.76,4934.76,,1,1013279860,2025-11-22 00:00:00,0.0,0.0,0.0,0.0,0.0,0.0,0.0,3479.2,0.0,0.0,0.0,0.0,,,,,,,3479.2,1,702.8000000000002,0.0,21.0,119.0,0.0
691.0,2025-07-01,1910775,Bhubaneswar,NIRANJAN DAS,KHATAU LILADHAR THACKER,THEJAHL0P00000540 ,ZX470H,,100289789.0,2025-07-05 00:00:00,2025-07-26 00:00:00,1653608,MAINTENANCE,YA00058283,ENGINE OIL FILTER ,2.0,2615,5230.0,0.0,5230.0,0.18,941.4,6171.4,,1,10132774334,2025-07-01 00:00:00,0.0,0.0,0.0,2301.2,0.0,0.0,0.0,0.0,0.0,0.0,0.0,0.0,,,,,,,2301.2,1,2928.8,0.0,21.0,,0.0
692.0,2025-07-01,1910775,Bhubaneswar,NIRANJAN DAS,KHATAU LILADHAR THACKER,THEJAHL0P00000540 ,ZX470H,,100289789.0,2025-07-05 00:00:00,2025-07-26 00:00:00,1653608,MAINTENANCE,4078360,PRIMARY FUEL FILTER,1.0,1306,1306.0,0.0,1306.0,0.18,235.07999999999998,1541.08,,1,1013274334,2025-07-01 00:00:00,0.0,0.0,0.0,1149.28,0.0,0.0,0.0,0.0,0.0,0.0,0.0,0.0,,,,,,,1149.28,1,156.72000000000003,0.0,21.0,,0.0
693.0,2025-07-01,1910775,Bhubaneswar,NIRANJAN DAS,KHATAU LILADHAR THACKER,THEJAHL0P00000540 ,ZX470H,,100289789.0,2025-07-05 00:00:00,2025-07-26 00:00:00,1653608,MAINTENANCE,4616864,FUEL FILTER,1.0,2261,2261.0,0.0,2261.0,0.18,406.97999999999996,2667.98,,1,1013274334,2025-07-01 00:00:00,0.0,0.0,0.0,1989.68,0.0,0.0,0.0,0.0,0.0,0.0,0.0,0.0,,,,,,,1989.68,1,271.31999999999994,0.0,21.0,,0.0
694.0,2025-07-01,1910775,Bhubaneswar,NIRANJAN DAS,KHATAU LILADHAR THACKER,THEJAHL0P00000540 ,ZX470H,,100289789.0,2025-07-05 00:00:00,2025-07-26 00:00:00,1653608,MAINTENANCE,1209163,AIR FILTER OUTER,1.0,11373,11373.0,0.0,11373.0,0.18,2047.1399999999999,13420.14,,1,1013279860,2025-11-22 00:00:00,0.0,0.0,0.0,0.0,0.0,0.0,0.0,9462.4,0.0,0.0,0.0,0.0,,,,,,,9462.4,1,1910.6000000000004,0.0,21.0,119.0,0.0
695.0,2025-07-01,1910775,Bhubaneswar,NIRANJAN DAS,KHATAU LILADHAR THACKER,THEJAHL0P00000540 ,ZX470H,,100289789.0,2025-07-05 00:00:00,2025-07-26 00:00:00,1653608,MAINTENANCE,1105353,AIR FILTER INNER,1.0,6598,6598.0,0.0,6598.0,0.18,1187.6399999999999,7785.639999999999,,1,1013279861,2025-11-22 00:00:00,0.0,0.0,0.0,0.0,0.0,0.0,0.0,5489.6,0.0,0.0,0.0,0.0,,,,,,,5489.6,1,1108.3999999999996,0.0,21.0,119.0,0.0
696.0,2025-07-01,1910775,Bhubaneswar,NIRANJAN DAS,KHATAU LILADHAR THACKER,THEJAHL0P00000540 ,ZX470H,,100289789.0,2025-07-05 00:00:00,2025-07-26 00:00:00,1653735,PLANNING,113671-4730,FAN BELT,1.0,13671,13671.0,0.0,13671.0,0.18,2460.7799999999997,16131.779999999999,,,,,0.0,0.0,0.0,0.0,0.0,0.0,0.0,0.0,0.0,0.0,0.0,0.0,,,,,,,0.0,0,13671.0,0.0,21.0,,13671.0
697.0,2025-07-01,1910648,Bhubaneswar,BIKASH MISTRY,KARO MINING & MINERALS,THEJAHL0T00000455,ZX470H,,1069028.0,2025-07-20 00:00:00,2025-07-26 00:00:00,1655371,EMERGENCY,4653041,KIT;SEAL ARM,1.0,50096,50096.0,0.0,50096.0,0.18,9017.279999999999,59113.28,,,,,0.0,0.0,0.0,0.0,0.0,0.0,0.0,0.0,0.0,0.0,0.0,0.0,,,,,,,0.0,0,50096.0,0.0,6.0,,50096.0
698.0,2025-07-01,1910648,Bhubaneswar,BIKASH MISTRY,KARO MINING & MINERALS,THEJAHL0T00000455,ZX470H,,1069028.0,2025-07-20 00:00:00,2025-07-26 00:00:00,1655371,EMERGENCY,972305,RING;SLIDE,2.0,7937,15874.0,0.0,15874.0,0.18,2857.3199999999997,18731.32,,,,,0.0,0.0,0.0,0.0,0.0,0.0,0.0,0.0,0.0,0.0,0.0,0.0,,,,,,,0.0,0,15874.0,0.0,6.0,,15874.0
699.0,2025-07-01,1910648,Bhubaneswar,BIKASH MISTRY,KARO MINING & MINERALS,THEJAHL0T00000455,ZX470H,,1069028.0,2025-07-20 00:00:00,2025-07-26 00:00:00,1655371,EMERGENCY,242512,RING,2.0,5921,11842.0,0.0,11842.0,0.18,2131.56,13973.56,,,,,0.0,0.0,0.0,0.0,0.0,0.0,0.0,0.0,0.0,0.0,0.0,0.0,,,,,,,0.0,0,11842.0,0.0,6.0,,11842.0
700.0,2025-07-01,1910648,Bhubaneswar,BIKASH MISTRY,KARO MINING & MINERALS,THEJAHL0T00000455,ZX470H,,1069028.0,2025-07-20 00:00:00,2025-07-26 00:00:00,1655371,EMERGENCY,4354592,RUBBER ,4.0,802,3208.0,0.0,3208.0,0.18,577.4399999999999,3785.44,,,,,0.0,0.0,0.0,0.0,0.0,0.0,0.0,0.0,0.0,0.0,0.0,0.0,,,,,,,0.0,0,3208.0,0.0,6.0,,3208.0
701.0,2025-07-01,1910648,Bhubaneswar,BIKASH MISTRY,KARO MINING & MINERALS,THEJAHL0T00000455,ZX470H,,1069028.0,2025-07-20 00:00:00,2025-07-26 00:00:00,1655391,MAINTENANCE,4078360,PRIMARY FUEL FILTER,1.0,1306,1306.0,0.0,1306.0,0.18,235.07999999999998,1541.08,,1,1013282824,2026-01-17 00:00:00,0.0,0.0,0.0,0.0,0.0,0.0,0.0,0.0,0.0,1352.0,0.0,0.0,,,,,,,1352.0,1,0.0,0.0,6.0,175.0,0.0
702.0,2025-07-01,1910648,Bhubaneswar,BIKASH MISTRY,KARO MINING & MINERALS,THEJAHL0T00000455,ZX470H,,1069028.0,2025-07-20 00:00:00,2025-07-26 00:00:00,1655391,MAINTENANCE,4616864,FUEL FILTER,1.0,2261,2261.0,0.0,2261.0,0.18,406.97999999999996,2667.98,,1,1013282824,2026-01-17 00:00:00,0.0,0.0,0.0,0.0,0.0,0.0,0.0,0.0,0.0,2351.0,0.0,0.0,,,,,,,2351.0,1,0.0,0.0,6.0,175.0,0.0
703.0,2025-07-01,1910648,Bhubaneswar,BIKASH MISTRY,KARO MINING & MINERALS,THEJAHL0T00000455,ZX470H,,1069028.0,2025-07-20 00:00:00,2025-07-26 00:00:00,1655391,MAINTENANCE,YA00058283,ENGINE OIL FILTER ,2.0,2615,5230.0,0.0,5230.0,0.18,941.4,6171.4,,2,1013282824,2026-01-17 00:00:00,0.0,0.0,0.0,0.0,0.0,0.0,0.0,0.0,0.0,5440.0,0.0,0.0,,,,,,,5440.0,1,0.0,0.0,6.0,175.0,0.0
704.0,2025-07-01,1910648,Bhubaneswar,BIKASH MISTRY,KARO MINING & MINERALS,THEJAHL0T00000455,ZX470H,,1069028.0,2025-07-20 00:00:00,2025-07-26 00:00:00,1655391,MAINTENANCE,1209163,AIR FILTER OUTER,1.0,11373,11373.0,0.0,11373.0,0.18,2047.1399999999999,13420.14,,1,1013282824,2026-01-17 00:00:00,0.0,0.0,0.0,0.0,0.0,0.0,0.0,0.0,0.0,11828.0,0.0,0.0,,,,,,,11828.0,1,0.0,0.0,6.0,175.0,0.0
705.0,2025-07-01,1910648,Bhubaneswar,BIKASH MISTRY,KARO MINING & MINERALS,THEJAHL0T00000455,ZX470H,,1069028.0,2025-07-20 00:00:00,2025-07-26 00:00:00,1655391,MAINTENANCE,1105353,ELEMENT AIR (INNER),1.0,6598,6598.0,0.0,6598.0,0.18,1187.6399999999999,7785.639999999999,,,,,0.0,0.0,0.0,0.0,0.0,0.0,0.0,0.0,0.0,0.0,0.0,0.0,,,,,,,0.0,0,6598.0,0.0,6.0,,6598.0
706.0,2025-07-01,1910648,Bhubaneswar,BIKASH MISTRY,KARO MINING & MINERALS,THEJAHL0T00000455,ZX470H,,1069028.0,2025-07-20 00:00:00,2025-07-26 00:00:00,1655391,MAINTENANCE,TL07020,ENGINE OIL ,3.0,5701,17103.0,0.0,17103.0,0.18,3078.54,20181.54,,2,1013278690,2025-10-28 00:00:00,0.0,0.0,0.0,0.0,0.0,0.0,10467.0,0.0,0.0,0.0,0.0,0.0,,,,,,,10467.0,1,6636.0,0.0,6.0,94.0,0.0
707.0,2025-07-01,1910648,Bhubaneswar,BIKASH MISTRY,KARO MINING & MINERALS,THEJAHL0T00000455,ZX470H,,1069028.0,2025-07-20 00:00:00,2025-07-26 00:00:00,1655394,PLANNING,113671-4730,FAN BELT,1.0,13671,13671.0,0.0,13671.0,0.18,2460.7799999999997,16131.779999999999,,,,,0.0,0.0,0.0,0.0,0.0,0.0,0.0,0.0,0.0,0.0,0.0,0.0,,,,,,,0.0,0,13671.0,0.0,6.0,,13671.0
708.0,2025-07-01,1910649,Bhubaneswar,NIRANJAN DAS,G M IRON & STEEL COMPANY LIMITED,THEJAHL0T00000102 ,ZX470H,,100774121.0,2025-07-31 00:00:00,2025-07-31 00:00:00,1659681,EMERGENCY,4150804,RING,1.0,6406,6406.0,0.0,6406.0,0.18,1153.08,7559.08,,1,1013276693,2025-09-01 00:00:00,0.0,0.0,0.0,0.0,0.0,5689.9,0.0,0.0,0.0,0.0,0.0,0.0,,,,,,,5689.9,1,716.1000000000004,0.0,0.0,32.0,0.0
709.0,2025-07-01,1910649,Bhubaneswar,NIRANJAN DAS,G M IRON & STEEL COMPANY LIMITED,THEJAHL0T00000102 ,ZX470H,,100774121.0,2025-07-31 00:00:00,2025-07-31 00:00:00,1659681,EMERGENCY,4152609,PACKING U RING,1.0,4424,4424.0,0.0,4424.0,0.18,796.3199999999999,5220.32,,,,,0.0,0.0,0.0,0.0,0.0,0.0,0.0,0.0,0.0,0.0,0.0,0.0,,,,,,,0.0,0,4424.0,0.0,0.0,,4424.0
710.0,2025-07-01,1910649,Bhubaneswar,NIRANJAN DAS,G M IRON & STEEL COMPANY LIMITED,THEJAHL0T00000102 ,ZX470H,,100774121.0,2025-07-31 00:00:00,2025-07-31 00:00:00,1659681,EMERGENCY,4150805,RING RETAINING,1.0,1017,1017.0,0.0,1017.0,0.18,183.06,1200.06,,1,1013276693,2025-09-01 00:00:00,0.0,0.0,0.0,0.0,0.0,912.05,0.0,0.0,0.0,0.0,0.0,0.0,,,,,,,912.05,1,104.95000000000005,0.0,0.0,32.0,0.0
711.0,2025-07-01,1910649,Bhubaneswar,NIRANJAN DAS,G M IRON & STEEL COMPANY LIMITED,THEJAHL0T00000102 ,ZX470H,,100774121.0,2025-07-31 00:00:00,2025-07-31 00:00:00,1659681,EMERGENCY,4071223,O RING,1.0,905,905.0,0.0,905.0,0.18,162.9,1067.9,,1,1013276693,2025-09-01 00:00:00,0.0,0.0,0.0,0.0,0.0,811.75,0.0,0.0,0.0,0.0,0.0,0.0,,,,,,,811.75,1,93.25,0.0,0.0,32.0,0.0
712.0,2025-07-01,1910649,Bhubaneswar,NIRANJAN DAS,G M IRON & STEEL COMPANY LIMITED,THEJAHL0T00000102 ,ZX470H,,100774121.0,2025-07-31 00:00:00,2025-07-31 00:00:00,1659681,EMERGENCY,4255055,VALVE ADJUSTER,1.0,5904,5904.0,0.0,5904.0,0.18,1062.72,6966.72,,,,,0.0,0.0,0.0,0.0,0.0,0.0,0.0,0.0,0.0,0.0,0.0,0.0,,,,,,,0.0,0,5904.0,0.0,0.0,,5904.0
713.0,2025-07-01,1910649,Bhubaneswar,NIRANJAN DAS,G M IRON & STEEL COMPANY LIMITED,THEJAHL0T00000102 ,ZX470H,,100774121.0,2025-07-31 00:00:00,2025-07-31 00:00:00,1659681,EMERGENCY,4152858,CAP,1.0,4756,4756.0,0.0,4756.0,0.18,856.0799999999999,5612.08,,,,,0.0,0.0,0.0,0.0,0.0,0.0,0.0,0.0,0.0,0.0,0.0,0.0,,,,,,,0.0,0,4756.0,0.0,0.0,,4756.0
714.0,2025-07-01,1910649,Bhubaneswar,NIRANJAN DAS,G M IRON & STEEL COMPANY LIMITED,THEJAHL0T00000102 ,ZX470H,,100774121.0,2025-07-31 00:00:00,2025-07-31 00:00:00,1659684,MAINTENANCE,4654745,HYDRAULIC TANK FILTER,1.0,11347,11347.0,0.0,11347.0,0.18,2042.46,13389.46,,,,,0.0,0.0,0.0,0.0,0.0,0.0,0.0,0.0,0.0,0.0,0.0,0.0,,,,,,,0.0,0,11347.0,0.0,0.0,,11347.0
715.0,2025-07-01,1910649,Bhubaneswar,NIRANJAN DAS,G M IRON & STEEL COMPANY LIMITED,THEJAHL0T00000102 ,ZX470H,,100774121.0,2025-07-31 00:00:00,2025-07-31 00:00:00,1659684,MAINTENANCE,4630525,PILOT FILTER,1.0,2943,2943.0,0.0,2943.0,0.18,529.74,3472.74,,,,,0.0,0.0,0.0,0.0,0.0,0.0,0.0,0.0,0.0,0.0,0.0,0.0,,,,,,,0.0,0,2943.0,0.0,0.0,,2943.0
716.0,2025-07-01,1910649,Bhubaneswar,NIRANJAN DAS,G M IRON & STEEL COMPANY LIMITED,THEJAHL0T00000102 ,ZX470H,,100774121.0,2025-07-31 00:00:00,2025-07-31 00:00:00,1659684,MAINTENANCE,4363399,PUMP DRAIN FILTER,1.0,4182,4182.0,0.0,4182.0,0.18,752.76,4934.76,,,,,0.0,0.0,0.0,0.0,0.0,0.0,0.0,0.0,0.0,0.0,0.0,0.0,,,,,,,0.0,0,4182.0,0.0,0.0,,4182.0
717.0,2025-07-01,1910649,Bhubaneswar,NIRANJAN DAS,G M IRON & STEEL COMPANY LIMITED,THEJAHL0T00000102 ,ZX470H,,100774121.0,2025-07-31 00:00:00,2025-07-31 00:00:00,1659684,MAINTENANCE,4437838,AIR BREATHER FILTER,1.0,1695,1695.0,0.0,1695.0,0.18,305.09999999999997,2000.1,,,,,0.0,0.0,0.0,0.0,0.0,0.0,0.0,0.0,0.0,0.0,0.0,0.0,,,,,,,0.0,0,1695.0,0.0,0.0,,1695.0
718.0,2025-07-01,1910649,Bhubaneswar,NIRANJAN DAS,G M IRON & STEEL COMPANY LIMITED,THEJAHL0T00000102 ,ZX470H,,100774121.0,2025-07-31 00:00:00,2025-07-31 00:00:00,1659684,MAINTENANCE,YA00058283,ENGINE OIL FILTER,2.0,2615,5230.0,0.0,5230.0,0.18,941.4,6171.4,,,,,0.0,0.0,0.0,0.0,0.0,0.0,0.0,0.0,0.0,0.0,0.0,0.0,,,,,,,0.0,0,5230.0,0.0,0.0,,5230.0
719.0,2025-07-01,1910649,Bhubaneswar,NIRANJAN DAS,G M IRON & STEEL COMPANY LIMITED,THEJAHL0T00000102 ,ZX470H,,100774121.0,2025-07-31 00:00:00,2025-07-31 00:00:00,1659684,MAINTENANCE,4078360,PRIMARY FUEL FILTER,2.0,1306,2612.0,0.0,2612.0,0.18,470.15999999999997,3082.16,,2,1013285248,2026-02-28 00:00:00,0.0,0.0,0.0,0.0,0.0,0.0,0.0,0.0,0.0,0.0,2028.0,0.0,,,,,,,2028.0,1,584.0,0.0,0.0,212.0,0.0
720.0,2025-07-01,1910649,Bhubaneswar,NIRANJAN DAS,G M IRON & STEEL COMPANY LIMITED,THEJAHL0T00000102 ,ZX470H,,100774121.0,2025-07-31 00:00:00,2025-07-31 00:00:00,1659684,MAINTENANCE,4616864,FUEL FILTER,2.0,2261,4522.0,0.0,4522.0,0.18,813.9599999999999,5335.96,,2,1013285248,2026-02-28 00:00:00,0.0,0.0,0.0,0.0,0.0,0.0,0.0,0.0,0.0,0.0,3526.5,0.0,,,,,,,3526.5,1,995.5,0.0,0.0,212.0,0.0
721.0,2025-07-01,1910649,Bhubaneswar,NIRANJAN DAS,G M IRON & STEEL COMPANY LIMITED,THEJAHL0T00000102 ,ZX470H,,100774121.0,2025-07-31 00:00:00,2025-07-31 00:00:00,1659684,MAINTENANCE,1209163,AIR FILTER OUTER,1.0,11373,11373.0,0.0,11373.0,0.18,2047.1399999999999,13420.14,,1,1013278875,2025-10-31 00:00:00,0.0,0.0,0.0,0.0,0.0,0.0,10053.8,0.0,0.0,0.0,0.0,0.0,,,,,,,10053.8,1,1319.2000000000007,0.0,0.0,92.0,0.0
722.0,2025-07-01,1910649,Bhubaneswar,NIRANJAN DAS,G M IRON & STEEL COMPANY LIMITED,THEJAHL0T00000102 ,ZX470H,,100774121.0,2025-07-31 00:00:00,2025-07-31 00:00:00,1659684,MAINTENANCE,1105353,AIR FILTER INNER,2.0,6598,13196.0,0.0,13196.0,0.18,2375.2799999999997,15571.279999999999,,2,1013278875,2025-10-24 00:00:00,0.0,0.0,0.0,0.0,0.0,0.0,5832.7,0.0,0.0,0.0,0.0,0.0,,,,,,,5832.7,1,7363.3,0.0,0.0,85.0,0.0
723.0,2025-07-01,1910649,Bhubaneswar,NIRANJAN DAS,G M IRON & STEEL COMPANY LIMITED,THEJAHL0T00000102 ,ZX470H,,100774121.0,2025-07-31 00:00:00,2025-07-31 00:00:00,1659684,MAINTENANCE,TL07210,ENG.OIL,1.0,57493,57493.0,0.0,57493.0,0.18,10348.74,67841.74,,1,1013276664,2025-08-31 00:00:00,0.0,0.0,0.0,0.0,41049.75,0.0,0.0,0.0,0.0,0.0,0.0,0.0,,,,,,,41049.75,1,16443.25,0.0,0.0,31.0,0.0
724.0,2025-07-01,1910649,Bhubaneswar,NIRANJAN DAS,G M IRON & STEEL COMPANY LIMITED,THEJAHL0T00000102 ,ZX470H,,100774121.0,2025-07-31 00:00:00,2025-07-31 00:00:00,1659684,MAINTENANCE,TL08210,GEAR OIL,1.0,66547,66547.0,0.0,66547.0,0.18,11978.46,78525.45999999999,,,,,0.0,0.0,0.0,0.0,0.0,0.0,0.0,0.0,0.0,0.0,0.0,0.0,,,,,,,0.0,0,66547.0,0.0,0.0,,66547.0
725.0,2025-07-01,1910649,Bhubaneswar,NIRANJAN DAS,G M IRON & STEEL COMPANY LIMITED,THEJAHL0T00000102 ,ZX470H,,100774121.0,2025-07-31 00:00:00,2025-07-31 00:00:00,1659684,MAINTENANCE,TL05210,COOLANT,1.0,43168,43168.0,0.0,43168.0,0.18,7770.24,50938.24,,,,,0.0,0.0,0.0,0.0,0.0,0.0,0.0,0.0,0.0,0.0,0.0,0.0,,,,,,,0.0,0,43168.0,0.0,0.0,,43168.0
726.0,2025-07-01,1910649,Bhubaneswar,NIRANJAN DAS,G M IRON & STEEL COMPANY LIMITED,THEJAHL0T00000102 ,ZX470H,,100774121.0,2025-07-31 00:00:00,2025-07-31 00:00:00,1659684,MAINTENANCE,TL01210,HYD.OIL,2.0,82107,164214.0,0.0,164214.0,0.18,29558.52,193772.52,,1,1013283414,2026-01-29 00:00:00,0.0,0.0,0.0,0.0,0.0,0.0,0.0,0.0,0.0,58624.0,0.0,0.0,,,,,,,58624.0,1,105590.0,0.0,0.0,182.0,0.0
727.0,2025-07-01,1910649,Bhubaneswar,NIRANJAN DAS,G M IRON & STEEL COMPANY LIMITED,THEJAHL0T00000102 ,ZX470H,,100774121.0,2025-07-31 00:00:00,2025-07-31 00:00:00,1659684,MAINTENANCE,TL064180,TATA HITACHI LITHIUM+ GREASE,1.0,52688,52688.0,0.0,52688.0,0.18,9483.84,62171.84,,1,1013286697,2026-03-28 00:00:00,0.0,0.0,0.0,0.0,0.0,0.0,0.0,0.0,0.0,0.0,0.0,42908.8,,,,,,,42908.8,1,9779.199999999997,0.0,0.0,240.0,0.0
728.0,2025-07-01,1910649,Bhubaneswar,NIRANJAN DAS,G M IRON & STEEL COMPANY LIMITED,THEJAHL0T00000102 ,ZX470H,,100774121.0,2025-07-31 00:00:00,2025-07-31 00:00:00,1659688,PLANNING,TD08460,POINT TOOTH,20.0,6886,137720.0,0.0,137720.0,0.18,24789.6,162509.6,,20,1013277057,2025-09-11 00:00:00,0.0,0.0,0.0,0.0,0.0,75599.2,0.0,0.0,0.0,0.0,0.0,0.0,,,,,,,75599.2,1,62120.8,0.0,0.0,42.0,0.0
729.0,2025-07-01,1910649,Bhubaneswar,NIRANJAN DAS,G M IRON & STEEL COMPANY LIMITED,THEJAHL0T00000102 ,ZX470H,,100774121.0,2025-07-31 00:00:00,2025-07-31 00:00:00,1659688,PLANNING,TE09010,PIN,10.0,1202,12020.0,0.0,12020.0,0.18,2163.6,14183.6,,10,1013277057,2025-09-11 00:00:00,0.0,0.0,0.0,0.0,0.0,6625.0,0.0,0.0,0.0,0.0,0.0,0.0,,,,,,,6625.0,1,5395.0,0.0,0.0,42.0,0.0
730.0,2025-07-01,1910649,Bhubaneswar,NIRANJAN DAS,G M IRON & STEEL COMPANY LIMITED,THEJAHL0T00000102 ,ZX470H,,100774121.0,2025-07-31 00:00:00,2025-07-31 00:00:00,1659688,PLANNING,TE09011,WASHER,10.0,753,7530.0,0.0,7530.0,0.18,1355.3999999999999,8885.4,,10,1013277057,2025-09-11 00:00:00,0.0,0.0,0.0,0.0,0.0,4160.5,0.0,0.0,0.0,0.0,0.0,0.0,,,,,,,4160.5,1,3369.5,0.0,0.0,42.0,0.0
731.0,2025-07-01,1910650 ,Bhubaneswar,NIRANJAN DAS,G M IRON & STEEL COMPANY LIMITED,THEJAHL0C00000096,ZX470H,,100774121.0,2025-07-30 00:00:00,2025-07-31 00:00:00,1659457,EMERGENCY,4466044,CAP,1.0,4354,4354.0,0.0,4354.0,0.18,783.72,5137.72,,,,,0.0,0.0,0.0,0.0,0.0,0.0,0.0,0.0,0.0,0.0,0.0,0.0,,,,,,,0.0,0,4354.0,0.0,1.0,,4354.0
732.0,2025-07-01,1910650 ,Bhubaneswar,NIRANJAN DAS,G M IRON & STEEL COMPANY LIMITED,THEJAHL0C00000096,ZX470H,,100774121.0,2025-07-30 00:00:00,2025-07-31 00:00:00,1659531,MAINTENANCE,4654745,HYDRAULIC TANK FILTER,1.0,11347,11347.0,0.0,11347.0,0.18,2042.46,13389.46,,,,,0.0,0.0,0.0,0.0,0.0,0.0,0.0,0.0,0.0,0.0,0.0,0.0,,,,,,,0.0,0,11347.0,0.0,1.0,,11347.0
733.0,2025-07-01,1910650 ,Bhubaneswar,NIRANJAN DAS,G M IRON & STEEL COMPANY LIMITED,THEJAHL0C00000096,ZX470H,,100774121.0,2025-07-30 00:00:00,2025-07-31 00:00:00,1659531,MAINTENANCE,4630525,PILOT FILTER,1.0,2943,2943.0,0.0,2943.0,0.18,529.74,3472.74,,,,,0.0,0.0,0.0,0.0,0.0,0.0,0.0,0.0,0.0,0.0,0.0,0.0,,,,,,,0.0,0,2943.0,0.0,1.0,,2943.0
734.0,2025-07-01,1910650 ,Bhubaneswar,NIRANJAN DAS,G M IRON & STEEL COMPANY LIMITED,THEJAHL0C00000096,ZX470H,,100774121.0,2025-07-30 00:00:00,2025-07-31 00:00:00,1659531,MAINTENANCE,4363399,PUMP DRAIN FILTER,1.0,4182,4182.0,0.0,4182.0,0.18,752.76,4934.76,,,,,0.0,0.0,0.0,0.0,0.0,0.0,0.0,0.0,0.0,0.0,0.0,0.0,,,,,,,0.0,0,4182.0,0.0,1.0,,4182.0
735.0,2025-07-01,1910650 ,Bhubaneswar,NIRANJAN DAS,G M IRON & STEEL COMPANY LIMITED,THEJAHL0C00000096,ZX470H,,100774121.0,2025-07-30 00:00:00,2025-07-31 00:00:00,1659531,MAINTENANCE,4437838,AIR BREATHER FILTER,1.0,1695,1695.0,0.0,1695.0,0.18,305.09999999999997,2000.1,,,,,0.0,0.0,0.0,0.0,0.0,0.0,0.0,0.0,0.0,0.0,0.0,0.0,,,,,,,0.0,0,1695.0,0.0,1.0,,1695.0
736.0,2025-07-01,1910650 ,Bhubaneswar,NIRANJAN DAS,G M IRON & STEEL COMPANY LIMITED,THEJAHL0C00000096,ZX470H,,100774121.0,2025-07-30 00:00:00,2025-07-31 00:00:00,1659531,MAINTENANCE,YA00058283,ENGINE OIL FILTER,2.0,2615,5230.0,0.0,5230.0,0.18,941.4,6171.4,,,,,0.0,0.0,0.0,0.0,0.0,0.0,0.0,0.0,0.0,0.0,0.0,0.0,,,,,,,0.0,0,5230.0,0.0,1.0,,5230.0
737.0,2025-07-01,1910650 ,Bhubaneswar,NIRANJAN DAS,G M IRON & STEEL COMPANY LIMITED,THEJAHL0C00000096,ZX470H,,100774121.0,2025-07-30 00:00:00,2025-07-31 00:00:00,1659531,MAINTENANCE,4078360,PRIMARY FUEL FILTER,2.0,1306,2612.0,0.0,2612.0,0.18,470.15999999999997,3082.16,,2,1013285248,2026-02-28 00:00:00,0.0,0.0,0.0,0.0,0.0,0.0,0.0,0.0,0.0,0.0,2028.0,0.0,,,,,,,2028.0,1,584.0,0.0,1.0,212.0,0.0
738.0,2025-07-01,1910650 ,Bhubaneswar,NIRANJAN DAS,G M IRON & STEEL COMPANY LIMITED,THEJAHL0C00000096,ZX470H,,100774121.0,2025-07-30 00:00:00,2025-07-31 00:00:00,1659531,MAINTENANCE,4616864,FUEL FILTER,2.0,2261,4522.0,0.0,4522.0,0.18,813.9599999999999,5335.96,,2,1013285248,2026-02-28 00:00:00,0.0,0.0,0.0,0.0,0.0,0.0,0.0,0.0,0.0,0.0,3526.5,0.0,,,,,,,3526.5,1,995.5,0.0,1.0,212.0,0.0
739.0,2025-07-01,1910650 ,Bhubaneswar,NIRANJAN DAS,G M IRON & STEEL COMPANY LIMITED,THEJAHL0C00000096,ZX470H,,100774121.0,2025-07-30 00:00:00,2025-07-31 00:00:00,1659531,MAINTENANCE,1209163,AIR FILTER OUTER,1.0,11373,11373.0,0.0,11373.0,0.18,2047.1399999999999,13420.14,,1,1013278875,2025-10-31 00:00:00,0.0,0.0,0.0,0.0,0.0,0.0,10053.8,0.0,0.0,0.0,0.0,0.0,,,,,,,10053.8,1,1319.2000000000007,0.0,1.0,92.0,0.0
740.0,2025-07-01,1910650 ,Bhubaneswar,NIRANJAN DAS,G M IRON & STEEL COMPANY LIMITED,THEJAHL0C00000096,ZX470H,,100774121.0,2025-07-30 00:00:00,2025-07-31 00:00:00,1659531,MAINTENANCE,1105353,AIR FILTER INNER,2.0,6598,13196.0,0.0,13196.0,0.18,2375.2799999999997,15571.279999999999,,2,1013278875,2025-10-24 00:00:00,5832.7,0.0,0.0,0.0,0.0,0.0,5832.7,0.0,0.0,0.0,0.0,0.0,,,,,,,11665.4,1,1530.6000000000004,0.0,1.0,85.0,0.0
741.0,2025-07-01,1910650 ,Bhubaneswar,NIRANJAN DAS,G M IRON & STEEL COMPANY LIMITED,THEJAHL0C00000096,ZX470H,,100774121.0,2025-07-30 00:00:00,2025-07-31 00:00:00,1659531,MAINTENANCE,TL07210,ENG.OIL,1.0,57493,57493.0,0.0,57493.0,0.18,10348.74,67841.74,,,,,0.0,0.0,0.0,0.0,0.0,0.0,0.0,0.0,0.0,0.0,0.0,0.0,,,,,,,0.0,0,57493.0,0.0,1.0,,57493.0
742.0,2025-07-01,1910650 ,Bhubaneswar,NIRANJAN DAS,G M IRON & STEEL COMPANY LIMITED,THEJAHL0C00000096,ZX470H,,100774121.0,2025-07-30 00:00:00,2025-07-31 00:00:00,1659531,MAINTENANCE,TL08210,GEAR OIL,1.0,66547,66547.0,0.0,66547.0,0.18,11978.46,78525.45999999999,,,,,0.0,0.0,0.0,0.0,0.0,0.0,0.0,0.0,0.0,0.0,0.0,0.0,,,,,,,0.0,0,66547.0,0.0,1.0,,66547.0
743.0,2025-07-01,1910650 ,Bhubaneswar,NIRANJAN DAS,G M IRON & STEEL COMPANY LIMITED,THEJAHL0C00000096,ZX470H,,100774121.0,2025-07-30 00:00:00,2025-07-31 00:00:00,1659531,MAINTENANCE,TL05210,COOLANT,1.0,43267,43267.0,0.0,43267.0,0.18,7788.0599999999995,51055.06,,,,,0.0,0.0,0.0,0.0,0.0,0.0,0.0,0.0,0.0,0.0,0.0,0.0,,,,,,,0.0,0,43267.0,0.0,1.0,,43267.0
744.0,2025-07-01,1910650 ,Bhubaneswar,NIRANJAN DAS,G M IRON & STEEL COMPANY LIMITED,THEJAHL0C00000096,ZX470H,,100774121.0,2025-07-30 00:00:00,2025-07-31 00:00:00,1659531,MAINTENANCE,TL01210,HYD.OIL,2.0,82107,164214.0,0.0,164214.0,0.18,29558.52,193772.52,,1,1013280041,2025-11-26 00:00:00,0.0,0.0,0.0,0.0,0.0,0.0,0.0,58624.3,0.0,0.0,0.0,0.0,,,,,,,58624.3,1,105589.7,0.0,1.0,118.0,0.0
745.0,2025-07-01,1910650 ,Bhubaneswar,NIRANJAN DAS,G M IRON & STEEL COMPANY LIMITED,THEJAHL0C00000096,ZX470H,,100774121.0,2025-07-30 00:00:00,2025-07-31 00:00:00,1659621,PLANNING,TD08460,POINT TOOTH,20.0,6886,137720.0,0.0,137720.0,0.18,24789.6,162509.6,,10,1013277057,2025-09-11 00:00:00,0.0,0.0,0.0,0.0,0.0,37799.6,0.0,0.0,0.0,0.0,0.0,0.0,,,,,,,37799.6,1,99920.4,0.0,1.0,42.0,0.0
746.0,2025-07-01,1910650 ,Bhubaneswar,NIRANJAN DAS,G M IRON & STEEL COMPANY LIMITED,THEJAHL0C00000096,ZX470H,,100774121.0,2025-07-30 00:00:00,2025-07-31 00:00:00,1659621,PLANNING,TE09010,PIN,10.0,1202,12020.0,0.0,12020.0,0.18,2163.6,14183.6,,10,1013277057,2025-09-11 00:00:00,0.0,0.0,0.0,0.0,0.0,6625.0,0.0,0.0,0.0,0.0,0.0,0.0,,,,,,,6625.0,1,5395.0,0.0,1.0,42.0,0.0
747.0,2025-07-01,1910650 ,Bhubaneswar,NIRANJAN DAS,G M IRON & STEEL COMPANY LIMITED,THEJAHL0C00000096,ZX470H,,100774121.0,2025-07-30 00:00:00,2025-07-31 00:00:00,1659621,PLANNING,TE09011,WASHER,10.0,753,7530.0,0.0,7530.0,0.18,1355.3999999999999,8885.4,,10,1013277057,2025-09-11 00:00:00,0.0,0.0,0.0,0.0,0.0,4160.5,0.0,0.0,0.0,0.0,0.0,0.0,,,,,,,4160.5,1,3369.5,0.0,1.0,42.0,0.0
748.0,2025-08-01,1956127,Bhubaneswar,BIKASH MISTRY,SHRI JAGANNATH STEEL & POWER LTD,THEJAHL0P00000490,ZX470H,,110703.0,2025-08-05 00:00:00,2025-08-21 00:00:00,1682570,EMERGENCY,171809,CAP O-RING,18.0,1619,29142.0,0.2,23313.6,0.18,4196.447999999999,27510.048,,18,1013276918,2025-09-08 00:00:00,0.0,0.0,0.0,0.0,0.0,23212.8,0.0,0.0,0.0,0.0,0.0,0.0,,,,,,,23212.8,1,5929.200000000001,5828.4000000000015,16.0,18.0,0.0
749.0,2025-08-01,1956127,Bhubaneswar,BIKASH MISTRY,SHRI JAGANNATH STEEL & POWER LTD,THEJAHL0P00000490,ZX470H,,110703.0,2025-08-05 00:00:00,2025-08-21 00:00:00,1682570,EMERGENCY,451033,ORING,2.0,651,1302.0,0.2,1041.6,0.18,187.48799999999997,1229.088,,,,,0.0,0.0,0.0,0.0,0.0,0.0,0.0,0.0,0.0,0.0,0.0,0.0,,,,,,,0.0,0,1302.0,260.4000000000001,16.0,,1302.0
750.0,2025-08-01,1956127,Bhubaneswar,BIKASH MISTRY,SHRI JAGANNATH STEEL & POWER LTD,THEJAHL0P00000490,ZX470H,,110703.0,2025-08-05 00:00:00,2025-08-21 00:00:00,1682570,EMERGENCY,451037,RING BACK UP,2.0,1039,2078.0,0.2,1662.4,0.18,299.232,1961.632,,,,,0.0,0.0,0.0,0.0,0.0,0.0,0.0,0.0,0.0,0.0,0.0,0.0,,,,,,,0.0,0,2078.0,415.5999999999999,16.0,,2078.0
751.0,2025-08-01,1956127,Bhubaneswar,BIKASH MISTRY,SHRI JAGANNATH STEEL & POWER LTD,THEJAHL0P00000490,ZX470H,,110703.0,2025-08-05 00:00:00,2025-08-21 00:00:00,1682570,EMERGENCY,8039138,PIN,2.0,26896,53792.0,0.2,43033.6,0.18,7746.048,50779.648,,,,,0.0,0.0,0.0,0.0,0.0,0.0,0.0,0.0,0.0,0.0,0.0,0.0,,,,,,,0.0,0,53792.0,10758.400000000001,16.0,,53792.0
752.0,2025-08-01,1956127,Bhubaneswar,BIKASH MISTRY,SHRI JAGANNATH STEEL & POWER LTD,THEJAHL0P00000490,ZX470H,,110703.0,2025-08-05 00:00:00,2025-08-21 00:00:00,1682570,EMERGENCY,420112,BUSHING,2.0,29317,58634.0,0.2,46907.2,0.18,8443.295999999998,55350.496,,,,,0.0,0.0,0.0,0.0,0.0,0.0,0.0,0.0,0.0,0.0,0.0,0.0,,,,,,,0.0,0,58634.0,11726.800000000003,16.0,,58634.0
753.0,2025-08-01,1956127,Bhubaneswar,BIKASH MISTRY,SHRI JAGANNATH STEEL & POWER LTD,THEJAHL0P00000490,ZX470H,,110703.0,2025-08-05 00:00:00,2025-08-21 00:00:00,1682570,EMERGENCY,TD08548,BUSHING,2.0,8326,16652.0,0.2,13321.6,0.18,2397.888,15719.488000000001,,2,1013276923,2025-09-08 00:00:00,0.0,0.0,0.0,0.0,0.0,13321.6,0.0,0.0,0.0,0.0,0.0,0.0,,,,,,,13321.6,1,3330.3999999999996,3330.3999999999996,16.0,18.0,0.0
754.0,2025-08-01,1956127,Bhubaneswar,BIKASH MISTRY,SHRI JAGANNATH STEEL & POWER LTD,THEJAHL0P00000490,ZX470H,,110703.0,2025-08-05 00:00:00,2025-08-21 00:00:00,1682570,EMERGENCY,TD08552,PIN,1.0,16899,16899.0,0.2,13519.2,0.18,2433.456,15952.656,,1,1013276091,2025-08-16 00:00:00,0.0,0.0,0.0,0.0,13519.2,0.0,0.0,0.0,0.0,0.0,0.0,0.0,,,,,,,13519.2,1,3379.7999999999993,3379.7999999999993,16.0,,0.0
755.0,2025-08-01,1956127,Bhubaneswar,BIKASH MISTRY,SHRI JAGANNATH STEEL & POWER LTD,THEJAHL0P00000490,ZX470H,,110703.0,2025-08-05 00:00:00,2025-08-21 00:00:00,1682570,EMERGENCY,3093215,PIN,1.0,18159,18159.0,0.2,14527.2,0.18,2614.896,17142.096,,,,,0.0,0.0,0.0,0.0,0.0,0.0,0.0,0.0,0.0,0.0,0.0,0.0,,,,,,,0.0,0,18159.0,3631.7999999999993,16.0,,18159.0
756.0,2025-08-01,1956127,Bhubaneswar,BIKASH MISTRY,SHRI JAGANNATH STEEL & POWER LTD,THEJAHL0P00000490,ZX470H,,110703.0,2025-08-05 00:00:00,2025-08-21 00:00:00,1682570,EMERGENCY,3060476,BUSH,4.0,7309,29236.0,0.2,23388.8,0.18,4209.9839999999995,27598.784,,,,,0.0,0.0,0.0,0.0,0.0,0.0,0.0,0.0,0.0,0.0,0.0,0.0,,,,,,,0.0,0,29236.0,5847.200000000001,16.0,,29236.0
757.0,2025-08-01,1956127,Bhubaneswar,BIKASH MISTRY,SHRI JAGANNATH STEEL & POWER LTD,THEJAHL0P00000490,ZX470H,,110703.0,2025-08-05 00:00:00,2025-08-21 00:00:00,1682731,MAINTENANCE,YA00058283,ENGINE OIL FILTER,2.0,2720,5440.0,0.2,4352.0,0.18,783.36,5135.36,,2,1013276097,2025-08-16 00:00:00,0.0,0.0,0.0,0.0,4352.0,0.0,0.0,0.0,0.0,0.0,0.0,0.0,,,,,,,4352.0,1,1088.0,1088.0,16.0,,0.0
758.0,2025-08-01,1956127,Bhubaneswar,BIKASH MISTRY,SHRI JAGANNATH STEEL & POWER LTD,THEJAHL0P00000490,ZX470H,,110703.0,2025-08-05 00:00:00,2025-08-21 00:00:00,1682731,MAINTENANCE,1168261,AIR FILTER INNER ,1.0,18873,18873.0,0.2,15098.4,0.18,2717.712,17816.112,,1,1013280498,2025-12-03 00:00:00,0.0,0.0,0.0,0.0,0.0,0.0,0.0,0.0,14154.75,0.0,0.0,0.0,,,,,,,14154.75,1,4718.25,3774.6000000000004,16.0,104.0,0.0
759.0,2025-08-01,1956127,Bhubaneswar,BIKASH MISTRY,SHRI JAGANNATH STEEL & POWER LTD,THEJAHL0P00000490,ZX470H,,110703.0,2025-08-05 00:00:00,2025-08-21 00:00:00,1682731,MAINTENANCE,4654745,HYDRAULIC TANK FILTER,1.0,11801,11801.0,0.2,9440.8,0.18,1699.3439999999998,11140.143999999998,,1,1013276922,2025-09-08 00:00:00,0.0,0.0,0.0,0.0,0.0,9440.8,0.0,0.0,0.0,0.0,0.0,0.0,,,,,,,9440.8,1,2360.2000000000007,2360.2000000000007,16.0,18.0,0.0
760.0,2025-08-01,1956127,Bhubaneswar,BIKASH MISTRY,SHRI JAGANNATH STEEL & POWER LTD,THEJAHL0P00000490,ZX470H,,110703.0,2025-08-05 00:00:00,2025-08-21 00:00:00,1682731,MAINTENANCE,4317008,HYD SUCTION FILTER,1.0,17391,17391.0,0.2,13912.8,0.18,2504.3039999999996,16417.104,,,,,0.0,0.0,0.0,0.0,0.0,0.0,0.0,0.0,0.0,0.0,0.0,0.0,,,,,,,0.0,0,17391.0,3478.2000000000007,16.0,,17391.0
761.0,2025-08-01,1956127,Bhubaneswar,BIKASH MISTRY,SHRI JAGANNATH STEEL & POWER LTD,THEJAHL0P00000490,ZX470H,,110703.0,2025-08-05 00:00:00,2025-08-21 00:00:00,1682731,MAINTENANCE,4363399,PUMP DRAIN FILTER,1.0,4349,4349.0,0.2,3479.2,0.18,626.256,4105.456,,1,1013276922,2025-09-08 00:00:00,0.0,0.0,0.0,0.0,0.0,3479.2,0.0,0.0,0.0,0.0,0.0,0.0,,,,,,,3479.2,1,869.8000000000002,869.8000000000002,16.0,18.0,0.0
762.0,2025-08-01,1956127,Bhubaneswar,BIKASH MISTRY,SHRI JAGANNATH STEEL & POWER LTD,THEJAHL0P00000490,ZX470H,,110703.0,2025-08-05 00:00:00,2025-08-21 00:00:00,1682731,MAINTENANCE,4630525,PILOT FILTER,1.0,3046,3046.0,0.2,2436.8,0.18,438.624,2875.424,,1,1013276097,2025-08-16 00:00:00,0.0,0.0,0.0,0.0,2436.8,0.0,0.0,0.0,0.0,0.0,0.0,0.0,,,,,,,2436.8,1,609.1999999999998,609.1999999999998,16.0,,0.0
763.0,2025-08-01,1956127,Bhubaneswar,BIKASH MISTRY,SHRI JAGANNATH STEEL & POWER LTD,THEJAHL0P00000490,ZX470H,,110703.0,2025-08-05 00:00:00,2025-08-21 00:00:00,1682731,MAINTENANCE,YA00032683,AC FILTER,1.0,3883,3883.0,0.2,3106.4,0.18,559.152,3665.552,,1,1013276097,2025-08-16 00:00:00,0.0,0.0,0.0,0.0,3106.4,0.0,0.0,0.0,0.0,0.0,0.0,0.0,,,,,,,3106.4,1,776.5999999999999,776.5999999999999,16.0,,0.0
764.0,2025-08-01,1956127,Bhubaneswar,BIKASH MISTRY,SHRI JAGANNATH STEEL & POWER LTD,THEJAHL0P00000490,ZX470H,,110703.0,2025-08-05 00:00:00,2025-08-21 00:00:00,1682731,MAINTENANCE,YA00001490,AC FILTER,1.0,4607,4607.0,0.2,3685.6,0.18,663.408,4349.008,,1,1013276922,2025-09-08 00:00:00,0.0,0.0,0.0,0.0,0.0,3685.6,0.0,0.0,0.0,0.0,0.0,0.0,,,,,,,3685.6,1,921.4000000000001,921.4000000000001,16.0,18.0,0.0
765.0,2025-08-01,1956127,Bhubaneswar,BIKASH MISTRY,SHRI JAGANNATH STEEL & POWER LTD,THEJAHL0P00000490,ZX470H,,110703.0,2025-08-05 00:00:00,2025-08-21 00:00:00,1682740,PLANNING,111742-0831,"HOSE; RUBBER,AIR",1.0,6358,6358.0,0.2,5086.4,0.18,915.5519999999999,6001.951999999999,,,,,0.0,0.0,0.0,0.0,0.0,0.0,0.0,0.0,0.0,0.0,0.0,0.0,,,,,,,0.0,0,6358.0,1271.6000000000004,16.0,,6358.0
766.0,2025-08-01,1956127,Bhubaneswar,BIKASH MISTRY,SHRI JAGANNATH STEEL & POWER LTD,THEJAHL0P00000490,ZX470H,,110703.0,2025-08-05 00:00:00,2025-08-21 00:00:00,1682740,PLANNING,4251212,DUST SEAL,2.0,3469,6938.0,0.2,5550.4,0.18,999.0719999999999,6549.472,,,,,0.0,0.0,0.0,0.0,0.0,0.0,0.0,0.0,0.0,0.0,0.0,0.0,,,,,,,0.0,0,6938.0,1387.6000000000004,16.0,,6938.0
767.0,2025-08-01,1956127,Bhubaneswar,BIKASH MISTRY,SHRI JAGANNATH STEEL & POWER LTD,THEJAHL0P00000490,ZX470H,,110703.0,2025-08-05 00:00:00,2025-08-21 00:00:00,1682740,PLANNING,4089028,ORING,2.0,1005,2010.0,0.2,1608.0,0.18,289.44,1897.44,,,,,0.0,0.0,0.0,0.0,0.0,0.0,0.0,0.0,0.0,0.0,0.0,0.0,,,,,,,0.0,0,2010.0,402.0,16.0,,2010.0
768.0,2025-08-01,1956128,Bhubaneswar,NIRANJAN DAS,THRIVENI EARTHMOVERS PVT LTD,THEJAHL0C00000499,ZX470H,,27868.0,2025-08-09 00:00:00,2025-08-11 00:00:00,1671089,EMERGENCY,UC00470ZX,ZX470H Undercarriage Kit,1.0,3106583,3106583.0,0.2,2485266.4,0.18,447347.952,2932614.352,,1,1013275677,2025-08-04 00:00:00,0.0,0.0,0.0,0.0,1470000.0,0.0,0.0,0.0,0.0,0.0,0.0,0.0,,,,,,,1470000.0,1,1636583.0,621316.6000000001,2.0,,0.0
769.0,2025-08-01,1956128,Bhubaneswar,NIRANJAN DAS,THRIVENI EARTHMOVERS PVT LTD,THEJAHL0C00000499,ZX470H,,27868.0,2025-08-09 00:00:00,2025-08-11 00:00:00,1671157,MAINTENANCE,4654745,HYDRAULIC TANK FILTER,1.0,11801,11801.0,0.2,9440.8,0.18,1699.3439999999998,11140.143999999998,,1,1013279802,2025-11-21 00:00:00,0.0,0.0,0.0,0.0,0.0,0.0,0.0,8850.75,0.0,0.0,0.0,0.0,,,,,,,8850.75,1,2950.25,2360.2000000000007,2.0,102.0,0.0
770.0,2025-08-01,1956128,Bhubaneswar,NIRANJAN DAS,THRIVENI EARTHMOVERS PVT LTD,THEJAHL0C00000499,ZX470H,,27868.0,2025-08-09 00:00:00,2025-08-11 00:00:00,1671157,MAINTENANCE,4630525,PILOT FILTER,1.0,3046,3046.0,0.2,2436.8,0.18,438.624,2875.424,,1,1013277132,2025-09-13 00:00:00,0.0,0.0,0.0,0.0,0.0,2284.5,0.0,0.0,0.0,0.0,0.0,0.0,,,,,,,2284.5,1,761.5,609.1999999999998,2.0,33.0,0.0
771.0,2025-08-01,1956128,Bhubaneswar,NIRANJAN DAS,THRIVENI EARTHMOVERS PVT LTD,THEJAHL0C00000499,ZX470H,,27868.0,2025-08-09 00:00:00,2025-08-11 00:00:00,1671157,MAINTENANCE,4363399,PUMP DRAIN FILTER,1.0,4349,4349.0,0.2,3479.2,0.18,626.256,4105.456,,,,,0.0,0.0,0.0,0.0,0.0,0.0,0.0,0.0,0.0,0.0,0.0,0.0,,,,,,,0.0,0,4349.0,869.8000000000002,2.0,,4349.0
772.0,2025-08-01,1956128,Bhubaneswar,NIRANJAN DAS,THRIVENI EARTHMOVERS PVT LTD,THEJAHL0C00000499,ZX470H,,27868.0,2025-08-09 00:00:00,2025-08-11 00:00:00,1671157,MAINTENANCE,4437838,AIR BREATHER FILTER,1.0,1695,1695.0,0.2,1356.0,0.18,244.07999999999998,1600.08,,1,101326696,2025-09-02 00:00:00,0.0,0.0,0.0,0.0,0.0,1271.25,0.0,0.0,0.0,0.0,0.0,0.0,,,,,,,1271.25,1,423.75,339.0,2.0,22.0,0.0
773.0,2025-08-01,1956128,Bhubaneswar,NIRANJAN DAS,THRIVENI EARTHMOVERS PVT LTD,THEJAHL0C00000499,ZX470H,,27868.0,2025-08-09 00:00:00,2025-08-11 00:00:00,1671157,MAINTENANCE,YA00058283,ENGINE OIL FILTER,2.0,2720,5440.0,0.2,4352.0,0.18,783.36,5135.36,,2,1013276696,2025-09-02 00:00:00,0.0,0.0,0.0,0.0,0.0,4080.0,0.0,0.0,0.0,0.0,0.0,0.0,,,,,,,4080.0,1,1360.0,1088.0,2.0,22.0,0.0
774.0,2025-08-01,1956128,Bhubaneswar,NIRANJAN DAS,THRIVENI EARTHMOVERS PVT LTD,THEJAHL0C00000499,ZX470H,,27868.0,2025-08-09 00:00:00,2025-08-11 00:00:00,1671157,MAINTENANCE,4078360,PRIMARY FUEL FILTER,2.0,1352,2704.0,0.2,2163.2,0.18,389.376,2552.576,,2,1013276696,2025-09-02 00:00:00,0.0,0.0,0.0,0.0,0.0,2028.0,0.0,0.0,0.0,0.0,0.0,0.0,,,,,,,2028.0,1,676.0,540.8000000000002,2.0,22.0,0.0
775.0,2025-08-01,1956128,Bhubaneswar,NIRANJAN DAS,THRIVENI EARTHMOVERS PVT LTD,THEJAHL0C00000499,ZX470H,,27868.0,2025-08-09 00:00:00,2025-08-11 00:00:00,1671157,MAINTENANCE,4616864,FUEL FILTER,2.0,2351,4702.0,0.2,3761.6,0.18,677.088,4438.688,,2,1013276696,2025-09-02 00:00:00,0.0,0.0,0.0,0.0,0.0,3526.5,0.0,0.0,0.0,0.0,0.0,0.0,,,,,,,3526.5,1,1175.5,940.4000000000001,2.0,22.0,0.0
776.0,2025-08-01,1956128,Bhubaneswar,NIRANJAN DAS,THRIVENI EARTHMOVERS PVT LTD,THEJAHL0C00000499,ZX470H,,27868.0,2025-08-09 00:00:00,2025-08-11 00:00:00,1671157,MAINTENANCE,1209163,AIR FILTER OUTER,1.0,11828,11828.0,0.2,9462.4,0.18,1703.232,11165.632,,1,1013276831,2025-09-06 00:00:00,0.0,0.0,0.0,0.0,0.0,8871.0,0.0,0.0,0.0,0.0,0.0,0.0,,,,,,,8871.0,1,2957.0,2365.6000000000004,2.0,26.0,0.0
777.0,2025-08-01,1956128,Bhubaneswar,NIRANJAN DAS,THRIVENI EARTHMOVERS PVT LTD,THEJAHL0C00000499,ZX470H,,27868.0,2025-08-09 00:00:00,2025-08-11 00:00:00,1671157,MAINTENANCE,1105353,AIR FILTER INNER,1.0,6862,6862.0,0.2,5489.6,0.18,988.128,6477.728,,1,1013277483,2025-09-23 00:00:00,0.0,0.0,0.0,0.0,0.0,5146.5,0.0,0.0,0.0,0.0,0.0,0.0,,,,,,,5146.5,1,1715.5,1372.3999999999996,2.0,43.0,0.0
778.0,2025-08-01,1956128,Bhubaneswar,NIRANJAN DAS,THRIVENI EARTHMOVERS PVT LTD,THEJAHL0C00000499,ZX470H,,27868.0,2025-08-09 00:00:00,2025-08-11 00:00:00,1671160,PLANNING,4612763,AC BELT,1.0,8559,8559.0,0.2,6847.2,0.18,1232.4959999999999,8079.696,,,,,0.0,0.0,0.0,0.0,0.0,0.0,0.0,0.0,0.0,0.0,0.0,0.0,,,,,,,0.0,0,8559.0,1711.8000000000002,2.0,,8559.0
779.0,2025-08-01,1956128,Bhubaneswar,NIRANJAN DAS,THRIVENI EARTHMOVERS PVT LTD,THEJAHL0C00000499,ZX470H,,27868.0,2025-08-09 00:00:00,2025-08-11 00:00:00,1671160,PLANNING,113671-4730,FAN BELT,1.0,14327,14327.0,0.2,11461.6,0.18,2063.088,13524.688,,,,,0.0,0.0,0.0,0.0,0.0,0.0,0.0,0.0,0.0,0.0,0.0,0.0,,,,,,,0.0,0,14327.0,2865.3999999999996,2.0,,14327.0
780.0,2025-08-01,1956260,Bhubaneswar,NIRANJAN DAS,THRIVENI EARTHMOVERS PVT LTD,THEJAHL0E00000601,ZX470H,,27868.0,2025-08-09 00:00:00,2025-08-12 00:00:00,1672488,EMERGENCY,UC00470ZX,ZX470H Undercarriage Kit,1.0,3106583,3106583.0,0.2,2485266.4,0.18,447347.952,2932614.352,,1,1013275677,2025-08-04 00:00:00,0.0,0.0,0.0,0.0,1470000.0,0.0,0.0,0.0,0.0,0.0,0.0,0.0,,,,,,,1470000.0,1,1636583.0,621316.6000000001,3.0,,0.0
781.0,2025-08-01,1956260,Bhubaneswar,NIRANJAN DAS,THRIVENI EARTHMOVERS PVT LTD,THEJAHL0E00000601,ZX470H,,27868.0,2025-08-09 00:00:00,2025-08-12 00:00:00,1672490,MAINTENANCE,4654745,HYDRAULIC TANK FILTER,1.0,11801,11801.0,0.2,9440.8,0.18,1699.3439999999998,11140.143999999998,,1,1013279802,2025-11-21 00:00:00,0.0,0.0,0.0,0.0,0.0,0.0,0.0,8850.75,0.0,0.0,0.0,0.0,,,,,,,8850.75,1,2950.25,2360.2000000000007,3.0,101.0,0.0
782.0,2025-08-01,1956260,Bhubaneswar,NIRANJAN DAS,THRIVENI EARTHMOVERS PVT LTD,THEJAHL0E00000601,ZX470H,,27868.0,2025-08-09 00:00:00,2025-08-12 00:00:00,1672490,MAINTENANCE,4630525,PILOT FILTER,1.0,3046,3046.0,0.2,2436.8,0.18,438.624,2875.424,,1,1013277132,2025-09-13 00:00:00,0.0,0.0,0.0,0.0,0.0,2284.5,0.0,0.0,0.0,0.0,0.0,0.0,,,,,,,2284.5,1,761.5,609.1999999999998,3.0,32.0,0.0
783.0,2025-08-01,1956260,Bhubaneswar,NIRANJAN DAS,THRIVENI EARTHMOVERS PVT LTD,THEJAHL0E00000601,ZX470H,,27868.0,2025-08-09 00:00:00,2025-08-12 00:00:00,1672490,MAINTENANCE,4363399,PUMP DRAIN FILTER,1.0,4349,4349.0,0.2,3479.2,0.18,626.256,4105.456,,,,,0.0,0.0,0.0,0.0,0.0,0.0,0.0,0.0,0.0,0.0,0.0,0.0,,,,,,,0.0,0,4349.0,869.8000000000002,3.0,,4349.0
784.0,2025-08-01,1956260,Bhubaneswar,NIRANJAN DAS,THRIVENI EARTHMOVERS PVT LTD,THEJAHL0E00000601,ZX470H,,27868.0,2025-08-09 00:00:00,2025-08-12 00:00:00,1672490,MAINTENANCE,4437838,AIR BREATHER FILTER,1.0,1695,1695.0,0.2,1356.0,0.18,244.07999999999998,1600.08,,1,101326696,2025-09-02 00:00:00,0.0,0.0,0.0,0.0,0.0,1271.25,0.0,0.0,0.0,0.0,0.0,0.0,,,,,,,1271.25,1,423.75,339.0,3.0,21.0,0.0
785.0,2025-08-01,1956260,Bhubaneswar,NIRANJAN DAS,THRIVENI EARTHMOVERS PVT LTD,THEJAHL0E00000601,ZX470H,,27868.0,2025-08-09 00:00:00,2025-08-12 00:00:00,1672490,MAINTENANCE,YA00058283,ENGINE OIL FILTER,2.0,2720,5440.0,0.2,4352.0,0.18,783.36,5135.36,,1,1013276696,2025-09-02 00:00:00,0.0,0.0,0.0,0.0,0.0,2040.0,0.0,0.0,0.0,0.0,0.0,0.0,,,,,,,2040.0,1,3400.0,1088.0,3.0,21.0,0.0
786.0,2025-08-01,1956260,Bhubaneswar,NIRANJAN DAS,THRIVENI EARTHMOVERS PVT LTD,THEJAHL0E00000601,ZX470H,,27868.0,2025-08-09 00:00:00,2025-08-12 00:00:00,1672490,MAINTENANCE,4078360,PRIMARY FUEL FILTER,2.0,1352,2704.0,0.2,2163.2,0.18,389.376,2552.576,,2,1013276696,2025-09-02 00:00:00,0.0,0.0,0.0,0.0,0.0,2028.0,0.0,0.0,0.0,0.0,0.0,0.0,,,,,,,2028.0,1,676.0,540.8000000000002,3.0,21.0,0.0
787.0,2025-08-01,1956260,Bhubaneswar,NIRANJAN DAS,THRIVENI EARTHMOVERS PVT LTD,THEJAHL0E00000601,ZX470H,,27868.0,2025-08-09 00:00:00,2025-08-12 00:00:00,1672490,MAINTENANCE,4616864,FUEL FILTER,2.0,2351,4702.0,0.2,3761.6,0.18,677.088,4438.688,,2,1013277473,2025-09-23 00:00:00,0.0,0.0,0.0,0.0,0.0,3526.5,0.0,0.0,0.0,0.0,0.0,0.0,,,,,,,3526.5,1,1175.5,940.4000000000001,3.0,42.0,0.0
788.0,2025-08-01,1956260,Bhubaneswar,NIRANJAN DAS,THRIVENI EARTHMOVERS PVT LTD,THEJAHL0E00000601,ZX470H,,27868.0,2025-08-09 00:00:00,2025-08-12 00:00:00,1672490,MAINTENANCE,1209163,AIR FILTER OUTER,1.0,11828,11828.0,0.2,9462.4,0.18,1703.232,11165.632,,1,1013276831,2025-09-06 00:00:00,0.0,0.0,0.0,0.0,0.0,8871.0,0.0,0.0,0.0,0.0,0.0,0.0,,,,,,,8871.0,1,2957.0,2365.6000000000004,3.0,25.0,0.0
789.0,2025-08-01,1956260,Bhubaneswar,NIRANJAN DAS,THRIVENI EARTHMOVERS PVT LTD,THEJAHL0E00000601,ZX470H,,27868.0,2025-08-09 00:00:00,2025-08-12 00:00:00,1672490,MAINTENANCE,1105353,AIR FILTER INNER,1.0,6862,6862.0,0.2,5489.6,0.18,988.128,6477.728,,1,1013277483,2025-09-23 00:00:00,0.0,0.0,0.0,0.0,0.0,5146.5,0.0,0.0,0.0,0.0,0.0,0.0,,,,,,,5146.5,1,1715.5,1372.3999999999996,3.0,42.0,0.0
790.0,2025-08-01,1956260,Bhubaneswar,NIRANJAN DAS,THRIVENI EARTHMOVERS PVT LTD,THEJAHL0E00000601,ZX470H,,27868.0,2025-08-09 00:00:00,2025-08-12 00:00:00,1672521,PLANNING,4612763,AC BELT,1.0,8559,8559.0,0.2,6847.2,0.18,1232.4959999999999,8079.696,,,,,0.0,0.0,0.0,0.0,0.0,0.0,0.0,0.0,0.0,0.0,0.0,0.0,,,,,,,0.0,0,8559.0,1711.8000000000002,3.0,,8559.0
791.0,2025-08-01,1956260,Bhubaneswar,NIRANJAN DAS,THRIVENI EARTHMOVERS PVT LTD,THEJAHL0E00000601,ZX470H,,27868.0,2025-08-09 00:00:00,2025-08-12 00:00:00,1672521,PLANNING,113671-4730,FAN BELT,1.0,14327,14327.0,0.2,11461.6,0.18,2063.088,13524.688,,,,,0.0,0.0,0.0,0.0,0.0,0.0,0.0,0.0,0.0,0.0,0.0,0.0,,,,,,,0.0,0,14327.0,2865.3999999999996,3.0,,14327.0
792.0,2025-08-01,1956258,Bhubaneswar,BIKASH MISTRY,BAJWA INFRASTRUCTURE PVT LTD,THEJAHL0K00000281,ZX470H,,1009491.0,2025-08-09 00:00:00,2025-08-21 00:00:00,1682754,EMERGENCY,4183995,CUSHION,4.0,14450,57800.0,0.1,52020.0,0.18,9363.6,61383.6,,,,,0.0,0.0,0.0,0.0,0.0,0.0,0.0,0.0,0.0,0.0,0.0,0.0,,,,,,,0.0,0,57800.0,5780.0,12.0,,57800.0
793.0,2025-08-01,1956258,Bhubaneswar,BIKASH MISTRY,BAJWA INFRASTRUCTURE PVT LTD,THEJAHL0K00000281,ZX470H,,1009491.0,2025-08-09 00:00:00,2025-08-21 00:00:00,1682754,EMERGENCY,4653041,SEAL KIT ARM,1.0,53102,53102.0,0.1,47791.8,0.18,8602.524,56394.324,,,,,0.0,0.0,0.0,0.0,0.0,0.0,0.0,0.0,0.0,0.0,0.0,0.0,,,,,,,0.0,0,53102.0,5310.199999999997,12.0,,53102.0
794.0,2025-08-01,1956258,Bhubaneswar,BIKASH MISTRY,BAJWA INFRASTRUCTURE PVT LTD,THEJAHL0K00000281,ZX470H,,1009491.0,2025-08-09 00:00:00,2025-08-21 00:00:00,1682754,EMERGENCY,897617-3080,"SEAL; OIL,CRANKSHAFT FRT",1.0,8122,8122.0,0.1,7309.8,0.18,1315.764,8625.564,,,,,0.0,0.0,0.0,0.0,0.0,0.0,0.0,0.0,0.0,0.0,0.0,0.0,,,,,,,0.0,0,8122.0,812.1999999999998,12.0,,8122.0
795.0,2025-08-01,1956258,Bhubaneswar,BIKASH MISTRY,BAJWA INFRASTRUCTURE PVT LTD,THEJAHL0K00000281,ZX470H,,1009491.0,2025-08-09 00:00:00,2025-08-21 00:00:00,1682754,EMERGENCY,111322-0610,GASKET; GEAR CASE TO COVER,1.0,4338,4338.0,0.1,3904.2,0.18,702.756,4606.956,,,,,0.0,0.0,0.0,0.0,0.0,0.0,0.0,0.0,0.0,0.0,0.0,0.0,,,,,,,0.0,0,4338.0,433.8000000000002,12.0,,4338.0
796.0,2025-08-01,1956258,Bhubaneswar,BIKASH MISTRY,BAJWA INFRASTRUCTURE PVT LTD,THEJAHL0K00000281,ZX470H,,1009491.0,2025-08-09 00:00:00,2025-08-21 00:00:00,1682754,EMERGENCY,4467459,CUSHION,1.0,74782,74782.0,0.1,67303.8,0.18,12114.684,79418.484,,,,,0.0,0.0,0.0,0.0,0.0,0.0,0.0,0.0,0.0,0.0,0.0,0.0,,,,,,,0.0,0,74782.0,7478.199999999997,12.0,,74782.0
797.0,2025-08-01,1956258,Bhubaneswar,BIKASH MISTRY,BAJWA INFRASTRUCTURE PVT LTD,THEJAHL0K00000281,ZX470H,,1009491.0,2025-08-09 00:00:00,2025-08-21 00:00:00,1682754,EMERGENCY,4435106,CUSHION,1.0,77182,77182.0,0.1,69463.8,0.18,12503.484,81967.284,,,,,0.0,0.0,0.0,0.0,0.0,0.0,0.0,0.0,0.0,0.0,0.0,0.0,,,,,,,0.0,0,77182.0,7718.199999999997,12.0,,77182.0
798.0,2025-08-01,1956258,Bhubaneswar,BIKASH MISTRY,BAJWA INFRASTRUCTURE PVT LTD,THEJAHL0K00000281,ZX470H,,1009491.0,2025-08-09 00:00:00,2025-08-21 00:00:00,1682772,MAINTENANCE,4616864,FUEL FILTER,2.0,2351,4702.0,0.1,4231.8,0.18,761.724,4993.524,,2,1013285248,2026-02-28 00:00:00,0.0,0.0,0.0,0.0,0.0,0.0,0.0,0.0,0.0,0.0,3526.5,0.0,,,,,,,3526.5,1,1175.5,470.1999999999998,12.0,191.0,0.0
799.0,2025-08-01,1956258,Bhubaneswar,BIKASH MISTRY,BAJWA INFRASTRUCTURE PVT LTD,THEJAHL0K00000281,ZX470H,,1009491.0,2025-08-09 00:00:00,2025-08-21 00:00:00,1682772,MAINTENANCE,4078360,PRIMARY FUEL FILTER,2.0,1352,2704.0,0.1,2433.6,0.18,438.04799999999994,2871.6479999999997,,2,1013280240,2025-11-22 00:00:00,0.0,0.0,0.0,0.0,0.0,0.0,0.0,2704.0,0.0,0.0,0.0,0.0,,,,,,,2704.0,1,0.0,270.4000000000001,12.0,93.0,0.0
800.0,2025-08-01,1956258,Bhubaneswar,BIKASH MISTRY,BAJWA INFRASTRUCTURE PVT LTD,THEJAHL0K00000281,ZX470H,,1009491.0,2025-08-09 00:00:00,2025-08-21 00:00:00,1682772,MAINTENANCE,YA00058283,ENGINE OIL FILTER,2.0,2720,5440.0,0.1,4896.0,0.18,881.28,5777.28,,,,,0.0,0.0,0.0,0.0,0.0,0.0,0.0,0.0,0.0,0.0,0.0,0.0,,,,,,,0.0,0,5440.0,544.0,12.0,,5440.0
801.0,2025-08-01,1956258,Bhubaneswar,BIKASH MISTRY,BAJWA INFRASTRUCTURE PVT LTD,THEJAHL0K00000281,ZX470H,,1009491.0,2025-08-09 00:00:00,2025-08-21 00:00:00,1682772,MAINTENANCE,1209163,AIR FILTER,1.0,11828,11828.0,0.1,10645.2,0.18,1916.136,12561.336000000001,,1,1013285248,2026-02-28 00:00:00,0.0,0.0,0.0,0.0,0.0,0.0,0.0,0.0,0.0,0.0,8871.0,0.0,,,,,,,8871.0,1,2957.0,1182.7999999999993,12.0,191.0,0.0
802.0,2025-08-01,1956258,Bhubaneswar,BIKASH MISTRY,BAJWA INFRASTRUCTURE PVT LTD,THEJAHL0K00000281,ZX470H,,1009491.0,2025-08-09 00:00:00,2025-08-21 00:00:00,1682772,MAINTENANCE,1105353,AIR FILTER,1.0,6862,6862.0,0.1,6175.8,0.18,1111.644,7287.444,,,,,0.0,0.0,0.0,0.0,0.0,0.0,0.0,0.0,0.0,0.0,0.0,0.0,,,,,,,0.0,0,6862.0,686.1999999999998,12.0,,6862.0
803.0,2025-08-01,1956258,Bhubaneswar,BIKASH MISTRY,BAJWA INFRASTRUCTURE PVT LTD,THEJAHL0K00000281,ZX470H,,1009491.0,2025-08-09 00:00:00,2025-08-21 00:00:00,1682772,MAINTENANCE,4437838,AIR BREATHER FILTER,1.0,1695,1695.0,0.1,1525.5,0.18,274.59,1800.09,,,,,0.0,0.0,0.0,0.0,0.0,0.0,0.0,0.0,0.0,0.0,0.0,0.0,,,,,,,0.0,0,1695.0,169.5,12.0,,1695.0
804.0,2025-08-01,1956258,Bhubaneswar,BIKASH MISTRY,BAJWA INFRASTRUCTURE PVT LTD,THEJAHL0K00000281,ZX470H,,1009491.0,2025-08-09 00:00:00,2025-08-21 00:00:00,1682803,PLANNING,113671-4730,FAN BELT ,1.0,14327,14327.0,0.1,12894.3,0.18,2320.9739999999997,15215.274,,,,,0.0,0.0,0.0,0.0,0.0,0.0,0.0,0.0,0.0,0.0,0.0,0.0,,,,,,,0.0,0,14327.0,1432.7000000000007,12.0,,14327.0
805.0,2025-08-01,1956257,Bhubaneswar,NIRANJAN DAS,BAJWA INFRASTRUCTURE PVT LTD,0ACU-000068 ,ZX650H,,1009491.0,2025-08-09 00:00:00,2025-08-27 00:00:00,1688807,EMERGENCY,4437838,AIR BREATHER FILTER,1.0,1695,1695.0,0.1,1525.5,0.18,274.59,1800.09,,,,,0.0,0.0,0.0,0.0,0.0,0.0,0.0,0.0,0.0,0.0,0.0,0.0,,,,,,,0.0,0,1695.0,169.5,18.0,,1695.0
806.0,2025-08-01,1956257,Bhubaneswar,NIRANJAN DAS,BAJWA INFRASTRUCTURE PVT LTD,0ACU-000068 ,ZX650H,,1009491.0,2025-08-09 00:00:00,2025-08-27 00:00:00,1688808,MAINTENANCE,YA00058283,ENGINE OIL FILTER,2.0,2720,5440.0,0.1,4896.0,0.18,881.28,5777.28,,,,,0.0,0.0,0.0,0.0,0.0,0.0,0.0,0.0,0.0,0.0,0.0,0.0,,,,,,,0.0,0,5440.0,544.0,18.0,,5440.0
807.0,2025-08-01,1956257,Bhubaneswar,NIRANJAN DAS,BAJWA INFRASTRUCTURE PVT LTD,0ACU-000068 ,ZX650H,,1009491.0,2025-08-09 00:00:00,2025-08-27 00:00:00,1688808,MAINTENANCE,4078360,PRIMARY FUEL FILTER,1.0,1352,1352.0,0.1,1216.8,0.18,219.02399999999997,1435.8239999999998,,1,1013285248,2026-02-28 00:00:00,0.0,0.0,0.0,0.0,0.0,0.0,0.0,0.0,0.0,0.0,1014.0,0.0,,,,,,,1014.0,1,338.0,135.20000000000005,18.0,185.0,0.0
808.0,2025-08-01,1956257,Bhubaneswar,NIRANJAN DAS,BAJWA INFRASTRUCTURE PVT LTD,0ACU-000068 ,ZX650H,,1009491.0,2025-08-09 00:00:00,2025-08-27 00:00:00,1688808,MAINTENANCE,4616864,FUEL FILTER,1.0,2351,2351.0,0.1,2115.9,0.18,380.862,2496.762,,1,1013285248,2026-02-28 00:00:00,0.0,0.0,0.0,0.0,0.0,0.0,0.0,0.0,0.0,0.0,1763.25,0.0,,,,,,,1763.25,1,587.75,235.0999999999999,18.0,185.0,0.0
809.0,2025-08-01,1956257,Bhubaneswar,NIRANJAN DAS,BAJWA INFRASTRUCTURE PVT LTD,0ACU-000068 ,ZX650H,,1009491.0,2025-08-09 00:00:00,2025-08-27 00:00:00,1688858,PLANNING,4612763,AC BELT,1.0,8559,8559.0,0.1,7703.1,0.18,1386.558,9089.658,,,,,0.0,0.0,0.0,0.0,0.0,0.0,0.0,0.0,0.0,0.0,0.0,0.0,,,,,,,0.0,0,8559.0,855.8999999999996,18.0,,8559.0
810.0,2025-08-01,1956251,Bhubaneswar,BIKASH MISTRY,THRIVENI EARTHMOVERS PVT LTD,THEJAHL0V00000298,ZX470H,,27868.0,2025-08-11 00:00:00,2025-08-23 00:00:00,1684901,EMERGENCY,9246436,PILOT LEVER SEAL,8.0,3052,24416.0,0.2,19532.8,0.18,3515.9039999999995,23048.703999999998,,,,,0.0,0.0,0.0,0.0,0.0,0.0,0.0,0.0,0.0,0.0,0.0,0.0,,,,,,,0.0,0,24416.0,4883.200000000001,12.0,,24416.0
811.0,2025-08-01,1956251,Bhubaneswar,BIKASH MISTRY,THRIVENI EARTHMOVERS PVT LTD,THEJAHL0V00000298,ZX470H,,27868.0,2025-08-11 00:00:00,2025-08-23 00:00:00,1684901,EMERGENCY,4201993,O-RING;PILOT VALVE,8.0,123,984.0,0.2,787.2,0.18,141.696,928.8960000000001,,,,,0.0,0.0,0.0,0.0,0.0,0.0,0.0,0.0,0.0,0.0,0.0,0.0,,,,,,,0.0,0,984.0,196.79999999999995,12.0,,984.0
812.0,2025-08-01,1956251,Bhubaneswar,BIKASH MISTRY,THRIVENI EARTHMOVERS PVT LTD,THEJAHL0V00000298,ZX470H,,27868.0,2025-08-11 00:00:00,2025-08-23 00:00:00,1684901,EMERGENCY,171809,CAP O-RING,18.0,1619,29142.0,0.2,23313.6,0.18,4196.447999999999,27510.048,,,,,0.0,0.0,0.0,0.0,0.0,0.0,0.0,0.0,0.0,0.0,0.0,0.0,,,,,,,0.0,0,29142.0,5828.4000000000015,12.0,,29142.0
813.0,2025-08-01,1956251,Bhubaneswar,BIKASH MISTRY,THRIVENI EARTHMOVERS PVT LTD,THEJAHL0V00000298,ZX470H,,27868.0,2025-08-11 00:00:00,2025-08-23 00:00:00,1684922,MAINTENANCE,4078360,PRIMARY FUEL FILTER,1.0,1352,1352.0,0.2,1081.6,0.18,194.688,1276.288,,1,1013276696,2025-09-02 00:00:00,0.0,0.0,0.0,0.0,0.0,1014.0,0.0,0.0,0.0,0.0,0.0,0.0,,,,,,,1014.0,1,338.0,270.4000000000001,12.0,10.0,0.0
814.0,2025-08-01,1956251,Bhubaneswar,BIKASH MISTRY,THRIVENI EARTHMOVERS PVT LTD,THEJAHL0V00000298,ZX470H,,27868.0,2025-08-11 00:00:00,2025-08-23 00:00:00,1684922,MAINTENANCE,4616864,FUEL FILTER,1.0,2351,2351.0,0.2,1880.8,0.18,338.544,2219.344,,1,1013277473,2025-09-23 00:00:00,0.0,0.0,0.0,0.0,0.0,1763.25,0.0,0.0,0.0,0.0,0.0,0.0,,,,,,,1763.25,1,587.75,470.20000000000005,12.0,31.0,0.0
815.0,2025-08-01,1956251,Bhubaneswar,BIKASH MISTRY,THRIVENI EARTHMOVERS PVT LTD,THEJAHL0V00000298,ZX470H,,27868.0,2025-08-11 00:00:00,2025-08-23 00:00:00,1684922,MAINTENANCE,YA00058283,ENGINE OIL FILTER,2.0,2720,5440.0,0.2,4352.0,0.18,783.36,5135.36,,2,1013276831,2025-09-06 00:00:00,0.0,0.0,0.0,0.0,0.0,4080.0,0.0,0.0,0.0,0.0,0.0,0.0,,,,,,,4080.0,1,1360.0,1088.0,12.0,14.0,0.0
816.0,2025-08-01,1956251,Bhubaneswar,BIKASH MISTRY,THRIVENI EARTHMOVERS PVT LTD,THEJAHL0V00000298,ZX470H,,27868.0,2025-08-11 00:00:00,2025-08-23 00:00:00,1684922,MAINTENANCE,4630525,PILOT FILTER,1.0,3046,3046.0,0.2,2436.8,0.18,438.624,2875.424,,1,1013277132,2025-09-13 00:00:00,0.0,0.0,0.0,0.0,0.0,2284.5,0.0,0.0,0.0,0.0,0.0,0.0,,,,,,,2284.5,1,761.5,609.1999999999998,12.0,21.0,0.0
817.0,2025-08-01,1956251,Bhubaneswar,BIKASH MISTRY,THRIVENI EARTHMOVERS PVT LTD,THEJAHL0V00000298,ZX470H,,27868.0,2025-08-11 00:00:00,2025-08-23 00:00:00,1684922,MAINTENANCE,4654745,HYDRAULIC TANK FILTER,1.0,11801,11801.0,0.2,9440.8,0.18,1699.3439999999998,11140.143999999998,,1,1013279802,2025-11-21 00:00:00,0.0,0.0,0.0,0.0,0.0,0.0,0.0,8850.75,0.0,0.0,0.0,0.0,,,,,,,8850.75,1,2950.25,2360.2000000000007,12.0,90.0,0.0
818.0,2025-08-01,1956251,Bhubaneswar,BIKASH MISTRY,THRIVENI EARTHMOVERS PVT LTD,THEJAHL0V00000298,ZX470H,,27868.0,2025-08-11 00:00:00,2025-08-23 00:00:00,1684922,MAINTENANCE,4317008,HYD SECTION FILTER,1.0,17391,17391.0,0.2,13912.8,0.18,2504.3039999999996,16417.104,,1,1013279802,2025-11-21 00:00:00,0.0,0.0,0.0,0.0,0.0,0.0,0.0,13043.25,0.0,0.0,0.0,0.0,,,,,,,13043.25,1,4347.75,3478.2000000000007,12.0,90.0,0.0
819.0,2025-08-01,1956251,Bhubaneswar,BIKASH MISTRY,THRIVENI EARTHMOVERS PVT LTD,THEJAHL0V00000298,ZX470H,,27868.0,2025-08-11 00:00:00,2025-08-23 00:00:00,1684922,MAINTENANCE,4363399,PUMP DRAIN FILTER,1.0,4349,4349.0,0.2,3479.2,0.18,626.256,4105.456,,,,,0.0,0.0,0.0,0.0,0.0,0.0,0.0,0.0,0.0,0.0,0.0,0.0,,,,,,,0.0,0,4349.0,869.8000000000002,12.0,,4349.0
820.0,2025-08-01,1956251,Bhubaneswar,BIKASH MISTRY,THRIVENI EARTHMOVERS PVT LTD,THEJAHL0V00000298,ZX470H,,27868.0,2025-08-11 00:00:00,2025-08-23 00:00:00,1684922,MAINTENANCE,1105353,AIR FILTER INNER,1.0,6862,6862.0,0.2,5489.6,0.18,988.128,6477.728,,1,1013277483,2025-09-23 00:00:00,0.0,0.0,0.0,0.0,0.0,5146.5,0.0,0.0,0.0,0.0,0.0,0.0,,,,,,,5146.5,1,1715.5,1372.3999999999996,12.0,31.0,0.0
821.0,2025-08-01,1956251,Bhubaneswar,BIKASH MISTRY,THRIVENI EARTHMOVERS PVT LTD,THEJAHL0V00000298,ZX470H,,27868.0,2025-08-11 00:00:00,2025-08-23 00:00:00,1684922,MAINTENANCE,1209163,AIR FILTER OUTER,1.0,11828,11828.0,0.2,9462.4,0.18,1703.232,11165.632,,1,1013276831,2025-09-06 00:00:00,0.0,0.0,0.0,0.0,0.0,8871.0,0.0,0.0,0.0,0.0,0.0,0.0,,,,,,,8871.0,1,2957.0,2365.6000000000004,12.0,14.0,0.0
822.0,2025-08-01,1956251,Bhubaneswar,BIKASH MISTRY,THRIVENI EARTHMOVERS PVT LTD,THEJAHL0V00000298,ZX470H,,27868.0,2025-08-11 00:00:00,2025-08-23 00:00:00,1684922,MAINTENANCE,4437838,AIR BREATHER FILTER,1.0,1695,1695.0,0.2,1356.0,0.18,244.07999999999998,1600.08,,1,101326696,2025-09-02 00:00:00,0.0,0.0,0.0,0.0,0.0,1271.25,0.0,0.0,0.0,0.0,0.0,0.0,,,,,,,1271.25,1,423.75,339.0,12.0,10.0,0.0
823.0,2025-08-01,1956251,Bhubaneswar,BIKASH MISTRY,THRIVENI EARTHMOVERS PVT LTD,THEJAHL0V00000298,ZX470H,,27868.0,2025-08-11 00:00:00,2025-08-23 00:00:00,1684922,MAINTENANCE,YA00001490,AC FILTER,1.0,4607,4607.0,0.2,3685.6,0.18,663.408,4349.008,,1,1013276696,2025-09-02 00:00:00,0.0,0.0,0.0,0.0,0.0,2130.0,0.0,0.0,0.0,0.0,0.0,0.0,,,,,,,2130.0,1,2477.0,921.4000000000001,12.0,10.0,0.0
824.0,2025-08-01,1956251,Bhubaneswar,BIKASH MISTRY,THRIVENI EARTHMOVERS PVT LTD,THEJAHL0V00000298,ZX470H,,27868.0,2025-08-11 00:00:00,2025-08-23 00:00:00,1684922,MAINTENANCE,4632689,CIRCULATING AIR FILTER AC,1.0,3846,3846.0,0.2,3076.8,0.18,553.824,3630.6240000000003,,,,,0.0,0.0,0.0,0.0,0.0,0.0,0.0,0.0,0.0,0.0,0.0,0.0,,,,,,,0.0,0,3846.0,769.1999999999998,12.0,,3846.0
825.0,2025-08-01,1956251,Bhubaneswar,BIKASH MISTRY,THRIVENI EARTHMOVERS PVT LTD,THEJAHL0V00000298,ZX470H,,27868.0,2025-08-11 00:00:00,2025-08-23 00:00:00,1684927,PLANNING,4612763,AC BELT,1.0,8559,8559.0,0.2,6847.2,0.18,1232.4959999999999,8079.696,,,,,0.0,0.0,0.0,0.0,0.0,0.0,0.0,0.0,0.0,0.0,0.0,0.0,,,,,,,0.0,0,8559.0,1711.8000000000002,12.0,,8559.0
826.0,2025-08-01,1956311,Bhubaneswar,BIKASH MISTRY,THRIVENI EARTHMOVERS PVT LTD,THEJAHL0V00000060,ZX470H,,27868.0,2025-08-13 00:00:00,2025-08-23 00:00:00,1685041,EMERGENCY,4653042,SEAL KIT BUCKET,1.0,38202,38202.0,0.2,30561.6,0.18,5501.088,36062.687999999995,,,,,0.0,0.0,0.0,0.0,0.0,0.0,0.0,0.0,0.0,0.0,0.0,0.0,,,,,,,0.0,0,38202.0,7640.4000000000015,10.0,,38202.0
827.0,2025-08-01,1956311,Bhubaneswar,BIKASH MISTRY,THRIVENI EARTHMOVERS PVT LTD,THEJAHL0V00000060,ZX470H,,27868.0,2025-08-13 00:00:00,2025-08-23 00:00:00,1685041,EMERGENCY,972106,RING SLIDE,2.0,4942,9884.0,0.2,7907.2,0.18,1423.2959999999998,9330.496,,,,,0.0,0.0,0.0,0.0,0.0,0.0,0.0,0.0,0.0,0.0,0.0,0.0,,,,,,,0.0,0,9884.0,1976.8000000000002,10.0,,9884.0
828.0,2025-08-01,1956311,Bhubaneswar,BIKASH MISTRY,THRIVENI EARTHMOVERS PVT LTD,THEJAHL0V00000060,ZX470H,,27868.0,2025-08-13 00:00:00,2025-08-23 00:00:00,1685041,EMERGENCY,259307,RING SLIDE,2.0,5446,10892.0,0.2,8713.6,0.18,1568.448,10282.048,,,,,0.0,0.0,0.0,0.0,0.0,0.0,0.0,0.0,0.0,0.0,0.0,0.0,,,,,,,0.0,0,10892.0,2178.3999999999996,10.0,,10892.0
829.0,2025-08-01,1956311,Bhubaneswar,BIKASH MISTRY,THRIVENI EARTHMOVERS PVT LTD,THEJAHL0V00000060,ZX470H,,27868.0,2025-08-13 00:00:00,2025-08-23 00:00:00,1685044,MAINTENANCE,4078360,PRIMARY FUEL FILTER,1.0,1352,1352.0,0.2,1081.6,0.18,194.688,1276.288,,1,1013276696,2025-09-02 00:00:00,0.0,0.0,0.0,0.0,0.0,1014.0,0.0,0.0,0.0,0.0,0.0,0.0,,,,,,,1014.0,1,338.0,270.4000000000001,10.0,10.0,0.0
830.0,2025-08-01,1956311,Bhubaneswar,BIKASH MISTRY,THRIVENI EARTHMOVERS PVT LTD,THEJAHL0V00000060,ZX470H,,27868.0,2025-08-13 00:00:00,2025-08-23 00:00:00,1685044,MAINTENANCE,4616864,FUEL FILTER,1.0,2351,2351.0,0.2,1880.8,0.18,338.544,2219.344,,1,1013277473,2025-09-23 00:00:00,0.0,0.0,0.0,0.0,0.0,1763.25,0.0,0.0,0.0,0.0,0.0,0.0,,,,,,,1763.25,1,587.75,470.20000000000005,10.0,31.0,0.0
831.0,2025-08-01,1956311,Bhubaneswar,BIKASH MISTRY,THRIVENI EARTHMOVERS PVT LTD,THEJAHL0V00000060,ZX470H,,27868.0,2025-08-13 00:00:00,2025-08-23 00:00:00,1685044,MAINTENANCE,YA00058283,ENGINE OIL FILTER,2.0,2720,5440.0,0.2,4352.0,0.18,783.36,5135.36,,2,1013276831,2025-09-06 00:00:00,0.0,0.0,0.0,0.0,0.0,4080.0,0.0,0.0,0.0,0.0,0.0,0.0,,,,,,,4080.0,1,1360.0,1088.0,10.0,14.0,0.0
832.0,2025-08-01,1956311,Bhubaneswar,BIKASH MISTRY,THRIVENI EARTHMOVERS PVT LTD,THEJAHL0V00000060,ZX470H,,27868.0,2025-08-13 00:00:00,2025-08-23 00:00:00,1685044,MAINTENANCE,4630525,PILOT FILTER,1.0,3046,3046.0,0.2,2436.8,0.18,438.624,2875.424,,1,1013277132,2025-09-13 00:00:00,0.0,0.0,0.0,0.0,0.0,2284.5,0.0,0.0,0.0,0.0,0.0,0.0,,,,,,,2284.5,1,761.5,609.1999999999998,10.0,21.0,0.0
833.0,2025-08-01,1956311,Bhubaneswar,BIKASH MISTRY,THRIVENI EARTHMOVERS PVT LTD,THEJAHL0V00000060,ZX470H,,27868.0,2025-08-13 00:00:00,2025-08-23 00:00:00,1685044,MAINTENANCE,4654745,HYDRAULIC TANK FILTER,1.0,11801,11801.0,0.2,9440.8,0.18,1699.3439999999998,11140.143999999998,,1,1013279802,2025-11-21 00:00:00,0.0,0.0,0.0,0.0,0.0,0.0,0.0,8850.75,0.0,0.0,0.0,0.0,,,,,,,8850.75,1,2950.25,2360.2000000000007,10.0,90.0,0.0
834.0,2025-08-01,1956311,Bhubaneswar,BIKASH MISTRY,THRIVENI EARTHMOVERS PVT LTD,THEJAHL0V00000060,ZX470H,,27868.0,2025-08-13 00:00:00,2025-08-23 00:00:00,1685044,MAINTENANCE,4317008,HYD SECTION FILTER,1.0,17391,17391.0,0.2,13912.8,0.18,2504.3039999999996,16417.104,,1,1013279802,2025-11-21 00:00:00,0.0,0.0,0.0,0.0,0.0,0.0,0.0,13043.25,0.0,0.0,0.0,0.0,,,,,,,13043.25,1,4347.75,3478.2000000000007,10.0,90.0,0.0
835.0,2025-08-01,1956311,Bhubaneswar,BIKASH MISTRY,THRIVENI EARTHMOVERS PVT LTD,THEJAHL0V00000060,ZX470H,,27868.0,2025-08-13 00:00:00,2025-08-23 00:00:00,1685044,MAINTENANCE,4363399,PUMP DRAIN FILTER,1.0,4349,4349.0,0.2,3479.2,0.18,626.256,4105.456,,,,,0.0,0.0,0.0,0.0,0.0,0.0,0.0,0.0,0.0,0.0,0.0,0.0,,,,,,,0.0,0,4349.0,869.8000000000002,10.0,,4349.0
836.0,2025-08-01,1956311,Bhubaneswar,BIKASH MISTRY,THRIVENI EARTHMOVERS PVT LTD,THEJAHL0V00000060,ZX470H,,27868.0,2025-08-13 00:00:00,2025-08-23 00:00:00,1685044,MAINTENANCE,1105353,AIR FILTER INNER,1.0,6862,6862.0,0.2,5489.6,0.18,988.128,6477.728,,1,1013277483,2025-09-23 00:00:00,0.0,0.0,0.0,0.0,0.0,5146.5,0.0,0.0,0.0,0.0,0.0,0.0,,,,,,,5146.5,1,1715.5,1372.3999999999996,10.0,31.0,0.0
837.0,2025-08-01,1956311,Bhubaneswar,BIKASH MISTRY,THRIVENI EARTHMOVERS PVT LTD,THEJAHL0V00000060,ZX470H,,27868.0,2025-08-13 00:00:00,2025-08-23 00:00:00,1685044,MAINTENANCE,1209163,AIR FILTER OUTER,1.0,11828,11828.0,0.2,9462.4,0.18,1703.232,11165.632,,1,1013276831,2025-09-06 00:00:00,0.0,0.0,0.0,0.0,0.0,8871.0,0.0,0.0,0.0,0.0,0.0,0.0,,,,,,,8871.0,1,2957.0,2365.6000000000004,10.0,14.0,0.0
838.0,2025-08-01,1956311,Bhubaneswar,BIKASH MISTRY,THRIVENI EARTHMOVERS PVT LTD,THEJAHL0V00000060,ZX470H,,27868.0,2025-08-13 00:00:00,2025-08-23 00:00:00,1685044,MAINTENANCE,4437838,AIR BREATHER FILTER,1.0,1695,1695.0,0.2,1356.0,0.18,244.07999999999998,1600.08,,1,101326696,2025-09-02 00:00:00,0.0,0.0,0.0,0.0,0.0,1271.25,0.0,0.0,0.0,0.0,0.0,0.0,,,,,,,1271.25,1,423.75,339.0,10.0,10.0,0.0
839.0,2025-08-01,1956311,Bhubaneswar,BIKASH MISTRY,THRIVENI EARTHMOVERS PVT LTD,THEJAHL0V00000060,ZX470H,,27868.0,2025-08-13 00:00:00,2025-08-23 00:00:00,1685044,MAINTENANCE,YA00001490,AC FILTER,1.0,4607,4607.0,0.2,3685.6,0.18,663.408,4349.008,,1,1013276696,2025-09-02 00:00:00,0.0,0.0,0.0,0.0,0.0,2130.0,0.0,0.0,0.0,0.0,0.0,0.0,,,,,,,2130.0,1,2477.0,921.4000000000001,10.0,10.0,0.0
840.0,2025-08-01,1956311,Bhubaneswar,BIKASH MISTRY,THRIVENI EARTHMOVERS PVT LTD,THEJAHL0V00000060,ZX470H,,27868.0,2025-08-13 00:00:00,2025-08-23 00:00:00,1685044,MAINTENANCE,4632689,CIRCULATING AIR FILTER AC,1.0,3846,3846.0,0.2,3076.8,0.18,553.824,3630.6240000000003,,,,,0.0,0.0,0.0,0.0,0.0,0.0,0.0,0.0,0.0,0.0,0.0,0.0,,,,,,,0.0,0,3846.0,769.1999999999998,10.0,,3846.0
841.0,2025-08-01,1956311,Bhubaneswar,BIKASH MISTRY,THRIVENI EARTHMOVERS PVT LTD,THEJAHL0V00000060,ZX470H,,27868.0,2025-08-13 00:00:00,2025-08-23 00:00:00,1685049,PLANNING,4612763,AC BELT,1.0,8559,8559.0,0.2,6847.2,0.18,1232.4959999999999,8079.696,,,,,0.0,0.0,0.0,0.0,0.0,0.0,0.0,0.0,0.0,0.0,0.0,0.0,,,,,,,0.0,0,8559.0,1711.8000000000002,10.0,,8559.0
842.0,2025-08-01,1956252,Bhubaneswar,BIKASH MISTRY,THRIVENI EARTHMOVERS PVT LTD,0ACG-000259,ZX650H,,27868.0,2025-08-16 00:00:00,2025-08-23 00:00:00,1684981,EMERGENCY,897310-5620,SENSOR;OIL LEVEL,1.0,14230,14230.0,0.2,11384.0,0.18,2049.12,13433.119999999999,,,,,0.0,0.0,0.0,0.0,0.0,0.0,0.0,0.0,0.0,0.0,0.0,0.0,,,,,,,0.0,0,14230.0,2846.0,7.0,,14230.0
843.0,2025-08-01,1956252,Bhubaneswar,BIKASH MISTRY,THRIVENI EARTHMOVERS PVT LTD,0ACG-000259,ZX650H,,27868.0,2025-08-16 00:00:00,2025-08-23 00:00:00,1684985,MAINTENANCE,YA00058283,ENGINE OIL FILTER,2.0,2720,5440.0,0.2,4352.0,0.18,783.36,5135.36,,2,1013276831,2025-09-06 00:00:00,0.0,0.0,0.0,0.0,0.0,4080.0,0.0,0.0,0.0,0.0,0.0,0.0,,,,,,,4080.0,1,1360.0,1088.0,7.0,14.0,0.0
844.0,2025-08-01,1956252,Bhubaneswar,BIKASH MISTRY,THRIVENI EARTHMOVERS PVT LTD,0ACG-000259,ZX650H,,27868.0,2025-08-16 00:00:00,2025-08-23 00:00:00,1684985,MAINTENANCE,4078360,PRIMARY FUEL FILTER,1.0,1352,1352.0,0.2,1081.6,0.18,194.688,1276.288,,1,1013276696,2025-09-02 00:00:00,0.0,0.0,0.0,0.0,0.0,1014.0,0.0,0.0,0.0,0.0,0.0,0.0,,,,,,,1014.0,1,338.0,270.4000000000001,7.0,10.0,0.0
845.0,2025-08-01,1956252,Bhubaneswar,BIKASH MISTRY,THRIVENI EARTHMOVERS PVT LTD,0ACG-000259,ZX650H,,27868.0,2025-08-16 00:00:00,2025-08-23 00:00:00,1684985,MAINTENANCE,4616864,FUEL FILTER,1.0,2351,2351.0,0.2,1880.8,0.18,338.544,2219.344,,1,1013277473,2025-09-23 00:00:00,0.0,0.0,0.0,0.0,0.0,1763.25,0.0,0.0,0.0,0.0,0.0,0.0,,,,,,,1763.25,1,587.75,470.20000000000005,7.0,31.0,0.0
846.0,2025-08-01,1956252,Bhubaneswar,BIKASH MISTRY,THRIVENI EARTHMOVERS PVT LTD,0ACG-000259,ZX650H,,27868.0,2025-08-16 00:00:00,2025-08-23 00:00:00,1684985,MAINTENANCE,1209163,AIR FILTER OUTER,1.0,11828,11828.0,0.2,9462.4,0.18,1703.232,11165.632,,1,1013276831,2025-09-06 00:00:00,0.0,0.0,0.0,0.0,0.0,8871.0,0.0,0.0,0.0,0.0,0.0,0.0,,,,,,,8871.0,1,2957.0,2365.6000000000004,7.0,14.0,0.0
847.0,2025-08-01,1956252,Bhubaneswar,BIKASH MISTRY,THRIVENI EARTHMOVERS PVT LTD,0ACG-000259,ZX650H,,27868.0,2025-08-16 00:00:00,2025-08-23 00:00:00,1684985,MAINTENANCE,1105353,AIR FILTER INNER,1.0,6862,6862.0,0.2,5489.6,0.18,988.128,6477.728,,1,1013277483,2025-09-23 00:00:00,0.0,0.0,0.0,0.0,0.0,5146.5,0.0,0.0,0.0,0.0,0.0,0.0,,,,,,,5146.5,1,1715.5,1372.3999999999996,7.0,31.0,0.0
848.0,2025-08-01,1956252,Bhubaneswar,BIKASH MISTRY,THRIVENI EARTHMOVERS PVT LTD,0ACG-000259,ZX650H,,27868.0,2025-08-16 00:00:00,2025-08-23 00:00:00,1685002,PLANNING,4474619,FAN BELT,1.0,64523,64523.0,0.2,51618.4,0.18,9291.312,60909.712,,,,,0.0,0.0,0.0,0.0,0.0,0.0,0.0,0.0,0.0,0.0,0.0,0.0,,,,,,,0.0,0,64523.0,12904.599999999999,7.0,,64523.0
849.0,2025-08-01,195625,Bhubaneswar,BIKASH MISTRY,THRIVENI EARTHMOVERS PVT LTD,0ACG-000262 ,ZX650H,,27868.0,2025-08-21 00:00:00,2025-08-23 00:00:00,1685072,EMERGENCY,4660103,SEAL KIT,1.0,53423,53423.0,0.2,42738.4,0.18,7692.912,50431.312000000005,,,,,0.0,0.0,0.0,0.0,0.0,0.0,0.0,0.0,0.0,0.0,0.0,0.0,,,,,,,0.0,0,53423.0,10684.599999999999,2.0,,53423.0
850.0,2025-08-01,195625,Bhubaneswar,BIKASH MISTRY,THRIVENI EARTHMOVERS PVT LTD,0ACG-000262 ,ZX650H,,27868.0,2025-08-21 00:00:00,2025-08-23 00:00:00,1685072,EMERGENCY,9246436,PILOT LEVER SEAL,8.0,3052,24416.0,0.2,19532.8,0.18,3515.9039999999995,23048.703999999998,,,,,0.0,0.0,0.0,0.0,0.0,0.0,0.0,0.0,0.0,0.0,0.0,0.0,,,,,,,0.0,0,24416.0,4883.200000000001,2.0,,24416.0
851.0,2025-08-01,195625,Bhubaneswar,BIKASH MISTRY,THRIVENI EARTHMOVERS PVT LTD,0ACG-000262 ,ZX650H,,27868.0,2025-08-21 00:00:00,2025-08-23 00:00:00,1685072,EMERGENCY,4201993,O-RING;PILOT VALVE,8.0,123,984.0,0.2,787.2,0.18,141.696,928.8960000000001,,8,1013286440,2026-03-25 00:00:00,0.0,0.0,0.0,0.0,0.0,0.0,0.0,0.0,0.0,0.0,0.0,26422.55,,,,,,,26422.55,1,0.0,196.79999999999995,2.0,214.0,0.0
852.0,2025-08-01,195625,Bhubaneswar,BIKASH MISTRY,THRIVENI EARTHMOVERS PVT LTD,0ACG-000262 ,ZX650H,,27868.0,2025-08-21 00:00:00,2025-08-23 00:00:00,1685077,MAINTENANCE,YA00058283,ENGINE OIL FILTER,2.0,2720,5440.0,0.2,4352.0,0.18,783.36,5135.36,,2,1013276831,2025-09-06 00:00:00,0.0,0.0,0.0,0.0,0.0,4080.0,0.0,0.0,0.0,0.0,0.0,0.0,,,,,,,4080.0,1,1360.0,1088.0,2.0,14.0,0.0
853.0,2025-08-01,195625,Bhubaneswar,BIKASH MISTRY,THRIVENI EARTHMOVERS PVT LTD,0ACG-000262 ,ZX650H,,27868.0,2025-08-21 00:00:00,2025-08-23 00:00:00,1685077,MAINTENANCE,4078360,PRIMARY FUEL FILTER,1.0,1352,1352.0,0.2,1081.6,0.18,194.688,1276.288,,1,1013276696,2025-09-02 00:00:00,0.0,0.0,0.0,0.0,0.0,1014.0,0.0,0.0,0.0,0.0,0.0,0.0,,,,,,,1014.0,1,338.0,270.4000000000001,2.0,10.0,0.0
854.0,2025-08-01,195625,Bhubaneswar,BIKASH MISTRY,THRIVENI EARTHMOVERS PVT LTD,0ACG-000262 ,ZX650H,,27868.0,2025-08-21 00:00:00,2025-08-23 00:00:00,1685077,MAINTENANCE,4616864,FUEL FILTER,1.0,2351,2351.0,0.2,1880.8,0.18,338.544,2219.344,,1,1013277473,2025-09-23 00:00:00,0.0,0.0,0.0,0.0,0.0,1763.25,0.0,0.0,0.0,0.0,0.0,0.0,,,,,,,1763.25,1,587.75,470.20000000000005,2.0,31.0,0.0
855.0,2025-08-01,195625,Bhubaneswar,BIKASH MISTRY,THRIVENI EARTHMOVERS PVT LTD,0ACG-000262 ,ZX650H,,27868.0,2025-08-21 00:00:00,2025-08-23 00:00:00,1685077,MAINTENANCE,1209163,AIR FILTER OUTER,1.0,11828,11828.0,0.2,9462.4,0.18,1703.232,11165.632,,1,1013276831,2025-09-06 00:00:00,0.0,0.0,0.0,0.0,0.0,8871.0,0.0,0.0,0.0,0.0,0.0,0.0,,,,,,,8871.0,1,2957.0,2365.6000000000004,2.0,14.0,0.0
856.0,2025-08-01,195625,Bhubaneswar,BIKASH MISTRY,THRIVENI EARTHMOVERS PVT LTD,0ACG-000262 ,ZX650H,,27868.0,2025-08-21 00:00:00,2025-08-23 00:00:00,1685077,MAINTENANCE,1105353,AIR FILTER INNER,1.0,6862,6862.0,0.2,5489.6,0.18,988.128,6477.728,,1,1013277483,2025-09-23 00:00:00,0.0,0.0,0.0,0.0,0.0,5146.5,0.0,0.0,0.0,0.0,0.0,0.0,,,,,,,5146.5,1,1715.5,1372.3999999999996,2.0,31.0,0.0
857.0,2025-08-01,195625,Bhubaneswar,BIKASH MISTRY,THRIVENI EARTHMOVERS PVT LTD,0ACG-000262 ,ZX650H,,27868.0,2025-08-21 00:00:00,2025-08-23 00:00:00,1685102,PLANNING,4612763,AC BELT,1.0,8559,8559.0,0.2,6847.2,0.18,1232.4959999999999,8079.696,,,,,0.0,0.0,0.0,0.0,0.0,0.0,0.0,0.0,0.0,0.0,0.0,0.0,,,,,,,0.0,0,8559.0,1711.8000000000002,2.0,,8559.0
858.0,2025-08-01,1956129,Bhubaneswar,NIRANJAN DAS,THRIVENI EARTHMOVERS PVT LTD,THEJAHL0V00000379,ZX470H,,27868.0,2025-08-23 00:00:00,2025-08-23 00:00:00,1685639,EMERGENCY,4612763,AC BELT,1.0,8559,8559.0,0.2,6847.2,0.18,1232.4959999999999,8079.696,,,,,0.0,0.0,0.0,0.0,0.0,0.0,0.0,0.0,0.0,0.0,0.0,0.0,,,,,,,0.0,0,8559.0,1711.8000000000002,0.0,,8559.0
859.0,2025-08-01,1956129,Bhubaneswar,NIRANJAN DAS,THRIVENI EARTHMOVERS PVT LTD,THEJAHL0V00000379,ZX470H,,27868.0,2025-08-23 00:00:00,2025-08-23 00:00:00,1685640,MAINTENANCE,4654745,HYDRAULIC TANK FILTER,1.0,11801,11801.0,0.2,9440.8,0.18,1699.3439999999998,11140.143999999998,,1,1013279802,2025-11-21 00:00:00,0.0,0.0,0.0,0.0,0.0,0.0,0.0,8850.75,0.0,0.0,0.0,0.0,,,,,,,8850.75,1,2950.25,2360.2000000000007,0.0,90.0,0.0
860.0,2025-08-01,1956129,Bhubaneswar,NIRANJAN DAS,THRIVENI EARTHMOVERS PVT LTD,THEJAHL0V00000379,ZX470H,,27868.0,2025-08-23 00:00:00,2025-08-23 00:00:00,1685640,MAINTENANCE,4630525,PILOT FILTER,1.0,3046,3046.0,0.2,2436.8,0.18,438.624,2875.424,,1,1013277132,2025-09-13 00:00:00,0.0,0.0,0.0,0.0,0.0,2284.5,0.0,0.0,0.0,0.0,0.0,0.0,,,,,,,2284.5,1,761.5,609.1999999999998,0.0,21.0,0.0
861.0,2025-08-01,1956129,Bhubaneswar,NIRANJAN DAS,THRIVENI EARTHMOVERS PVT LTD,THEJAHL0V00000379,ZX470H,,27868.0,2025-08-23 00:00:00,2025-08-23 00:00:00,1685640,MAINTENANCE,4363399,PUMP DRAIN FILTER,1.0,4349,4349.0,0.2,3479.2,0.18,626.256,4105.456,,,,,0.0,0.0,0.0,0.0,0.0,0.0,0.0,0.0,0.0,0.0,0.0,0.0,,,,,,,0.0,0,4349.0,869.8000000000002,0.0,,4349.0
862.0,2025-08-01,1956129,Bhubaneswar,NIRANJAN DAS,THRIVENI EARTHMOVERS PVT LTD,THEJAHL0V00000379,ZX470H,,27868.0,2025-08-23 00:00:00,2025-08-23 00:00:00,1685640,MAINTENANCE,4437838,AIR BREATHER FILTER,1.0,1695,1695.0,0.2,1356.0,0.18,244.07999999999998,1600.08,,1,1013279445,2025-11-14 00:00:00,0.0,0.0,0.0,0.0,0.0,0.0,0.0,1271.25,0.0,0.0,0.0,0.0,,,,,,,1271.25,1,423.75,339.0,0.0,83.0,0.0
863.0,2025-08-01,1956129,Bhubaneswar,NIRANJAN DAS,THRIVENI EARTHMOVERS PVT LTD,THEJAHL0V00000379,ZX470H,,27868.0,2025-08-23 00:00:00,2025-08-23 00:00:00,1685640,MAINTENANCE,YA00058283,ENGINE OIL FILTER,2.0,2720,5440.0,0.2,4352.0,0.18,783.36,5135.36,,2,1013276831,2025-09-06 00:00:00,0.0,0.0,0.0,0.0,0.0,4080.0,0.0,0.0,0.0,0.0,0.0,0.0,,,,,,,4080.0,1,1360.0,1088.0,0.0,14.0,0.0
864.0,2025-08-01,1956129,Bhubaneswar,NIRANJAN DAS,THRIVENI EARTHMOVERS PVT LTD,THEJAHL0V00000379,ZX470H,,27868.0,2025-08-23 00:00:00,2025-08-23 00:00:00,1685640,MAINTENANCE,4078360,PRIMARY FUEL FILTER,2.0,1352,2704.0,0.2,2163.2,0.18,389.376,2552.576,,2,1013276696,2025-09-02 00:00:00,0.0,0.0,0.0,0.0,0.0,2028.0,0.0,0.0,0.0,0.0,0.0,0.0,,,,,,,2028.0,1,676.0,540.8000000000002,0.0,10.0,0.0
865.0,2025-08-01,1956129,Bhubaneswar,NIRANJAN DAS,THRIVENI EARTHMOVERS PVT LTD,THEJAHL0V00000379,ZX470H,,27868.0,2025-08-23 00:00:00,2025-08-23 00:00:00,1685640,MAINTENANCE,4616864,FUEL FILTER,2.0,2351,4702.0,0.2,3761.6,0.18,677.088,4438.688,,2,1013277473,2025-09-23 00:00:00,0.0,0.0,0.0,0.0,0.0,3526.5,0.0,0.0,0.0,0.0,0.0,0.0,,,,,,,3526.5,1,1175.5,940.4000000000001,0.0,31.0,0.0
866.0,2025-08-01,1956129,Bhubaneswar,NIRANJAN DAS,THRIVENI EARTHMOVERS PVT LTD,THEJAHL0V00000379,ZX470H,,27868.0,2025-08-23 00:00:00,2025-08-23 00:00:00,1685640,MAINTENANCE,1209163,AIR FILTER OUTER,1.0,11828,11828.0,0.2,9462.4,0.18,1703.232,11165.632,,1,1013276831,2025-09-06 00:00:00,0.0,0.0,0.0,0.0,0.0,8871.0,0.0,0.0,0.0,0.0,0.0,0.0,,,,,,,8871.0,1,2957.0,2365.6000000000004,0.0,14.0,0.0
867.0,2025-08-01,1956129,Bhubaneswar,NIRANJAN DAS,THRIVENI EARTHMOVERS PVT LTD,THEJAHL0V00000379,ZX470H,,27868.0,2025-08-23 00:00:00,2025-08-23 00:00:00,1685640,MAINTENANCE,1105353,AIR FILTER INNER,1.0,6862,6862.0,0.2,5489.6,0.18,988.128,6477.728,,1,1013277483,2025-09-23 00:00:00,0.0,0.0,0.0,0.0,0.0,5146.5,0.0,0.0,0.0,0.0,0.0,0.0,,,,,,,5146.5,1,1715.5,1372.3999999999996,0.0,31.0,0.0
868.0,2025-08-01,1956129,Bhubaneswar,NIRANJAN DAS,THRIVENI EARTHMOVERS PVT LTD,THEJAHL0V00000379,ZX470H,,27868.0,2025-08-23 00:00:00,2025-08-23 00:00:00,1685681,PLANNING,113671-4730,FAN BELT,1.0,14327,14327.0,0.2,11461.6,0.18,2063.088,13524.688,,,,,0.0,0.0,0.0,0.0,0.0,0.0,0.0,0.0,0.0,0.0,0.0,0.0,,,,,,,0.0,0,14327.0,2865.3999999999996,0.0,,14327.0
869.0,2025-08-01,1956259,Bhubaneswar,NIRANJAN DAS,RANA ENGINEERING,THEJAHL0V00000279 ,ZX470H,,1007584.0,2025-08-26 00:00:00,2025-08-27 00:00:00,1688860,EMERGENCY,111742-0831,"HOSE; RUBBER,AIR",1.0,6358,6358.0,0.0,6358.0,0.18,1144.44,7502.4400000000005,,,,,0.0,0.0,0.0,0.0,0.0,0.0,0.0,0.0,0.0,0.0,0.0,0.0,,,,,,,0.0,0,6358.0,0.0,1.0,,6358.0
870.0,2025-08-01,1956259,Bhubaneswar,NIRANJAN DAS,RANA ENGINEERING,THEJAHL0V00000279 ,ZX470H,,1007584.0,2025-08-26 00:00:00,2025-08-27 00:00:00,1688860,EMERGENCY,4422691,SEAL OIL,1.0,35122,35122.0,0.0,35122.0,0.18,6321.96,41443.96,,1,1013276416,2025-08-26 00:00:00,0.0,0.0,0.0,0.0,35122.0,0.0,0.0,0.0,0.0,0.0,0.0,0.0,,,,,,,35122.0,1,0.0,0.0,1.0,,0.0
871.0,2025-08-01,1956259,Bhubaneswar,NIRANJAN DAS,RANA ENGINEERING,THEJAHL0V00000279 ,ZX470H,,1007584.0,2025-08-26 00:00:00,2025-08-27 00:00:00,1688912,MAINTENANCE,YA00058283,ENGINE OIL FILTER,2.0,2720,5440.0,0.0,5440.0,0.18,979.1999999999999,6419.2,,2,1013276465,2025-08-28 00:00:00,0.0,0.0,0.0,0.0,5168.0,0.0,0.0,0.0,0.0,0.0,0.0,0.0,,,,,,,5168.0,1,272.0,0.0,1.0,1.0,0.0
872.0,2025-08-01,1956259,Bhubaneswar,NIRANJAN DAS,RANA ENGINEERING,THEJAHL0V00000279 ,ZX470H,,1007584.0,2025-08-26 00:00:00,2025-08-27 00:00:00,1688912,MAINTENANCE,4078360,PRIMARY FUEL FILTER,1.0,1352,1352.0,0.0,1352.0,0.18,243.35999999999999,1595.36,,1,1013276465,2025-08-28 00:00:00,0.0,0.0,0.0,0.0,1284.4,0.0,0.0,0.0,0.0,0.0,0.0,0.0,,,,,,,1284.4,1,67.59999999999991,0.0,1.0,1.0,0.0
873.0,2025-08-01,1956259,Bhubaneswar,NIRANJAN DAS,RANA ENGINEERING,THEJAHL0V00000279 ,ZX470H,,1007584.0,2025-08-26 00:00:00,2025-08-27 00:00:00,1688912,MAINTENANCE,4616864,FUEL FILTER,1.0,2351,2351.0,0.0,2351.0,0.18,423.18,2774.18,,1,1013276465,2025-08-28 00:00:00,0.0,0.0,0.0,0.0,2233.45,0.0,0.0,0.0,0.0,0.0,0.0,0.0,,,,,,,2233.45,1,117.55000000000018,0.0,1.0,1.0,0.0
874.0,2025-08-01,1956259,Bhubaneswar,NIRANJAN DAS,RANA ENGINEERING,THEJAHL0V00000279 ,ZX470H,,1007584.0,2025-08-26 00:00:00,2025-08-27 00:00:00,1688913,PLANNING,113671-4730,FAN BELT,1.0,14327,14327.0,0.0,14327.0,0.18,2578.86,16905.86,,,,,0.0,0.0,0.0,0.0,0.0,0.0,0.0,0.0,0.0,0.0,0.0,0.0,,,,,,,0.0,0,14327.0,0.0,1.0,,14327.0
875.0,2025-09-01,1956253,Bhubaneswar,NIRANJAN DAS,THRIVENI EARTHMOVERS PVT LTD,THEJAHL0J00000492,ZX470H,,27868.0,2025-09-11 00:00:00,2025-09-12 00:00:00,1708310 ,EMERGENCY,113671-4730,FAN BELT,1.0,14327,14327.0,0.2,11461.6,0.18,2063.088,13524.688,,,,,0.0,0.0,0.0,0.0,0.0,0.0,0.0,0.0,0.0,0.0,0.0,0.0,,,,,,,0.0,0,14327.0,2865.3999999999996,1.0,,14327.0
876.0,2025-09-01,1956253,Bhubaneswar,NIRANJAN DAS,THRIVENI EARTHMOVERS PVT LTD,THEJAHL0J00000492,ZX470H,,27868.0,2025-09-11 00:00:00,2025-09-12 00:00:00,1708351 ,MAINTENANCE,4654745,HYDRAULIC TANK FILTER,1.0,11801,11801.0,0.2,9440.8,0.18,1699.3439999999998,11140.143999999998,,1,1013279802,2025-11-21 00:00:00,0.0,0.0,0.0,0.0,0.0,0.0,0.0,8850.75,0.0,0.0,0.0,0.0,,,,,,,8850.75,1,2950.25,2360.2000000000007,1.0,70.0,0.0
877.0,2025-09-01,1956253,Bhubaneswar,NIRANJAN DAS,THRIVENI EARTHMOVERS PVT LTD,THEJAHL0J00000492,ZX470H,,27868.0,2025-09-11 00:00:00,2025-09-12 00:00:00,1708351 ,MAINTENANCE,4630525,PILOT FILTER,1.0,3046,3046.0,0.2,2436.8,0.18,438.624,2875.424,,1,1013277132,2025-09-13 00:00:00,0.0,0.0,0.0,0.0,0.0,2284.5,0.0,0.0,0.0,0.0,0.0,0.0,,,,,,,2284.5,1,761.5,609.1999999999998,1.0,1.0,0.0
878.0,2025-09-01,1956253,Bhubaneswar,NIRANJAN DAS,THRIVENI EARTHMOVERS PVT LTD,THEJAHL0J00000492,ZX470H,,27868.0,2025-09-11 00:00:00,2025-09-12 00:00:00,1708351 ,MAINTENANCE,4363399,PUMP DRAIN FILTER,1.0,4349,4349.0,0.2,3479.2,0.18,626.256,4105.456,,,,,0.0,0.0,0.0,0.0,0.0,0.0,0.0,0.0,0.0,0.0,0.0,0.0,,,,,,,0.0,0,4349.0,869.8000000000002,1.0,,4349.0
879.0,2025-09-01,1956253,Bhubaneswar,NIRANJAN DAS,THRIVENI EARTHMOVERS PVT LTD,THEJAHL0J00000492,ZX470H,,27868.0,2025-09-11 00:00:00,2025-09-12 00:00:00,1708351 ,MAINTENANCE,4437838,AIR BREATHER FILTER,1.0,1695,1695.0,0.2,1356.0,0.18,244.07999999999998,1600.08,,1,1013279445,2025-11-14 00:00:00,0.0,0.0,0.0,0.0,0.0,0.0,0.0,1271.25,0.0,0.0,0.0,0.0,,,,,,,1271.25,1,423.75,339.0,1.0,63.0,0.0
880.0,2025-09-01,1956253,Bhubaneswar,NIRANJAN DAS,THRIVENI EARTHMOVERS PVT LTD,THEJAHL0J00000492,ZX470H,,27868.0,2025-09-11 00:00:00,2025-09-12 00:00:00,1708351 ,MAINTENANCE,YA00058283,ENGINE OIL FILTER,2.0,2720,5440.0,0.2,4352.0,0.18,783.36,5135.36,,2,1013276831,2025-09-06 00:00:00,0.0,0.0,0.0,0.0,0.0,4080.0,0.0,0.0,0.0,0.0,0.0,0.0,,,,,,,4080.0,1,1360.0,1088.0,1.0,,0.0
881.0,2025-09-01,1956253,Bhubaneswar,NIRANJAN DAS,THRIVENI EARTHMOVERS PVT LTD,THEJAHL0J00000492,ZX470H,,27868.0,2025-09-11 00:00:00,2025-09-12 00:00:00,1708351 ,MAINTENANCE,4078360,PRIMARY FUEL FILTER,2.0,1352,2704.0,0.2,2163.2,0.18,389.376,2552.576,,2,1013276696,2025-09-02 00:00:00,0.0,0.0,0.0,0.0,0.0,2028.0,0.0,0.0,0.0,0.0,0.0,0.0,,,,,,,2028.0,1,676.0,540.8000000000002,1.0,,0.0
882.0,2025-09-01,1956253,Bhubaneswar,NIRANJAN DAS,THRIVENI EARTHMOVERS PVT LTD,THEJAHL0J00000492,ZX470H,,27868.0,2025-09-11 00:00:00,2025-09-12 00:00:00,1708351 ,MAINTENANCE,4616864,FUEL FILTER,2.0,2351,4702.0,0.2,3761.6,0.18,677.088,4438.688,,2,1013277473,2025-09-23 00:00:00,0.0,0.0,0.0,0.0,0.0,3526.5,0.0,0.0,0.0,0.0,0.0,0.0,,,,,,,3526.5,1,1175.5,940.4000000000001,1.0,11.0,0.0
883.0,2025-09-01,1956253,Bhubaneswar,NIRANJAN DAS,THRIVENI EARTHMOVERS PVT LTD,THEJAHL0J00000492,ZX470H,,27868.0,2025-09-11 00:00:00,2025-09-12 00:00:00,1708351 ,MAINTENANCE,1209163,AIR FILTER OUTER,1.0,11828,11828.0,0.2,9462.4,0.18,1703.232,11165.632,,1,1013277483,2025-09-23 00:00:00,0.0,0.0,0.0,0.0,0.0,8871.0,0.0,0.0,0.0,0.0,0.0,0.0,,,,,,,8871.0,1,2957.0,2365.6000000000004,1.0,11.0,0.0
884.0,2025-09-01,1956253,Bhubaneswar,NIRANJAN DAS,THRIVENI EARTHMOVERS PVT LTD,THEJAHL0J00000492,ZX470H,,27868.0,2025-09-11 00:00:00,2025-09-12 00:00:00,1708351 ,MAINTENANCE,1105353,AIR FILTER INNER,1.0,6862,6862.0,0.2,5489.6,0.18,988.128,6477.728,,,,,0.0,0.0,0.0,0.0,0.0,0.0,0.0,0.0,0.0,0.0,0.0,0.0,,,,,,,0.0,0,6862.0,1372.3999999999996,1.0,,6862.0
885.0,2025-09-01,1956253,Bhubaneswar,NIRANJAN DAS,THRIVENI EARTHMOVERS PVT LTD,THEJAHL0J00000492,ZX470H,,27868.0,2025-09-11 00:00:00,2025-09-12 00:00:00,1708352 ,PLANNING,4612763,AC BELT,1.0,8559,8559.0,0.2,6847.2,0.18,1232.4959999999999,8079.696,,,,,0.0,0.0,0.0,0.0,0.0,0.0,0.0,0.0,0.0,0.0,0.0,0.0,,,,,,,0.0,0,8559.0,1711.8000000000002,1.0,,8559.0
886.0,2025-09-01,1999957,Bhubaneswar,ROSHAN KUMAR,KJS PELLETS & POWER PVT LTD,HCMJBE92A00050827,ZX870H,,1108453.0,2025-09-10 00:00:00,2025-09-23 00:00:00,1719603,EMERGENCY,171809,O-RING;CAP,18.0,1619,29142.0,0.2,23313.6,0.18,4196.447999999999,27510.048,,4,1013276918,2025-09-08 00:00:00,0.0,0.0,0.0,0.0,0.0,5158.4,0.0,0.0,0.0,0.0,0.0,0.0,,,,,,,5158.4,1,23983.6,5828.4000000000015,13.0,,0.0
887.0,2025-09-01,1999957,Bhubaneswar,ROSHAN KUMAR,KJS PELLETS & POWER PVT LTD,HCMJBE92A00050827,ZX870H,,1108453.0,2025-09-10 00:00:00,2025-09-23 00:00:00,1719608,MAINTENANCE,YA00058283,ENGINE OIL FILTER,2.0,2720,5440.0,0.2,4352.0,0.18,783.36,5135.36,,2,1013276922,2025-09-08 00:00:00,0.0,0.0,0.0,0.0,0.0,4352.0,0.0,0.0,0.0,0.0,0.0,0.0,,,,,,,4352.0,1,1088.0,1088.0,13.0,,0.0
888.0,2025-09-01,1999957,Bhubaneswar,ROSHAN KUMAR,KJS PELLETS & POWER PVT LTD,HCMJBE92A00050827,ZX870H,,1108453.0,2025-09-10 00:00:00,2025-09-23 00:00:00,1719608,MAINTENANCE,4078360,PRIMARY FUEL FILTER,2.0,1352,2704.0,0.2,2163.2,0.18,389.376,2552.576,,2,1013276922,2025-09-08 00:00:00,0.0,0.0,0.0,0.0,0.0,2163.2,0.0,0.0,0.0,0.0,0.0,0.0,,,,,,,2163.2,1,540.8000000000002,540.8000000000002,13.0,,0.0
889.0,2025-09-01,1999957,Bhubaneswar,ROSHAN KUMAR,KJS PELLETS & POWER PVT LTD,HCMJBE92A00050827,ZX870H,,1108453.0,2025-09-10 00:00:00,2025-09-23 00:00:00,1719608,MAINTENANCE,4616864,FUEL FILTER,1.0,2351,2351.0,0.2,1880.8,0.18,338.544,2219.344,,1,1013276922,2025-09-08 00:00:00,0.0,0.0,0.0,0.0,0.0,1880.8,0.0,0.0,0.0,0.0,0.0,0.0,,,,,,,1880.8,1,470.20000000000005,470.20000000000005,13.0,,0.0
890.0,2025-09-01,1999957,Bhubaneswar,ROSHAN KUMAR,KJS PELLETS & POWER PVT LTD,HCMJBE92A00050827,ZX870H,,1108453.0,2025-09-10 00:00:00,2025-09-23 00:00:00,1719608,MAINTENANCE,1199364,AIR FILTER OUTER,1.0,22243,22243.0,0.2,17794.4,0.18,3202.992,20997.392,,1,1013279542,2025-11-17 00:00:00,0.0,0.0,0.0,0.0,0.0,0.0,0.0,16682.25,0.0,0.0,0.0,0.0,,,,,,,16682.25,1,5560.75,4448.5999999999985,13.0,55.0,0.0
891.0,2025-09-01,1999957,Bhubaneswar,ROSHAN KUMAR,KJS PELLETS & POWER PVT LTD,HCMJBE92A00050827,ZX870H,,1108453.0,2025-09-10 00:00:00,2025-09-23 00:00:00,1719608,MAINTENANCE,1168261,AIR FILTER INNER,1.0,18873,18873.0,0.2,15098.4,0.18,2717.712,17816.112,,1,1013279542,2025-11-17 00:00:00,0.0,0.0,0.0,0.0,0.0,0.0,0.0,14154.75,0.0,0.0,0.0,0.0,,,,,,,14154.75,1,4718.25,3774.6000000000004,13.0,55.0,0.0
892.0,2025-09-01,1999957,Bhubaneswar,ROSHAN KUMAR,KJS PELLETS & POWER PVT LTD,HCMJBE92A00050827,ZX870H,,1108453.0,2025-09-10 00:00:00,2025-09-23 00:00:00,1719661,PLANNING,4612763,AC BELT,1.0,8559,8559.0,0.2,6847.2,0.18,1232.4959999999999,8079.696,,,,,0.0,0.0,0.0,0.0,0.0,0.0,0.0,0.0,0.0,0.0,0.0,0.0,,,,,,,0.0,0,8559.0,1711.8000000000002,13.0,,8559.0
893.0,2025-09-01,1999958,Bhubaneswar,NIRANJAN DAS,KJS PELLETS & POWER PVT LTD,THEJAHL0T00000438,ZX470H,,1108453.0,2025-09-10 00:00:00,18-09-925,1714285 ,EMERGENCY,113671-4730,FAN BELT,1.0,14327,14327.0,0.2,11461.6,0.18,2063.088,13524.688,,,,,0.0,0.0,0.0,0.0,0.0,0.0,0.0,0.0,0.0,0.0,0.0,0.0,,,,,,,0.0,0,14327.0,2865.3999999999996,,,14327.0
894.0,2025-09-01,1999958,Bhubaneswar,NIRANJAN DAS,KJS PELLETS & POWER PVT LTD,THEJAHL0T00000438,ZX470H,,1108453.0,2025-09-10 00:00:00,18-09-925,1714288 ,MAINTENANCE,4654745,HYDRAULIC TANK FILTER,1.0,11801,11801.0,0.2,9440.8,0.18,1699.3439999999998,11140.143999999998,,1,1013279542,2025-11-17 00:00:00,0.0,0.0,0.0,0.0,0.0,0.0,0.0,8850.75,0.0,0.0,0.0,0.0,,,,,,,8850.75,1,2950.25,2360.2000000000007,,,0.0
895.0,2025-09-01,1999958,Bhubaneswar,NIRANJAN DAS,KJS PELLETS & POWER PVT LTD,THEJAHL0T00000438,ZX470H,,1108453.0,2025-09-10 00:00:00,18-09-925,1714288 ,MAINTENANCE,4630525,PILOT FILTER,1.0,3046,3046.0,0.2,2436.8,0.18,438.624,2875.424,,1,1013282792,2026-01-16 00:00:00,0.0,0.0,0.0,0.0,0.0,0.0,0.0,0.0,0.0,2284.5,0.0,0.0,,,,,,,2284.5,1,761.5,609.1999999999998,,,0.0
896.0,2025-09-01,1999958,Bhubaneswar,NIRANJAN DAS,KJS PELLETS & POWER PVT LTD,THEJAHL0T00000438,ZX470H,,1108453.0,2025-09-10 00:00:00,18-09-925,1714288 ,MAINTENANCE,4363399,PUMP DRAIN FILTER,1.0,4349,4349.0,0.2,3479.2,0.18,626.256,4105.456,,1,1013276922,2025-09-08 00:00:00,0.0,0.0,0.0,0.0,0.0,3479.2,0.0,0.0,0.0,0.0,0.0,0.0,,,,,,,3479.2,1,869.8000000000002,869.8000000000002,,,0.0
897.0,2025-09-01,1999958,Bhubaneswar,NIRANJAN DAS,KJS PELLETS & POWER PVT LTD,THEJAHL0T00000438,ZX470H,,1108453.0,2025-09-10 00:00:00,18-09-925,1714288 ,MAINTENANCE,4437838,AIR BREATHER FILTER,1.0,1695,1695.0,0.2,1356.0,0.18,244.07999999999998,1600.08,,1,1013280739,2025-12-12 00:00:00,0.0,0.0,0.0,0.0,0.0,0.0,0.0,0.0,1271.25,0.0,0.0,0.0,,,,,,,1271.25,1,423.75,339.0,,,0.0
898.0,2025-09-01,1999958,Bhubaneswar,NIRANJAN DAS,KJS PELLETS & POWER PVT LTD,THEJAHL0T00000438,ZX470H,,1108453.0,2025-09-10 00:00:00,18-09-925,1714288 ,MAINTENANCE,YA00058283,ENGINE OIL FILTER,2.0,2720,5440.0,0.2,4352.0,0.18,783.36,5135.36,,2,1013276922,2025-09-08 00:00:00,0.0,0.0,0.0,0.0,0.0,4352.0,0.0,0.0,0.0,0.0,0.0,0.0,,,,,,,4352.0,1,1088.0,1088.0,,,0.0
899.0,2025-09-01,1999958,Bhubaneswar,NIRANJAN DAS,KJS PELLETS & POWER PVT LTD,THEJAHL0T00000438,ZX470H,,1108453.0,2025-09-10 00:00:00,18-09-925,1714288 ,MAINTENANCE,4078360,PRIMARY FUEL FILTER,2.0,1352,2704.0,0.2,2163.2,0.18,389.376,2552.576,,2,1013276922,2025-09-08 00:00:00,0.0,0.0,0.0,0.0,0.0,2163.2,0.0,0.0,0.0,0.0,0.0,0.0,,,,,,,2163.2,1,540.8000000000002,540.8000000000002,,,0.0
900.0,2025-09-01,1999958,Bhubaneswar,NIRANJAN DAS,KJS PELLETS & POWER PVT LTD,THEJAHL0T00000438,ZX470H,,1108453.0,2025-09-10 00:00:00,18-09-925,1714288 ,MAINTENANCE,4616864,FUEL FILTER,2.0,2351,4702.0,0.2,3761.6,0.18,677.088,4438.688,,2,1013276922,2025-09-08 00:00:00,0.0,0.0,0.0,0.0,0.0,3761.6,0.0,0.0,0.0,0.0,0.0,0.0,,,,,,,3761.6,1,940.4000000000001,940.4000000000001,,,0.0
901.0,2025-09-01,1999958,Bhubaneswar,NIRANJAN DAS,KJS PELLETS & POWER PVT LTD,THEJAHL0T00000438,ZX470H,,1108453.0,2025-09-10 00:00:00,18-09-925,1714288 ,MAINTENANCE,1209163,AIR FILTER OUTER,1.0,11828,11828.0,0.2,9462.4,0.18,1703.232,11165.632,,1,1013276922,2025-09-08 00:00:00,0.0,0.0,0.0,0.0,0.0,9462.4,0.0,0.0,0.0,0.0,0.0,0.0,,,,,,,9462.4,1,2365.6000000000004,2365.6000000000004,,,0.0
902.0,2025-09-01,1999958,Bhubaneswar,NIRANJAN DAS,KJS PELLETS & POWER PVT LTD,THEJAHL0T00000438,ZX470H,,1108453.0,2025-09-10 00:00:00,18-09-925,1714288 ,MAINTENANCE,1105353,AIR FILTER INNER,1.0,6862,6862.0,0.2,5489.6,0.18,988.128,6477.728,,1,1013280080,2025-11-27 00:00:00,0.0,0.0,0.0,0.0,0.0,0.0,0.0,5146.5,0.0,0.0,0.0,0.0,,,,,,,5146.5,1,1715.5,1372.3999999999996,,,0.0
903.0,2025-09-01,1999958,Bhubaneswar,NIRANJAN DAS,KJS PELLETS & POWER PVT LTD,THEJAHL0T00000438,ZX470H,,1108453.0,2025-09-10 00:00:00,18-09-925,1714335 ,PLANNING,4612763,AC BELT,1.0,8559,8559.0,0.2,6847.2,0.18,1232.4959999999999,8079.696,,,,,0.0,0.0,0.0,0.0,0.0,0.0,0.0,0.0,0.0,0.0,0.0,0.0,,,,,,,0.0,0,8559.0,1711.8000000000002,,,8559.0
904.0,2025-09-01,1999959,Bhubaneswar,BIKASH MISTRY,DHILLON CONSTRUCTION PVT LTD,0ACG-001064,ZX650H,,1006467.0,2025-09-09 00:00:00,2025-09-23 00:00:00,1719171,EMERGENCY,682502,O RING ,1.0,1615,1615.0,0.1,1453.5,0.18,261.63,1715.13,,,,,0.0,0.0,0.0,0.0,0.0,0.0,0.0,0.0,0.0,0.0,0.0,0.0,,,,,,,0.0,0,1615.0,161.5,14.0,,1615.0
905.0,2025-09-01,1999959,Bhubaneswar,BIKASH MISTRY,DHILLON CONSTRUCTION PVT LTD,0ACG-001064,ZX650H,,1006467.0,2025-09-09 00:00:00,2025-09-23 00:00:00,1719171,EMERGENCY,4438015,FUSE,5.0,370,1850.0,0.1,1665.0,0.18,299.7,1964.7,,,,,0.0,0.0,0.0,0.0,0.0,0.0,0.0,0.0,0.0,0.0,0.0,0.0,,,,,,,0.0,0,1850.0,185.0,14.0,,1850.0
906.0,2025-09-01,1999959,Bhubaneswar,BIKASH MISTRY,DHILLON CONSTRUCTION PVT LTD,0ACG-001064,ZX650H,,1006467.0,2025-09-09 00:00:00,2025-09-23 00:00:00,1719171,EMERGENCY,443803,O RING,2.0,398,796.0,0.1,716.4,0.18,128.952,845.352,,,,,0.0,0.0,0.0,0.0,0.0,0.0,0.0,0.0,0.0,0.0,0.0,0.0,,,,,,,0.0,0,796.0,79.60000000000002,14.0,,796.0
907.0,2025-09-01,1999959,Bhubaneswar,BIKASH MISTRY,DHILLON CONSTRUCTION PVT LTD,0ACG-001064,ZX650H,,1006467.0,2025-09-09 00:00:00,2025-09-23 00:00:00,1719173,MAINTENANCE,YA00058283,ENGINE OIL FILTER,2.0,2720,5440.0,0.1,4896.0,0.18,881.28,5777.28,,2,1013277401,2025-09-22 00:00:00,0.0,0.0,0.0,0.0,0.0,4168.8,0.0,0.0,0.0,0.0,0.0,0.0,,,,,,,4168.8,1,1271.1999999999998,544.0,14.0,,0.0
908.0,2025-09-01,1999959,Bhubaneswar,BIKASH MISTRY,DHILLON CONSTRUCTION PVT LTD,0ACG-001064,ZX650H,,1006467.0,2025-09-09 00:00:00,2025-09-23 00:00:00,1719173,MAINTENANCE,4078360,PRIMARY FUEL FILTER,1.0,1352,1352.0,0.1,1216.8,0.18,219.02399999999997,1435.8239999999998,,1,1013285248,2026-02-28 00:00:00,0.0,0.0,0.0,0.0,0.0,0.0,0.0,0.0,0.0,0.0,1014.0,0.0,,,,,,,1014.0,1,338.0,135.20000000000005,14.0,158.0,0.0
909.0,2025-09-01,1999959,Bhubaneswar,BIKASH MISTRY,DHILLON CONSTRUCTION PVT LTD,0ACG-001064,ZX650H,,1006467.0,2025-09-09 00:00:00,2025-09-23 00:00:00,1719173,MAINTENANCE,4616864,FUEL FILTER,1.0,2351,2351.0,0.1,2115.9,0.18,380.862,2496.762,,1,1013285248,2026-02-28 00:00:00,0.0,0.0,0.0,0.0,0.0,0.0,0.0,0.0,0.0,0.0,1763.5,0.0,,,,,,,1763.5,1,587.5,235.0999999999999,14.0,158.0,0.0
910.0,2025-09-01,1999959,Bhubaneswar,BIKASH MISTRY,DHILLON CONSTRUCTION PVT LTD,0ACG-001064,ZX650H,,1006467.0,2025-09-09 00:00:00,2025-09-23 00:00:00,1719173,MAINTENANCE,1209163,AIR FILTER OUTER,1.0,11828,11828.0,0.1,10645.2,0.18,1916.136,12561.336000000001,,1,1013285248,2026-02-28 00:00:00,0.0,0.0,0.0,0.0,0.0,0.0,0.0,0.0,0.0,0.0,8871.0,0.0,,,,,,,8871.0,1,2957.0,1182.7999999999993,14.0,158.0,0.0
911.0,2025-09-01,1999959,Bhubaneswar,BIKASH MISTRY,DHILLON CONSTRUCTION PVT LTD,0ACG-001064,ZX650H,,1006467.0,2025-09-09 00:00:00,2025-09-23 00:00:00,1719173,MAINTENANCE,1105353,AIR FILTER INNER,1.0,6862,6862.0,0.1,6175.8,0.18,1111.644,7287.444,,,,,0.0,0.0,0.0,0.0,0.0,0.0,0.0,0.0,0.0,0.0,0.0,0.0,,,,,,,0.0,0,6862.0,686.1999999999998,14.0,,6862.0
912.0,2025-09-01,1999959,Bhubaneswar,BIKASH MISTRY,DHILLON CONSTRUCTION PVT LTD,0ACG-001064,ZX650H,,1006467.0,2025-09-09 00:00:00,2025-09-23 00:00:00,1719176,PLANNING,4474619,BELT,1.0,64523,64523.0,0.1,58070.7,0.18,10452.725999999999,68523.42599999999,,,,,0.0,0.0,0.0,0.0,0.0,0.0,0.0,0.0,0.0,0.0,0.0,0.0,,,,,,,0.0,0,64523.0,6452.300000000003,14.0,,64523.0
913.0,2025-09-01,1999960,Bhubaneswar,BIKASH MISTRY,THRIVENI EARTHMOVERS PVT LTD,0ACG-000257,ZX650H,,27868.0,2025-09-05 00:00:00,2025-09-23 00:00:00,1719179,EMERGENCY,4487582,O RING,2.0,2653,5306.0,0.2,4244.8,0.18,764.064,5008.8640000000005,,,,,0.0,0.0,0.0,0.0,0.0,0.0,0.0,0.0,0.0,0.0,0.0,0.0,,,,,,,0.0,0,5306.0,1061.1999999999998,18.0,,5306.0
914.0,2025-09-01,1999960,Bhubaneswar,BIKASH MISTRY,THRIVENI EARTHMOVERS PVT LTD,0ACG-000257,ZX650H,,27868.0,2025-09-05 00:00:00,2025-09-23 00:00:00,1719213,MAINTENANCE,YA00058283,ENGINE OIL FILTER,2.0,2720,5440.0,0.2,4352.0,0.18,783.36,5135.36,,2,1013276831,2025-09-06 00:00:00,0.0,0.0,0.0,0.0,0.0,4080.0,0.0,0.0,0.0,0.0,0.0,0.0,,,,,,,4080.0,1,1360.0,1088.0,18.0,,0.0
915.0,2025-09-01,1999960,Bhubaneswar,BIKASH MISTRY,THRIVENI EARTHMOVERS PVT LTD,0ACG-000257,ZX650H,,27868.0,2025-09-05 00:00:00,2025-09-23 00:00:00,1719213,MAINTENANCE,4078360,PRIMARY FUEL FILTER,1.0,1352,1352.0,0.2,1081.6,0.18,194.688,1276.288,,1,1013276696,2025-09-02 00:00:00,0.0,0.0,0.0,0.0,0.0,1014.0,0.0,0.0,0.0,0.0,0.0,0.0,,,,,,,1014.0,1,338.0,270.4000000000001,18.0,,0.0
916.0,2025-09-01,1999960,Bhubaneswar,BIKASH MISTRY,THRIVENI EARTHMOVERS PVT LTD,0ACG-000257,ZX650H,,27868.0,2025-09-05 00:00:00,2025-09-23 00:00:00,1719213,MAINTENANCE,4616864,FUEL FILTER,1.0,2351,2351.0,0.2,1880.8,0.18,338.544,2219.344,,1,1013277473,2025-09-23 00:00:00,0.0,0.0,0.0,0.0,0.0,1763.25,0.0,0.0,0.0,0.0,0.0,0.0,,,,,,,1763.25,1,587.75,470.20000000000005,18.0,0.0,0.0
917.0,2025-09-01,1999960,Bhubaneswar,BIKASH MISTRY,THRIVENI EARTHMOVERS PVT LTD,0ACG-000257,ZX650H,,27868.0,2025-09-05 00:00:00,2025-09-23 00:00:00,1719213,MAINTENANCE,1209163,AIR FILTER OUTER,1.0,11828,11828.0,0.2,9462.4,0.18,1703.232,11165.632,,1,1013279802,2025-11-21 00:00:00,0.0,0.0,0.0,0.0,0.0,0.0,0.0,8871.0,0.0,0.0,0.0,0.0,,,,,,,8871.0,1,2957.0,2365.6000000000004,18.0,59.0,0.0
918.0,2025-09-01,1999960,Bhubaneswar,BIKASH MISTRY,THRIVENI EARTHMOVERS PVT LTD,0ACG-000257,ZX650H,,27868.0,2025-09-05 00:00:00,2025-09-23 00:00:00,1719213,MAINTENANCE,1105353,AIR FILTER INNER,1.0,6862,6862.0,0.2,5489.6,0.18,988.128,6477.728,,,,,0.0,0.0,0.0,0.0,0.0,0.0,0.0,0.0,0.0,0.0,0.0,0.0,,,,,,,0.0,0,6862.0,1372.3999999999996,18.0,,6862.0
919.0,2025-09-01,1999960,Bhubaneswar,BIKASH MISTRY,THRIVENI EARTHMOVERS PVT LTD,0ACG-000257,ZX650H,,27868.0,2025-09-05 00:00:00,2025-09-23 00:00:00,1719216,PLANNING,4251753,SEAL DUST,2.0,4831,9662.0,0.2,7729.6,0.18,1391.328,9120.928,,1,1013281277,2025-12-19 00:00:00,0.0,0.0,0.0,0.0,0.0,0.0,0.0,0.0,3864.8,0.0,0.0,0.0,,,,,,,3864.8,1,5797.2,1932.3999999999996,18.0,87.0,0.0
920.0,2025-09-01,2000051,Bhubaneswar,ROSHAN KUMAR,THRIVENI EARTHMOVERS PVT LTD,0ACG-000255,ZX650H,,27868.0,2025-09-08 00:00:00,2025-09-20 00:00:00,1716777,EMERGENCY,171809,O RING,18.0,1619,29142.0,0.2,23313.6,0.18,4196.447999999999,27510.048,,,,,0.0,0.0,0.0,0.0,0.0,0.0,0.0,0.0,0.0,0.0,0.0,0.0,,,,,,,0.0,0,29142.0,5828.4000000000015,12.0,,29142.0
921.0,2025-09-01,2000051,Bhubaneswar,ROSHAN KUMAR,THRIVENI EARTHMOVERS PVT LTD,0ACG-000255,ZX650H,,27868.0,2025-09-08 00:00:00,2025-09-20 00:00:00,1716777,EMERGENCY,9246436,PILOT LEVER SEAL,4.0,3052,12208.0,0.2,9766.4,0.18,1757.9519999999998,11524.351999999999,,4,1013286440,2026-03-25 00:00:00,0.0,0.0,0.0,0.0,0.0,0.0,0.0,0.0,0.0,0.0,0.0,2441.6,,,,,,,2441.6,1,9766.4,2441.6000000000004,12.0,186.0,0.0
922.0,2025-09-01,2000051,Bhubaneswar,ROSHAN KUMAR,THRIVENI EARTHMOVERS PVT LTD,0ACG-000255,ZX650H,,27868.0,2025-09-08 00:00:00,2025-09-20 00:00:00,1716777,EMERGENCY,4201993,O-RING;PILOT VALVE,4.0,123,492.0,0.2,393.6,0.18,70.848,464.44800000000004,,4,1013286440,2026-03-25 00:00:00,0.0,0.0,0.0,0.0,0.0,0.0,0.0,0.0,0.0,0.0,0.0,13211.4,,,,,,,13211.4,1,0.0,98.39999999999998,12.0,186.0,0.0
923.0,2025-09-01,2000051,Bhubaneswar,ROSHAN KUMAR,THRIVENI EARTHMOVERS PVT LTD,0ACG-000255,ZX650H,,27868.0,2025-09-08 00:00:00,2025-09-20 00:00:00,1716781,MAINTENANCE,YA00058283,ENGINE OIL FILTER,2.0,2720,5440.0,0.2,4352.0,0.18,783.36,5135.36,,2,1013276831,2025-09-06 00:00:00,0.0,0.0,0.0,0.0,0.0,4080.0,0.0,0.0,0.0,0.0,0.0,0.0,,,,,,,4080.0,1,1360.0,1088.0,12.0,,0.0
924.0,2025-09-01,2000051,Bhubaneswar,ROSHAN KUMAR,THRIVENI EARTHMOVERS PVT LTD,0ACG-000255,ZX650H,,27868.0,2025-09-08 00:00:00,2025-09-20 00:00:00,1716781,MAINTENANCE,4078360,PRIMARY FUEL FILTER,1.0,1352,1352.0,0.2,1081.6,0.18,194.688,1276.288,,1,1013276696,2025-09-02 00:00:00,0.0,0.0,0.0,0.0,0.0,1014.0,0.0,0.0,0.0,0.0,0.0,0.0,,,,,,,1014.0,1,338.0,270.4000000000001,12.0,,0.0
925.0,2025-09-01,2000051,Bhubaneswar,ROSHAN KUMAR,THRIVENI EARTHMOVERS PVT LTD,0ACG-000255,ZX650H,,27868.0,2025-09-08 00:00:00,2025-09-20 00:00:00,1716781,MAINTENANCE,4616864,FUEL FILTER,1.0,2351,2351.0,0.2,1880.8,0.18,338.544,2219.344,,1,1013277473,2025-09-23 00:00:00,0.0,0.0,0.0,0.0,0.0,1763.25,0.0,0.0,0.0,0.0,0.0,0.0,,,,,,,1763.25,1,587.75,470.20000000000005,12.0,3.0,0.0
926.0,2025-09-01,2000051,Bhubaneswar,ROSHAN KUMAR,THRIVENI EARTHMOVERS PVT LTD,0ACG-000255,ZX650H,,27868.0,2025-09-08 00:00:00,2025-09-20 00:00:00,1716781,MAINTENANCE,1209163,AIR FILTER OUTER,1.0,11828,11828.0,0.2,9462.4,0.18,1703.232,11165.632,,1,1013279802,2025-11-21 00:00:00,0.0,0.0,0.0,0.0,0.0,0.0,0.0,8871.0,0.0,0.0,0.0,0.0,,,,,,,8871.0,1,2957.0,2365.6000000000004,12.0,62.0,0.0
927.0,2025-09-01,2000051,Bhubaneswar,ROSHAN KUMAR,THRIVENI EARTHMOVERS PVT LTD,0ACG-000255,ZX650H,,27868.0,2025-09-08 00:00:00,2025-09-20 00:00:00,1716781,MAINTENANCE,1105353,AIR FILTER INNER,1.0,6862,6862.0,0.2,5489.6,0.18,988.128,6477.728,,,,,0.0,0.0,0.0,0.0,0.0,0.0,0.0,0.0,0.0,0.0,0.0,0.0,,,,,,,0.0,0,6862.0,1372.3999999999996,12.0,,6862.0
928.0,2025-09-01,2000051,Bhubaneswar,ROSHAN KUMAR,THRIVENI EARTHMOVERS PVT LTD,0ACG-000255,ZX650H,,27868.0,2025-09-08 00:00:00,2025-09-20 00:00:00,1716785,PLANNING,4474619,FAN BELT,1.0,64523,64523.0,0.2,51618.4,0.18,9291.312,60909.712,,,,,0.0,0.0,0.0,0.0,0.0,0.0,0.0,0.0,0.0,0.0,0.0,0.0,,,,,,,0.0,0,64523.0,12904.599999999999,12.0,,64523.0
929.0,2025-09-01,2000052,Bhubaneswar,ROSHAN KUMAR,THRIVENI EARTHMOVERS PVT LTD,0ACG-000201,ZX650H,,27868.0,2025-09-06 00:00:00,2025-09-20 00:00:00,1716723,EMERGENCY,4506429,O RING,4.0,164,656.0,0.2,524.8,0.18,94.46399999999998,619.2639999999999,,4,1013280467,2025-12-03 00:00:00,0.0,0.0,0.0,0.0,0.0,0.0,0.0,0.0,524.8,0.0,0.0,0.0,,,,,,,524.8,1,131.20000000000005,131.20000000000005,14.0,74.0,0.0
930.0,2025-09-01,2000052,Bhubaneswar,ROSHAN KUMAR,THRIVENI EARTHMOVERS PVT LTD,0ACG-000201,ZX650H,,27868.0,2025-09-06 00:00:00,2025-09-20 00:00:00,1716723,EMERGENCY,4S00956,SEAL KIT,1.0,73008,73008.0,0.2,58406.4,0.18,10513.152,68919.552,,,,,0.0,0.0,0.0,0.0,0.0,0.0,0.0,0.0,0.0,0.0,0.0,0.0,,,,,,,0.0,0,73008.0,14601.599999999999,14.0,,73008.0
931.0,2025-09-01,2000052,Bhubaneswar,ROSHAN KUMAR,THRIVENI EARTHMOVERS PVT LTD,0ACG-000201,ZX650H,,27868.0,2025-09-06 00:00:00,2025-09-20 00:00:00,1716725,MAINTENANCE,YA00058283,ENGINE OIL FILTER,2.0,2720,5440.0,0.2,4352.0,0.18,783.36,5135.36,,2,1013276831,2025-09-06 00:00:00,0.0,0.0,0.0,0.0,0.0,4080.0,0.0,0.0,0.0,0.0,0.0,0.0,,,,,,,4080.0,1,1360.0,1088.0,14.0,,0.0
932.0,2025-09-01,2000052,Bhubaneswar,ROSHAN KUMAR,THRIVENI EARTHMOVERS PVT LTD,0ACG-000201,ZX650H,,27868.0,2025-09-06 00:00:00,2025-09-20 00:00:00,1716725,MAINTENANCE,4078360,PRIMARY FUEL FILTER,1.0,1352,1352.0,0.2,1081.6,0.18,194.688,1276.288,,1,1013276696,2025-09-02 00:00:00,0.0,0.0,0.0,0.0,0.0,1014.0,0.0,0.0,0.0,0.0,0.0,0.0,,,,,,,1014.0,1,338.0,270.4000000000001,14.0,,0.0
933.0,2025-09-01,2000052,Bhubaneswar,ROSHAN KUMAR,THRIVENI EARTHMOVERS PVT LTD,0ACG-000201,ZX650H,,27868.0,2025-09-06 00:00:00,2025-09-20 00:00:00,1716725,MAINTENANCE,4616864,FUEL FILTER,1.0,2351,2351.0,0.2,1880.8,0.18,338.544,2219.344,,1,1013277473,2025-09-23 00:00:00,0.0,0.0,0.0,0.0,0.0,1763.25,0.0,0.0,0.0,0.0,0.0,0.0,,,,,,,1763.25,1,587.75,470.20000000000005,14.0,3.0,0.0
934.0,2025-09-01,2000052,Bhubaneswar,ROSHAN KUMAR,THRIVENI EARTHMOVERS PVT LTD,0ACG-000201,ZX650H,,27868.0,2025-09-06 00:00:00,2025-09-20 00:00:00,1716725,MAINTENANCE,1209163,AIR FILTER OUTER,1.0,11828,11828.0,0.2,9462.4,0.18,1703.232,11165.632,,1,1013279802,2025-11-21 00:00:00,0.0,0.0,0.0,0.0,0.0,0.0,0.0,8871.0,0.0,0.0,0.0,0.0,,,,,,,8871.0,1,2957.0,2365.6000000000004,14.0,62.0,0.0
935.0,2025-09-01,2000052,Bhubaneswar,ROSHAN KUMAR,THRIVENI EARTHMOVERS PVT LTD,0ACG-000201,ZX650H,,27868.0,2025-09-06 00:00:00,2025-09-20 00:00:00,1716725,MAINTENANCE,1105353,AIR FILTER INNER,1.0,6862,6862.0,0.2,5489.6,0.18,988.128,6477.728,,,,,0.0,0.0,0.0,0.0,0.0,0.0,0.0,0.0,0.0,0.0,0.0,0.0,,,,,,,0.0,0,6862.0,1372.3999999999996,14.0,,6862.0
936.0,2025-09-01,2000052,Bhubaneswar,ROSHAN KUMAR,THRIVENI EARTHMOVERS PVT LTD,0ACG-000201,ZX650H,,27868.0,2025-09-06 00:00:00,2025-09-20 00:00:00,1716726,PLANNING,4474619,FAN BELT,1.0,64523,64523.0,0.2,51618.4,0.18,9291.312,60909.712,,,,,0.0,0.0,0.0,0.0,0.0,0.0,0.0,0.0,0.0,0.0,0.0,0.0,,,,,,,0.0,0,64523.0,12904.599999999999,14.0,,64523.0
937.0,2025-09-01,2000053,Bhubaneswar,ROSHAN KUMAR,THRIVENI EARTHMOVERS PVT LTD,0ACG-000256,ZX650H,,27868.0,2025-09-05 00:00:00,2025-09-20 00:00:00,1716542,EMERGENCY,4444902,SENSOR;ANGLE,1.0,54386,54386.0,0.2,43508.8,0.18,7831.584,51340.384000000005,,,,,0.0,0.0,0.0,0.0,0.0,0.0,0.0,0.0,0.0,0.0,0.0,0.0,,,,,,,0.0,0,54386.0,10877.199999999997,15.0,,54386.0
938.0,2025-09-01,2000053,Bhubaneswar,ROSHAN KUMAR,THRIVENI EARTHMOVERS PVT LTD,0ACG-000256,ZX650H,,27868.0,2025-09-05 00:00:00,2025-09-20 00:00:00,1716549,MAINTENANCE,YA00058283,ENGINE OIL FILTER,2.0,2720,5440.0,0.2,4352.0,0.18,783.36,5135.36,,2,1013276831,2025-09-06 00:00:00,0.0,0.0,0.0,0.0,0.0,4080.0,0.0,0.0,0.0,0.0,0.0,0.0,,,,,,,4080.0,1,1360.0,1088.0,15.0,,0.0
939.0,2025-09-01,2000053,Bhubaneswar,ROSHAN KUMAR,THRIVENI EARTHMOVERS PVT LTD,0ACG-000256,ZX650H,,27868.0,2025-09-05 00:00:00,2025-09-20 00:00:00,1716549,MAINTENANCE,4078360,PRIMARY FUEL FILTER,1.0,1352,1352.0,0.2,1081.6,0.18,194.688,1276.288,,1,1013276696,2025-09-02 00:00:00,0.0,0.0,0.0,0.0,0.0,1014.0,0.0,0.0,0.0,0.0,0.0,0.0,,,,,,,1014.0,1,338.0,270.4000000000001,15.0,,0.0
940.0,2025-09-01,2000053,Bhubaneswar,ROSHAN KUMAR,THRIVENI EARTHMOVERS PVT LTD,0ACG-000256,ZX650H,,27868.0,2025-09-05 00:00:00,2025-09-20 00:00:00,1716549,MAINTENANCE,4616864,FUEL FILTER,1.0,2351,2351.0,0.2,1880.8,0.18,338.544,2219.344,,1,1013277473,2025-09-23 00:00:00,0.0,0.0,0.0,0.0,0.0,1763.25,0.0,0.0,0.0,0.0,0.0,0.0,,,,,,,1763.25,1,587.75,470.20000000000005,15.0,3.0,0.0
941.0,2025-09-01,2000053,Bhubaneswar,ROSHAN KUMAR,THRIVENI EARTHMOVERS PVT LTD,0ACG-000256,ZX650H,,27868.0,2025-09-05 00:00:00,2025-09-20 00:00:00,1716549,MAINTENANCE,1209163,AIR FILTER OUTER,1.0,11828,11828.0,0.2,9462.4,0.18,1703.232,11165.632,,1,1013277483,2025-09-23 00:00:00,0.0,0.0,0.0,0.0,0.0,8871.0,0.0,0.0,0.0,0.0,0.0,0.0,,,,,,,8871.0,1,2957.0,2365.6000000000004,15.0,3.0,0.0
942.0,2025-09-01,2000053,Bhubaneswar,ROSHAN KUMAR,THRIVENI EARTHMOVERS PVT LTD,0ACG-000256,ZX650H,,27868.0,2025-09-05 00:00:00,2025-09-20 00:00:00,1716549,MAINTENANCE,1105353,AIR FILTER INNER,1.0,6862,6862.0,0.2,5489.6,0.18,988.128,6477.728,,,,,0.0,0.0,0.0,0.0,0.0,0.0,0.0,0.0,0.0,0.0,0.0,0.0,,,,,,,0.0,0,6862.0,1372.3999999999996,15.0,,6862.0
943.0,2025-09-01,2000053,Bhubaneswar,ROSHAN KUMAR,THRIVENI EARTHMOVERS PVT LTD,0ACG-000256,ZX650H,,27868.0,2025-09-05 00:00:00,2025-09-20 00:00:00,1716585,PLANNING,4474619,FAN BELT,1.0,64523,64523.0,0.2,51618.4,0.18,9291.312,60909.712,,,,,0.0,0.0,0.0,0.0,0.0,0.0,0.0,0.0,0.0,0.0,0.0,0.0,,,,,,,0.0,0,64523.0,12904.599999999999,15.0,,64523.0
944.0,2025-09-01,2000054,Bhubaneswar,NIRANJAN DAS,STEEL AUTHORITY OF INDIA,90C5- 1519,KCM LOADER,,1009864.0,2025-09-23 00:00:00,2025-09-26 00:00:00,1724100,EMERGENCY,49327-60690,SEAL KIT,1.0,24807,24807.0,0.0,24807.0,0.18,4465.26,29272.260000000002,,,,,0.0,0.0,0.0,0.0,0.0,0.0,0.0,0.0,0.0,0.0,0.0,0.0,,,,,,,0.0,0,24807.0,0.0,3.0,,24807.0
945.0,2025-09-01,2000054,Bhubaneswar,NIRANJAN DAS,STEEL AUTHORITY OF INDIA,90C5- 1519,KCM LOADER,,1009864.0,2025-09-23 00:00:00,2025-09-26 00:00:00,1724100,EMERGENCY,67041-75065,"HOSE,HEAT",1.0,31031,31031.0,0.0,31031.0,0.18,5585.58,36616.58,,,,,0.0,0.0,0.0,0.0,0.0,0.0,0.0,0.0,0.0,0.0,0.0,0.0,,,,,,,0.0,0,31031.0,0.0,3.0,,31031.0
946.0,2025-09-01,2000054,Bhubaneswar,NIRANJAN DAS,STEEL AUTHORITY OF INDIA,90C5- 1519,KCM LOADER,,1009864.0,2025-09-23 00:00:00,2025-09-26 00:00:00,1724242,MAINTENANCE,30981-70660,AIR FILTER(INNER),1.0,16230,16230.0,0.0,16230.0,0.18,2921.4,19151.4,,,,,0.0,0.0,0.0,0.0,0.0,0.0,0.0,0.0,0.0,0.0,0.0,0.0,,,,,,,0.0,0,16230.0,0.0,3.0,,16230.0
947.0,2025-09-01,2000054,Bhubaneswar,NIRANJAN DAS,STEEL AUTHORITY OF INDIA,90C5- 1519,KCM LOADER,,1009864.0,2025-09-23 00:00:00,2025-09-26 00:00:00,1724242,MAINTENANCE,30981-60140,AIR FILTER(OUTER),1.0,39063,39063.0,0.0,39063.0,0.18,7031.34,46094.34,,,,,0.0,0.0,0.0,0.0,0.0,0.0,0.0,0.0,0.0,0.0,0.0,0.0,,,,,,,0.0,0,39063.0,0.0,3.0,,39063.0
948.0,2025-09-01,2000054,Bhubaneswar,NIRANJAN DAS,STEEL AUTHORITY OF INDIA,90C5- 1519,KCM LOADER,,1009864.0,2025-09-23 00:00:00,2025-09-26 00:00:00,1724242,MAINTENANCE,40330-60400,FILTER,1.0,9631,9631.0,0.0,9631.0,0.18,1733.58,11364.58,,,,,0.0,0.0,0.0,0.0,0.0,0.0,0.0,0.0,0.0,0.0,0.0,0.0,,,,,,,0.0,0,9631.0,0.0,3.0,,9631.0
949.0,2025-09-01,2000054,Bhubaneswar,NIRANJAN DAS,STEEL AUTHORITY OF INDIA,90C5- 1519,KCM LOADER,,1009864.0,2025-09-23 00:00:00,2025-09-26 00:00:00,1724242,MAINTENANCE,30981-70330,"ELEMENT,FILTER",1.0,6945,6945.0,0.0,6945.0,0.18,1250.1,8195.1,,,,,0.0,0.0,0.0,0.0,0.0,0.0,0.0,0.0,0.0,0.0,0.0,0.0,,,,,,,0.0,0,6945.0,0.0,3.0,,6945.0
950.0,2025-09-01,2000054,Bhubaneswar,NIRANJAN DAS,STEEL AUTHORITY OF INDIA,90C5- 1519,KCM LOADER,,1009864.0,2025-09-23 00:00:00,2025-09-26 00:00:00,1724242,MAINTENANCE,3111570040,ELEMENT; FILTER,1.0,17715,17715.0,0.0,17715.0,0.18,3188.7,20903.7,,1,1013277700,2025-09-29 00:00:00,0.0,0.0,0.0,0.0,0.0,15636.0,0.0,0.0,0.0,0.0,0.0,0.0,,,,,,,15636.0,1,2079.0,0.0,3.0,3.0,0.0
951.0,2025-09-01,2000054,Bhubaneswar,NIRANJAN DAS,STEEL AUTHORITY OF INDIA,90C5- 1519,KCM LOADER,,1009864.0,2025-09-23 00:00:00,2025-09-26 00:00:00,1724295,PLANNING,49327-91030,SEAL KIT,1.0,54846,54846.0,0.0,54846.0,0.18,9872.279999999999,64718.28,,,,,0.0,0.0,0.0,0.0,0.0,0.0,0.0,0.0,0.0,0.0,0.0,0.0,,,,,,,0.0,0,54846.0,0.0,3.0,,54846.0
952.0,2025-09-01,2000055,Bhubaneswar,BIKASH MISTRY,THRIVENI EARTHMOVERS PVT LTD,THEJAHL0V00000494,ZX470H,,27868.0,2025-09-12 00:00:00,2025-09-23 00:00:00,1719218,EMERGENCY,XB00000992,DOOR LOCK,1.0,11462,11462.0,0.2,9169.6,0.18,1650.528,10820.128,,1,1013278597,2025-10-25 00:00:00,0.0,0.0,0.0,0.0,0.0,0.0,9169.6,0.0,0.0,0.0,0.0,0.0,,,,,,,9169.6,1,2292.3999999999996,2292.3999999999996,11.0,32.0,0.0
953.0,2025-09-01,2000055,Bhubaneswar,BIKASH MISTRY,THRIVENI EARTHMOVERS PVT LTD,THEJAHL0V00000494,ZX470H,,27868.0,2025-09-12 00:00:00,2025-09-23 00:00:00,1719219,MAINTENANCE,4078360,PRIMARY FUEL FILTER,1.0,1352,1352.0,0.2,1081.6,0.18,194.688,1276.288,,1,1013276696,2025-09-02 00:00:00,0.0,0.0,0.0,0.0,0.0,1014.0,0.0,0.0,0.0,0.0,0.0,0.0,,,,,,,1014.0,1,338.0,270.4000000000001,11.0,,0.0
954.0,2025-09-01,2000055,Bhubaneswar,BIKASH MISTRY,THRIVENI EARTHMOVERS PVT LTD,THEJAHL0V00000494,ZX470H,,27868.0,2025-09-12 00:00:00,2025-09-23 00:00:00,1719219,MAINTENANCE,4616864,FUEL FILTER,1.0,2351,2351.0,0.2,1880.8,0.18,338.544,2219.344,,1,1013277473,2025-09-23 00:00:00,0.0,0.0,0.0,0.0,0.0,1763.25,0.0,0.0,0.0,0.0,0.0,0.0,,,,,,,1763.25,1,587.75,470.20000000000005,11.0,0.0,0.0
955.0,2025-09-01,2000055,Bhubaneswar,BIKASH MISTRY,THRIVENI EARTHMOVERS PVT LTD,THEJAHL0V00000494,ZX470H,,27868.0,2025-09-12 00:00:00,2025-09-23 00:00:00,1719219,MAINTENANCE,YA00058283,ENGINE OIL FILTER,2.0,2720,5440.0,0.2,4352.0,0.18,783.36,5135.36,,2,1013276831,2025-09-06 00:00:00,0.0,0.0,0.0,0.0,0.0,4080.0,0.0,0.0,0.0,0.0,0.0,0.0,,,,,,,4080.0,1,1360.0,1088.0,11.0,,0.0
956.0,2025-09-01,2000055,Bhubaneswar,BIKASH MISTRY,THRIVENI EARTHMOVERS PVT LTD,THEJAHL0V00000494,ZX470H,,27868.0,2025-09-12 00:00:00,2025-09-23 00:00:00,1719219,MAINTENANCE,1209163,AIR FILTER OUTER,1.0,11828,11828.0,0.2,9462.4,0.18,1703.232,11165.632,,1,1013279802,2025-11-21 00:00:00,0.0,0.0,0.0,0.0,0.0,0.0,0.0,8871.0,0.0,0.0,0.0,0.0,,,,,,,8871.0,1,2957.0,2365.6000000000004,11.0,59.0,0.0
957.0,2025-09-01,2000055,Bhubaneswar,BIKASH MISTRY,THRIVENI EARTHMOVERS PVT LTD,THEJAHL0V00000494,ZX470H,,27868.0,2025-09-12 00:00:00,2025-09-23 00:00:00,1719219,MAINTENANCE,1105353,AIR FILTER INNER,1.0,6862,6862.0,0.2,5489.6,0.18,988.128,6477.728,,,,,0.0,0.0,0.0,0.0,0.0,0.0,0.0,0.0,0.0,0.0,0.0,0.0,,,,,,,0.0,0,6862.0,1372.3999999999996,11.0,,6862.0
958.0,2025-09-01,2000055,Bhubaneswar,BIKASH MISTRY,THRIVENI EARTHMOVERS PVT LTD,THEJAHL0V00000494,ZX470H,,27868.0,2025-09-12 00:00:00,2025-09-23 00:00:00,1719272,PLANNING,4612763,AC BELT,1.0,8559,8559.0,0.2,6847.2,0.18,1232.4959999999999,8079.696,,,,,0.0,0.0,0.0,0.0,0.0,0.0,0.0,0.0,0.0,0.0,0.0,0.0,,,,,,,0.0,0,8559.0,1711.8000000000002,11.0,,8559.0
959.0,2025-09-01,2000057,Bhubaneswar,BIKASH MISTRY,KJS PELLETS & POWER PVT LTD,THEJAHL0E00000825,ZX470H,,1108453.0,2025-09-10 00:00:00,2025-09-22 00:00:00,1718936,EMERGENCY,4610571,SEAL,1.0,10443,10443.0,0.2,8354.4,0.18,1503.792,9858.192,,,,,0.0,0.0,0.0,0.0,0.0,0.0,0.0,0.0,0.0,0.0,0.0,0.0,,,,,,,0.0,0,10443.0,2088.6000000000004,12.0,,10443.0
960.0,2025-09-01,2000057,Bhubaneswar,BIKASH MISTRY,KJS PELLETS & POWER PVT LTD,THEJAHL0E00000825,ZX470H,,1108453.0,2025-09-10 00:00:00,2025-09-22 00:00:00,1718938,MAINTENANCE,YA00058283,ENGINE OIL FILTER,2.0,2720,5440.0,0.2,4352.0,0.18,783.36,5135.36,,2,1013277366,2025-09-22 00:00:00,0.0,0.0,0.0,0.0,0.0,4352.0,0.0,0.0,0.0,0.0,0.0,0.0,,,,,,,4352.0,1,1088.0,1088.0,12.0,0.0,0.0
961.0,2025-09-01,2000057,Bhubaneswar,BIKASH MISTRY,KJS PELLETS & POWER PVT LTD,THEJAHL0E00000825,ZX470H,,1108453.0,2025-09-10 00:00:00,2025-09-22 00:00:00,1718938,MAINTENANCE,1105353,AIR FILTER INNER,1.0,6862,6862.0,0.2,5489.6,0.18,988.128,6477.728,,1,1013280498,2025-12-03 00:00:00,0.0,0.0,0.0,0.0,0.0,0.0,0.0,0.0,5146.5,0.0,0.0,0.0,,,,,,,5146.5,1,1715.5,1372.3999999999996,12.0,72.0,0.0
962.0,2025-09-01,2000057,Bhubaneswar,BIKASH MISTRY,KJS PELLETS & POWER PVT LTD,THEJAHL0E00000825,ZX470H,,1108453.0,2025-09-10 00:00:00,2025-09-22 00:00:00,1718938,MAINTENANCE,1209163,AIR FILTER OUTER,1.0,11828,11828.0,0.2,9462.4,0.18,1703.232,11165.632,,1,1013277695,2025-09-29 00:00:00,0.0,0.0,0.0,0.0,0.0,9462.4,0.0,0.0,0.0,0.0,0.0,0.0,,,,,,,9462.4,1,2365.6000000000004,2365.6000000000004,12.0,7.0,0.0
963.0,2025-09-01,2000057,Bhubaneswar,BIKASH MISTRY,KJS PELLETS & POWER PVT LTD,THEJAHL0E00000825,ZX470H,,1108453.0,2025-09-10 00:00:00,2025-09-22 00:00:00,1718938,MAINTENANCE,4078360,PRIMARY FUEL FILTER,1.0,1352,1352.0,0.2,1081.6,0.18,194.688,1276.288,,1,1013276922,2025-09-08 00:00:00,0.0,0.0,0.0,0.0,0.0,1081.6,0.0,0.0,0.0,0.0,0.0,0.0,,,,,,,1081.6,1,270.4000000000001,270.4000000000001,12.0,,0.0
964.0,2025-09-01,2000057,Bhubaneswar,BIKASH MISTRY,KJS PELLETS & POWER PVT LTD,THEJAHL0E00000825,ZX470H,,1108453.0,2025-09-10 00:00:00,2025-09-22 00:00:00,1718938,MAINTENANCE,4616864,FUEL FILTER,1.0,2351,2351.0,0.2,1880.8,0.18,338.544,2219.344,,1,1013276922,2025-09-08 00:00:00,0.0,0.0,0.0,0.0,0.0,1880.8,0.0,0.0,0.0,0.0,0.0,0.0,,,,,,,1880.8,1,470.20000000000005,470.20000000000005,12.0,,0.0
965.0,2025-09-01,2000057,Bhubaneswar,BIKASH MISTRY,KJS PELLETS & POWER PVT LTD,THEJAHL0E00000825,ZX470H,,1108453.0,2025-09-10 00:00:00,2025-09-22 00:00:00,1718971,PLANNING,113671-4730,FAN BELT,1.0,14327,14327.0,0.2,11461.6,0.18,2063.088,13524.688,,,,,0.0,0.0,0.0,0.0,0.0,0.0,0.0,0.0,0.0,0.0,0.0,0.0,,,,,,,0.0,0,14327.0,2865.3999999999996,12.0,,14327.0
966.0,2025-09-01,2000058,Bhubaneswar,NIRANJAN DAS,THRIVENI EARTHMOVERS PVT LTD,0ACG-000097,ZX650H,,27868.0,2025-09-09 00:00:00,2025-09-18 00:00:00,1713992 ,EMERGENCY,4434017,BREATHER AIR,1.0,5592,5592.0,0.2,4473.6,0.18,805.248,5278.848,,1,1013277473,2025-09-23 00:00:00,0.0,0.0,0.0,0.0,0.0,5952.0,0.0,0.0,0.0,0.0,0.0,0.0,,,,,,,5952.0,1,0.0,1118.3999999999996,9.0,5.0,0.0
967.0,2025-09-01,2000058,Bhubaneswar,NIRANJAN DAS,THRIVENI EARTHMOVERS PVT LTD,0ACG-000097,ZX650H,,27868.0,2025-09-09 00:00:00,2025-09-18 00:00:00,1713992 ,EMERGENCY,4120315,HOSE; RUBBER,2.0,25834,51668.0,0.2,41334.4,0.18,7440.192,48774.592000000004,,,,,0.0,0.0,0.0,0.0,0.0,0.0,0.0,0.0,0.0,0.0,0.0,0.0,,,,,,,0.0,0,51668.0,10333.599999999999,9.0,,51668.0
968.0,2025-09-01,2000058,Bhubaneswar,NIRANJAN DAS,THRIVENI EARTHMOVERS PVT LTD,0ACG-000097,ZX650H,,27868.0,2025-09-09 00:00:00,2025-09-18 00:00:00,1713992 ,EMERGENCY,4193871,HOSE; RUBBER,1.0,3614,3614.0,0.2,2891.2,0.18,520.4159999999999,3411.616,,,,,0.0,0.0,0.0,0.0,0.0,0.0,0.0,0.0,0.0,0.0,0.0,0.0,,,,,,,0.0,0,3614.0,722.8000000000002,9.0,,3614.0
969.0,2025-09-01,2000058,Bhubaneswar,NIRANJAN DAS,THRIVENI EARTHMOVERS PVT LTD,0ACG-000097,ZX650H,,27868.0,2025-09-09 00:00:00,2025-09-18 00:00:00,1713992 ,EMERGENCY,4612763,AC BELT,1.0,8559,8559.0,0.2,6847.2,0.18,1232.4959999999999,8079.696,,,,,0.0,0.0,0.0,0.0,0.0,0.0,0.0,0.0,0.0,0.0,0.0,0.0,,,,,,,0.0,0,8559.0,1711.8000000000002,9.0,,8559.0
970.0,2025-09-01,2000058,Bhubaneswar,NIRANJAN DAS,THRIVENI EARTHMOVERS PVT LTD,0ACG-000097,ZX650H,,27868.0,2025-09-09 00:00:00,2025-09-18 00:00:00,1714215 ,MAINTENANCE,4333469,HYDRAULIC TANK FILTER,1.0,12524,12524.0,0.2,10019.2,0.18,1803.4560000000001,11822.656,,,,,0.0,0.0,0.0,0.0,0.0,0.0,0.0,0.0,0.0,0.0,0.0,0.0,,,,,,,0.0,0,12524.0,2504.7999999999993,9.0,,12524.0
971.0,2025-09-01,2000058,Bhubaneswar,NIRANJAN DAS,THRIVENI EARTHMOVERS PVT LTD,0ACG-000097,ZX650H,,27868.0,2025-09-09 00:00:00,2025-09-18 00:00:00,1714215 ,MAINTENANCE,3015259,PILOT FILTER,1.0,394,394.0,0.2,315.2,0.18,56.736,371.936,,1,1013277473,2025-09-23 00:00:00,0.0,0.0,0.0,0.0,0.0,295.5,0.0,0.0,0.0,0.0,0.0,0.0,,,,,,,295.5,1,98.5,78.80000000000001,9.0,5.0,0.0
972.0,2025-09-01,2000058,Bhubaneswar,NIRANJAN DAS,THRIVENI EARTHMOVERS PVT LTD,0ACG-000097,ZX650H,,27868.0,2025-09-09 00:00:00,2025-09-18 00:00:00,1714215 ,MAINTENANCE,4317008,HYD SECTION FILTER,1.0,17391,17391.0,0.0,17391.0,0.18,3130.38,20521.38,,1,1013279802,2025-11-21 00:00:00,0.0,0.0,0.0,0.0,0.0,0.0,0.0,13043.25,0.0,0.0,0.0,0.0,,,,,,,13043.25,1,4347.75,0.0,9.0,64.0,0.0
973.0,2025-09-01,2000058,Bhubaneswar,NIRANJAN DAS,THRIVENI EARTHMOVERS PVT LTD,0ACG-000097,ZX650H,,27868.0,2025-09-09 00:00:00,2025-09-18 00:00:00,1714215 ,MAINTENANCE,4363399,PUMP DRAIN FILTER,1.0,4349,4349.0,0.2,3479.2,0.18,626.256,4105.456,,1,1013279806,2025-11-21 00:00:00,0.0,0.0,0.0,0.0,0.0,0.0,0.0,3261.75,0.0,0.0,0.0,0.0,,,,,,,3261.75,1,1087.25,869.8000000000002,9.0,64.0,0.0
974.0,2025-09-01,2000058,Bhubaneswar,NIRANJAN DAS,THRIVENI EARTHMOVERS PVT LTD,0ACG-000097,ZX650H,,27868.0,2025-09-09 00:00:00,2025-09-18 00:00:00,1714215 ,MAINTENANCE,4437838,AIR BREATHER FILTER,1.0,1695,1695.0,0.2,1356.0,0.18,244.07999999999998,1600.08,,,,,0.0,0.0,0.0,0.0,0.0,0.0,0.0,0.0,0.0,0.0,0.0,0.0,,,,,,,0.0,0,1695.0,339.0,9.0,,1695.0
975.0,2025-09-01,2000058,Bhubaneswar,NIRANJAN DAS,THRIVENI EARTHMOVERS PVT LTD,0ACG-000097,ZX650H,,27868.0,2025-09-09 00:00:00,2025-09-18 00:00:00,1714215 ,MAINTENANCE,YA00058283,ENGINE OIL FILTER ,4.0,2720,10880.0,0.2,8704.0,0.18,1566.72,10270.72,,2,1013276831,2025-09-06 00:00:00,0.0,0.0,0.0,0.0,0.0,4080.0,0.0,0.0,0.0,0.0,0.0,0.0,,,,,,,4080.0,1,6800.0,2176.0,9.0,,0.0
976.0,2025-09-01,2000058,Bhubaneswar,NIRANJAN DAS,THRIVENI EARTHMOVERS PVT LTD,0ACG-000097,ZX650H,,27868.0,2025-09-09 00:00:00,2025-09-18 00:00:00,1714215 ,MAINTENANCE,4078360,PRIMARY FUEL FILTER,4.0,1352,5408.0,0.2,4326.4,0.18,778.752,5105.152,,4,1013276696,2025-09-02 00:00:00,0.0,0.0,0.0,0.0,0.0,4056.0,0.0,0.0,0.0,0.0,0.0,0.0,,,,,,,4056.0,1,1352.0,1081.6000000000004,9.0,,0.0
977.0,2025-09-01,2000058,Bhubaneswar,NIRANJAN DAS,THRIVENI EARTHMOVERS PVT LTD,0ACG-000097,ZX650H,,27868.0,2025-09-09 00:00:00,2025-09-18 00:00:00,1714215 ,MAINTENANCE,4616864,FUEL FILTER,2.0,2351,4702.0,0.2,3761.6,0.18,677.088,4438.688,,2,1013277473,2025-09-23 00:00:00,0.0,0.0,0.0,0.0,0.0,3526.5,0.0,0.0,0.0,0.0,0.0,0.0,,,,,,,3526.5,1,1175.5,940.4000000000001,9.0,5.0,0.0
978.0,2025-09-01,2000058,Bhubaneswar,NIRANJAN DAS,THRIVENI EARTHMOVERS PVT LTD,0ACG-000097,ZX650H,,27868.0,2025-09-09 00:00:00,2025-09-18 00:00:00,1714215 ,MAINTENANCE,1209163,AIR FILTER OUTER,1.0,11828,11828.0,0.2,9462.4,0.18,1703.232,11165.632,,1,1013277483,2025-09-23 00:00:00,0.0,0.0,0.0,0.0,0.0,8871.0,0.0,0.0,0.0,0.0,0.0,0.0,,,,,,,8871.0,1,2957.0,2365.6000000000004,9.0,5.0,0.0
979.0,2025-09-01,2000058,Bhubaneswar,NIRANJAN DAS,THRIVENI EARTHMOVERS PVT LTD,0ACG-000097,ZX650H,,27868.0,2025-09-09 00:00:00,2025-09-18 00:00:00,1714215 ,MAINTENANCE,1105353,AIR FILTER INNER,1.0,6862,6862.0,0.2,5489.6,0.18,988.128,6477.728,,1,1013277483,2025-09-23 00:00:00,0.0,0.0,0.0,0.0,0.0,5146.5,0.0,0.0,0.0,0.0,0.0,0.0,,,,,,,5146.5,1,1715.5,1372.3999999999996,9.0,5.0,0.0
980.0,2025-09-01,2000058,Bhubaneswar,NIRANJAN DAS,THRIVENI EARTHMOVERS PVT LTD,0ACG-000097,ZX650H,,27868.0,2025-09-09 00:00:00,2025-09-18 00:00:00,1714220,PLANNING,4474619,BELT; FAN (4 PIECES),1.0,64523,64523.0,0.2,51618.4,0.18,9291.312,60909.712,,,,,0.0,0.0,0.0,0.0,0.0,0.0,0.0,0.0,0.0,0.0,0.0,0.0,,,,,,,0.0,0,64523.0,12904.599999999999,9.0,,64523.0
981.0,2025-09-01,2000058,Bhubaneswar,NIRANJAN DAS,THRIVENI EARTHMOVERS PVT LTD,0ACG-000097,ZX650H,,27868.0,2025-09-09 00:00:00,2025-09-18 00:00:00,1714220,PLANNING,4474629,BELT; GENERATOR (2 PIECES),1.0,14307.18,14307.18,0.2,11445.744,0.18,2060.23392,13505.977920000001,,,,,0.0,0.0,0.0,0.0,0.0,0.0,0.0,0.0,0.0,0.0,0.0,0.0,,,,,,,0.0,0,14307.18,2861.4359999999997,9.0,,14307.18
982.0,2025-09-01,2000059,Bhubaneswar,BIKASH MISTRY,THRIVENI EARTHMOVERS PVT LTD,THEJAHL0A00000500,ZX470H,,27868.0,2025-09-15 00:00:00,2025-09-23 00:00:00,1719275,EMERGENCY,4207845,SHIM,1.0,1631,1631.0,0.2,1304.8,0.18,234.86399999999998,1539.664,,,,,0.0,0.0,0.0,0.0,0.0,0.0,0.0,0.0,0.0,0.0,0.0,0.0,,,,,,,0.0,0,1631.0,326.20000000000005,8.0,,1631.0
983.0,2025-09-01,2000059,Bhubaneswar,BIKASH MISTRY,THRIVENI EARTHMOVERS PVT LTD,THEJAHL0A00000500,ZX470H,,27868.0,2025-09-15 00:00:00,2025-09-23 00:00:00,1719315,MAINTENANCE,4078360,PRIMARY FUEL FILTER,1.0,1352,1352.0,0.2,1081.6,0.18,194.688,1276.288,,1,1013276696,2025-09-02 00:00:00,0.0,0.0,0.0,0.0,0.0,1014.0,0.0,0.0,0.0,0.0,0.0,0.0,,,,,,,1014.0,1,338.0,270.4000000000001,8.0,,0.0
984.0,2025-09-01,2000059,Bhubaneswar,BIKASH MISTRY,THRIVENI EARTHMOVERS PVT LTD,THEJAHL0A00000500,ZX470H,,27868.0,2025-09-15 00:00:00,2025-09-23 00:00:00,1719315,MAINTENANCE,4616864,FUEL FILTER,1.0,2351,2351.0,0.2,1880.8,0.18,338.544,2219.344,,1,1013277473,2025-09-23 00:00:00,0.0,0.0,0.0,0.0,0.0,1763.25,0.0,0.0,0.0,0.0,0.0,0.0,,,,,,,1763.25,1,587.75,470.20000000000005,8.0,0.0,0.0
985.0,2025-09-01,2000059,Bhubaneswar,BIKASH MISTRY,THRIVENI EARTHMOVERS PVT LTD,THEJAHL0A00000500,ZX470H,,27868.0,2025-09-15 00:00:00,2025-09-23 00:00:00,1719315,MAINTENANCE,YA00058283,ENGINE OIL FILTER,2.0,2720,5440.0,0.2,4352.0,0.18,783.36,5135.36,,2,1013276831,2025-09-06 00:00:00,0.0,0.0,0.0,0.0,0.0,4080.0,0.0,0.0,0.0,0.0,0.0,0.0,,,,,,,4080.0,1,1360.0,1088.0,8.0,,0.0
986.0,2025-09-01,2000059,Bhubaneswar,BIKASH MISTRY,THRIVENI EARTHMOVERS PVT LTD,THEJAHL0A00000500,ZX470H,,27868.0,2025-09-15 00:00:00,2025-09-23 00:00:00,1719315,MAINTENANCE,4630525,PILOT FILTER,1.0,3046,3046.0,0.2,2436.8,0.18,438.624,2875.424,,1,1013277132,2025-09-13 00:00:00,0.0,0.0,0.0,0.0,0.0,2284.5,0.0,0.0,0.0,0.0,0.0,0.0,,,,,,,2284.5,1,761.5,609.1999999999998,8.0,,0.0
987.0,2025-09-01,2000059,Bhubaneswar,BIKASH MISTRY,THRIVENI EARTHMOVERS PVT LTD,THEJAHL0A00000500,ZX470H,,27868.0,2025-09-15 00:00:00,2025-09-23 00:00:00,1719315,MAINTENANCE,4654745,HYDRAULIC TANK FILTER,1.0,11801,11801.0,0.2,9440.8,0.18,1699.3439999999998,11140.143999999998,,1,1013279802,2025-11-21 00:00:00,0.0,0.0,0.0,0.0,0.0,0.0,0.0,8850.75,0.0,0.0,0.0,0.0,,,,,,,8850.75,1,2950.25,2360.2000000000007,8.0,59.0,0.0
988.0,2025-09-01,2000059,Bhubaneswar,BIKASH MISTRY,THRIVENI EARTHMOVERS PVT LTD,THEJAHL0A00000500,ZX470H,,27868.0,2025-09-15 00:00:00,2025-09-23 00:00:00,1719315,MAINTENANCE,4363399,PUMP DRAIN FILTER,1.0,4349,4349.0,0.2,3479.2,0.18,626.256,4105.456,,1,1013279806,2025-11-21 00:00:00,0.0,0.0,0.0,0.0,0.0,0.0,0.0,3261.75,0.0,0.0,0.0,0.0,,,,,,,3261.75,1,1087.25,869.8000000000002,8.0,59.0,0.0
989.0,2025-09-01,2000059,Bhubaneswar,BIKASH MISTRY,THRIVENI EARTHMOVERS PVT LTD,THEJAHL0A00000500,ZX470H,,27868.0,2025-09-15 00:00:00,2025-09-23 00:00:00,1719315,MAINTENANCE,1105353,AIR FILTER INNER,1.0,6862,6862.0,0.2,5489.6,0.18,988.128,6477.728,,,,,0.0,0.0,0.0,0.0,0.0,0.0,0.0,0.0,0.0,0.0,0.0,0.0,,,,,,,0.0,0,6862.0,1372.3999999999996,8.0,,6862.0
990.0,2025-09-01,2000059,Bhubaneswar,BIKASH MISTRY,THRIVENI EARTHMOVERS PVT LTD,THEJAHL0A00000500,ZX470H,,27868.0,2025-09-15 00:00:00,2025-09-23 00:00:00,1719315,MAINTENANCE,1209163,AIR FILTER OUTER,1.0,11828,11828.0,0.2,9462.4,0.18,1703.232,11165.632,,1,1013279802,2025-11-21 00:00:00,0.0,0.0,0.0,0.0,0.0,0.0,0.0,8871.0,0.0,0.0,0.0,0.0,,,,,,,8871.0,1,2957.0,2365.6000000000004,8.0,59.0,0.0
991.0,2025-09-01,2000059,Bhubaneswar,BIKASH MISTRY,THRIVENI EARTHMOVERS PVT LTD,THEJAHL0A00000500,ZX470H,,27868.0,2025-09-15 00:00:00,2025-09-23 00:00:00,1719315,MAINTENANCE,YA00001490,AC FILTER,1.0,4607,4607.0,0.2,3685.6,0.18,663.408,4349.008,,1,1013277132,2025-09-13 00:00:00,0.0,0.0,0.0,0.0,0.0,2130.0,0.0,0.0,0.0,0.0,0.0,0.0,,,,,,,2130.0,1,2477.0,921.4000000000001,8.0,,0.0
992.0,2025-09-01,2000059,Bhubaneswar,BIKASH MISTRY,THRIVENI EARTHMOVERS PVT LTD,THEJAHL0A00000500,ZX470H,,27868.0,2025-09-15 00:00:00,2025-09-23 00:00:00,1719315,MAINTENANCE,4437838,AIR BREATHER FILTER,1.0,1695,1695.0,0.2,1356.0,0.18,244.07999999999998,1600.08,,1,1013282392,2026-01-09 00:00:00,0.0,0.0,0.0,0.0,0.0,0.0,0.0,0.0,0.0,1271.25,0.0,0.0,,,,,,,1271.25,1,423.75,339.0,8.0,108.0,0.0
993.0,2025-09-01,2000059,Bhubaneswar,BIKASH MISTRY,THRIVENI EARTHMOVERS PVT LTD,THEJAHL0A00000500,ZX470H,,27868.0,2025-09-15 00:00:00,2025-09-23 00:00:00,1719318,PLANNING,4487682,O RING,1.0,2132,2132.0,0.2,1705.6,0.18,307.008,2012.608,,,,,0.0,0.0,0.0,0.0,0.0,0.0,0.0,0.0,0.0,0.0,0.0,0.0,,,,,,,0.0,0,2132.0,426.4000000000001,8.0,,2132.0
994.0,2025-09-01,2000131,Bhubaneswar,NIRANJAN DAS,RAM AWATAR SHARMA,THEJAHL0C00000253,ZX470H,,1006380.0,2025-09-20 00:00:00,2025-09-23 00:00:00,1719665,EMERGENCY,4653041,SEAL KIT,1.0,53102,53102.0,0.0,53102.0,0.18,9558.359999999999,62660.36,,,,,0.0,0.0,0.0,0.0,0.0,0.0,0.0,0.0,0.0,0.0,0.0,0.0,,,,,,,0.0,0,53102.0,0.0,3.0,,53102.0
995.0,2025-09-01,2000131,Bhubaneswar,NIRANJAN DAS,RAM AWATAR SHARMA,THEJAHL0C00000253,ZX470H,,1006380.0,2025-09-20 00:00:00,2025-09-23 00:00:00,1719665,EMERGENCY,972305,RING SLIDE,2.0,8493,16986.0,0.0,16986.0,0.18,3057.48,20043.48,,,,,0.0,0.0,0.0,0.0,0.0,0.0,0.0,0.0,0.0,0.0,0.0,0.0,,,,,,,0.0,0,16986.0,0.0,3.0,,16986.0
996.0,2025-09-01,2000131,Bhubaneswar,NIRANJAN DAS,RAM AWATAR SHARMA,THEJAHL0C00000253,ZX470H,,1006380.0,2025-09-20 00:00:00,2025-09-23 00:00:00,1719665,EMERGENCY,242512,RING SLIDE,2.0,6335,12670.0,0.0,12670.0,0.18,2280.6,14950.6,,,,,0.0,0.0,0.0,0.0,0.0,0.0,0.0,0.0,0.0,0.0,0.0,0.0,,,,,,,0.0,0,12670.0,0.0,3.0,,12670.0
997.0,2025-09-01,2000131,Bhubaneswar,NIRANJAN DAS,RAM AWATAR SHARMA,THEJAHL0C00000253,ZX470H,,1006380.0,2025-09-20 00:00:00,2025-09-23 00:00:00,1719926,MAINTENANCE,4078360,PRIMARY FUEL FILTER,1.0,1352,1352.0,0.0,1352.0,0.18,243.35999999999999,1595.36,,1,1013285248,2026-02-28 00:00:00,0.0,0.0,0.0,0.0,0.0,0.0,0.0,0.0,0.0,0.0,1014.0,0.0,,,,,,,1014.0,1,338.0,0.0,3.0,158.0,0.0
998.0,2025-09-01,2000131,Bhubaneswar,NIRANJAN DAS,RAM AWATAR SHARMA,THEJAHL0C00000253,ZX470H,,1006380.0,2025-09-20 00:00:00,2025-09-23 00:00:00,1719926,MAINTENANCE,4616864,FUEL FILTER,1.0,2351,2351.0,0.0,2351.0,0.18,423.18,2774.18,,1,1013285248,2026-02-28 00:00:00,0.0,0.0,0.0,0.0,0.0,0.0,0.0,0.0,0.0,0.0,1763.5,0.0,,,,,,,1763.5,1,587.5,0.0,3.0,158.0,0.0
999.0,2025-09-01,2000131,Bhubaneswar,NIRANJAN DAS,RAM AWATAR SHARMA,THEJAHL0C00000253,ZX470H,,1006380.0,2025-09-20 00:00:00,2025-09-23 00:00:00,1719926,MAINTENANCE,YA00058283,ENGINE OIL FILTER,2.0,2720,5440.0,0.0,5440.0,0.18,979.1999999999999,6419.2,,,,,0.0,0.0,0.0,0.0,0.0,0.0,0.0,0.0,0.0,0.0,0.0,0.0,,,,,,,0.0,0,5440.0,0.0,3.0,,5440.0
1000.0,2025-09-01,2000131,Bhubaneswar,NIRANJAN DAS,RAM AWATAR SHARMA,THEJAHL0C00000253,ZX470H,,1006380.0,2025-09-20 00:00:00,2025-09-23 00:00:00,1719929,PLANNING,113671-4730,FAN BELT,1.0,14327,14327.0,0.0,14327.0,0.18,2578.86,16905.86,,,,,0.0,0.0,0.0,0.0,0.0,0.0,0.0,0.0,0.0,0.0,0.0,0.0,,,,,,,0.0,0,14327.0,0.0,3.0,,14327.0
1001.0,2025-09-01,2000132,Bhubaneswar,ROSHAN KUMAR,ABDUL RAHIM ANSARI,THEJAHL0C00000252,ZX470H,,1009653.0,2025-09-20 00:00:00,2025-09-23 00:00:00,1719460,EMERGENCY,4653040,"KIT;SEAL,BOOM",1.0,88865,88865.0,0.0,88865.0,0.18,15995.699999999999,104860.7,,,,,0.0,0.0,0.0,0.0,0.0,0.0,0.0,0.0,0.0,0.0,0.0,0.0,,,,,,,0.0,0,88865.0,0.0,3.0,,88865.0
1002.0,2025-09-01,2000132,Bhubaneswar,ROSHAN KUMAR,ABDUL RAHIM ANSARI,THEJAHL0C00000252,ZX470H,,1009653.0,2025-09-20 00:00:00,2025-09-23 00:00:00,1719460,EMERGENCY,984614,O-RING;HOSE,1.0,179,179.0,0.0,179.0,0.18,32.22,211.22,,,,,0.0,0.0,0.0,0.0,0.0,0.0,0.0,0.0,0.0,0.0,0.0,0.0,,,,,,,0.0,0,179.0,0.0,3.0,,179.0
1003.0,2025-09-01,2000132,Bhubaneswar,ROSHAN KUMAR,ABDUL RAHIM ANSARI,THEJAHL0C00000252,ZX470H,,1009653.0,2025-09-20 00:00:00,2025-09-23 00:00:00,1719460,EMERGENCY,4506429,O-RING;CENTER JOINT,4.0,164,656.0,0.0,656.0,0.18,118.08,774.08,,,,,0.0,0.0,0.0,0.0,0.0,0.0,0.0,0.0,0.0,0.0,0.0,0.0,,,,,,,0.0,0,656.0,0.0,3.0,,656.0
1004.0,2025-09-01,2000132,Bhubaneswar,ROSHAN KUMAR,ABDUL RAHIM ANSARI,THEJAHL0C00000252,ZX470H,,1009653.0,2025-09-20 00:00:00,2025-09-23 00:00:00,1719460,EMERGENCY,4183995,CUSHION;ENGINE,2.0,14450,28900.0,0.0,28900.0,0.18,5202.0,34102.0,,2,1013285235,2026-02-28 00:00:00,0.0,0.0,0.0,0.0,0.0,0.0,0.0,0.0,0.0,0.0,20230.0,0.0,,,,,,,20230.0,1,8670.0,0.0,3.0,158.0,0.0
1005.0,2025-09-01,2000132,Bhubaneswar,ROSHAN KUMAR,ABDUL RAHIM ANSARI,THEJAHL0C00000252,ZX470H,,1009653.0,2025-09-20 00:00:00,2025-09-23 00:00:00,1719460,EMERGENCY,171809,O-RING;CAP,18.0,1619,29142.0,0.0,29142.0,0.18,5245.5599999999995,34387.56,,,,,0.0,0.0,0.0,0.0,0.0,0.0,0.0,0.0,0.0,0.0,0.0,0.0,,,,,,,0.0,0,29142.0,0.0,3.0,,29142.0
1006.0,2025-09-01,2000132,Bhubaneswar,ROSHAN KUMAR,ABDUL RAHIM ANSARI,THEJAHL0C00000252,ZX470H,,1009653.0,2025-09-20 00:00:00,2025-09-23 00:00:00,1719555,MAINTENANCE,YA00058283,ENGINE OIL FILTER,2.0,2720,5440.0,0.0,5440.0,0.18,979.1999999999999,6419.2,,1,1013280244,2025-11-29 00:00:00,0.0,0.0,0.0,0.0,0.0,0.0,0.0,5168.0,0.0,0.0,0.0,0.0,,,,,,,5168.0,1,272.0,0.0,3.0,67.0,0.0
1007.0,2025-09-01,2000132,Bhubaneswar,ROSHAN KUMAR,ABDUL RAHIM ANSARI,THEJAHL0C00000252,ZX470H,,1009653.0,2025-09-20 00:00:00,2025-09-23 00:00:00,1719555,MAINTENANCE,4078360,PRIMARY FUEL FILTER,1.0,1352,1352.0,0.0,1352.0,0.18,243.35999999999999,1595.36,,1,1013280244,2025-11-29 00:00:00,0.0,0.0,0.0,0.0,0.0,0.0,0.0,1284.4,0.0,0.0,0.0,0.0,,,,,,,1284.4,1,67.59999999999991,0.0,3.0,67.0,0.0
1008.0,2025-09-01,2000132,Bhubaneswar,ROSHAN KUMAR,ABDUL RAHIM ANSARI,THEJAHL0C00000252,ZX470H,,1009653.0,2025-09-20 00:00:00,2025-09-23 00:00:00,1719555,MAINTENANCE,4616864,FUEL FILTER,1.0,2351,2351.0,0.0,2351.0,0.18,423.18,2774.18,,1,1013280244,2025-11-29 00:00:00,0.0,0.0,0.0,0.0,0.0,0.0,0.0,2233.45,0.0,0.0,0.0,0.0,,,,,,,2233.45,1,117.55000000000018,0.0,3.0,67.0,0.0
1009.0,2025-09-01,2000132,Bhubaneswar,ROSHAN KUMAR,ABDUL RAHIM ANSARI,THEJAHL0C00000252,ZX470H,,1009653.0,2025-09-20 00:00:00,2025-09-23 00:00:00,1719555,MAINTENANCE,1209163,AIR FILTER OUTER,1.0,11828,11828.0,0.0,11828.0,0.18,2129.04,13957.04,,1,1013280244,2025-11-29 00:00:00,0.0,0.0,0.0,0.0,0.0,0.0,0.0,11236.6,0.0,0.0,0.0,0.0,,,,,,,11236.6,1,591.3999999999996,0.0,3.0,67.0,0.0
1010.0,2025-09-01,2000132,Bhubaneswar,ROSHAN KUMAR,ABDUL RAHIM ANSARI,THEJAHL0C00000252,ZX470H,,1009653.0,2025-09-20 00:00:00,2025-09-23 00:00:00,1719555,MAINTENANCE,1105353,AIR FILTER INNER,1.0,6862,6862.0,0.0,6862.0,0.18,1235.1599999999999,8097.16,,1,1013280244,2025-11-29 00:00:00,0.0,0.0,0.0,0.0,0.0,0.0,0.0,6518.9,0.0,0.0,0.0,0.0,,,,,,,6518.9,1,343.10000000000036,0.0,3.0,67.0,0.0
1011.0,2025-09-01,2000132,Bhubaneswar,ROSHAN KUMAR,ABDUL RAHIM ANSARI,THEJAHL0C00000252,ZX470H,,1009653.0,2025-09-20 00:00:00,2025-09-23 00:00:00,1719560,PLANNING,113671-4730,FAN BELT,1.0,14327,14327.0,0.0,14327.0,0.18,2578.86,16905.86,,,,,0.0,0.0,0.0,0.0,0.0,0.0,0.0,0.0,0.0,0.0,0.0,0.0,,,,,,,0.0,0,14327.0,0.0,3.0,,14327.0
1012.0,2025-10-01,2049056,Bhubaneswar,NIRANJAN DAS,DHILLON CONSTRUCTION PVT LTD,THEJAHL0V00000219,ZX470H,,1006467.0,2025-10-08 00:00:00,2025-10-17 00:00:00,1747078,EMERGENCY,97617-3080,SEAL OIL,1.0,5516,5516.0,0.1,4964.4,0.18,893.5919999999999,5857.991999999999,,,,,0.0,0.0,0.0,0.0,0.0,0.0,0.0,0.0,0.0,0.0,0.0,0.0,,,,,,,0.0,0,5516.0,551.6000000000004,9.0,,5516.0
1013.0,2025-10-01,2049056,Bhubaneswar,NIRANJAN DAS,DHILLON CONSTRUCTION PVT LTD,THEJAHL0V00000219,ZX470H,,1006467.0,2025-10-08 00:00:00,2025-10-17 00:00:00,1747078,EMERGENCY,11322-0610,GASKET,1.0,2861,2861.0,0.1,2574.9,0.18,463.48199999999997,3038.382,,,,,0.0,0.0,0.0,0.0,0.0,0.0,0.0,0.0,0.0,0.0,0.0,0.0,,,,,,,0.0,0,2861.0,286.0999999999999,9.0,,2861.0
1014.0,2025-10-01,2049056,Bhubaneswar,NIRANJAN DAS,DHILLON CONSTRUCTION PVT LTD,THEJAHL0V00000219,ZX470H,,1006467.0,2025-10-08 00:00:00,2025-10-17 00:00:00,1747078,EMERGENCY,TD08460,TOOTH POINT,5.0,4392,21960.0,0.1,19764.0,0.18,3557.52,23321.52,,5,1013277998,2025-10-09 00:00:00,0.0,0.0,0.0,0.0,0.0,0.0,19032.3,0.0,0.0,0.0,0.0,0.0,,,,,,,19032.3,1,2927.7000000000007,2196.0,9.0,,0.0
1015.0,2025-10-01,2049056,Bhubaneswar,NIRANJAN DAS,DHILLON CONSTRUCTION PVT LTD,THEJAHL0V00000219,ZX470H,,1006467.0,2025-10-08 00:00:00,2025-10-17 00:00:00,1747078,EMERGENCY,TE09010,PIN,5.0,939,4695.0,0.1,4225.5,0.18,760.5899999999999,4986.09,,,,,0.0,0.0,0.0,0.0,0.0,0.0,0.0,0.0,0.0,0.0,0.0,0.0,,,,,,,0.0,0,4695.0,469.5,9.0,,4695.0
1016.0,2025-10-01,2049056,Bhubaneswar,NIRANJAN DAS,DHILLON CONSTRUCTION PVT LTD,THEJAHL0V00000219,ZX470H,,1006467.0,2025-10-08 00:00:00,2025-10-17 00:00:00,1747078,EMERGENCY,TE09011,WASHER,5.0,555,2775.0,0.1,2497.5,0.18,449.55,2947.05,,,,,0.0,0.0,0.0,0.0,0.0,0.0,0.0,0.0,0.0,0.0,0.0,0.0,,,,,,,0.0,0,2775.0,277.5,9.0,,2775.0
1017.0,2025-10-01,2049056,Bhubaneswar,NIRANJAN DAS,DHILLON CONSTRUCTION PVT LTD,THEJAHL0V00000219,ZX470H,,1006467.0,2025-10-08 00:00:00,2025-10-17 00:00:00,1747093,MAINTENANCE,4078360,PRIMARY FUEL FILTER,2.0,1352,2704.0,0.1,2433.6,0.18,438.04799999999994,2871.6479999999997,,2,1013285248,2026-02-28 00:00:00,0.0,0.0,0.0,0.0,0.0,0.0,0.0,0.0,0.0,0.0,2028.0,0.0,,,,,,,2028.0,1,676.0,270.4000000000001,9.0,134.0,0.0
1018.0,2025-10-01,2049056,Bhubaneswar,NIRANJAN DAS,DHILLON CONSTRUCTION PVT LTD,THEJAHL0V00000219,ZX470H,,1006467.0,2025-10-08 00:00:00,2025-10-17 00:00:00,1747093,MAINTENANCE,4616864,FUEL FILTER,2.0,2351,4702.0,0.1,4231.8,0.18,761.724,4993.524,,1,1013285248,2026-02-28 00:00:00,0.0,0.0,0.0,0.0,0.0,0.0,0.0,0.0,0.0,0.0,1763.5,0.0,,,,,,,1763.5,1,2938.5,470.1999999999998,9.0,134.0,0.0
1019.0,2025-10-01,2049056,Bhubaneswar,NIRANJAN DAS,DHILLON CONSTRUCTION PVT LTD,THEJAHL0V00000219,ZX470H,,1006467.0,2025-10-08 00:00:00,2025-10-17 00:00:00,1747093,MAINTENANCE,YA00058283,ENGINE OIL FILTER,2.0,2720,5440.0,0.1,4896.0,0.18,881.28,5777.28,,2,1013278519,2025-10-24 00:00:00,0.0,0.0,0.0,0.0,0.0,0.0,4896.0,0.0,0.0,0.0,0.0,0.0,,,,,,,4896.0,1,544.0,544.0,9.0,7.0,0.0
1020.0,2025-10-01,2049056,Bhubaneswar,NIRANJAN DAS,DHILLON CONSTRUCTION PVT LTD,THEJAHL0V00000219,ZX470H,,1006467.0,2025-10-08 00:00:00,2025-10-17 00:00:00,1747100,PLANNING,113671-4730,FAN BELT,1.0,14119,14119.0,0.1,12707.1,0.18,2287.278,14994.378,,,,,0.0,0.0,0.0,0.0,0.0,0.0,0.0,0.0,0.0,0.0,0.0,0.0,,,,,,,0.0,0,14119.0,1411.8999999999996,9.0,,14119.0
1021.0,2025-10-01,2049055,Bhubaneswar,NIRANJAN DAS,THRIVENI EARTHMOVERS PVT LTD,THEJAHL0C00000387,ZX470H,,27868.0,2025-10-18 00:00:00,2025-10-18 00:00:00,1749343,EMERGENCY,YB60000925,SLEW CIRCLE RING,1.0,1751987,1751987.0,0.2,1401589.6,0.18,252286.128,1653875.7280000001,,,,,0.0,0.0,0.0,0.0,0.0,0.0,0.0,0.0,0.0,0.0,0.0,0.0,,,,,,,0.0,0,1751987.0,350397.3999999999,0.0,,1751987.0
1022.0,2025-10-01,2049055,Bhubaneswar,NIRANJAN DAS,THRIVENI EARTHMOVERS PVT LTD,THEJAHL0C00000387,ZX470H,,27868.0,2025-10-18 00:00:00,2025-10-18 00:00:00,1749348,MAINTENANCE,4654745,HYDRAULIC TANK FILTER,2.0,11801,23602.0,0.2,18881.6,0.18,3398.6879999999996,22280.287999999997,,2,1013279802,2025-11-21 00:00:00,0.0,0.0,0.0,0.0,0.0,0.0,0.0,17701.5,0.0,0.0,0.0,0.0,,,,,,,17701.5,1,5900.5,4720.4000000000015,0.0,34.0,0.0
1023.0,2025-10-01,2049055,Bhubaneswar,NIRANJAN DAS,THRIVENI EARTHMOVERS PVT LTD,THEJAHL0C00000387,ZX470H,,27868.0,2025-10-18 00:00:00,2025-10-18 00:00:00,1749348,MAINTENANCE,4630525,PILOT FILTER,2.0,3046,6092.0,0.2,4873.6,0.18,877.248,5750.848,,2,1013279445,2025-11-14 00:00:00,0.0,0.0,0.0,0.0,0.0,0.0,0.0,4569.0,0.0,0.0,0.0,0.0,,,,,,,4569.0,1,1523.0,1218.3999999999996,0.0,27.0,0.0
1024.0,2025-10-01,2049055,Bhubaneswar,NIRANJAN DAS,THRIVENI EARTHMOVERS PVT LTD,THEJAHL0C00000387,ZX470H,,27868.0,2025-10-18 00:00:00,2025-10-18 00:00:00,1749348,MAINTENANCE,4317008,HYD SECTION FILTER,1.0,17391,17391.0,0.2,13912.8,0.18,2504.3039999999996,16417.104,,,,,0.0,0.0,0.0,0.0,0.0,0.0,0.0,0.0,0.0,0.0,0.0,0.0,,,,,,,0.0,0,17391.0,3478.2000000000007,0.0,,17391.0
1025.0,2025-10-01,2049055,Bhubaneswar,NIRANJAN DAS,THRIVENI EARTHMOVERS PVT LTD,THEJAHL0C00000387,ZX470H,,27868.0,2025-10-18 00:00:00,2025-10-18 00:00:00,1749348,MAINTENANCE,4363399,PUMP DRAIN FILTER,2.0,4349,8698.0,0.2,6958.4,0.18,1252.512,8210.912,,2,1013279445,2025-11-14 00:00:00,0.0,0.0,0.0,0.0,0.0,0.0,0.0,6523.5,0.0,0.0,0.0,0.0,,,,,,,6523.5,1,2174.5,1739.6000000000004,0.0,27.0,0.0
1026.0,2025-10-01,2049055,Bhubaneswar,NIRANJAN DAS,THRIVENI EARTHMOVERS PVT LTD,THEJAHL0C00000387,ZX470H,,27868.0,2025-10-18 00:00:00,2025-10-18 00:00:00,1749348,MAINTENANCE,4437838,AIR BREATHER FILTER,4.0,1695,6780.0,0.2,5424.0,0.18,976.3199999999999,6400.32,,4,1013282392,2026-01-09 00:00:00,0.0,0.0,0.0,0.0,0.0,0.0,0.0,0.0,0.0,5085.0,0.0,0.0,,,,,,,5085.0,1,1695.0,1356.0,0.0,83.0,0.0
1027.0,2025-10-01,2049055,Bhubaneswar,NIRANJAN DAS,THRIVENI EARTHMOVERS PVT LTD,THEJAHL0C00000387,ZX470H,,27868.0,2025-10-18 00:00:00,2025-10-18 00:00:00,1749348,MAINTENANCE,YA00058283,ENGINE OIL FILTER,6.0,2720,16320.0,0.2,13056.0,0.18,2350.08,15406.08,,6,1013280450,2025-12-03 00:00:00,0.0,0.0,0.0,0.0,0.0,0.0,0.0,0.0,12240.0,0.0,0.0,0.0,,,,,,,12240.0,1,4080.0,3264.0,0.0,46.0,0.0
1028.0,2025-10-01,2049055,Bhubaneswar,NIRANJAN DAS,THRIVENI EARTHMOVERS PVT LTD,THEJAHL0C00000387,ZX470H,,27868.0,2025-10-18 00:00:00,2025-10-18 00:00:00,1749348,MAINTENANCE,4078360,PRIMARY FUEL FILTER,6.0,1352,8112.0,0.2,6489.6,0.18,1168.128,7657.728,,6,1013279445,2025-11-14 00:00:00,0.0,0.0,0.0,0.0,0.0,0.0,0.0,6084.0,0.0,0.0,0.0,0.0,,,,,,,6084.0,1,2028.0,1622.3999999999996,0.0,27.0,0.0
1029.0,2025-10-01,2049055,Bhubaneswar,NIRANJAN DAS,THRIVENI EARTHMOVERS PVT LTD,THEJAHL0C00000387,ZX470H,,27868.0,2025-10-18 00:00:00,2025-10-18 00:00:00,1749348,MAINTENANCE,4616864,FUEL FILTER,6.0,2351,14106.0,0.2,11284.8,0.18,2031.264,13316.063999999998,,6,1013279802,2025-11-21 00:00:00,0.0,0.0,0.0,0.0,0.0,0.0,0.0,10579.5,0.0,0.0,0.0,0.0,,,,,,,10579.5,1,3526.5,2821.2000000000007,0.0,34.0,0.0
1030.0,2025-10-01,2049055,Bhubaneswar,NIRANJAN DAS,THRIVENI EARTHMOVERS PVT LTD,THEJAHL0C00000387,ZX470H,,27868.0,2025-10-18 00:00:00,2025-10-18 00:00:00,1749348,MAINTENANCE,1209163,AIR FILTER OUTER,2.0,11828,23656.0,0.2,18924.8,0.18,3406.464,22331.264,,2,1013279802,2025-11-21 00:00:00,0.0,0.0,0.0,0.0,0.0,0.0,0.0,17742.0,0.0,0.0,0.0,0.0,,,,,,,17742.0,1,5914.0,4731.200000000001,0.0,34.0,0.0
1031.0,2025-10-01,2049055,Bhubaneswar,NIRANJAN DAS,THRIVENI EARTHMOVERS PVT LTD,THEJAHL0C00000387,ZX470H,,27868.0,2025-10-18 00:00:00,2025-10-18 00:00:00,1749348,MAINTENANCE,1105353,AIR FILTER INNER,2.0,6862,13724.0,0.2,10979.2,0.18,1976.256,12955.456,,2,1013279802,2025-11-21 00:00:00,0.0,0.0,0.0,0.0,0.0,0.0,0.0,10293.0,0.0,0.0,0.0,0.0,,,,,,,10293.0,1,3431.0,2744.7999999999993,0.0,34.0,0.0
1032.0,2025-10-01,2049055,Bhubaneswar,NIRANJAN DAS,THRIVENI EARTHMOVERS PVT LTD,THEJAHL0C00000387,ZX470H,,27868.0,2025-10-18 00:00:00,2025-10-18 00:00:00,1749348,MAINTENANCE,4632689,CIRCULATING AIR FILTER AC,2.0,3846,7692.0,0.2,6153.6,0.18,1107.648,7261.2480000000005,,,,,0.0,0.0,0.0,0.0,0.0,0.0,0.0,0.0,0.0,0.0,0.0,0.0,,,,,,,0.0,0,7692.0,1538.3999999999996,0.0,,7692.0
1033.0,2025-10-01,2049055,Bhubaneswar,NIRANJAN DAS,THRIVENI EARTHMOVERS PVT LTD,THEJAHL0C00000387,ZX470H,,27868.0,2025-10-18 00:00:00,2025-10-18 00:00:00,1749391,PLANNING,113671-4730,FAN BELT,1.0,14119,14119.0,0.2,11295.2,0.18,2033.136,13328.336000000001,,,,,0.0,0.0,0.0,0.0,0.0,0.0,0.0,0.0,0.0,0.0,0.0,0.0,,,,,,,0.0,0,14119.0,2823.7999999999993,0.0,,14119.0
1034.0,2025-10-01,2049058,Bhubaneswar,ROSHAN KUMAR,THRIVENI EARTHMOVERS PVT LTD,THEJAHL0C00000493,ZX470H,,27868.0,2025-10-13 00:00:00,2025-10-21 00:00:00,1749974,EMERGENCY,171809,O RING,18.0,1619,29142.0,0.2,23313.6,0.18,4196.447999999999,27510.048,,,,,0.0,0.0,0.0,0.0,0.0,0.0,0.0,0.0,0.0,0.0,0.0,0.0,,,,,,,0.0,0,29142.0,5828.4000000000015,8.0,,29142.0
1035.0,2025-10-01,2049058,Bhubaneswar,ROSHAN KUMAR,THRIVENI EARTHMOVERS PVT LTD,THEJAHL0C00000493,ZX470H,,27868.0,2025-10-13 00:00:00,2025-10-21 00:00:00,1749974,EMERGENCY,4201993,O-RING;PILOT VALVE,4.0,123,492.0,0.2,393.6,0.18,70.848,464.44800000000004,,4,1013286440,2026-03-25 00:00:00,0.0,0.0,0.0,0.0,0.0,0.0,0.0,0.0,0.0,0.0,0.0,13211.4,,,,,,,13211.4,1,0.0,98.39999999999998,8.0,155.0,0.0
1036.0,2025-10-01,2049058,Bhubaneswar,ROSHAN KUMAR,THRIVENI EARTHMOVERS PVT LTD,THEJAHL0C00000493,ZX470H,,27868.0,2025-10-13 00:00:00,2025-10-21 00:00:00,1749974,EMERGENCY,9246436,PILOT LEVER SEAL,4.0,3052,12208.0,0.2,9766.4,0.18,1757.9519999999998,11524.351999999999,,4,1013286440,2026-03-25 00:00:00,0.0,0.0,0.0,0.0,0.0,0.0,0.0,0.0,0.0,0.0,0.0,2441.6,,,,,,,2441.6,1,9766.4,2441.6000000000004,8.0,155.0,0.0
1037.0,2025-10-01,2049058,Bhubaneswar,ROSHAN KUMAR,THRIVENI EARTHMOVERS PVT LTD,THEJAHL0C00000493,ZX470H,,27868.0,2025-10-13 00:00:00,2025-10-21 00:00:00,1749974,EMERGENCY,98000-7882,HOSE,1.0,8117,8117.0,0.2,6493.6,0.18,1168.848,7662.448,,,,,0.0,0.0,0.0,0.0,0.0,0.0,0.0,0.0,0.0,0.0,0.0,0.0,,,,,,,0.0,0,8117.0,1623.3999999999996,8.0,,8117.0
1038.0,2025-10-01,2049058,Bhubaneswar,ROSHAN KUMAR,THRIVENI EARTHMOVERS PVT LTD,THEJAHL0C00000493,ZX470H,,27868.0,2025-10-13 00:00:00,2025-10-21 00:00:00,1749974,EMERGENCY,4183995,CUSSHION,2.0,14450,28900.0,0.2,23120.0,0.18,4161.599999999999,27281.6,,2,1013285235,2026-02-28 00:00:00,0.0,0.0,0.0,0.0,0.0,0.0,0.0,0.0,0.0,0.0,20230.0,0.0,,,,,,,20230.0,1,8670.0,5780.0,8.0,130.0,0.0
1039.0,2025-10-01,2049058,Bhubaneswar,ROSHAN KUMAR,THRIVENI EARTHMOVERS PVT LTD,THEJAHL0C00000493,ZX470H,,27868.0,2025-10-13 00:00:00,2025-10-21 00:00:00,1749977,MAINTENANCE,YA00058283,ENGINE OIL FILTER,2.0,2720,5440.0,0.2,4352.0,0.18,783.36,5135.36,,2,1013280450,2025-12-03 00:00:00,0.0,0.0,0.0,0.0,0.0,0.0,0.0,0.0,4080.0,0.0,0.0,0.0,,,,,,,4080.0,1,1360.0,1088.0,8.0,43.0,0.0
1040.0,2025-10-01,2049058,Bhubaneswar,ROSHAN KUMAR,THRIVENI EARTHMOVERS PVT LTD,THEJAHL0C00000493,ZX470H,,27868.0,2025-10-13 00:00:00,2025-10-21 00:00:00,1749977,MAINTENANCE,4078360,PRIMARY FUEL FILTER,1.0,1352,1352.0,0.2,1081.6,0.18,194.688,1276.288,,1,1013279445,2025-11-14 00:00:00,0.0,0.0,0.0,0.0,0.0,0.0,0.0,1014.0,0.0,0.0,0.0,0.0,,,,,,,1014.0,1,338.0,270.4000000000001,8.0,24.0,0.0
1041.0,2025-10-01,2049058,Bhubaneswar,ROSHAN KUMAR,THRIVENI EARTHMOVERS PVT LTD,THEJAHL0C00000493,ZX470H,,27868.0,2025-10-13 00:00:00,2025-10-21 00:00:00,1749977,MAINTENANCE,4616864,FUEL FILTER,1.0,2351,2351.0,0.2,1880.8,0.18,338.544,2219.344,,1,1013279445,2025-11-14 00:00:00,0.0,0.0,0.0,0.0,0.0,0.0,0.0,1763.25,0.0,0.0,0.0,0.0,,,,,,,1763.25,1,587.75,470.20000000000005,8.0,24.0,0.0
1042.0,2025-10-01,2049058,Bhubaneswar,ROSHAN KUMAR,THRIVENI EARTHMOVERS PVT LTD,THEJAHL0C00000493,ZX470H,,27868.0,2025-10-13 00:00:00,2025-10-21 00:00:00,1749977,MAINTENANCE,1209163,AIR FILTER OUTER,1.0,11828,11828.0,0.2,9462.4,0.18,1703.232,11165.632,,1,1013279802,2025-11-21 00:00:00,0.0,0.0,0.0,0.0,0.0,0.0,0.0,8871.0,0.0,0.0,0.0,0.0,,,,,,,8871.0,1,2957.0,2365.6000000000004,8.0,31.0,0.0
1043.0,2025-10-01,2049058,Bhubaneswar,ROSHAN KUMAR,THRIVENI EARTHMOVERS PVT LTD,THEJAHL0C00000493,ZX470H,,27868.0,2025-10-13 00:00:00,2025-10-21 00:00:00,1749977,MAINTENANCE,1105353,AIR FILTER INNER,1.0,6882,6882.0,0.2,5505.6,0.18,991.008,6496.608,,1,1013279802,2025-11-21 00:00:00,0.0,0.0,0.0,0.0,0.0,0.0,0.0,5146.5,0.0,0.0,0.0,0.0,,,,,,,5146.5,1,1735.5,1376.3999999999996,8.0,31.0,0.0
1044.0,2025-10-01,2049058,Bhubaneswar,ROSHAN KUMAR,THRIVENI EARTHMOVERS PVT LTD,THEJAHL0C00000493,ZX470H,,27868.0,2025-10-13 00:00:00,2025-10-21 00:00:00,1749979,PLANNING,113671-4730,FAN BELT,1.0,14327,14327.0,0.2,11461.6,0.18,2063.088,13524.688,,,,,0.0,0.0,0.0,0.0,0.0,0.0,0.0,0.0,0.0,0.0,0.0,0.0,,,,,,,0.0,0,14327.0,2865.3999999999996,8.0,,14327.0
1045.0,2025-10-01,2049136,Bhubaneswar,ROSHAN KUMAR,KHATAU LILADHAR THACKER,THEJAHL0P00000540,ZX470H,,100289789.0,2025-10-10 00:00:00,2025-10-21 00:00:00,1750024,EMERGENCY,171809,O RING,18.0,1619,29142.0,0.12,25644.96,0.18,4616.092799999999,30261.052799999998,,,,,0.0,0.0,0.0,0.0,0.0,0.0,0.0,0.0,0.0,0.0,0.0,0.0,,,,,,,0.0,0,29142.0,3497.040000000001,11.0,,29142.0
1046.0,2025-10-01,2049136,Bhubaneswar,ROSHAN KUMAR,KHATAU LILADHAR THACKER,THEJAHL0P00000540,ZX470H,,100289789.0,2025-10-10 00:00:00,2025-10-21 00:00:00,1750026,MAINTENANCE,YA00058283,ENGINE OIL FILTER,2.0,2720,5440.0,0.12,4787.2,0.18,861.6959999999999,5648.896,,2,1013278002,2025-10-10 00:00:00,0.0,0.0,0.0,0.0,0.0,0.0,4787.2,0.0,0.0,0.0,0.0,0.0,,,,,,,4787.2,1,652.8000000000002,652.8000000000002,11.0,,0.0
1047.0,2025-10-01,2049136,Bhubaneswar,ROSHAN KUMAR,KHATAU LILADHAR THACKER,THEJAHL0P00000540,ZX470H,,100289789.0,2025-10-10 00:00:00,2025-10-21 00:00:00,1750026,MAINTENANCE,4078360,PRIMARY FUEL FILTER,1.0,1352,1352.0,0.12,1189.76,0.18,214.1568,1403.9168,,1,1013278002,2025-10-10 00:00:00,0.0,0.0,0.0,0.0,0.0,0.0,1352.0,0.0,0.0,0.0,0.0,0.0,,,,,,,1352.0,1,0.0,162.24,11.0,,0.0
1048.0,2025-10-01,2049136,Bhubaneswar,ROSHAN KUMAR,KHATAU LILADHAR THACKER,THEJAHL0P00000540,ZX470H,,100289789.0,2025-10-10 00:00:00,2025-10-21 00:00:00,1750026,MAINTENANCE,4616864,FUEL FILTER,1.0,2351,2351.0,0.12,2068.88,0.18,372.3984,2441.2784,,1,1013278002,2025-10-10 00:00:00,0.0,0.0,0.0,0.0,0.0,0.0,2068.88,0.0,0.0,0.0,0.0,0.0,,,,,,,2068.88,1,282.1199999999999,282.1199999999999,11.0,,0.0
1049.0,2025-10-01,2049136,Bhubaneswar,ROSHAN KUMAR,KHATAU LILADHAR THACKER,THEJAHL0P00000540,ZX470H,,100289789.0,2025-10-10 00:00:00,2025-10-21 00:00:00,1750026,MAINTENANCE,1209163,AIR FILTER OUTER,1.0,11828,11828.0,0.12,10408.64,0.18,1873.5551999999998,12282.195199999998,,1,1013285248,2026-02-28 00:00:00,0.0,0.0,0.0,0.0,0.0,0.0,0.0,0.0,0.0,0.0,8871.0,0.0,,,,,,,8871.0,1,2957.0,1419.3600000000006,11.0,130.0,0.0
1050.0,2025-10-01,2049136,Bhubaneswar,ROSHAN KUMAR,KHATAU LILADHAR THACKER,THEJAHL0P00000540,ZX470H,,100289789.0,2025-10-10 00:00:00,2025-10-21 00:00:00,1750026,MAINTENANCE,1105353,AIR FILTER INNER,1.0,6882,6882.0,0.12,6056.16,0.18,1090.1088,7146.2688,,,,,0.0,0.0,0.0,0.0,0.0,0.0,0.0,0.0,0.0,0.0,0.0,0.0,,,,,,,0.0,0,6882.0,825.8400000000001,11.0,,6882.0
1051.0,2025-10-01,2049136,Bhubaneswar,ROSHAN KUMAR,KHATAU LILADHAR THACKER,THEJAHL0P00000540,ZX470H,,100289789.0,2025-10-10 00:00:00,2025-10-21 00:00:00,1750028,PLANNING,113671-4730,FAN BELT,1.0,14327,14327.0,0.12,12607.76,0.18,2269.3968,14877.1568,,,,,0.0,0.0,0.0,0.0,0.0,0.0,0.0,0.0,0.0,0.0,0.0,0.0,,,,,,,0.0,0,14327.0,1719.2399999999998,11.0,,14327.0
1052.0,2025-10-01,2049131,Bhubaneswar,ROSHAN KUMAR,KARO MINING & MINERALS,THEJAHL0T00000455,ZX470H,,1069028.0,2025-10-07 00:00:00,2025-10-21 00:00:00,1750061,EMERGENCY,4201993,O RING,4.0,123,492.0,0.0,492.0,0.18,88.56,580.56,,,,,0.0,0.0,0.0,0.0,0.0,0.0,0.0,0.0,0.0,0.0,0.0,0.0,,,,,,,0.0,0,492.0,0.0,14.0,,492.0
1053.0,2025-10-01,2049131,Bhubaneswar,ROSHAN KUMAR,KARO MINING & MINERALS,THEJAHL0T00000455,ZX470H,,1069028.0,2025-10-07 00:00:00,2025-10-21 00:00:00,1750061,EMERGENCY,9246436,PILOT LEVER SEAL,4.0,3052,12208.0,0.0,12208.0,0.18,2197.44,14405.44,,,,,0.0,0.0,0.0,0.0,0.0,0.0,0.0,0.0,0.0,0.0,0.0,0.0,,,,,,,0.0,0,12208.0,0.0,14.0,,12208.0
1054.0,2025-10-01,2049131,Bhubaneswar,ROSHAN KUMAR,KARO MINING & MINERALS,THEJAHL0T00000455,ZX470H,,1069028.0,2025-10-07 00:00:00,2025-10-21 00:00:00,1750061,EMERGENCY,TC04711,LOWER ROLLER,1.0,46715,46715.0,0.0,46715.0,0.18,8408.699999999999,55123.7,,,,,0.0,0.0,0.0,0.0,0.0,0.0,0.0,0.0,0.0,0.0,0.0,0.0,,,,,,,0.0,0,46715.0,0.0,14.0,,46715.0
1055.0,2025-10-01,2049131,Bhubaneswar,ROSHAN KUMAR,KARO MINING & MINERALS,THEJAHL0T00000455,ZX470H,,1069028.0,2025-10-07 00:00:00,2025-10-21 00:00:00,1750063,MAINTENANCE,YA00058283,ENGINE OIL FILTER,2.0,2720,5440.0,0.0,5440.0,0.18,979.1999999999999,6419.2,,2,1013278690,2025-10-28 00:00:00,0.0,0.0,0.0,0.0,0.0,0.0,5440.0,0.0,0.0,0.0,0.0,0.0,,,,,,,5440.0,1,0.0,0.0,14.0,7.0,0.0
1056.0,2025-10-01,2049131,Bhubaneswar,ROSHAN KUMAR,KARO MINING & MINERALS,THEJAHL0T00000455,ZX470H,,1069028.0,2025-10-07 00:00:00,2025-10-21 00:00:00,1750063,MAINTENANCE,4078360,PRIMARY FUEL FILTER,1.0,1352,1352.0,0.0,1352.0,0.18,243.35999999999999,1595.36,,1,1013278690,2025-10-28 00:00:00,0.0,0.0,0.0,0.0,0.0,0.0,1352.0,0.0,0.0,0.0,0.0,0.0,,,,,,,1352.0,1,0.0,0.0,14.0,7.0,0.0
1057.0,2025-10-01,2049131,Bhubaneswar,ROSHAN KUMAR,KARO MINING & MINERALS,THEJAHL0T00000455,ZX470H,,1069028.0,2025-10-07 00:00:00,2025-10-21 00:00:00,1750063,MAINTENANCE,4616864,FUEL FILTER,1.0,2351,2351.0,0.0,2351.0,0.18,423.18,2774.18,,1,1013278690,2025-10-28 00:00:00,0.0,0.0,0.0,0.0,0.0,0.0,2351.0,0.0,0.0,0.0,0.0,0.0,,,,,,,2351.0,1,0.0,0.0,14.0,7.0,0.0
1058.0,2025-10-01,2049131,Bhubaneswar,ROSHAN KUMAR,KARO MINING & MINERALS,THEJAHL0T00000455,ZX470H,,1069028.0,2025-10-07 00:00:00,2025-10-21 00:00:00,1750063,MAINTENANCE,1209163,AIR FILTER OUTER,1.0,11828,11828.0,0.0,11828.0,0.18,2129.04,13957.04,,1,1013278690,2025-10-28 00:00:00,0.0,0.0,0.0,0.0,0.0,0.0,11828.0,0.0,0.0,0.0,0.0,0.0,,,,,,,11828.0,1,0.0,0.0,14.0,7.0,0.0
1059.0,2025-10-01,2049131,Bhubaneswar,ROSHAN KUMAR,KARO MINING & MINERALS,THEJAHL0T00000455,ZX470H,,1069028.0,2025-10-07 00:00:00,2025-10-21 00:00:00,1750063,MAINTENANCE,1105353,AIR FILTER INNER,1.0,6882,6882.0,0.0,6882.0,0.18,1238.76,8120.76,,,,,0.0,0.0,0.0,0.0,0.0,0.0,0.0,0.0,0.0,0.0,0.0,0.0,,,,,,,0.0,0,6882.0,0.0,14.0,,6882.0
1060.0,2025-10-01,2049131,Bhubaneswar,ROSHAN KUMAR,KARO MINING & MINERALS,THEJAHL0T00000455,ZX470H,,1069028.0,2025-10-07 00:00:00,2025-10-21 00:00:00,1750065,PLANNING,113671-4730,FAN BELT,1.0,14327,14327.0,0.0,14327.0,0.18,2578.86,16905.86,,,,,0.0,0.0,0.0,0.0,0.0,0.0,0.0,0.0,0.0,0.0,0.0,0.0,,,,,,,0.0,0,14327.0,0.0,14.0,,14327.0
1061.0,2025-10-01,2049053,Bhubaneswar,ROSHAN KUMAR,THRIVENI EARTHMOVERS PVT LTD,THEJAHL0L00000563,ZX470H,,27868.0,2025-10-21 00:00:00,2025-10-24 00:00:00,1752717,EMERGENCY,98000-7882,HOSE,1.0,8117,8117.0,0.2,6493.6,0.18,1168.848,7662.448,,,,,0.0,0.0,0.0,0.0,0.0,0.0,0.0,0.0,0.0,0.0,0.0,0.0,,,,,,,0.0,0,8117.0,1623.3999999999996,3.0,,8117.0
1062.0,2025-10-01,2049053,Bhubaneswar,ROSHAN KUMAR,THRIVENI EARTHMOVERS PVT LTD,THEJAHL0L00000563,ZX470H,,27868.0,2025-10-21 00:00:00,2025-10-24 00:00:00,1752801,MAINTENANCE,YA00058283,ENGINE OIL FILTER,2.0,2720,5440.0,0.2,4352.0,0.18,783.36,5135.36,,2,1013280450,2025-12-03 00:00:00,0.0,0.0,0.0,0.0,0.0,0.0,0.0,0.0,4080.0,0.0,0.0,0.0,,,,,,,4080.0,1,1360.0,1088.0,3.0,40.0,0.0
1063.0,2025-10-01,2049053,Bhubaneswar,ROSHAN KUMAR,THRIVENI EARTHMOVERS PVT LTD,THEJAHL0L00000563,ZX470H,,27868.0,2025-10-21 00:00:00,2025-10-24 00:00:00,1752801,MAINTENANCE,4078360,PRIMARY FUEL FILTER,1.0,1352,1352.0,0.2,1081.6,0.18,194.688,1276.288,,1,1013279802,2025-11-21 00:00:00,0.0,0.0,0.0,0.0,0.0,0.0,0.0,1014.0,0.0,0.0,0.0,0.0,,,,,,,1014.0,1,338.0,270.4000000000001,3.0,28.0,0.0
1064.0,2025-10-01,2049053,Bhubaneswar,ROSHAN KUMAR,THRIVENI EARTHMOVERS PVT LTD,THEJAHL0L00000563,ZX470H,,27868.0,2025-10-21 00:00:00,2025-10-24 00:00:00,1752801,MAINTENANCE,4616864,FUEL FILTER,1.0,2351,2351.0,0.2,1880.8,0.18,338.544,2219.344,,1,1013279445,2025-11-14 00:00:00,0.0,0.0,0.0,0.0,0.0,0.0,0.0,1763.25,0.0,0.0,0.0,0.0,,,,,,,1763.25,1,587.75,470.20000000000005,3.0,21.0,0.0
1065.0,2025-10-01,2049053,Bhubaneswar,ROSHAN KUMAR,THRIVENI EARTHMOVERS PVT LTD,THEJAHL0L00000563,ZX470H,,27868.0,2025-10-21 00:00:00,2025-10-24 00:00:00,1752801,MAINTENANCE,1209163,AIR FILTER OUTER,1.0,11828,11828.0,0.2,9462.4,0.18,1703.232,11165.632,,1,1013279802,2025-11-21 00:00:00,0.0,0.0,0.0,0.0,0.0,0.0,0.0,8871.0,0.0,0.0,0.0,0.0,,,,,,,8871.0,1,2957.0,2365.6000000000004,3.0,28.0,0.0
1066.0,2025-10-01,2049053,Bhubaneswar,ROSHAN KUMAR,THRIVENI EARTHMOVERS PVT LTD,THEJAHL0L00000563,ZX470H,,27868.0,2025-10-21 00:00:00,2025-10-24 00:00:00,1752801,MAINTENANCE,1105353,AIR FILTER INNER,1.0,6882,6882.0,0.2,5505.6,0.18,991.008,6496.608,,1,1013279802,2025-11-21 00:00:00,0.0,0.0,0.0,0.0,0.0,0.0,0.0,5146.5,0.0,0.0,0.0,0.0,,,,,,,5146.5,1,1735.5,1376.3999999999996,3.0,28.0,0.0
1067.0,2025-10-01,2049053,Bhubaneswar,ROSHAN KUMAR,THRIVENI EARTHMOVERS PVT LTD,THEJAHL0L00000563,ZX470H,,27868.0,2025-10-21 00:00:00,2025-10-24 00:00:00,1752805,PLANNING,113671-4730,FAN BELT,1.0,14327,14327.0,0.2,11461.6,0.18,2063.088,13524.688,,,,,0.0,0.0,0.0,0.0,0.0,0.0,0.0,0.0,0.0,0.0,0.0,0.0,,,,,,,0.0,0,14327.0,2865.3999999999996,3.0,,14327.0
1068.0,2025-10-01,2049054,Bhubaneswar,BIKASH MISTRY,THRIVENI EARTHMOVERS PVT LTD,THEJAHL0H00000564,ZX470H,,27868.0,2025-10-18 00:00:00,2025-10-25 00:00:00,1754692,EMERGENCY,XB00000983,HANDLE,1.0,3988,3988.0,0.2,3190.4,0.18,574.272,3764.672,,1,1013278604,2025-10-25 00:00:00,0.0,0.0,0.0,0.0,0.0,0.0,3190.4,0.0,0.0,0.0,0.0,0.0,,,,,,,3190.4,1,797.5999999999999,797.5999999999999,7.0,0.0,0.0
1069.0,2025-10-01,2049054,Bhubaneswar,BIKASH MISTRY,THRIVENI EARTHMOVERS PVT LTD,THEJAHL0H00000564,ZX470H,,27868.0,2025-10-18 00:00:00,2025-10-25 00:00:00,1754692,EMERGENCY,XB00000992,DOOR LOCK,1.0,11462,11462.0,0.2,9169.6,0.18,1650.528,10820.128,,1,1013278604,2025-10-25 00:00:00,0.0,0.0,0.0,0.0,0.0,0.0,9169.6,0.0,0.0,0.0,0.0,0.0,,,,,,,9169.6,1,2292.3999999999996,2292.3999999999996,7.0,0.0,0.0
1070.0,2025-10-01,2049054,Bhubaneswar,BIKASH MISTRY,THRIVENI EARTHMOVERS PVT LTD,THEJAHL0H00000564,ZX470H,,27868.0,2025-10-18 00:00:00,2025-10-25 00:00:00,1754692,EMERGENCY,4665490,GRIP,1.0,1326,1326.0,0.2,1060.8,0.18,190.944,1251.744,,1,1013278604,2025-10-25 00:00:00,0.0,0.0,0.0,0.0,0.0,0.0,1060.8,0.0,0.0,0.0,0.0,0.0,,,,,,,1060.8,1,265.20000000000005,265.20000000000005,7.0,0.0,0.0
1071.0,2025-10-01,2049054,Bhubaneswar,BIKASH MISTRY,THRIVENI EARTHMOVERS PVT LTD,THEJAHL0H00000564,ZX470H,,27868.0,2025-10-18 00:00:00,2025-10-25 00:00:00,1754694,MAINTENANCE,4078360,PRIMARY FUEL FILTER,2.0,1352,2704.0,0.2,2163.2,0.18,389.376,2552.576,,2,1013279445,2025-11-14 00:00:00,0.0,0.0,0.0,0.0,0.0,0.0,0.0,2028.0,0.0,0.0,0.0,0.0,,,,,,,2028.0,1,676.0,540.8000000000002,7.0,20.0,0.0
1072.0,2025-10-01,2049054,Bhubaneswar,BIKASH MISTRY,THRIVENI EARTHMOVERS PVT LTD,THEJAHL0H00000564,ZX470H,,27868.0,2025-10-18 00:00:00,2025-10-25 00:00:00,1754694,MAINTENANCE,4616864,FUEL FILTER,2.0,2351,4702.0,0.2,3761.6,0.18,677.088,4438.688,,2,1013279802,2025-11-21 00:00:00,0.0,0.0,0.0,0.0,0.0,0.0,0.0,3526.5,0.0,0.0,0.0,0.0,,,,,,,3526.5,1,1175.5,940.4000000000001,7.0,27.0,0.0
1073.0,2025-10-01,2049054,Bhubaneswar,BIKASH MISTRY,THRIVENI EARTHMOVERS PVT LTD,THEJAHL0H00000564,ZX470H,,27868.0,2025-10-18 00:00:00,2025-10-25 00:00:00,1754694,MAINTENANCE,1209163,AIR FILTER OUTER,1.0,11828,11828.0,0.2,9462.4,0.18,1703.232,11165.632,,1,1013279802,2025-11-21 00:00:00,0.0,0.0,0.0,0.0,0.0,0.0,0.0,8871.0,0.0,0.0,0.0,0.0,,,,,,,8871.0,1,2957.0,2365.6000000000004,7.0,27.0,0.0
1074.0,2025-10-01,2049054,Bhubaneswar,BIKASH MISTRY,THRIVENI EARTHMOVERS PVT LTD,THEJAHL0H00000564,ZX470H,,27868.0,2025-10-18 00:00:00,2025-10-25 00:00:00,1754694,MAINTENANCE,1105353,AIR FILTER INNER,1.0,6862,6862.0,0.2,5489.6,0.18,988.128,6477.728,,1,1013279802,2025-11-21 00:00:00,0.0,0.0,0.0,0.0,0.0,0.0,0.0,5146.5,0.0,0.0,0.0,0.0,,,,,,,5146.5,1,1715.5,1372.3999999999996,7.0,27.0,0.0
1075.0,2025-10-01,2049054,Bhubaneswar,BIKASH MISTRY,THRIVENI EARTHMOVERS PVT LTD,THEJAHL0H00000564,ZX470H,,27868.0,2025-10-18 00:00:00,2025-10-25 00:00:00,1754694,MAINTENANCE,4437838,AIR BREATHER FILTER,1.0,1695,1695.0,0.2,1356.0,0.18,244.07999999999998,1600.08,,1,1013282392,2026-01-09 00:00:00,0.0,0.0,0.0,0.0,0.0,0.0,0.0,0.0,0.0,1271.25,0.0,0.0,,,,,,,1271.25,1,423.75,339.0,7.0,76.0,0.0
1076.0,2025-10-01,2049054,Bhubaneswar,BIKASH MISTRY,THRIVENI EARTHMOVERS PVT LTD,THEJAHL0H00000564,ZX470H,,27868.0,2025-10-18 00:00:00,2025-10-25 00:00:00,1754694,MAINTENANCE,4654745,HYDRAULIC TANK FILTER,1.0,11801,11801.0,0.2,9440.8,0.18,1699.3439999999998,11140.143999999998,,1,1013279802,2025-11-21 00:00:00,0.0,0.0,0.0,0.0,0.0,0.0,0.0,8850.75,0.0,0.0,0.0,0.0,,,,,,,8850.75,1,2950.25,2360.2000000000007,7.0,27.0,0.0
1077.0,2025-10-01,2049054,Bhubaneswar,BIKASH MISTRY,THRIVENI EARTHMOVERS PVT LTD,THEJAHL0H00000564,ZX470H,,27868.0,2025-10-18 00:00:00,2025-10-25 00:00:00,1754694,MAINTENANCE,4363399,PUMP DRAIN FILTER,1.0,4349,4349.0,0.2,3479.2,0.18,626.256,4105.456,,1,1013280524,2025-12-04 00:00:00,0.0,0.0,0.0,0.0,0.0,0.0,0.0,0.0,3261.75,0.0,0.0,0.0,,,,,,,3261.75,1,1087.25,869.8000000000002,7.0,40.0,0.0
1078.0,2025-10-01,2049054,Bhubaneswar,BIKASH MISTRY,THRIVENI EARTHMOVERS PVT LTD,THEJAHL0H00000564,ZX470H,,27868.0,2025-10-18 00:00:00,2025-10-25 00:00:00,1754694,MAINTENANCE,4317008,HYD SECTION FILTER,1.0,17391,17391.0,0.2,13912.8,0.18,2504.3039999999996,16417.104,,,,,0.0,0.0,0.0,0.0,0.0,0.0,0.0,0.0,0.0,0.0,0.0,0.0,,,,,,,0.0,0,17391.0,3478.2000000000007,7.0,,17391.0
1079.0,2025-10-01,2049054,Bhubaneswar,BIKASH MISTRY,THRIVENI EARTHMOVERS PVT LTD,THEJAHL0H00000564,ZX470H,,27868.0,2025-10-18 00:00:00,2025-10-25 00:00:00,1754694,MAINTENANCE,4630525,PILOT FILTER,1.0,3046,3046.0,0.2,2436.8,0.18,438.624,2875.424,,1,1013279802,2025-11-21 00:00:00,0.0,0.0,0.0,0.0,0.0,0.0,0.0,2284.5,0.0,0.0,0.0,0.0,,,,,,,2284.5,1,761.5,609.1999999999998,7.0,27.0,0.0
1080.0,2025-10-01,2049054,Bhubaneswar,BIKASH MISTRY,THRIVENI EARTHMOVERS PVT LTD,THEJAHL0H00000564,ZX470H,,27868.0,2025-10-18 00:00:00,2025-10-25 00:00:00,1754694,MAINTENANCE,4632689,CIRCULATING AIR FILTER AC,1.0,3848,3848.0,0.2,3078.4,0.18,554.112,3632.512,,,,,0.0,0.0,0.0,0.0,0.0,0.0,0.0,0.0,0.0,0.0,0.0,0.0,,,,,,,0.0,0,3848.0,769.5999999999999,7.0,,3848.0
1081.0,2025-10-01,2049054,Bhubaneswar,BIKASH MISTRY,THRIVENI EARTHMOVERS PVT LTD,THEJAHL0H00000564,ZX470H,,27868.0,2025-10-18 00:00:00,2025-10-25 00:00:00,1754695,PLANNING,4612763,AC BELT,1.0,8559,8559.0,0.2,6847.2,0.18,1232.4959999999999,8079.696,,,,,0.0,0.0,0.0,0.0,0.0,0.0,0.0,0.0,0.0,0.0,0.0,0.0,,,,,,,0.0,0,8559.0,1711.8000000000002,7.0,,8559.0
1082.0,2025-10-01,2049057,Bhubaneswar,NIRANJAN DAS,DHILLON CONSTRUCTION PVT LTD,THEJAHL0V00000088,ZX470H,,1006467.0,2025-10-16 00:00:00,2025-10-18 00:00:00,1749531,EMERGENCY,171809,O RING,18.0,1619,29142.0,0.1,26227.8,0.18,4721.004,30948.804,,,,,0.0,0.0,0.0,0.0,0.0,0.0,0.0,0.0,0.0,0.0,0.0,0.0,,,,,,,0.0,0,29142.0,2914.2000000000007,2.0,,29142.0
1083.0,2025-10-01,2049057,Bhubaneswar,NIRANJAN DAS,DHILLON CONSTRUCTION PVT LTD,THEJAHL0V00000088,ZX470H,,1006467.0,2025-10-16 00:00:00,2025-10-18 00:00:00,1749531,EMERGENCY,4201993,O RING,4.0,123,492.0,0.1,442.8,0.18,79.704,522.504,,,,,0.0,0.0,0.0,0.0,0.0,0.0,0.0,0.0,0.0,0.0,0.0,0.0,,,,,,,0.0,0,492.0,49.19999999999999,2.0,,492.0
1084.0,2025-10-01,2049057,Bhubaneswar,NIRANJAN DAS,DHILLON CONSTRUCTION PVT LTD,THEJAHL0V00000088,ZX470H,,1006467.0,2025-10-16 00:00:00,2025-10-18 00:00:00,1749531,EMERGENCY,9246436,PILOT LEVER SEAL,4.0,3052,12208.0,0.1,10987.2,0.18,1977.6960000000001,12964.896,,,,,0.0,0.0,0.0,0.0,0.0,0.0,0.0,0.0,0.0,0.0,0.0,0.0,,,,,,,0.0,0,12208.0,1220.7999999999993,2.0,,12208.0
1085.0,2025-10-01,2049057,Bhubaneswar,NIRANJAN DAS,DHILLON CONSTRUCTION PVT LTD,THEJAHL0V00000088,ZX470H,,1006467.0,2025-10-16 00:00:00,2025-10-18 00:00:00,1749531,EMERGENCY,898000-7882,HOSE,1.0,8117,8117.0,0.1,7305.3,0.18,1314.954,8620.254,,,,,0.0,0.0,0.0,0.0,0.0,0.0,0.0,0.0,0.0,0.0,0.0,0.0,,,,,,,0.0,0,8117.0,811.6999999999998,2.0,,8117.0
1086.0,2025-10-01,2049057,Bhubaneswar,NIRANJAN DAS,DHILLON CONSTRUCTION PVT LTD,THEJAHL0V00000088,ZX470H,,1006467.0,2025-10-16 00:00:00,2025-10-18 00:00:00,1749531,EMERGENCY,682502,O RING,1.0,1615,1615.0,0.1,1453.5,0.18,261.63,1715.13,,,,,0.0,0.0,0.0,0.0,0.0,0.0,0.0,0.0,0.0,0.0,0.0,0.0,,,,,,,0.0,0,1615.0,161.5,2.0,,1615.0
1087.0,2025-10-01,2049057,Bhubaneswar,NIRANJAN DAS,DHILLON CONSTRUCTION PVT LTD,THEJAHL0V00000088,ZX470H,,1006467.0,2025-10-16 00:00:00,2025-10-18 00:00:00,1749531,EMERGENCY,443803,O RING,2.0,398,796.0,0.1,716.4,0.18,128.952,845.352,,,,,0.0,0.0,0.0,0.0,0.0,0.0,0.0,0.0,0.0,0.0,0.0,0.0,,,,,,,0.0,0,796.0,79.60000000000002,2.0,,796.0
1088.0,2025-10-01,2049057,Bhubaneswar,NIRANJAN DAS,DHILLON CONSTRUCTION PVT LTD,THEJAHL0V00000088,ZX470H,,1006467.0,2025-10-16 00:00:00,2025-10-18 00:00:00,1749534,MAINTENANCE,YA00058283,ENGINE OIL FILTER,2.0,2720,5440.0,0.1,4896.0,0.18,881.28,5777.28,,2,1013278519,2025-10-24 00:00:00,0.0,0.0,0.0,0.0,0.0,0.0,4896.0,0.0,0.0,0.0,0.0,0.0,,,,,,,4896.0,1,544.0,544.0,2.0,6.0,0.0
1089.0,2025-10-01,2049057,Bhubaneswar,NIRANJAN DAS,DHILLON CONSTRUCTION PVT LTD,THEJAHL0V00000088,ZX470H,,1006467.0,2025-10-16 00:00:00,2025-10-18 00:00:00,1749534,MAINTENANCE,4078360,PRIMARY FUEL FILTER,1.0,1352,1352.0,0.1,1216.8,0.18,219.02399999999997,1435.8239999999998,,1,1013285248,2026-02-28 00:00:00,0.0,0.0,0.0,0.0,0.0,0.0,0.0,0.0,0.0,0.0,1014.0,0.0,,,,,,,1014.0,1,338.0,135.20000000000005,2.0,133.0,0.0
1090.0,2025-10-01,2049057,Bhubaneswar,NIRANJAN DAS,DHILLON CONSTRUCTION PVT LTD,THEJAHL0V00000088,ZX470H,,1006467.0,2025-10-16 00:00:00,2025-10-18 00:00:00,1749534,MAINTENANCE,4616864,FUEL FILTER,1.0,2351,2351.0,0.1,2115.9,0.18,380.862,2496.762,,1,1013285248,2026-02-28 00:00:00,0.0,0.0,0.0,0.0,0.0,0.0,0.0,0.0,0.0,0.0,1763.5,0.0,,,,,,,1763.5,1,587.5,235.0999999999999,2.0,133.0,0.0
1091.0,2025-10-01,2049057,Bhubaneswar,NIRANJAN DAS,DHILLON CONSTRUCTION PVT LTD,THEJAHL0V00000088,ZX470H,,1006467.0,2025-10-16 00:00:00,2025-10-18 00:00:00,1749534,MAINTENANCE,1209163,AIR FILTER OUTER,1.0,11828,11828.0,0.1,10645.2,0.18,1916.136,12561.336000000001,,1,1013285248,2026-02-28 00:00:00,0.0,0.0,0.0,0.0,0.0,0.0,0.0,0.0,0.0,0.0,8871.0,0.0,,,,,,,8871.0,1,2957.0,1182.7999999999993,2.0,133.0,0.0
1092.0,2025-10-01,2049057,Bhubaneswar,NIRANJAN DAS,DHILLON CONSTRUCTION PVT LTD,THEJAHL0V00000088,ZX470H,,1006467.0,2025-10-16 00:00:00,2025-10-18 00:00:00,1749534,MAINTENANCE,1105353,AIR FILTER INNER,1.0,6882,6882.0,0.1,6193.8,0.18,1114.884,7308.684,,,,,0.0,0.0,0.0,0.0,0.0,0.0,0.0,0.0,0.0,0.0,0.0,0.0,,,,,,,0.0,0,6882.0,688.1999999999998,2.0,,6882.0
1093.0,2025-10-01,2049057,Bhubaneswar,NIRANJAN DAS,DHILLON CONSTRUCTION PVT LTD,THEJAHL0V00000088,ZX470H,,1006467.0,2025-10-16 00:00:00,2025-10-18 00:00:00,1749538,PLANNING,113671-4730,FAN BELT,1.0,14327,14327.0,0.1,12894.3,0.18,2320.9739999999997,15215.274,,,,,0.0,0.0,0.0,0.0,0.0,0.0,0.0,0.0,0.0,0.0,0.0,0.0,,,,,,,0.0,0,14327.0,1432.7000000000007,2.0,,14327.0
1094.0,2025-10-01,2049135,Bhubaneswar,BIKASH MISTRY,SHRI JAGANNATH STEEL & POWER LTD,THEJAHL0J00000489,ZX470H,,110703.0,2025-10-15 00:00:00,2025-10-25 00:00:00,1754663,EMERGENCY,113671-4730,FAN BELT,1.0,6358,6358.0,0.0,6358.0,0.18,1144.44,7502.4400000000005,,,,,0.0,0.0,0.0,0.0,0.0,0.0,0.0,0.0,0.0,0.0,0.0,0.0,,,,,,,0.0,0,6358.0,0.0,10.0,,6358.0
1095.0,2025-10-01,2049135,Bhubaneswar,BIKASH MISTRY,SHRI JAGANNATH STEEL & POWER LTD,THEJAHL0J00000489,ZX470H,,110703.0,2025-10-15 00:00:00,2025-10-25 00:00:00,1754663,EMERGENCY,181222-1362,FAN PULLY,1.0,18815,18815.0,0.0,18815.0,0.18,3386.7,22201.7,,,,,0.0,0.0,0.0,0.0,0.0,0.0,0.0,0.0,0.0,0.0,0.0,0.0,,,,,,,0.0,0,18815.0,0.0,10.0,,18815.0
1096.0,2025-10-01,2049135,Bhubaneswar,BIKASH MISTRY,SHRI JAGANNATH STEEL & POWER LTD,THEJAHL0J00000489,ZX470H,,110703.0,2025-10-15 00:00:00,2025-10-25 00:00:00,1754663,EMERGENCY,4205476,COVER; RUBBER,5.0,17723,88615.0,0.0,88615.0,0.18,15950.699999999999,104565.7,,5,1013278397,2025-10-21 00:00:00,0.0,0.0,0.0,0.0,0.0,0.0,70892.0,0.0,0.0,0.0,0.0,0.0,,,,,,,70892.0,1,17723.0,0.0,10.0,,0.0
1097.0,2025-10-01,2049135,Bhubaneswar,BIKASH MISTRY,SHRI JAGANNATH STEEL & POWER LTD,THEJAHL0J00000489,ZX470H,,110703.0,2025-10-15 00:00:00,2025-10-25 00:00:00,1754663,EMERGENCY,4251212,DUST SEAL,10.0,3469,34690.0,0.0,34690.0,0.18,6244.2,40934.2,,8,1013278397,2025-10-21 00:00:00,0.0,0.0,0.0,0.0,0.0,0.0,22201.6,0.0,0.0,0.0,0.0,0.0,,,,,,,22201.6,1,12488.400000000001,0.0,10.0,,0.0
1098.0,2025-10-01,2049135,Bhubaneswar,BIKASH MISTRY,SHRI JAGANNATH STEEL & POWER LTD,THEJAHL0J00000489,ZX470H,,110703.0,2025-10-15 00:00:00,2025-10-25 00:00:00,1754663,EMERGENCY,4089028,O RING,10.0,1005,10050.0,0.0,10050.0,0.18,1809.0,11859.0,,,,,0.0,0.0,0.0,0.0,0.0,0.0,0.0,0.0,0.0,0.0,0.0,0.0,,,,,,,0.0,0,10050.0,0.0,10.0,,10050.0
1099.0,2025-10-01,2049135,Bhubaneswar,BIKASH MISTRY,SHRI JAGANNATH STEEL & POWER LTD,THEJAHL0J00000489,ZX470H,,110703.0,2025-10-15 00:00:00,2025-10-25 00:00:00,1754663,EMERGENCY,4487586,O RING,4.0,3825,15300.0,0.0,15300.0,0.18,2754.0,18054.0,,4,1013278397,2025-10-21 00:00:00,0.0,0.0,0.0,0.0,0.0,0.0,12240.0,0.0,0.0,0.0,0.0,0.0,,,,,,,12240.0,1,3060.0,0.0,10.0,,0.0
1100.0,2025-10-01,2049135,Bhubaneswar,BIKASH MISTRY,SHRI JAGANNATH STEEL & POWER LTD,THEJAHL0J00000489,ZX470H,,110703.0,2025-10-15 00:00:00,2025-10-25 00:00:00,1754663,EMERGENCY,4487692,O RING,4.0,3169,12676.0,0.0,12676.0,0.18,2281.68,14957.68,,4,1013282828,2026-01-17 00:00:00,0.0,0.0,0.0,0.0,0.0,0.0,0.0,0.0,0.0,10140.8,0.0,0.0,,,,,,,10140.8,1,2535.2000000000007,0.0,10.0,84.0,0.0
1101.0,2025-10-01,2049135,Bhubaneswar,BIKASH MISTRY,SHRI JAGANNATH STEEL & POWER LTD,THEJAHL0J00000489,ZX470H,,110703.0,2025-10-15 00:00:00,2025-10-25 00:00:00,1754665,MAINTENANCE,YA00058283,ENGINE OIL FILTER,4.0,2720,10880.0,0.0,10880.0,0.18,1958.3999999999999,12838.4,,4,1013278417,2025-10-22 00:00:00,0.0,0.0,0.0,0.0,0.0,0.0,8704.0,0.0,0.0,0.0,0.0,0.0,,,,,,,8704.0,1,2176.0,0.0,10.0,,0.0
1102.0,2025-10-01,2049135,Bhubaneswar,BIKASH MISTRY,SHRI JAGANNATH STEEL & POWER LTD,THEJAHL0J00000489,ZX470H,,110703.0,2025-10-15 00:00:00,2025-10-25 00:00:00,1754665,MAINTENANCE,1105353,AIR FILTER INNER,1.0,6862,6862.0,0.0,6862.0,0.18,1235.1599999999999,8097.16,,1,1013280498,2025-12-03 00:00:00,0.0,0.0,0.0,0.0,0.0,0.0,0.0,0.0,5146.5,0.0,0.0,0.0,,,,,,,5146.5,1,1715.5,0.0,10.0,39.0,0.0
1103.0,2025-10-01,2049135,Bhubaneswar,BIKASH MISTRY,SHRI JAGANNATH STEEL & POWER LTD,THEJAHL0J00000489,ZX470H,,110703.0,2025-10-15 00:00:00,2025-10-25 00:00:00,1754665,MAINTENANCE,1209163,AIR FILTER OUTER,1.0,11828,11828.0,0.0,11828.0,0.18,2129.04,13957.04,,1,1013280937,2025-12-12 00:00:00,0.0,0.0,0.0,0.0,0.0,0.0,0.0,0.0,8871.0,0.0,0.0,0.0,,,,,,,8871.0,1,2957.0,0.0,10.0,48.0,0.0
1104.0,2025-10-01,2049135,Bhubaneswar,BIKASH MISTRY,SHRI JAGANNATH STEEL & POWER LTD,THEJAHL0J00000489,ZX470H,,110703.0,2025-10-15 00:00:00,2025-10-25 00:00:00,1754665,MAINTENANCE,4654745,HYDRAULIC TANK FILTER,1.0,11801,11801.0,0.0,11801.0,0.18,2124.18,13925.18,,,,,0.0,0.0,0.0,0.0,0.0,0.0,0.0,0.0,0.0,0.0,0.0,0.0,,,,,,,0.0,0,11801.0,0.0,10.0,,11801.0
1105.0,2025-10-01,2049135,Bhubaneswar,BIKASH MISTRY,SHRI JAGANNATH STEEL & POWER LTD,THEJAHL0J00000489,ZX470H,,110703.0,2025-10-15 00:00:00,2025-10-25 00:00:00,1754665,MAINTENANCE,4317008,HYD SUCTION FILTER,1.0,17391,17391.0,0.0,17391.0,0.18,3130.38,20521.38,,,,,0.0,0.0,0.0,0.0,0.0,0.0,0.0,0.0,0.0,0.0,0.0,0.0,,,,,,,0.0,0,17391.0,0.0,10.0,,17391.0
1106.0,2025-10-01,2049135,Bhubaneswar,BIKASH MISTRY,SHRI JAGANNATH STEEL & POWER LTD,THEJAHL0J00000489,ZX470H,,110703.0,2025-10-15 00:00:00,2025-10-25 00:00:00,1754665,MAINTENANCE,4630525,PILOT FILTER,1.0,3046,3046.0,0.0,3046.0,0.18,548.28,3594.2799999999997,,1,1013282792,2026-01-16 00:00:00,0.0,0.0,0.0,0.0,0.0,0.0,0.0,0.0,0.0,2284.5,0.0,0.0,,,,,,,2284.5,1,761.5,0.0,10.0,83.0,0.0
1107.0,2025-10-01,2049135,Bhubaneswar,BIKASH MISTRY,SHRI JAGANNATH STEEL & POWER LTD,THEJAHL0J00000489,ZX470H,,110703.0,2025-10-15 00:00:00,2025-10-25 00:00:00,1754665,MAINTENANCE,YA00032683,AC FILTER,1.0,3883,3883.0,0.0,3883.0,0.18,698.9399999999999,4581.94,,1,1013278391,2025-10-21 00:00:00,0.0,0.0,0.0,0.0,0.0,0.0,3106.4,0.0,0.0,0.0,0.0,0.0,,,,,,,3106.4,1,776.5999999999999,0.0,10.0,,0.0
1108.0,2025-10-01,2049135,Bhubaneswar,BIKASH MISTRY,SHRI JAGANNATH STEEL & POWER LTD,THEJAHL0J00000489,ZX470H,,110703.0,2025-10-15 00:00:00,2025-10-25 00:00:00,1754665,MAINTENANCE,YA00001490,AC FILTER,1.0,4607,4607.0,0.0,4607.0,0.18,829.26,5436.26,,1,1013280499,2025-12-03 00:00:00,0.0,0.0,0.0,0.0,0.0,0.0,0.0,0.0,3166.4,0.0,0.0,0.0,,,,,,,3166.4,1,1440.6,0.0,10.0,39.0,0.0
1109.0,2025-10-01,2049135,Bhubaneswar,BIKASH MISTRY,SHRI JAGANNATH STEEL & POWER LTD,THEJAHL0J00000489,ZX470H,,110703.0,2025-10-15 00:00:00,2025-10-25 00:00:00,1754665,MAINTENANCE,4363399,PUMP DRAIN FILTER,1.0,4349,4349.0,0.0,4349.0,0.18,782.8199999999999,5131.82,,1,1013279542,2025-11-17 00:00:00,0.0,0.0,0.0,0.0,0.0,0.0,0.0,3261.75,0.0,0.0,0.0,0.0,,,,,,,3261.75,1,1087.25,0.0,10.0,23.0,0.0
1110.0,2025-10-01,2049135,Bhubaneswar,BIKASH MISTRY,SHRI JAGANNATH STEEL & POWER LTD,THEJAHL0J00000489,ZX470H,,110703.0,2025-10-15 00:00:00,2025-10-25 00:00:00,1754665,MAINTENANCE,4078360,PRIMARY FUEL FILTER,2.0,1352,2704.0,0.0,2704.0,0.18,486.71999999999997,3190.72,,2,1013278391,2025-10-21 00:00:00,0.0,0.0,0.0,0.0,0.0,0.0,2163.2,0.0,0.0,0.0,0.0,0.0,,,,,,,2163.2,1,540.8000000000002,0.0,10.0,,0.0
1111.0,2025-10-01,2049135,Bhubaneswar,BIKASH MISTRY,SHRI JAGANNATH STEEL & POWER LTD,THEJAHL0J00000489,ZX470H,,110703.0,2025-10-15 00:00:00,2025-10-25 00:00:00,1754665,MAINTENANCE,4616864,FUEL FILTER,2.0,2351,4702.0,0.0,4702.0,0.18,846.36,5548.36,,2,1013278391,2025-10-21 00:00:00,0.0,0.0,0.0,0.0,0.0,0.0,3761.6,0.0,0.0,0.0,0.0,0.0,,,,,,,3761.6,1,940.4000000000001,0.0,10.0,,0.0
1112.0,2025-10-01,2049135,Bhubaneswar,BIKASH MISTRY,SHRI JAGANNATH STEEL & POWER LTD,THEJAHL0J00000489,ZX470H,,110703.0,2025-10-15 00:00:00,2025-10-25 00:00:00,1754665,MAINTENANCE,4437838,AIR BREATHER FILTER,1.0,1695,1695.0,0.0,1695.0,0.18,305.09999999999997,2000.1,,1,1013280739,2025-12-12 00:00:00,0.0,0.0,0.0,0.0,0.0,0.0,0.0,0.0,1271.25,0.0,0.0,0.0,,,,,,,1271.25,1,423.75,0.0,10.0,48.0,0.0
1113.0,2025-10-01,2049135,Bhubaneswar,BIKASH MISTRY,SHRI JAGANNATH STEEL & POWER LTD,THEJAHL0J00000489,ZX470H,,110703.0,2025-10-15 00:00:00,2025-10-25 00:00:00,1754665,PLANNING,4612763,AC BELT,1.0,8559,8559.0,0.0,8559.0,0.18,1540.62,10099.619999999999,,,,,0.0,0.0,0.0,0.0,0.0,0.0,0.0,0.0,0.0,0.0,0.0,0.0,,,,,,,0.0,0,8559.0,0.0,10.0,,8559.0
1114.0,2025-11-01,2049134,Bhubaneswar,BIKASH MISTRY,THRIVENI EARTHMOVERS PVT LTD,THEJAHL0V00000060,ZX470H,,27868.0,2025-11-03 00:00:00,2025-11-28 00:00:00,1796796,EMERGENCY,4653041,SEAL KIT ARM CYL,1.0,53102,53102.0,0.2,42481.6,0.18,7646.687999999999,50128.288,,1,1013287020,2026-03-31 00:00:00,0.0,0.0,0.0,0.0,0.0,0.0,0.0,0.0,0.0,0.0,0.0,13588.8,,,,,,,13588.8,1,39513.2,10620.400000000001,25.0,123.0,0.0
1115.0,2025-11-01,2049134,Bhubaneswar,BIKASH MISTRY,THRIVENI EARTHMOVERS PVT LTD,THEJAHL0V00000060,ZX470H,,27868.0,2025-11-03 00:00:00,2025-11-28 00:00:00,1796796,EMERGENCY,972305,RING SLIDE,2.0,8493,16986.0,0.2,13588.8,0.18,2445.984,16034.784,,,,,0.0,0.0,0.0,0.0,0.0,0.0,0.0,0.0,0.0,0.0,0.0,0.0,,,,,,,0.0,0,16986.0,3397.2000000000007,25.0,,16986.0
1116.0,2025-11-01,2049134,Bhubaneswar,BIKASH MISTRY,THRIVENI EARTHMOVERS PVT LTD,THEJAHL0V00000060,ZX470H,,27868.0,2025-11-03 00:00:00,2025-11-28 00:00:00,1796796,EMERGENCY,242512,RING,2.0,6335,12670.0,0.2,10136.0,0.18,1824.48,11960.48,,,,,0.0,0.0,0.0,0.0,0.0,0.0,0.0,0.0,0.0,0.0,0.0,0.0,,,,,,,0.0,0,12670.0,2534.0,25.0,,12670.0
1117.0,2025-11-01,2049134,Bhubaneswar,BIKASH MISTRY,THRIVENI EARTHMOVERS PVT LTD,THEJAHL0V00000060,ZX470H,,27868.0,2025-11-03 00:00:00,2025-11-28 00:00:00,1796800,MAINTENANCE,4078360,PRIMARY FUEL FILTER,4.0,1352,5408.0,0.2,4326.4,0.18,778.752,5105.152,,4,1013279445,2025-11-14 00:00:00,0.0,0.0,0.0,0.0,0.0,0.0,0.0,4056.0,0.0,0.0,0.0,0.0,,,,,,,4056.0,1,1352.0,1081.6000000000004,25.0,,0.0
1118.0,2025-11-01,2049134,Bhubaneswar,BIKASH MISTRY,THRIVENI EARTHMOVERS PVT LTD,THEJAHL0V00000060,ZX470H,,27868.0,2025-11-03 00:00:00,2025-11-28 00:00:00,1796800,MAINTENANCE,4616864,FUEL FILTER,4.0,2351,9404.0,0.2,7523.2,0.18,1354.176,8877.376,,4,1013279802,2025-11-21 00:00:00,0.0,0.0,0.0,0.0,0.0,0.0,0.0,7053.0,0.0,0.0,0.0,0.0,,,,,,,7053.0,1,2351.0,1880.8000000000002,25.0,,0.0
1119.0,2025-11-01,2049134,Bhubaneswar,BIKASH MISTRY,THRIVENI EARTHMOVERS PVT LTD,THEJAHL0V00000060,ZX470H,,27868.0,2025-11-03 00:00:00,2025-11-28 00:00:00,1796800,MAINTENANCE,YA00058283,ENGINE OIL FILTER,6.0,2720,16320.0,0.2,13056.0,0.18,2350.08,15406.08,,6,1013280634,2025-12-06 00:00:00,0.0,0.0,0.0,0.0,0.0,0.0,0.0,0.0,12240.0,0.0,0.0,0.0,,,,,,,12240.0,1,4080.0,3264.0,25.0,8.0,0.0
1120.0,2025-11-01,2049134,Bhubaneswar,BIKASH MISTRY,THRIVENI EARTHMOVERS PVT LTD,THEJAHL0V00000060,ZX470H,,27868.0,2025-11-03 00:00:00,2025-11-28 00:00:00,1796800,MAINTENANCE,4630525,PILOT FILTER,2.0,3046,6092.0,0.2,4873.6,0.18,877.248,5750.848,,2,1013279802,2025-11-21 00:00:00,0.0,0.0,0.0,0.0,0.0,0.0,0.0,4569.0,0.0,0.0,0.0,0.0,,,,,,,4569.0,1,1523.0,1218.3999999999996,25.0,,0.0
1121.0,2025-11-01,2049134,Bhubaneswar,BIKASH MISTRY,THRIVENI EARTHMOVERS PVT LTD,THEJAHL0V00000060,ZX470H,,27868.0,2025-11-03 00:00:00,2025-11-28 00:00:00,1796800,MAINTENANCE,4654745,HYDRAULIC TANK FILTER,2.0,11801,23602.0,0.2,18881.6,0.18,3398.6879999999996,22280.287999999997,,2,1013279802,2025-11-21 00:00:00,0.0,0.0,0.0,0.0,0.0,0.0,0.0,17701.5,0.0,0.0,0.0,0.0,,,,,,,17701.5,1,5900.5,4720.4000000000015,25.0,,0.0
1122.0,2025-11-01,2049134,Bhubaneswar,BIKASH MISTRY,THRIVENI EARTHMOVERS PVT LTD,THEJAHL0V00000060,ZX470H,,27868.0,2025-11-03 00:00:00,2025-11-28 00:00:00,1796800,MAINTENANCE,4317008,HYD SECTION FILTER,1.0,17391,17391.0,0.2,13912.8,0.18,2504.3039999999996,16417.104,,,,,0.0,0.0,0.0,0.0,0.0,0.0,0.0,0.0,0.0,0.0,0.0,0.0,,,,,,,0.0,0,17391.0,3478.2000000000007,25.0,,17391.0
1123.0,2025-11-01,2049134,Bhubaneswar,BIKASH MISTRY,THRIVENI EARTHMOVERS PVT LTD,THEJAHL0V00000060,ZX470H,,27868.0,2025-11-03 00:00:00,2025-11-28 00:00:00,1796800,MAINTENANCE,4363399,PUMP DRAIN FILTER,2.0,4349,8698.0,0.2,6958.4,0.18,1252.512,8210.912,,2,1013280524,2025-12-04 00:00:00,0.0,0.0,0.0,0.0,0.0,0.0,0.0,0.0,6523.5,0.0,0.0,0.0,,,,,,,6523.5,1,2174.5,1739.6000000000004,25.0,6.0,0.0
1124.0,2025-11-01,2049134,Bhubaneswar,BIKASH MISTRY,THRIVENI EARTHMOVERS PVT LTD,THEJAHL0V00000060,ZX470H,,27868.0,2025-11-03 00:00:00,2025-11-28 00:00:00,1796800,MAINTENANCE,1105353,AIR FILTER INNER,2.0,6862,13724.0,0.2,10979.2,0.18,1976.256,12955.456,,2,1013279802,2025-11-21 00:00:00,0.0,0.0,0.0,0.0,0.0,0.0,0.0,10293.0,0.0,0.0,0.0,0.0,,,,,,,10293.0,1,3431.0,2744.7999999999993,25.0,,0.0
1125.0,2025-11-01,2049134,Bhubaneswar,BIKASH MISTRY,THRIVENI EARTHMOVERS PVT LTD,THEJAHL0V00000060,ZX470H,,27868.0,2025-11-03 00:00:00,2025-11-28 00:00:00,1796800,MAINTENANCE,1209163,AIR FILTER OUTER,2.0,11828,23656.0,0.2,18924.8,0.18,3406.464,22331.264,,2,1013279802,2025-11-21 00:00:00,0.0,0.0,0.0,0.0,0.0,0.0,0.0,17742.0,0.0,0.0,0.0,0.0,,,,,,,17742.0,1,5914.0,4731.200000000001,25.0,,0.0
1126.0,2025-11-01,2049134,Bhubaneswar,BIKASH MISTRY,THRIVENI EARTHMOVERS PVT LTD,THEJAHL0V00000060,ZX470H,,27868.0,2025-11-03 00:00:00,2025-11-28 00:00:00,1796800,MAINTENANCE,4437838,AIR BREATHER FILTER,1.0,1695,1695.0,0.2,1356.0,0.18,244.07999999999998,1600.08,,1,1013282392,2026-01-09 00:00:00,0.0,0.0,0.0,0.0,0.0,0.0,0.0,0.0,0.0,1271.25,0.0,0.0,,,,,,,1271.25,1,423.75,339.0,25.0,42.0,0.0
1127.0,2025-11-01,2049134,Bhubaneswar,BIKASH MISTRY,THRIVENI EARTHMOVERS PVT LTD,THEJAHL0V00000060,ZX470H,,27868.0,2025-11-03 00:00:00,2025-11-28 00:00:00,1796800,MAINTENANCE,YA00001490,AC FILTER,1.0,4607,4607.0,0.2,3685.6,0.18,663.408,4349.008,,1,1013279654,2025-11-19 00:00:00,0.0,0.0,0.0,0.0,0.0,0.0,0.0,3455.25,0.0,0.0,0.0,0.0,,,,,,,3455.25,1,1151.75,921.4000000000001,25.0,,0.0
1128.0,2025-11-01,2049134,Bhubaneswar,BIKASH MISTRY,THRIVENI EARTHMOVERS PVT LTD,THEJAHL0V00000060,ZX470H,,27868.0,2025-11-03 00:00:00,2025-11-28 00:00:00,1796800,MAINTENANCE,4632689,CIRCULATING AIR FILTER AC,1.0,3846,3846.0,0.2,3076.8,0.18,553.824,3630.6240000000003,,,,,0.0,0.0,0.0,0.0,0.0,0.0,0.0,0.0,0.0,0.0,0.0,0.0,,,,,,,0.0,0,3846.0,769.1999999999998,25.0,,3846.0
1129.0,2025-11-01,2049134,Bhubaneswar,BIKASH MISTRY,THRIVENI EARTHMOVERS PVT LTD,THEJAHL0V00000060,ZX470H,,27868.0,2025-11-03 00:00:00,2025-11-28 00:00:00,1796911,PLANNING,897372-9520,SWITCH PRESSURE,1.0,11569,11569.0,0.2,9255.2,0.18,1665.9360000000001,10921.136,,1,1013280457,2025-12-03 00:00:00,0.0,0.0,0.0,0.0,0.0,0.0,0.0,0.0,9255.2,0.0,0.0,0.0,,,,,,,9255.2,1,2313.7999999999993,2313.7999999999993,25.0,5.0,0.0
1130.0,2025-11-01,2049134,Bhubaneswar,BIKASH MISTRY,THRIVENI EARTHMOVERS PVT LTD,THEJAHL0V00000060,ZX470H,,27868.0,2025-11-03 00:00:00,2025-11-28 00:00:00,1796911,PLANNING,4255762,BATTERY RELAY,1.0,7133,7133.0,0.2,5706.4,0.18,1027.1519999999998,6733.552,,,,,0.0,0.0,0.0,0.0,0.0,0.0,0.0,0.0,0.0,0.0,0.0,0.0,,,,,,,0.0,0,7133.0,1426.6000000000004,25.0,,7133.0
1131.0,2025-11-01,2049134,Bhubaneswar,BIKASH MISTRY,THRIVENI EARTHMOVERS PVT LTD,THEJAHL0V00000060,ZX470H,,27868.0,2025-11-03 00:00:00,2025-11-28 00:00:00,1796911,PLANNING,YA00004133, HOSE ,1.0,17200,17200.0,0.2,13760.0,0.18,2476.7999999999997,16236.8,,1,1013279743,2025-11-20 00:00:00,0.0,0.0,0.0,0.0,0.0,0.0,0.0,13760.0,0.0,0.0,0.0,0.0,,,,,,,13760.0,1,3440.0,3440.0,25.0,,0.0
1132.0,2025-11-01,2049134,Bhubaneswar,BIKASH MISTRY,THRIVENI EARTHMOVERS PVT LTD,THEJAHL0V00000060,ZX470H,,27868.0,2025-11-03 00:00:00,2025-11-28 00:00:00,1796911,PLANNING,YA00004132, HOSE ,1.0,10911,10911.0,0.2,8728.8,0.18,1571.1839999999997,10299.983999999999,,1,1013279743,2025-11-20 00:00:00,0.0,0.0,0.0,0.0,0.0,0.0,0.0,17457.6,0.0,0.0,0.0,0.0,,,,,,,17457.6,1,0.0,2182.2000000000007,25.0,,0.0
1133.0,2025-11-01,2089127,Bhubaneswar,ROSHAN KUMAR,KHATAU LILADHAR THACKER,THENEKL1JN0000012,ZX470H,,100289789.0,2025-11-08 00:00:00,2025-11-26 00:00:00,1794082,EMERGENCY,TC22427,FRONT WIPER ASSY,1.0,11770,11770.0,0.12,10357.6,0.18,1864.368,12221.968,,,,,0.0,0.0,0.0,0.0,0.0,0.0,0.0,0.0,0.0,0.0,0.0,0.0,,,,,,,0.0,0,11770.0,1412.3999999999996,18.0,,11770.0
1134.0,2025-11-01,2089127,Bhubaneswar,ROSHAN KUMAR,KHATAU LILADHAR THACKER,THENEKL1JN0000012,ZX470H,,100289789.0,2025-11-08 00:00:00,2025-11-26 00:00:00,1794082,EMERGENCY,TE66650,BUSHING,1.0,6619,6619.0,0.12,5824.72,0.18,1048.4496,6873.1696,,,,,0.0,0.0,0.0,0.0,0.0,0.0,0.0,0.0,0.0,0.0,0.0,0.0,,,,,,,0.0,0,6619.0,794.2799999999997,18.0,,6619.0
1135.0,2025-11-01,2089127,Bhubaneswar,ROSHAN KUMAR,KHATAU LILADHAR THACKER,THENEKL1JN0000012,ZX470H,,100289789.0,2025-11-08 00:00:00,2025-11-26 00:00:00,1794086,MAINTENANCE,TE66283,OIL FILTER,1.0,4854,4854.0,0.12,4271.52,0.18,768.8736,5040.3936,,1,1013278951,2025-11-03 00:00:00,0.0,0.0,0.0,0.0,0.0,0.0,0.0,4271.52,0.0,0.0,0.0,0.0,,,,,,,4271.52,1,582.4799999999996,582.4799999999996,18.0,,0.0
1136.0,2025-11-01,2089127,Bhubaneswar,ROSHAN KUMAR,KHATAU LILADHAR THACKER,THENEKL1JN0000012,ZX470H,,100289789.0,2025-11-08 00:00:00,2025-11-26 00:00:00,1794086,MAINTENANCE,TD66503,STRAINER,1.0,168,168.0,0.12,147.84,0.18,26.6112,174.4512,,1,1013278951,2025-11-03 00:00:00,0.0,0.0,0.0,0.0,0.0,0.0,0.0,147.84,0.0,0.0,0.0,0.0,,,,,,,147.84,1,20.159999999999997,20.159999999999997,18.0,,0.0
1137.0,2025-11-01,2089127,Bhubaneswar,ROSHAN KUMAR,KHATAU LILADHAR THACKER,THENEKL1JN0000012,ZX470H,,100289789.0,2025-11-08 00:00:00,2025-11-26 00:00:00,1794086,MAINTENANCE,TE18980,FUEL FILTER,1.0,4649,4649.0,0.12,4091.12,0.18,736.4015999999999,4827.5216,,1,1013278951,2025-11-03 00:00:00,0.0,0.0,0.0,0.0,0.0,0.0,0.0,4091.12,0.0,0.0,0.0,0.0,,,,,,,4091.12,1,557.8800000000001,557.8800000000001,18.0,,0.0
1138.0,2025-11-01,2089127,Bhubaneswar,ROSHAN KUMAR,KHATAU LILADHAR THACKER,THENEKL1JN0000012,ZX470H,,100289789.0,2025-11-08 00:00:00,2025-11-26 00:00:00,1794086,MAINTENANCE,TD66470,AIR FILTER OUTER,1.0,3705,3705.0,0.12,3260.4,0.18,586.872,3847.272,,1,1013280639,2025-12-06 00:00:00,0.0,0.0,0.0,0.0,0.0,0.0,0.0,0.0,3260.4,0.0,0.0,0.0,,,,,,,3260.4,1,444.5999999999999,444.5999999999999,18.0,10.0,0.0
1139.0,2025-11-01,2089127,Bhubaneswar,ROSHAN KUMAR,KHATAU LILADHAR THACKER,THENEKL1JN0000012,ZX470H,,100289789.0,2025-11-08 00:00:00,2025-11-26 00:00:00,1794086,MAINTENANCE,TD66471,AIR FILTER INNER,1.0,1271,1271.0,0.12,1118.48,0.18,201.3264,1319.8064,,1,1013280639,2025-12-06 00:00:00,0.0,0.0,0.0,0.0,0.0,0.0,0.0,0.0,1118.48,0.0,0.0,0.0,,,,,,,1118.48,1,152.51999999999998,152.51999999999998,18.0,10.0,0.0
1140.0,2025-11-01,2089127,Bhubaneswar,ROSHAN KUMAR,KHATAU LILADHAR THACKER,THENEKL1JN0000012,ZX470H,,100289789.0,2025-11-08 00:00:00,2025-11-26 00:00:00,1794086,MAINTENANCE,TE66285,TRANSMISSION FILTER,1.0,7230,7230.0,0.12,6362.4,0.18,1145.232,7507.632,,1,1013280638,2025-12-06 00:00:00,0.0,0.0,0.0,0.0,0.0,0.0,0.0,0.0,6362.4,0.0,0.0,0.0,,,,,,,6362.4,1,867.6000000000004,867.6000000000004,18.0,10.0,0.0
1141.0,2025-11-01,2089127,Bhubaneswar,ROSHAN KUMAR,KHATAU LILADHAR THACKER,THENEKL1JN0000012,ZX470H,,100289789.0,2025-11-08 00:00:00,2025-11-26 00:00:00,1794088,PLANNING,TB70500/179,FAN BELT,1.0,3974,3974.0,0.12,3497.12,0.18,629.4816,4126.6016,,,,,0.0,0.0,0.0,0.0,0.0,0.0,0.0,0.0,0.0,0.0,0.0,0.0,,,,,,,0.0,0,3974.0,476.8800000000001,18.0,,3974.0
1142.0,2025-11-01,2088960,Bhubaneswar,ROSHAN KUMAR,BAJWA INFRASTRUCTURE PVT LTD,THEJAHL0K00000281,ZX470H,,1009491.0,2025-11-10 00:00:00,2025-11-26 00:00:00,1793764,EMERGENCY,898000-7881,HOSE RUBBER AIR,1.0,4539,4539.0,0.0,4539.0,0.18,817.02,5356.02,,,,,0.0,0.0,0.0,0.0,0.0,0.0,0.0,0.0,0.0,0.0,0.0,0.0,,,,,,,0.0,0,4539.0,0.0,16.0,,4539.0
1143.0,2025-11-01,2088960,Bhubaneswar,ROSHAN KUMAR,BAJWA INFRASTRUCTURE PVT LTD,THEJAHL0K00000281,ZX470H,,1009491.0,2025-11-10 00:00:00,2025-11-26 00:00:00,1793764,EMERGENCY,4506429,O RING,8.0,164,1312.0,0.0,1312.0,0.18,236.16,1548.16,,,,,0.0,0.0,0.0,0.0,0.0,0.0,0.0,0.0,0.0,0.0,0.0,0.0,,,,,,,0.0,0,1312.0,0.0,16.0,,1312.0
1144.0,2025-11-01,2088960,Bhubaneswar,ROSHAN KUMAR,BAJWA INFRASTRUCTURE PVT LTD,THEJAHL0K00000281,ZX470H,,1009491.0,2025-11-10 00:00:00,2025-11-26 00:00:00,1793813,MAINTENANCE,YA00058283,ENGINE OIL FILTER,2.0,2720,5440.0,0.0,5440.0,0.18,979.1999999999999,6419.2,,2,1013280240,2025-11-29 00:00:00,0.0,0.0,0.0,0.0,0.0,0.0,0.0,5440.0,0.0,0.0,0.0,0.0,,,,,,,5440.0,1,0.0,0.0,16.0,3.0,0.0
1145.0,2025-11-01,2088960,Bhubaneswar,ROSHAN KUMAR,BAJWA INFRASTRUCTURE PVT LTD,THEJAHL0K00000281,ZX470H,,1009491.0,2025-11-10 00:00:00,2025-11-26 00:00:00,1793813,MAINTENANCE,4078360,PRIMARY FUEL FILTER,1.0,1352,1352.0,0.0,1352.0,0.18,243.35999999999999,1595.36,,1,1013285248,2026-02-28 00:00:00,0.0,0.0,0.0,0.0,0.0,0.0,0.0,0.0,0.0,0.0,1014.0,0.0,,,,,,,1014.0,1,338.0,0.0,16.0,94.0,0.0
1146.0,2025-11-01,2088960,Bhubaneswar,ROSHAN KUMAR,BAJWA INFRASTRUCTURE PVT LTD,THEJAHL0K00000281,ZX470H,,1009491.0,2025-11-10 00:00:00,2025-11-26 00:00:00,1793813,MAINTENANCE,4616864,FUEL FILTER,1.0,2351,2351.0,0.0,2351.0,0.18,423.18,2774.18,,1,1013280240,2025-11-29 00:00:00,0.0,0.0,0.0,0.0,0.0,0.0,0.0,2351.0,0.0,0.0,0.0,0.0,,,,,,,2351.0,1,0.0,0.0,16.0,3.0,0.0
1147.0,2025-11-01,2088960,Bhubaneswar,ROSHAN KUMAR,BAJWA INFRASTRUCTURE PVT LTD,THEJAHL0K00000281,ZX470H,,1009491.0,2025-11-10 00:00:00,2025-11-26 00:00:00,1793813,MAINTENANCE,1209163,AIR FILTER OUTER,1.0,11828,11828.0,0.0,11828.0,0.18,2129.04,13957.04,,1,1013285248,2026-02-28 00:00:00,0.0,0.0,0.0,0.0,0.0,0.0,0.0,0.0,0.0,0.0,8871.0,0.0,,,,,,,8871.0,1,2957.0,0.0,16.0,94.0,0.0
1148.0,2025-11-01,2088960,Bhubaneswar,ROSHAN KUMAR,BAJWA INFRASTRUCTURE PVT LTD,THEJAHL0K00000281,ZX470H,,1009491.0,2025-11-10 00:00:00,2025-11-26 00:00:00,1793813,MAINTENANCE,1105353,AIR FILTER INNER,1.0,6862,6862.0,0.0,6862.0,0.18,1235.1599999999999,8097.16,,,,,0.0,0.0,0.0,0.0,0.0,0.0,0.0,0.0,0.0,0.0,0.0,0.0,,,,,,,0.0,0,6862.0,0.0,16.0,,6862.0
1149.0,2025-11-01,2088960,Bhubaneswar,ROSHAN KUMAR,BAJWA INFRASTRUCTURE PVT LTD,THEJAHL0K00000281,ZX470H,,1009491.0,2025-11-10 00:00:00,2025-11-26 00:00:00,1793819,PLANNING,113671-4730,FAN BELT,1.0,14327,14327.0,0.0,14327.0,0.18,2578.86,16905.86,,,,,0.0,0.0,0.0,0.0,0.0,0.0,0.0,0.0,0.0,0.0,0.0,0.0,,,,,,,0.0,0,14327.0,0.0,16.0,,14327.0
1150.0,2025-11-01,2088956,Bhubaneswar,ROSHAN KUMAR,THRIVENI EARTHMOVERS PVT LTD,THEJAHL0V00000298,ZX470H,,27868.0,2025-11-11 00:00:00,2025-11-26 00:00:00,1793868,EMERGENCY, 898000-7881,HOSE RUBBER AIR,1.0,4539,4539.0,0.2,3631.2,0.18,653.616,4284.816,,,,,0.0,0.0,0.0,0.0,0.0,0.0,0.0,0.0,0.0,0.0,0.0,0.0,,,,,,,0.0,0,4539.0,907.8000000000002,15.0,,4539.0
1151.0,2025-11-01,2088956,Bhubaneswar,ROSHAN KUMAR,THRIVENI EARTHMOVERS PVT LTD,THEJAHL0V00000298,ZX470H,,27868.0,2025-11-11 00:00:00,2025-11-26 00:00:00,1793868,EMERGENCY,9246436,PILOT LEVER SEAL,4.0,3052,12208.0,0.2,9766.4,0.18,1757.9519999999998,11524.351999999999,,4,1013286440,2026-03-25 00:00:00,0.0,0.0,0.0,0.0,0.0,0.0,0.0,0.0,0.0,0.0,0.0,2441.6,,,,,,,2441.6,1,9766.4,2441.6000000000004,15.0,119.0,0.0
1152.0,2025-11-01,2088956,Bhubaneswar,ROSHAN KUMAR,THRIVENI EARTHMOVERS PVT LTD,THEJAHL0V00000298,ZX470H,,27868.0,2025-11-11 00:00:00,2025-11-26 00:00:00,1793868,EMERGENCY,4201993,O-RING;PILOT VALVE,4.0,123,492.0,0.2,393.6,0.18,70.848,464.44800000000004,,4,1013286440,2026-03-25 00:00:00,0.0,0.0,0.0,0.0,0.0,0.0,0.0,0.0,0.0,0.0,0.0,13211.4,,,,,,,13211.4,1,0.0,98.39999999999998,15.0,119.0,0.0
1153.0,2025-11-01,2088956,Bhubaneswar,ROSHAN KUMAR,THRIVENI EARTHMOVERS PVT LTD,THEJAHL0V00000298,ZX470H,,27868.0,2025-11-11 00:00:00,2025-11-26 00:00:00,1793868,EMERGENCY,171809,O RING,18.0,1619,29142.0,0.2,23313.6,0.18,4196.447999999999,27510.048,,,,,0.0,0.0,0.0,0.0,0.0,0.0,0.0,0.0,0.0,0.0,0.0,0.0,,,,,,,0.0,0,29142.0,5828.4000000000015,15.0,,29142.0
1154.0,2025-11-01,2088956,Bhubaneswar,ROSHAN KUMAR,THRIVENI EARTHMOVERS PVT LTD,THEJAHL0V00000298,ZX470H,,27868.0,2025-11-11 00:00:00,2025-11-26 00:00:00,1794035,MAINTENANCE,YA00058283,ENGINE OIL FILTER,4.0,2720,10880.0,0.2,8704.0,0.18,1566.72,10270.72,,4,1013280634,2025-12-06 00:00:00,0.0,0.0,0.0,0.0,0.0,0.0,0.0,0.0,8160.0,0.0,0.0,0.0,,,,,,,8160.0,1,2720.0,2176.0,15.0,10.0,0.0
1155.0,2025-11-01,2088956,Bhubaneswar,ROSHAN KUMAR,THRIVENI EARTHMOVERS PVT LTD,THEJAHL0V00000298,ZX470H,,27868.0,2025-11-11 00:00:00,2025-11-26 00:00:00,1794035,MAINTENANCE,4078360,PRIMARY FUEL FILTER,8.0,1352,10816.0,0.2,8652.8,0.18,1557.504,10210.304,,8,1013279445,2025-11-14 00:00:00,0.0,0.0,0.0,0.0,0.0,0.0,0.0,8112.0,0.0,0.0,0.0,0.0,,,,,,,8112.0,1,2704.0,2163.2000000000007,15.0,,0.0
1156.0,2025-11-01,2088956,Bhubaneswar,ROSHAN KUMAR,THRIVENI EARTHMOVERS PVT LTD,THEJAHL0V00000298,ZX470H,,27868.0,2025-11-11 00:00:00,2025-11-26 00:00:00,1794035,MAINTENANCE,4616864,FUEL FILTER,8.0,2351,18808.0,0.2,15046.4,0.18,2708.352,17754.752,,8,1013279802,2025-11-21 00:00:00,0.0,0.0,0.0,0.0,0.0,0.0,0.0,14106.0,0.0,0.0,0.0,0.0,,,,,,,14106.0,1,4702.0,3761.6000000000004,15.0,,0.0
1157.0,2025-11-01,2088956,Bhubaneswar,ROSHAN KUMAR,THRIVENI EARTHMOVERS PVT LTD,THEJAHL0V00000298,ZX470H,,27868.0,2025-11-11 00:00:00,2025-11-26 00:00:00,1794035,MAINTENANCE,1209163,AIR FILTER OUTER,4.0,11828,47312.0,0.2,37849.6,0.18,6812.928,44662.528,,4,1013279802,2025-11-21 00:00:00,0.0,0.0,0.0,0.0,0.0,0.0,0.0,35484.0,0.0,0.0,0.0,0.0,,,,,,,35484.0,1,11828.0,9462.400000000001,15.0,,0.0
1158.0,2025-11-01,2088956,Bhubaneswar,ROSHAN KUMAR,THRIVENI EARTHMOVERS PVT LTD,THEJAHL0V00000298,ZX470H,,27868.0,2025-11-11 00:00:00,2025-11-26 00:00:00,1794035,MAINTENANCE,1105353,AIR FILTER INNER,4.0,6862,27448.0,0.2,21958.4,0.18,3952.512,25910.912,,4,1013279802,2025-11-21 00:00:00,0.0,0.0,0.0,0.0,0.0,0.0,0.0,20586.0,0.0,0.0,0.0,0.0,,,,,,,20586.0,1,6862.0,5489.5999999999985,15.0,,0.0
1159.0,2025-11-01,2088956,Bhubaneswar,ROSHAN KUMAR,THRIVENI EARTHMOVERS PVT LTD,THEJAHL0V00000298,ZX470H,,27868.0,2025-11-11 00:00:00,2025-11-26 00:00:00,1794035,MAINTENANCE,4654745,HYDRAULIC TANK FILTER,2.0,11801,23602.0,0.2,18881.6,0.18,3398.6879999999996,22280.287999999997,,2,1013279802,2025-11-21 00:00:00,0.0,0.0,0.0,0.0,0.0,0.0,0.0,17701.5,0.0,0.0,0.0,0.0,,,,,,,17701.5,1,5900.5,4720.4000000000015,15.0,,0.0
1160.0,2025-11-01,2088956,Bhubaneswar,ROSHAN KUMAR,THRIVENI EARTHMOVERS PVT LTD,THEJAHL0V00000298,ZX470H,,27868.0,2025-11-11 00:00:00,2025-11-26 00:00:00,1794035,MAINTENANCE,4630525,PILOT FILTER,2.0,3046,6092.0,0.2,4873.6,0.18,877.248,5750.848,,2,1013279802,2025-11-21 00:00:00,0.0,0.0,0.0,0.0,0.0,0.0,0.0,4569.0,0.0,0.0,0.0,0.0,,,,,,,4569.0,1,1523.0,1218.3999999999996,15.0,,0.0
1161.0,2025-11-01,2088956,Bhubaneswar,ROSHAN KUMAR,THRIVENI EARTHMOVERS PVT LTD,THEJAHL0V00000298,ZX470H,,27868.0,2025-11-11 00:00:00,2025-11-26 00:00:00,1794035,MAINTENANCE,4363399,PUMP DRAIN FILTER,1.0,4349,4349.0,0.2,3479.2,0.18,626.256,4105.456,,1,1013280524,2025-12-04 00:00:00,0.0,0.0,0.0,0.0,0.0,0.0,0.0,0.0,3261.75,0.0,0.0,0.0,,,,,,,3261.75,1,1087.25,869.8000000000002,15.0,8.0,0.0
1162.0,2025-11-01,2088956,Bhubaneswar,ROSHAN KUMAR,THRIVENI EARTHMOVERS PVT LTD,THEJAHL0V00000298,ZX470H,,27868.0,2025-11-11 00:00:00,2025-11-26 00:00:00,1794035,MAINTENANCE,YA00001490,AC FILTER,1.0,4607,4607.0,0.2,3685.6,0.18,663.408,4349.008,,1,1013279654,2025-11-19 00:00:00,0.0,0.0,0.0,0.0,0.0,0.0,0.0,3455.25,0.0,0.0,0.0,0.0,,,,,,,3455.25,1,1151.75,921.4000000000001,15.0,,0.0
1163.0,2025-11-01,2088956,Bhubaneswar,ROSHAN KUMAR,THRIVENI EARTHMOVERS PVT LTD,THEJAHL0V00000298,ZX470H,,27868.0,2025-11-11 00:00:00,2025-11-26 00:00:00,1794035,MAINTENANCE,YA00022308,AC FILTER,1.0,3958,3958.0,0.2,3166.4,0.18,569.952,3736.352,,1,1013279802,2025-11-21 00:00:00,0.0,0.0,0.0,0.0,0.0,0.0,0.0,2968.5,0.0,0.0,0.0,0.0,,,,,,,2968.5,1,989.5,791.5999999999999,15.0,,0.0
1164.0,2025-11-01,2088956,Bhubaneswar,ROSHAN KUMAR,THRIVENI EARTHMOVERS PVT LTD,THEJAHL0V00000298,ZX470H,,27868.0,2025-11-11 00:00:00,2025-11-26 00:00:00,1794035,PLANNING,113671-4730,FAN BELT,1.0,14327,14327.0,0.2,11461.6,0.18,2063.088,13524.688,,,,,0.0,0.0,0.0,0.0,0.0,0.0,0.0,0.0,0.0,0.0,0.0,0.0,,,,,,,0.0,0,14327.0,2865.3999999999996,15.0,,14327.0
1165.0,2025-11-01,2088959,Bhubaneswar,NIRANJAN DAS,THRIVENI EARTHMOVERS PVT LTD,THEJAHL0J00000492,ZX470H,,27868.0,2025-11-11 00:00:00,2025-11-28 00:00:00,1796079,EMERGENCY,8053517,PIN,1.0,101328,101328.0,0.2,81062.4,0.18,14591.231999999998,95653.632,,1,1013279803,2025-11-21 00:00:00,0.0,0.0,0.0,0.0,0.0,0.0,0.0,81062.4,0.0,0.0,0.0,0.0,,,,,,,81062.4,1,20265.600000000006,20265.600000000006,17.0,,0.0
1166.0,2025-11-01,2088959,Bhubaneswar,NIRANJAN DAS,THRIVENI EARTHMOVERS PVT LTD,THEJAHL0J00000492,ZX470H,,27868.0,2025-11-11 00:00:00,2025-11-28 00:00:00,1796079,EMERGENCY,8053518,PIN,3.0,32391,97173.0,0.2,77738.4,0.18,13992.911999999998,91731.31199999999,,3,1013280453,2025-12-03 00:00:00,0.0,0.0,0.0,0.0,0.0,0.0,0.0,0.0,77738.4,0.0,0.0,0.0,,,,,,,77738.4,1,19434.600000000006,19434.600000000006,17.0,5.0,0.0
1167.0,2025-11-01,2088959,Bhubaneswar,NIRANJAN DAS,THRIVENI EARTHMOVERS PVT LTD,THEJAHL0J00000492,ZX470H,,27868.0,2025-11-11 00:00:00,2025-11-28 00:00:00,1796079,EMERGENCY,4296258,BUSH,1.0,9093,9093.0,0.2,7274.4,0.18,1309.3919999999998,8583.792,,1,1013279560,2025-11-17 00:00:00,0.0,0.0,0.0,0.0,0.0,0.0,0.0,7274.4,0.0,0.0,0.0,0.0,,,,,,,7274.4,1,1818.6000000000004,1818.6000000000004,17.0,,0.0
1168.0,2025-11-01,2088959,Bhubaneswar,NIRANJAN DAS,THRIVENI EARTHMOVERS PVT LTD,THEJAHL0J00000492,ZX470H,,27868.0,2025-11-11 00:00:00,2025-11-28 00:00:00,1796079,EMERGENCY,3060579,BUSHING,2.0,15554,31108.0,0.2,24886.4,0.18,4479.552,29365.952,,2,1013279560,2025-11-17 00:00:00,0.0,0.0,0.0,0.0,0.0,0.0,0.0,24886.4,0.0,0.0,0.0,0.0,,,,,,,24886.4,1,6221.5999999999985,6221.5999999999985,17.0,,0.0
1169.0,2025-11-01,2088959,Bhubaneswar,NIRANJAN DAS,THRIVENI EARTHMOVERS PVT LTD,THEJAHL0J00000492,ZX470H,,27868.0,2025-11-11 00:00:00,2025-11-28 00:00:00,1796079,EMERGENCY,4251753,SEAL DUST,2.0,4831,9662.0,0.2,7729.6,0.18,1391.328,9120.928,,1,1013286340,2026-03-23 00:00:00,0.0,0.0,0.0,0.0,0.0,0.0,0.0,0.0,0.0,0.0,0.0,3864.8,,,,,,,3864.8,1,5797.2,1932.3999999999996,17.0,115.0,0.0
1170.0,2025-11-01,2088959,Bhubaneswar,NIRANJAN DAS,THRIVENI EARTHMOVERS PVT LTD,THEJAHL0J00000492,ZX470H,,27868.0,2025-11-11 00:00:00,2025-11-28 00:00:00,1796080,MAINTENANCE,YA00058283,ENGINE OIL FILTER,4.0,2720,10880.0,0.2,8704.0,0.18,1566.72,10270.72,,4,1013280634,2025-12-06 00:00:00,0.0,0.0,0.0,0.0,0.0,0.0,0.0,0.0,8160.0,0.0,0.0,0.0,,,,,,,8160.0,1,2720.0,2176.0,17.0,8.0,0.0
1171.0,2025-11-01,2088959,Bhubaneswar,NIRANJAN DAS,THRIVENI EARTHMOVERS PVT LTD,THEJAHL0J00000492,ZX470H,,27868.0,2025-11-11 00:00:00,2025-11-28 00:00:00,1796080,MAINTENANCE,4078360,PRIMARY FUEL FILTER,8.0,1352,10816.0,0.2,8652.8,0.18,1557.504,10210.304,,8,1013279445,2025-11-14 00:00:00,0.0,0.0,0.0,0.0,0.0,0.0,0.0,8112.0,0.0,0.0,0.0,0.0,,,,,,,8112.0,1,2704.0,2163.2000000000007,17.0,,0.0
1172.0,2025-11-01,2088959,Bhubaneswar,NIRANJAN DAS,THRIVENI EARTHMOVERS PVT LTD,THEJAHL0J00000492,ZX470H,,27868.0,2025-11-11 00:00:00,2025-11-28 00:00:00,1796080,MAINTENANCE,4616864,FUEL FILTER,8.0,2351,18808.0,0.2,15046.4,0.18,2708.352,17754.752,,8,1013279802,2025-11-21 00:00:00,0.0,0.0,0.0,0.0,0.0,0.0,0.0,14106.0,0.0,0.0,0.0,0.0,,,,,,,14106.0,1,4702.0,3761.6000000000004,17.0,,0.0
1173.0,2025-11-01,2088959,Bhubaneswar,NIRANJAN DAS,THRIVENI EARTHMOVERS PVT LTD,THEJAHL0J00000492,ZX470H,,27868.0,2025-11-11 00:00:00,2025-11-28 00:00:00,1796080,MAINTENANCE,1209163,AIR FILTER OUTER,4.0,11828,47312.0,0.2,37849.6,0.18,6812.928,44662.528,,4,1013279802,2025-11-21 00:00:00,0.0,0.0,0.0,0.0,0.0,0.0,0.0,35484.0,0.0,0.0,0.0,0.0,,,,,,,35484.0,1,11828.0,9462.400000000001,17.0,,0.0
1174.0,2025-11-01,2088959,Bhubaneswar,NIRANJAN DAS,THRIVENI EARTHMOVERS PVT LTD,THEJAHL0J00000492,ZX470H,,27868.0,2025-11-11 00:00:00,2025-11-28 00:00:00,1796080,MAINTENANCE,1105353,AIR FILTER INNER,4.0,6862,27448.0,0.2,21958.4,0.18,3952.512,25910.912,,4,1013279802,2025-11-21 00:00:00,0.0,0.0,0.0,0.0,0.0,0.0,0.0,20586.0,0.0,0.0,0.0,0.0,,,,,,,20586.0,1,6862.0,5489.5999999999985,17.0,,0.0
1175.0,2025-11-01,2088959,Bhubaneswar,NIRANJAN DAS,THRIVENI EARTHMOVERS PVT LTD,THEJAHL0J00000492,ZX470H,,27868.0,2025-11-11 00:00:00,2025-11-28 00:00:00,1796080,MAINTENANCE,4654745,HYDRAULIC TANK FILTER,2.0,11801,23602.0,0.2,18881.6,0.18,3398.6879999999996,22280.287999999997,,2,1013279802,2025-11-21 00:00:00,0.0,0.0,0.0,0.0,0.0,0.0,0.0,17701.5,0.0,0.0,0.0,0.0,,,,,,,17701.5,1,5900.5,4720.4000000000015,17.0,,0.0
1176.0,2025-11-01,2088959,Bhubaneswar,NIRANJAN DAS,THRIVENI EARTHMOVERS PVT LTD,THEJAHL0J00000492,ZX470H,,27868.0,2025-11-11 00:00:00,2025-11-28 00:00:00,1796080,MAINTENANCE,4630525,PILOT FILTER,2.0,3046,6092.0,0.2,4873.6,0.18,877.248,5750.848,,2,1013279802,2025-11-21 00:00:00,0.0,0.0,0.0,0.0,0.0,0.0,0.0,4569.0,0.0,0.0,0.0,0.0,,,,,,,4569.0,1,1523.0,1218.3999999999996,17.0,,0.0
1177.0,2025-11-01,2088959,Bhubaneswar,NIRANJAN DAS,THRIVENI EARTHMOVERS PVT LTD,THEJAHL0J00000492,ZX470H,,27868.0,2025-11-11 00:00:00,2025-11-28 00:00:00,1796080,MAINTENANCE,4363399,PUMP DRAIN FILTER,1.0,4349,4349.0,0.2,3479.2,0.18,626.256,4105.456,,1,1013280524,2025-12-04 00:00:00,0.0,0.0,0.0,0.0,0.0,0.0,0.0,0.0,3261.75,0.0,0.0,0.0,,,,,,,3261.75,1,1087.25,869.8000000000002,17.0,6.0,0.0
1178.0,2025-11-01,2088959,Bhubaneswar,NIRANJAN DAS,THRIVENI EARTHMOVERS PVT LTD,THEJAHL0J00000492,ZX470H,,27868.0,2025-11-11 00:00:00,2025-11-28 00:00:00,1796080,MAINTENANCE,YA00001490,AC FILTER,1.0,4607,4607.0,0.2,3685.6,0.18,663.408,4349.008,,1,1013279654,2025-11-19 00:00:00,0.0,0.0,0.0,0.0,0.0,0.0,0.0,3455.25,0.0,0.0,0.0,0.0,,,,,,,3455.25,1,1151.75,921.4000000000001,17.0,,0.0
1179.0,2025-11-01,2088959,Bhubaneswar,NIRANJAN DAS,THRIVENI EARTHMOVERS PVT LTD,THEJAHL0J00000492,ZX470H,,27868.0,2025-11-11 00:00:00,2025-11-28 00:00:00,1796080,MAINTENANCE,YA00022308,AC FILTER,1.0,3958,3958.0,0.2,3166.4,0.18,569.952,3736.352,,1,1013280332,2025-11-30 00:00:00,0.0,0.0,0.0,0.0,0.0,0.0,0.0,2968.5,0.0,0.0,0.0,0.0,,,,,,,2968.5,1,989.5,791.5999999999999,17.0,2.0,0.0
1180.0,2025-11-01,2088959,Bhubaneswar,NIRANJAN DAS,THRIVENI EARTHMOVERS PVT LTD,THEJAHL0J00000492,ZX470H,,27868.0,2025-11-11 00:00:00,2025-11-28 00:00:00,1796111,PLANNING,4206989,STOPER,1.0,2343,2343.0,0.2,1874.4,0.18,337.392,2211.792,,,,,0.0,0.0,0.0,0.0,0.0,0.0,0.0,0.0,0.0,0.0,0.0,0.0,,,,,,,0.0,0,2343.0,468.5999999999999,17.0,,2343.0
1181.0,2025-11-01,2088959,Bhubaneswar,NIRANJAN DAS,THRIVENI EARTHMOVERS PVT LTD,THEJAHL0J00000492,ZX470H,,27868.0,2025-11-11 00:00:00,2025-11-28 00:00:00,1796111,PLANNING,J912050,BOLT,3.0,315,945.0,0.2,756.0,0.18,136.07999999999998,892.0799999999999,,,,,0.0,0.0,0.0,0.0,0.0,0.0,0.0,0.0,0.0,0.0,0.0,0.0,,,,,,,0.0,0,945.0,189.0,17.0,,945.0
1182.0,2025-11-01,2088849,Bhubaneswar,ROSHAN KUMAR,THRIVENI EARTHMOVERS PVT LTD,THEJAHL0V00000379,ZX470H,,27868.0,2025-11-12 00:00:00,2025-11-26 00:00:00,1794241,EMERGENCY,898000-7881,"HOSE, RUBBER;AIR",1.0,4539,4539.0,0.2,3631.2,0.18,653.616,4284.816,,,,,0.0,0.0,0.0,0.0,0.0,0.0,0.0,0.0,0.0,0.0,0.0,0.0,,,,,,,0.0,0,4539.0,907.8000000000002,14.0,,4539.0
1183.0,2025-11-01,2088849,Bhubaneswar,ROSHAN KUMAR,THRIVENI EARTHMOVERS PVT LTD,THEJAHL0V00000379,ZX470H,,27868.0,2025-11-12 00:00:00,2025-11-26 00:00:00,1794241,EMERGENCY,4051362,O-RING;CAP,18.0,,0.0,0.2,0.0,0.18,0.0,0.0,,,,,0.0,0.0,0.0,0.0,0.0,0.0,0.0,0.0,0.0,0.0,0.0,0.0,,,,,,,0.0,0,0.0,0.0,14.0,,0.0
1184.0,2025-11-01,2088849,Bhubaneswar,ROSHAN KUMAR,THRIVENI EARTHMOVERS PVT LTD,THEJAHL0V00000379,ZX470H,,27868.0,2025-11-12 00:00:00,2025-11-26 00:00:00,1794259,MAINTENANCE,YA00058283,ENGINE OIL FILTER,4.0,2720,2720.0,0.2,2176.0,0.18,391.68,2567.68,,4,1013280634,2025-12-06 00:00:00,0.0,0.0,0.0,0.0,0.0,0.0,0.0,0.0,8160.0,0.0,0.0,0.0,,,,,,,8160.0,1,0.0,544.0,14.0,10.0,0.0
1185.0,2025-11-01,2088849,Bhubaneswar,ROSHAN KUMAR,THRIVENI EARTHMOVERS PVT LTD,THEJAHL0V00000379,ZX470H,,27868.0,2025-11-12 00:00:00,2025-11-26 00:00:00,1794259,MAINTENANCE,4078360,PRIMARY FUEL FILTER,8.0,1352,1352.0,0.2,1081.6,0.18,194.688,1276.288,,8,1013279445,2025-11-14 00:00:00,0.0,0.0,0.0,0.0,0.0,0.0,0.0,8112.0,0.0,0.0,0.0,0.0,,,,,,,8112.0,1,0.0,270.4000000000001,14.0,,0.0
1186.0,2025-11-01,2088849,Bhubaneswar,ROSHAN KUMAR,THRIVENI EARTHMOVERS PVT LTD,THEJAHL0V00000379,ZX470H,,27868.0,2025-11-12 00:00:00,2025-11-26 00:00:00,1794259,MAINTENANCE,4616864,FUEL FILTER,8.0,2351,2351.0,0.2,1880.8,0.18,338.544,2219.344,,8,1013279802,2025-11-21 00:00:00,0.0,0.0,0.0,0.0,0.0,0.0,0.0,14106.0,0.0,0.0,0.0,0.0,,,,,,,14106.0,1,0.0,470.20000000000005,14.0,,0.0
1187.0,2025-11-01,2088849,Bhubaneswar,ROSHAN KUMAR,THRIVENI EARTHMOVERS PVT LTD,THEJAHL0V00000379,ZX470H,,27868.0,2025-11-12 00:00:00,2025-11-26 00:00:00,1794259,MAINTENANCE,1209163,AIR FILTER OUTER,4.0,11828,11828.0,0.2,9462.4,0.18,1703.232,11165.632,,4,1013279802,2025-11-21 00:00:00,0.0,0.0,0.0,0.0,0.0,0.0,0.0,35484.0,0.0,0.0,0.0,0.0,,,,,,,35484.0,1,0.0,2365.6000000000004,14.0,,0.0
1188.0,2025-11-01,2088849,Bhubaneswar,ROSHAN KUMAR,THRIVENI EARTHMOVERS PVT LTD,THEJAHL0V00000379,ZX470H,,27868.0,2025-11-12 00:00:00,2025-11-26 00:00:00,1794259,MAINTENANCE,1105353,AIR FILTER INNER,4.0,6862,6862.0,0.2,5489.6,0.18,988.128,6477.728,,4,1013279802,2025-11-21 00:00:00,0.0,0.0,0.0,0.0,0.0,0.0,0.0,20586.0,0.0,0.0,0.0,0.0,,,,,,,20586.0,1,0.0,1372.3999999999996,14.0,,0.0
1189.0,2025-11-01,2088849,Bhubaneswar,ROSHAN KUMAR,THRIVENI EARTHMOVERS PVT LTD,THEJAHL0V00000379,ZX470H,,27868.0,2025-11-12 00:00:00,2025-11-26 00:00:00,1794259,MAINTENANCE,4654745,HYDRAULIC TANK FILTER,3.0,11801,11801.0,0.2,9440.8,0.18,1699.3439999999998,11140.143999999998,,3,1013279802,2025-11-21 00:00:00,0.0,0.0,0.0,0.0,0.0,0.0,0.0,26552.25,0.0,0.0,0.0,0.0,,,,,,,26552.25,1,0.0,2360.2000000000007,14.0,,0.0
1190.0,2025-11-01,2088849,Bhubaneswar,ROSHAN KUMAR,THRIVENI EARTHMOVERS PVT LTD,THEJAHL0V00000379,ZX470H,,27868.0,2025-11-12 00:00:00,2025-11-26 00:00:00,1794259,MAINTENANCE,4630525,PILOT FILTER,2.0,3046,6092.0,0.2,4873.6,0.18,877.248,5750.848,,2,1013279802,2025-11-21 00:00:00,0.0,0.0,0.0,0.0,0.0,0.0,0.0,4569.0,0.0,0.0,0.0,0.0,,,,,,,4569.0,1,1523.0,1218.3999999999996,14.0,,0.0
1191.0,2025-11-01,2088849,Bhubaneswar,ROSHAN KUMAR,THRIVENI EARTHMOVERS PVT LTD,THEJAHL0V00000379,ZX470H,,27868.0,2025-11-12 00:00:00,2025-11-26 00:00:00,1794259,MAINTENANCE,4363399,PUMP DRAIN FILTER,1.0,4349,4349.0,0.2,3479.2,0.18,626.256,4105.456,,1,1013280524,2025-12-04 00:00:00,0.0,0.0,0.0,0.0,0.0,0.0,0.0,0.0,3261.75,0.0,0.0,0.0,,,,,,,3261.75,1,1087.25,869.8000000000002,14.0,8.0,0.0
1192.0,2025-11-01,2088849,Bhubaneswar,ROSHAN KUMAR,THRIVENI EARTHMOVERS PVT LTD,THEJAHL0V00000379,ZX470H,,27868.0,2025-11-12 00:00:00,2025-11-26 00:00:00,1794259,MAINTENANCE,YA00001490,AC FILTER,1.0,4607,4607.0,0.2,3685.6,0.18,663.408,4349.008,,1,1013279654,2025-11-19 00:00:00,0.0,0.0,0.0,0.0,0.0,0.0,0.0,3455.25,0.0,0.0,0.0,0.0,,,,,,,3455.25,1,1151.75,921.4000000000001,14.0,,0.0
1193.0,2025-11-01,2088849,Bhubaneswar,ROSHAN KUMAR,THRIVENI EARTHMOVERS PVT LTD,THEJAHL0V00000379,ZX470H,,27868.0,2025-11-12 00:00:00,2025-11-26 00:00:00,1794259,MAINTENANCE,YA00022308,AC FILTER,1.0,3958,3958.0,0.2,3166.4,0.18,569.952,3736.352,,1,1013280332,2025-11-30 00:00:00,0.0,0.0,0.0,0.0,0.0,0.0,0.0,2968.5,0.0,0.0,0.0,0.0,,,,,,,2968.5,1,989.5,791.5999999999999,14.0,4.0,0.0
1194.0,2025-11-01,2088849,Bhubaneswar,ROSHAN KUMAR,THRIVENI EARTHMOVERS PVT LTD,THEJAHL0V00000379,ZX470H,,27868.0,2025-11-12 00:00:00,2025-11-26 00:00:00,1794291,PLANNING,113671-4730,FAN BELT,1.0,14327,14327.0,0.2,11461.6,0.18,2063.088,13524.688,,,,,0.0,0.0,0.0,0.0,0.0,0.0,0.0,0.0,0.0,0.0,0.0,0.0,,,,,,,0.0,0,14327.0,2865.3999999999996,14.0,,14327.0
1195.0,2025-11-01,2089123,Bhubaneswar,BIKASH MISTRY,STEEL AUTHORITY OF INDIA,BANNFC90V90C70548,ZW310,,1009864.0,2025-11-12 00:00:00,2025-11-28 00:00:00,1797187,EMERGENCY,263J8-42011,LIFT CYLINDER,1.0,1395030,1395030.0,0.0,1395030.0,0.18,251105.4,1646135.4,,1,1013281998,2025-12-31 00:00:00,0.0,0.0,0.0,0.0,0.0,0.0,0.0,0.0,1395029.66,0.0,0.0,0.0,,,,,,,1395029.66,1,0.34000000008381903,0.0,16.0,33.0,0.0
1196.0,2025-11-01,2089123,Bhubaneswar,BIKASH MISTRY,STEEL AUTHORITY OF INDIA,BANNFC90V90C70548,ZW310,,1009864.0,2025-11-12 00:00:00,2025-11-28 00:00:00,1797187,EMERGENCY,34046-70190,"SEAL,PISTON",4.0,47570,190280.0,0.0,190280.0,0.18,34250.4,224530.4,,4,1013281998,2025-12-31 00:00:00,0.0,0.0,0.0,0.0,0.0,0.0,0.0,0.0,192016.32,0.0,0.0,0.0,,,,,,,192016.32,1,0.0,0.0,16.0,33.0,0.0
1197.0,2025-11-01,2089123,Bhubaneswar,BIKASH MISTRY,STEEL AUTHORITY OF INDIA,BANNFC90V90C70548,ZW310,,1009864.0,2025-11-12 00:00:00,2025-11-28 00:00:00,1797187,EMERGENCY,47171-71130,"RING,WEAR",4.0,15371,61484.0,0.0,61484.0,0.18,11067.119999999999,72551.12,,4,1013281998,2025-12-31 00:00:00,0.0,0.0,0.0,0.0,0.0,0.0,0.0,0.0,62045.04,0.0,0.0,0.0,,,,,,,62045.04,1,0.0,0.0,16.0,33.0,0.0
1198.0,2025-11-01,2089123,Bhubaneswar,BIKASH MISTRY,STEEL AUTHORITY OF INDIA,BANNFC90V90C70548,ZW310,,1009864.0,2025-11-12 00:00:00,2025-11-28 00:00:00,1797187,EMERGENCY,47181-70220,RING WIPER,4.0,2244,8976.0,0.0,8976.0,0.18,1615.6799999999998,10591.68,,4,1013281998,2025-12-31 00:00:00,0.0,0.0,0.0,0.0,0.0,0.0,0.0,0.0,9057.92,0.0,0.0,0.0,,,,,,,9057.92,1,0.0,0.0,16.0,33.0,0.0
1199.0,2025-11-01,2089123,Bhubaneswar,BIKASH MISTRY,STEEL AUTHORITY OF INDIA,BANNFC90V90C70548,ZW310,,1009864.0,2025-11-12 00:00:00,2025-11-28 00:00:00,1797187,EMERGENCY,45323-70420,RING RETAINER,4.0,391,1564.0,0.0,1564.0,0.18,281.52,1845.52,,4,1013281998,2025-12-31 00:00:00,0.0,0.0,0.0,0.0,0.0,0.0,0.0,0.0,1578.28,0.0,0.0,0.0,,,,,,,1578.28,1,0.0,0.0,16.0,33.0,0.0
1200.0,2025-11-01,2089123,Bhubaneswar,BIKASH MISTRY,STEEL AUTHORITY OF INDIA,BANNFC90V90C70548,ZW310,,1009864.0,2025-11-12 00:00:00,2025-11-28 00:00:00,1797187,EMERGENCY,34046-70180,SEAL  PISTON,2.0,3357,6714.0,0.0,6714.0,0.18,1208.52,7922.52,,,,,0.0,0.0,0.0,0.0,0.0,0.0,0.0,0.0,0.0,0.0,0.0,0.0,,,,,,,0.0,0,6714.0,0.0,16.0,,6714.0
1201.0,2025-11-01,2089123,Bhubaneswar,BIKASH MISTRY,STEEL AUTHORITY OF INDIA,BANNFC90V90C70548,ZW310,,1009864.0,2025-11-12 00:00:00,2025-11-28 00:00:00,1797187,EMERGENCY,47171-71130,"RING,WEAR",2.0,15371,30742.0,0.0,30742.0,0.18,5533.5599999999995,36275.56,,,,,0.0,0.0,0.0,0.0,0.0,0.0,0.0,0.0,0.0,0.0,0.0,0.0,,,,,,,0.0,0,30742.0,0.0,16.0,,30742.0
1202.0,2025-11-01,2089123,Bhubaneswar,BIKASH MISTRY,STEEL AUTHORITY OF INDIA,BANNFC90V90C70548,ZW310,,1009864.0,2025-11-12 00:00:00,2025-11-28 00:00:00,1797187,EMERGENCY,34044-71450,"SEAL,DUST",2.0,1236,2472.0,0.0,2472.0,0.18,444.96,2916.96,,,,,0.0,0.0,0.0,0.0,0.0,0.0,0.0,0.0,0.0,0.0,0.0,0.0,,,,,,,0.0,0,2472.0,0.0,16.0,,2472.0
1203.0,2025-11-01,2089123,Bhubaneswar,BIKASH MISTRY,STEEL AUTHORITY OF INDIA,BANNFC90V90C70548,ZW310,,1009864.0,2025-11-12 00:00:00,2025-11-28 00:00:00,1797187,EMERGENCY,47195-70260 ,"RING,WEAR",2.0,1940,3880.0,0.0,3880.0,0.18,698.4,4578.4,,2,1013280337,2025-11-30 00:00:00,0.0,0.0,0.0,0.0,0.0,0.0,0.0,3681.4666666666662,0.0,0.0,0.0,0.0,,,,,,,3681.4666666666662,1,198.53333333333376,0.0,16.0,2.0,0.0
1204.0,2025-11-01,2089123,Bhubaneswar,BIKASH MISTRY,STEEL AUTHORITY OF INDIA,BANNFC90V90C70548,ZW310,,1009864.0,2025-11-12 00:00:00,2025-11-28 00:00:00,1797187,EMERGENCY,47194-72400,"RING,BACK-UP",4.0,1119,4476.0,0.0,4476.0,0.18,805.68,5281.68,,,,,0.0,0.0,0.0,0.0,0.0,0.0,0.0,0.0,0.0,0.0,0.0,0.0,,,,,,,0.0,0,4476.0,0.0,16.0,,4476.0
1205.0,2025-11-01,2089123,Bhubaneswar,BIKASH MISTRY,STEEL AUTHORITY OF INDIA,BANNFC90V90C70548,ZW310,,1009864.0,2025-11-12 00:00:00,2025-11-28 00:00:00,1797273,MAINTENANCE,TE32170,Fuel filter,1.0,3615,3615.0,0.0,3615.0,0.18,650.6999999999999,4265.7,,,,,0.0,0.0,0.0,0.0,0.0,0.0,0.0,0.0,0.0,0.0,0.0,0.0,,,,,,,0.0,0,3615.0,0.0,16.0,,3615.0
1206.0,2025-11-01,2089123,Bhubaneswar,BIKASH MISTRY,STEEL AUTHORITY OF INDIA,BANNFC90V90C70548,ZW310,,1009864.0,2025-11-12 00:00:00,2025-11-28 00:00:00,1797273,MAINTENANCE,4367100,Engine oil filter(cummins part),1.0,15859,15859.0,0.0,15859.0,0.18,2854.62,18713.62,,,,,0.0,0.0,0.0,0.0,0.0,0.0,0.0,0.0,0.0,0.0,0.0,0.0,,,,,,,0.0,0,15859.0,0.0,16.0,,15859.0
1207.0,2025-11-01,2089123,Bhubaneswar,BIKASH MISTRY,STEEL AUTHORITY OF INDIA,BANNFC90V90C70548,ZW310,,1009864.0,2025-11-12 00:00:00,2025-11-28 00:00:00,1797273,MAINTENANCE,3100308,coolant filter(3100318),1.0,11592,11592.0,0.0,11592.0,0.18,2086.56,13678.56,,,,,0.0,0.0,0.0,0.0,0.0,0.0,0.0,0.0,0.0,0.0,0.0,0.0,,,,,,,0.0,0,11592.0,0.0,16.0,,11592.0
1208.0,2025-11-01,2089123,Bhubaneswar,BIKASH MISTRY,STEEL AUTHORITY OF INDIA,BANNFC90V90C70548,ZW310,,1009864.0,2025-11-12 00:00:00,2025-11-28 00:00:00,1797273,MAINTENANCE,3111570040,Transmission oil filter,2.0,17715,35430.0,0.0,35430.0,0.18,6377.4,41807.4,,,,,0.0,0.0,0.0,0.0,0.0,0.0,0.0,0.0,0.0,0.0,0.0,0.0,,,,,,,0.0,0,35430.0,0.0,16.0,,35430.0
1209.0,2025-11-01,2089123,Bhubaneswar,BIKASH MISTRY,STEEL AUTHORITY OF INDIA,BANNFC90V90C70548,ZW310,,1009864.0,2025-11-12 00:00:00,2025-11-28 00:00:00,1797273,MAINTENANCE,YA00033065,ELEMENTFILTER,1.0,8316,8316.0,0.0,8316.0,0.18,1496.8799999999999,9812.88,,1,1013281998,2025-12-31 00:00:00,0.0,0.0,0.0,0.0,0.0,0.0,0.0,0.0,8391.88,0.0,0.0,0.0,,,,,,,8391.88,1,0.0,0.0,16.0,33.0,0.0
1210.0,2025-11-01,2089123,Bhubaneswar,BIKASH MISTRY,STEEL AUTHORITY OF INDIA,BANNFC90V90C70548,ZW310,,1009864.0,2025-11-12 00:00:00,2025-11-28 00:00:00,1797273,MAINTENANCE,3098070430,Air filter outer,1.0,29290,29290.0,0.0,29290.0,0.18,5272.2,34562.2,,,,,0.0,0.0,0.0,0.0,0.0,0.0,0.0,0.0,0.0,0.0,0.0,0.0,,,,,,,0.0,0,29290.0,0.0,16.0,,29290.0
1211.0,2025-11-01,2089123,Bhubaneswar,BIKASH MISTRY,STEEL AUTHORITY OF INDIA,BANNFC90V90C70548,ZW310,,1009864.0,2025-11-12 00:00:00,2025-11-28 00:00:00,1797273,MAINTENANCE,3098070440,Air filter inner,1.0,15834,15834.0,0.0,15834.0,0.18,2850.12,18684.12,,1,1013280253,2025-11-29 00:00:00,0.0,0.0,0.0,0.0,0.0,0.0,0.0,15152.0,0.0,0.0,0.0,0.0,,,,,,,15152.0,1,682.0,0.0,16.0,1.0,0.0
1212.0,2025-11-01,2089123,Bhubaneswar,BIKASH MISTRY,STEEL AUTHORITY OF INDIA,BANNFC90V90C70548,ZW310,,1009864.0,2025-11-12 00:00:00,2025-11-28 00:00:00,1797273,MAINTENANCE,4437838,AIR BREATHER FILTER,1.0,1695,1695.0,0.0,1695.0,0.18,305.09999999999997,2000.1,,,,,0.0,0.0,0.0,0.0,0.0,0.0,0.0,0.0,0.0,0.0,0.0,0.0,,,,,,,0.0,0,1695.0,0.0,16.0,,1695.0
1213.0,2025-11-01,2089123,Bhubaneswar,BIKASH MISTRY,STEEL AUTHORITY OF INDIA,BANNFC90V90C70548,ZW310,,1009864.0,2025-11-12 00:00:00,2025-11-28 00:00:00,1797273,MAINTENANCE,32210-21000,Breather;air(Transmission),1.0,5389,5389.0,0.0,5389.0,0.18,970.02,6359.02,,,,,0.0,0.0,0.0,0.0,0.0,0.0,0.0,0.0,0.0,0.0,0.0,0.0,,,,,,,0.0,0,5389.0,0.0,16.0,,5389.0
1214.0,2025-11-01,2089123,Bhubaneswar,BIKASH MISTRY,STEEL AUTHORITY OF INDIA,BANNFC90V90C70548,ZW310,,1009864.0,2025-11-12 00:00:00,2025-11-28 00:00:00,1797273,MAINTENANCE,41101-60010,Breather;air(Both axles),2.0,20420,40840.0,0.0,40840.0,0.18,7351.2,48191.2,,,,,0.0,0.0,0.0,0.0,0.0,0.0,0.0,0.0,0.0,0.0,0.0,0.0,,,,,,,0.0,0,40840.0,0.0,16.0,,40840.0
1215.0,2025-11-01,2089123,Bhubaneswar,BIKASH MISTRY,STEEL AUTHORITY OF INDIA,BANNFC90V90C70548,ZW310,,1009864.0,2025-11-12 00:00:00,2025-11-28 00:00:00,1797273,MAINTENANCE,40330-60650,Hydraulic Oil Filter (Pilot),1.0,22155,22155.0,0.0,22155.0,0.18,3987.8999999999996,26142.9,,,,,0.0,0.0,0.0,0.0,0.0,0.0,0.0,0.0,0.0,0.0,0.0,0.0,,,,,,,0.0,0,22155.0,0.0,16.0,,22155.0
1216.0,2025-11-01,2089123,Bhubaneswar,BIKASH MISTRY,STEEL AUTHORITY OF INDIA,BANNFC90V90C70548,ZW310,,1009864.0,2025-11-12 00:00:00,2025-11-28 00:00:00,1797273,MAINTENANCE,4631063,Hydraulic Oil Filter (Suction),1.0,11550,11550.0,0.0,11550.0,0.18,2079.0,13629.0,,,,,0.0,0.0,0.0,0.0,0.0,0.0,0.0,0.0,0.0,0.0,0.0,0.0,,,,,,,0.0,0,11550.0,0.0,16.0,,11550.0
1217.0,2025-11-01,2089123,Bhubaneswar,BIKASH MISTRY,STEEL AUTHORITY OF INDIA,BANNFC90V90C70548,ZW310,,1009864.0,2025-11-12 00:00:00,2025-11-28 00:00:00,1797278,PLANNING,YA00024502,EVAPORATOR,1.0,67961,67961.0,0.0,67961.0,0.18,12232.98,80193.98,,1,1013281998,2025-12-31 00:00:00,0.0,0.0,0.0,0.0,0.0,0.0,0.0,0.0,68581.14,0.0,0.0,0.0,,,,,,,68581.14,1,0.0,0.0,16.0,33.0,0.0
1218.0,2025-11-01,2089123,Bhubaneswar,BIKASH MISTRY,STEEL AUTHORITY OF INDIA,BANNFC90V90C70548,ZW310,,1009864.0,2025-11-12 00:00:00,2025-11-28 00:00:00,1797278,PLANNING,YA00003889,CONDENSER,1.0,65715,65715.0,0.0,65715.0,0.18,11828.699999999999,77543.7,,1,1013280338,2025-11-30 00:00:00,0.0,0.0,0.0,0.0,0.0,0.0,0.0,64954.25,0.0,0.0,0.0,0.0,,,,,,,64954.25,1,760.75,0.0,16.0,2.0,0.0
1219.0,2025-11-01,2089123,Bhubaneswar,BIKASH MISTRY,STEEL AUTHORITY OF INDIA,BANNFC90V90C70548,ZW310,,1009864.0,2025-11-12 00:00:00,2025-11-28 00:00:00,1797278,PLANNING,263J8-42011,LIFT CYLINDER,1.0,1395030,1395030.0,0.0,1395030.0,0.18,251105.4,1646135.4,,1,1013282003,2025-12-31 00:00:00,0.0,0.0,0.0,0.0,0.0,0.0,0.0,0.0,1395029.66,0.0,0.0,0.0,,,,,,,1395029.66,1,0.34000000008381903,0.0,16.0,33.0,0.0
1220.0,2025-11-01,2088958,Bhubaneswar,ROSHAN KUMAR,THRIVENI EARTHMOVERS PVT LTD,0ACG-000259,ZX650H,,27868.0,2025-11-13 00:00:00,2025-11-26 00:00:00,1794171,EMERGENCY,171809,O RING,18.0,1619,29142.0,0.2,23313.6,0.18,4196.447999999999,27510.048,,,,,0.0,0.0,0.0,0.0,0.0,0.0,0.0,0.0,0.0,0.0,0.0,0.0,,,,,,,0.0,0,29142.0,5828.4000000000015,13.0,,29142.0
1221.0,2025-11-01,2088958,Bhubaneswar,ROSHAN KUMAR,THRIVENI EARTHMOVERS PVT LTD,0ACG-000259,ZX650H,,27868.0,2025-11-13 00:00:00,2025-11-26 00:00:00,1794176,MAINTENANCE,YA00058283,ENGINE OIL FILTER,2.0,2720,2720.0,0.2,2176.0,0.18,391.68,2567.68,,2,1013280634,2025-12-06 00:00:00,0.0,0.0,0.0,0.0,0.0,0.0,0.0,0.0,4080.0,0.0,0.0,0.0,,,,,,,4080.0,1,0.0,544.0,13.0,10.0,0.0
1222.0,2025-11-01,2088958,Bhubaneswar,ROSHAN KUMAR,THRIVENI EARTHMOVERS PVT LTD,0ACG-000259,ZX650H,,27868.0,2025-11-13 00:00:00,2025-11-26 00:00:00,1794176,MAINTENANCE,4078360,PRIMARY FUEL FILTER,8.0,1352,1352.0,0.2,1081.6,0.18,194.688,1276.288,,8,1013279445,2025-11-14 00:00:00,0.0,0.0,0.0,0.0,0.0,0.0,0.0,8112.0,0.0,0.0,0.0,0.0,,,,,,,8112.0,1,0.0,270.4000000000001,13.0,,0.0
1223.0,2025-11-01,2088958,Bhubaneswar,ROSHAN KUMAR,THRIVENI EARTHMOVERS PVT LTD,0ACG-000259,ZX650H,,27868.0,2025-11-13 00:00:00,2025-11-26 00:00:00,1794176,MAINTENANCE,4616864,FUEL FILTER,8.0,2351,2351.0,0.2,1880.8,0.18,338.544,2219.344,,8,1013279802,2025-11-21 00:00:00,0.0,0.0,0.0,0.0,0.0,0.0,0.0,14106.0,0.0,0.0,0.0,0.0,,,,,,,14106.0,1,0.0,470.20000000000005,13.0,,0.0
1224.0,2025-11-01,2088958,Bhubaneswar,ROSHAN KUMAR,THRIVENI EARTHMOVERS PVT LTD,0ACG-000259,ZX650H,,27868.0,2025-11-13 00:00:00,2025-11-26 00:00:00,1794176,MAINTENANCE,1209163,AIR FILTER OUTER,4.0,11828,11828.0,0.2,9462.4,0.18,1703.232,11165.632,,4,1013279802,2025-11-21 00:00:00,0.0,0.0,0.0,0.0,0.0,0.0,0.0,35484.0,0.0,0.0,0.0,0.0,,,,,,,35484.0,1,0.0,2365.6000000000004,13.0,,0.0
1225.0,2025-11-01,2088958,Bhubaneswar,ROSHAN KUMAR,THRIVENI EARTHMOVERS PVT LTD,0ACG-000259,ZX650H,,27868.0,2025-11-13 00:00:00,2025-11-26 00:00:00,1794176,MAINTENANCE,1105353,AIR FILTER INNER,4.0,6862,6862.0,0.2,5489.6,0.18,988.128,6477.728,,4,1013279802,2025-11-21 00:00:00,0.0,0.0,0.0,0.0,0.0,0.0,0.0,20586.0,0.0,0.0,0.0,0.0,,,,,,,20586.0,1,0.0,1372.3999999999996,13.0,,0.0
1226.0,2025-11-01,2088958,Bhubaneswar,ROSHAN KUMAR,THRIVENI EARTHMOVERS PVT LTD,0ACG-000259,ZX650H,,27868.0,2025-11-13 00:00:00,2025-11-26 00:00:00,1794176,MAINTENANCE,4654745,HYDRAULIC TANK FILTER,3.0,11801,11801.0,0.2,9440.8,0.18,1699.3439999999998,11140.143999999998,,3,1013279802,2025-11-21 00:00:00,0.0,0.0,0.0,0.0,0.0,0.0,0.0,26552.25,0.0,0.0,0.0,0.0,,,,,,,26552.25,1,0.0,2360.2000000000007,13.0,,0.0
1227.0,2025-11-01,2088958,Bhubaneswar,ROSHAN KUMAR,THRIVENI EARTHMOVERS PVT LTD,0ACG-000259,ZX650H,,27868.0,2025-11-13 00:00:00,2025-11-26 00:00:00,1794176,MAINTENANCE,4317008,HYD SECTION FILTER,2.0,17391,34782.0,0.2,27825.6,0.18,5008.607999999999,32834.208,,,,,0.0,0.0,0.0,0.0,0.0,0.0,0.0,0.0,0.0,0.0,0.0,0.0,,,,,,,0.0,0,34782.0,6956.4000000000015,13.0,,34782.0
1228.0,2025-11-01,2088958,Bhubaneswar,ROSHAN KUMAR,THRIVENI EARTHMOVERS PVT LTD,0ACG-000259,ZX650H,,27868.0,2025-11-13 00:00:00,2025-11-26 00:00:00,1794176,MAINTENANCE,4363399,PUMP DRAIN FILTER,1.0,4349,4349.0,0.2,3479.2,0.18,626.256,4105.456,,,,,0.0,0.0,0.0,0.0,0.0,0.0,0.0,0.0,0.0,0.0,0.0,0.0,,,,,,,0.0,0,4349.0,869.8000000000002,13.0,,4349.0
1229.0,2025-11-01,2088958,Bhubaneswar,ROSHAN KUMAR,THRIVENI EARTHMOVERS PVT LTD,0ACG-000259,ZX650H,,27868.0,2025-11-13 00:00:00,2025-11-26 00:00:00,1794176,MAINTENANCE,3015259,PILOT FILTER,1.0,394,394.0,0.2,315.2,0.18,56.736,371.936,,1,1013282392,2002-01-09 00:00:00,0.0,0.0,0.0,0.0,0.0,0.0,0.0,0.0,0.0,295.5,0.0,0.0,,,,,,,295.5,1,98.5,78.80000000000001,13.0,,0.0
1230.0,2025-11-01,2088958,Bhubaneswar,ROSHAN KUMAR,THRIVENI EARTHMOVERS PVT LTD,0ACG-000259,ZX650H,,27868.0,2025-11-13 00:00:00,2025-11-26 00:00:00,1794176,MAINTENANCE,4437838,AIR BREATHER FILTER,4.0,1695,6780.0,0.2,5424.0,0.18,976.3199999999999,6400.32,,4,1013282392,2026-01-09 00:00:00,0.0,0.0,0.0,0.0,0.0,0.0,0.0,0.0,0.0,5085.0,0.0,0.0,,,,,,,5085.0,1,1695.0,1356.0,13.0,44.0,0.0
1231.0,2025-11-01,2088958,Bhubaneswar,ROSHAN KUMAR,THRIVENI EARTHMOVERS PVT LTD,0ACG-000259,ZX650H,,27868.0,2025-11-13 00:00:00,2025-11-26 00:00:00,1794176,MAINTENANCE,4441139,AC FILTER,1.0,8112,8112.0,0.2,6489.6,0.18,1168.128,7657.728,,1,1013279803,2025-11-21 00:00:00,0.0,0.0,0.0,0.0,0.0,0.0,0.0,6084.0,0.0,0.0,0.0,0.0,,,,,,,6084.0,1,2028.0,1622.3999999999996,13.0,,0.0
1232.0,2025-11-01,2088958,Bhubaneswar,ROSHAN KUMAR,THRIVENI EARTHMOVERS PVT LTD,0ACG-000259,ZX650H,,27868.0,2025-11-13 00:00:00,2025-11-26 00:00:00,1794179,PLANNING,113671-4730,FAN BELT,1.0,14327,14327.0,0.2,11461.6,0.18,2063.088,13524.688,,,,,0.0,0.0,0.0,0.0,0.0,0.0,0.0,0.0,0.0,0.0,0.0,0.0,,,,,,,0.0,0,14327.0,2865.3999999999996,13.0,,14327.0
1233.0,2025-11-01,2089126,Bhubaneswar,BIKASH MISTRY,STEEL AUTHORITY OF INDIA,BANNFC90A90C70549,ZW310,,1015792.0,2025-11-13 00:00:00,2025-11-28 00:00:00,1797094,EMERGENCY,263J8-57191,SEAL DUST,2.0,3851,7702.0,0.0,7702.0,0.18,1386.36,9088.36,,2,1013283038,2026-01-21 00:00:00,0.0,0.0,0.0,0.0,0.0,0.0,0.0,0.0,0.0,3886.14,0.0,0.0,,,,,,,3886.14,1,3815.86,0.0,15.0,54.0,0.0
1234.0,2025-11-01,2089126,Bhubaneswar,BIKASH MISTRY,STEEL AUTHORITY OF INDIA,BANNFC90A90C70549,ZW310,,1015792.0,2025-11-13 00:00:00,2025-11-28 00:00:00,1797094,EMERGENCY,34046-70190,PACKING;U-RING,2.0,47570,95140.0,0.0,95140.0,0.18,17125.2,112265.2,,,,,0.0,0.0,0.0,0.0,0.0,0.0,0.0,0.0,0.0,0.0,0.0,0.0,,,,,,,0.0,0,95140.0,0.0,15.0,,95140.0
1235.0,2025-11-01,2089126,Bhubaneswar,BIKASH MISTRY,STEEL AUTHORITY OF INDIA,BANNFC90A90C70549,ZW310,,1015792.0,2025-11-13 00:00:00,2025-11-28 00:00:00,1797094,EMERGENCY,39661-70680,PACKING;U-RING,2.0,6548,13096.0,0.0,13096.0,0.18,2357.2799999999997,15453.279999999999,,2,1013281998,2025-12-31 00:00:00,0.0,0.0,0.0,0.0,0.0,0.0,0.0,0.0,13215.5,0.0,0.0,0.0,,,,,,,13215.5,1,0.0,0.0,15.0,33.0,0.0
1236.0,2025-11-01,2089126,Bhubaneswar,BIKASH MISTRY,STEEL AUTHORITY OF INDIA,BANNFC90A90C70549,ZW310,,1015792.0,2025-11-13 00:00:00,2025-11-28 00:00:00,1797094,EMERGENCY,39661-70670,PACKING;U-RING,2.0,1936,3872.0,0.0,3872.0,0.18,696.9599999999999,4568.96,,,,,0.0,0.0,0.0,0.0,0.0,0.0,0.0,0.0,0.0,0.0,0.0,0.0,,,,,,,0.0,0,3872.0,0.0,15.0,,3872.0
1237.0,2025-11-01,2089126,Bhubaneswar,BIKASH MISTRY,STEEL AUTHORITY OF INDIA,BANNFC90A90C70549,ZW310,,1015792.0,2025-11-13 00:00:00,2025-11-28 00:00:00,1797094,EMERGENCY,34046-70180,SEAL,2.0,3357,6714.0,0.0,6714.0,0.18,1208.52,7922.52,,,,,0.0,0.0,0.0,0.0,0.0,0.0,0.0,0.0,0.0,0.0,0.0,0.0,,,,,,,0.0,0,6714.0,0.0,15.0,,6714.0
1238.0,2025-11-01,2089126,Bhubaneswar,BIKASH MISTRY,STEEL AUTHORITY OF INDIA,BANNFC90A90C70549,ZW310,,1015792.0,2025-11-13 00:00:00,2025-11-28 00:00:00,1797094,EMERGENCY,47131-79180,O-RING,2.0,158,316.0,0.0,316.0,0.18,56.879999999999995,372.88,,2,1013281998,2025-12-31 00:00:00,0.0,0.0,0.0,0.0,0.0,0.0,0.0,0.0,318.9,0.0,0.0,0.0,,,,,,,318.9,1,0.0,0.0,15.0,33.0,0.0
1239.0,2025-11-01,2089126,Bhubaneswar,BIKASH MISTRY,STEEL AUTHORITY OF INDIA,BANNFC90A90C70549,ZW310,,1015792.0,2025-11-13 00:00:00,2025-11-28 00:00:00,1797094,EMERGENCY,47194-72090,RING;BACK-UP,2.0,1799,3598.0,0.0,3598.0,0.18,647.64,4245.64,,2,1013281998,2025-12-31 00:00:00,0.0,0.0,0.0,0.0,0.0,0.0,0.0,0.0,3630.84,0.0,0.0,0.0,,,,,,,3630.84,1,0.0,0.0,15.0,33.0,0.0
1240.0,2025-11-01,2089126,Bhubaneswar,BIKASH MISTRY,STEEL AUTHORITY OF INDIA,BANNFC90A90C70549,ZW310,,1015792.0,2025-11-13 00:00:00,2025-11-28 00:00:00,1797094,EMERGENCY,XB00001057,FAN MOTOR INCL.BLOWER,1.0,67727,67727.0,0.0,67727.0,0.18,12190.859999999999,79917.86,,1,1013281060,2025-12-15 00:00:00,0.0,0.0,0.0,0.0,0.0,0.0,0.0,0.0,67727.0,0.0,0.0,0.0,,,,,,,67727.0,1,0.0,0.0,15.0,17.0,0.0
1241.0,2025-11-01,2089126,Bhubaneswar,BIKASH MISTRY,STEEL AUTHORITY OF INDIA,BANNFC90A90C70549,ZW310,,1015792.0,2025-11-13 00:00:00,2025-11-28 00:00:00,1797097,MAINTENANCE,TE32170,Fuel filter,1.0,3615,3615.0,0.0,3615.0,0.18,650.6999999999999,4265.7,,,,,0.0,0.0,0.0,0.0,0.0,0.0,0.0,0.0,0.0,0.0,0.0,0.0,,,,,,,0.0,0,3615.0,0.0,15.0,,3615.0
1242.0,2025-11-01,2089126,Bhubaneswar,BIKASH MISTRY,STEEL AUTHORITY OF INDIA,BANNFC90A90C70549,ZW310,,1015792.0,2025-11-13 00:00:00,2025-11-28 00:00:00,1797097,MAINTENANCE,4367100,Engine oil filter(cummins part),1.0,15859,15859.0,0.0,15859.0,0.18,2854.62,18713.62,,,,,0.0,0.0,0.0,0.0,0.0,0.0,0.0,0.0,0.0,0.0,0.0,0.0,,,,,,,0.0,0,15859.0,0.0,15.0,,15859.0
1243.0,2025-11-01,2089126,Bhubaneswar,BIKASH MISTRY,STEEL AUTHORITY OF INDIA,BANNFC90A90C70549,ZW310,,1015792.0,2025-11-13 00:00:00,2025-11-28 00:00:00,1797097,MAINTENANCE,3100308,coolant filter(3100318),1.0,11592,11592.0,0.0,11592.0,0.18,2086.56,13678.56,,,,,0.0,0.0,0.0,0.0,0.0,0.0,0.0,0.0,0.0,0.0,0.0,0.0,,,,,,,0.0,0,11592.0,0.0,15.0,,11592.0
1244.0,2025-11-01,2089126,Bhubaneswar,BIKASH MISTRY,STEEL AUTHORITY OF INDIA,BANNFC90A90C70549,ZW310,,1015792.0,2025-11-13 00:00:00,2025-11-28 00:00:00,1797097,MAINTENANCE,3111570040,Transmission oil filter,2.0,17715,35430.0,0.0,35430.0,0.18,6377.4,41807.4,,,,,0.0,0.0,0.0,0.0,0.0,0.0,0.0,0.0,0.0,0.0,0.0,0.0,,,,,,,0.0,0,35430.0,0.0,15.0,,35430.0
1245.0,2025-11-01,2089126,Bhubaneswar,BIKASH MISTRY,STEEL AUTHORITY OF INDIA,BANNFC90A90C70549,ZW310,,1015792.0,2025-11-13 00:00:00,2025-11-28 00:00:00,1797097,MAINTENANCE,YA00033065,ELEMENTFILTER,1.0,8316,8316.0,0.0,8316.0,0.18,1496.8799999999999,9812.88,,1,1013281998,2025-12-31 00:00:00,0.0,0.0,0.0,0.0,0.0,0.0,0.0,0.0,8391.88,0.0,0.0,0.0,,,,,,,8391.88,1,0.0,0.0,15.0,33.0,0.0
1246.0,2025-11-01,2089126,Bhubaneswar,BIKASH MISTRY,STEEL AUTHORITY OF INDIA,BANNFC90A90C70549,ZW310,,1015792.0,2025-11-13 00:00:00,2025-11-28 00:00:00,1797097,MAINTENANCE,3098070430,Air filter outer,1.0,29290,29290.0,0.0,29290.0,0.18,5272.2,34562.2,,,,,0.0,0.0,0.0,0.0,0.0,0.0,0.0,0.0,0.0,0.0,0.0,0.0,,,,,,,0.0,0,29290.0,0.0,15.0,,29290.0
1247.0,2025-11-01,2089126,Bhubaneswar,BIKASH MISTRY,STEEL AUTHORITY OF INDIA,BANNFC90A90C70549,ZW310,,1015792.0,2025-11-13 00:00:00,2025-11-28 00:00:00,1797097,MAINTENANCE,3098070440,Air filter inner,1.0,15834,15834.0,0.0,15834.0,0.18,2850.12,18684.12,,,,,0.0,0.0,0.0,0.0,0.0,0.0,0.0,0.0,0.0,0.0,0.0,0.0,,,,,,,0.0,0,15834.0,0.0,15.0,,15834.0
1248.0,2025-11-01,2089126,Bhubaneswar,BIKASH MISTRY,STEEL AUTHORITY OF INDIA,BANNFC90A90C70549,ZW310,,1015792.0,2025-11-13 00:00:00,2025-11-28 00:00:00,1797097,MAINTENANCE,4437838,AIR BREATHER FILTER,1.0,1695,1695.0,0.0,1695.0,0.18,305.09999999999997,2000.1,,,,,0.0,0.0,0.0,0.0,0.0,0.0,0.0,0.0,0.0,0.0,0.0,0.0,,,,,,,0.0,0,1695.0,0.0,15.0,,1695.0
1249.0,2025-11-01,2089126,Bhubaneswar,BIKASH MISTRY,STEEL AUTHORITY OF INDIA,BANNFC90A90C70549,ZW310,,1015792.0,2025-11-13 00:00:00,2025-11-28 00:00:00,1797097,MAINTENANCE,263G7-82251,CAP BREATHER,1.0,10127,10127.0,0.0,10127.0,0.18,1822.86,11949.86,,,,,0.0,0.0,0.0,0.0,0.0,0.0,0.0,0.0,0.0,0.0,0.0,0.0,,,,,,,0.0,0,10127.0,0.0,15.0,,10127.0
1250.0,2025-11-01,2089126,Bhubaneswar,BIKASH MISTRY,STEEL AUTHORITY OF INDIA,BANNFC90A90C70549,ZW310,,1015792.0,2025-11-13 00:00:00,2025-11-28 00:00:00,1797097,MAINTENANCE,41101-60010,Breather;air(Both axles),2.0,20420,40840.0,0.0,40840.0,0.18,7351.2,48191.2,,,,,0.0,0.0,0.0,0.0,0.0,0.0,0.0,0.0,0.0,0.0,0.0,0.0,,,,,,,0.0,0,40840.0,0.0,15.0,,40840.0
1251.0,2025-11-01,2089126,Bhubaneswar,BIKASH MISTRY,STEEL AUTHORITY OF INDIA,BANNFC90A90C70549,ZW310,,1015792.0,2025-11-13 00:00:00,2025-11-28 00:00:00,1797097,MAINTENANCE,40330-60650,Hydraulic Oil Filter (Pilot),1.0,22155,22155.0,0.0,22155.0,0.18,3987.8999999999996,26142.9,,,,,0.0,0.0,0.0,0.0,0.0,0.0,0.0,0.0,0.0,0.0,0.0,0.0,,,,,,,0.0,0,22155.0,0.0,15.0,,22155.0
1252.0,2025-11-01,2089126,Bhubaneswar,BIKASH MISTRY,STEEL AUTHORITY OF INDIA,BANNFC90A90C70549,ZW310,,1015792.0,2025-11-13 00:00:00,2025-11-28 00:00:00,1797097,MAINTENANCE,4631063,Hydraulic Oil Filter (Suction),1.0,11550,11550.0,0.0,11550.0,0.18,2079.0,13629.0,,,,,0.0,0.0,0.0,0.0,0.0,0.0,0.0,0.0,0.0,0.0,0.0,0.0,,,,,,,0.0,0,11550.0,0.0,15.0,,11550.0
1253.0,2025-11-01,2089126,Bhubaneswar,BIKASH MISTRY,STEEL AUTHORITY OF INDIA,BANNFC90A90C70549,ZW310,,1015792.0,2025-11-13 00:00:00,2025-11-28 00:00:00,1797181,PLANNING,3988070220,FUSE,1.0,523,523.0,0.0,523.0,0.18,94.14,617.14,,,,,0.0,0.0,0.0,0.0,0.0,0.0,0.0,0.0,0.0,0.0,0.0,0.0,,,,,,,0.0,0,523.0,0.0,15.0,,523.0
1254.0,2025-11-01,2089126,Bhubaneswar,BIKASH MISTRY,STEEL AUTHORITY OF INDIA,BANNFC90A90C70549,ZW310,,1015792.0,2025-11-13 00:00:00,2025-11-28 00:00:00,1797181,PLANNING,3988070230,FUSE,1.0,532,532.0,0.0,532.0,0.18,95.75999999999999,627.76,,,,,0.0,0.0,0.0,0.0,0.0,0.0,0.0,0.0,0.0,0.0,0.0,0.0,,,,,,,0.0,0,532.0,0.0,15.0,,532.0
1255.0,2025-11-01,2088689,Bhubaneswar,BIKASH MISTRY,THRIVENI EARTHMOVERS PVT LTD,THEJAHL0C00000499,ZX470H,,27868.0,2025-11-15 00:00:00,2025-11-28 00:00:00,1796913,EMERGENCY,4255762,BATTERY RELAY,1.0,7133,7133.0,0.2,5706.4,0.18,1027.1519999999998,6733.552,,,,,0.0,0.0,0.0,0.0,0.0,0.0,0.0,0.0,0.0,0.0,0.0,0.0,,,,,,,0.0,0,7133.0,1426.6000000000004,13.0,,7133.0
1256.0,2025-11-01,2088689,Bhubaneswar,BIKASH MISTRY,THRIVENI EARTHMOVERS PVT LTD,THEJAHL0C00000499,ZX470H,,27868.0,2025-11-15 00:00:00,2025-11-28 00:00:00,1796914,MAINTENANCE,4078360,PRIMARY FUEL FILTER,2.0,1352,2704.0,0.2,2163.2,0.18,389.376,2552.576,,2,1013279445,2025-11-14 00:00:00,0.0,0.0,0.0,0.0,0.0,0.0,0.0,2028.0,0.0,0.0,0.0,0.0,,,,,,,2028.0,1,676.0,540.8000000000002,13.0,,0.0
1257.0,2025-11-01,2088689,Bhubaneswar,BIKASH MISTRY,THRIVENI EARTHMOVERS PVT LTD,THEJAHL0C00000499,ZX470H,,27868.0,2025-11-15 00:00:00,2025-11-28 00:00:00,1796914,MAINTENANCE,4616864,FUEL FILTER,2.0,2351,4702.0,0.2,3761.6,0.18,677.088,4438.688,,2,1013279802,2025-11-21 00:00:00,0.0,0.0,0.0,0.0,0.0,0.0,0.0,3526.2,0.0,0.0,0.0,0.0,,,,,,,3526.2,1,1175.8000000000002,940.4000000000001,13.0,,0.0
1258.0,2025-11-01,2088689,Bhubaneswar,BIKASH MISTRY,THRIVENI EARTHMOVERS PVT LTD,THEJAHL0C00000499,ZX470H,,27868.0,2025-11-15 00:00:00,2025-11-28 00:00:00,1796914,MAINTENANCE,YA00058283,ENGINE OIL FILTER,6.0,2720,16320.0,0.2,13056.0,0.18,2350.08,15406.08,,6,1013280634,2025-12-06 00:00:00,0.0,0.0,0.0,0.0,0.0,0.0,0.0,0.0,12240.0,0.0,0.0,0.0,,,,,,,12240.0,1,4080.0,3264.0,13.0,8.0,0.0
1259.0,2025-11-01,2088689,Bhubaneswar,BIKASH MISTRY,THRIVENI EARTHMOVERS PVT LTD,THEJAHL0C00000499,ZX470H,,27868.0,2025-11-15 00:00:00,2025-11-28 00:00:00,1796914,MAINTENANCE,4630525,PILOT FILTER,1.0,3046,3046.0,0.2,2436.8,0.18,438.624,2875.424,,1,1013279802,2025-11-21 00:00:00,0.0,0.0,0.0,0.0,0.0,0.0,0.0,2284.5,0.0,0.0,0.0,0.0,,,,,,,2284.5,1,761.5,609.1999999999998,13.0,,0.0
1260.0,2025-11-01,2088689,Bhubaneswar,BIKASH MISTRY,THRIVENI EARTHMOVERS PVT LTD,THEJAHL0C00000499,ZX470H,,27868.0,2025-11-15 00:00:00,2025-11-28 00:00:00,1796914,MAINTENANCE,4654745,HYDRAULIC TANK FILTER,1.0,11801,11801.0,0.2,9440.8,0.18,1699.3439999999998,11140.143999999998,,1,1013282392,2026-01-09 00:00:00,0.0,0.0,0.0,0.0,0.0,0.0,0.0,0.0,0.0,8850.75,0.0,0.0,,,,,,,8850.75,1,2950.25,2360.2000000000007,13.0,42.0,0.0
1261.0,2025-11-01,2088689,Bhubaneswar,BIKASH MISTRY,THRIVENI EARTHMOVERS PVT LTD,THEJAHL0C00000499,ZX470H,,27868.0,2025-11-15 00:00:00,2025-11-28 00:00:00,1796914,MAINTENANCE,4317008,HYD SECTION FILTER,1.0,17391,17391.0,0.2,13912.8,0.18,2504.3039999999996,16417.104,,,,,0.0,0.0,0.0,0.0,0.0,0.0,0.0,0.0,0.0,0.0,0.0,0.0,,,,,,,0.0,0,17391.0,3478.2000000000007,13.0,,17391.0
1262.0,2025-11-01,2088689,Bhubaneswar,BIKASH MISTRY,THRIVENI EARTHMOVERS PVT LTD,THEJAHL0C00000499,ZX470H,,27868.0,2025-11-15 00:00:00,2025-11-28 00:00:00,1796914,MAINTENANCE,4363399,PUMP DRAIN FILTER,2.0,4349,8698.0,0.2,6958.4,0.18,1252.512,8210.912,,,,,0.0,0.0,0.0,0.0,0.0,0.0,0.0,0.0,0.0,0.0,0.0,0.0,,,,,,,0.0,0,8698.0,1739.6000000000004,13.0,,8698.0
1263.0,2025-11-01,2088689,Bhubaneswar,BIKASH MISTRY,THRIVENI EARTHMOVERS PVT LTD,THEJAHL0C00000499,ZX470H,,27868.0,2025-11-15 00:00:00,2025-11-28 00:00:00,1796914,MAINTENANCE,1105353,AIR FILTER INNER,2.0,6862,13724.0,0.2,10979.2,0.18,1976.256,12955.456,,2,1013279802,2025-11-21 00:00:00,0.0,0.0,0.0,0.0,0.0,0.0,0.0,10293.0,0.0,0.0,0.0,0.0,,,,,,,10293.0,1,3431.0,2744.7999999999993,13.0,,0.0
1264.0,2025-11-01,2088689,Bhubaneswar,BIKASH MISTRY,THRIVENI EARTHMOVERS PVT LTD,THEJAHL0C00000499,ZX470H,,27868.0,2025-11-15 00:00:00,2025-11-28 00:00:00,1796914,MAINTENANCE,1209163,AIR FILTER OUTER,2.0,11828,23656.0,0.2,18924.8,0.18,3406.464,22331.264,,2,1013279802,2025-11-21 00:00:00,0.0,0.0,0.0,0.0,0.0,0.0,0.0,17742.0,0.0,0.0,0.0,0.0,,,,,,,17742.0,1,5914.0,4731.200000000001,13.0,,0.0
1265.0,2025-11-01,2088689,Bhubaneswar,BIKASH MISTRY,THRIVENI EARTHMOVERS PVT LTD,THEJAHL0C00000499,ZX470H,,27868.0,2025-11-15 00:00:00,2025-11-28 00:00:00,1796914,MAINTENANCE,4437838,AIR BREATHER FILTER,1.0,1695,1695.0,0.2,1356.0,0.18,244.07999999999998,1600.08,,1,1013282392,2026-01-09 00:00:00,0.0,0.0,0.0,0.0,0.0,0.0,0.0,0.0,0.0,1271.25,0.0,0.0,,,,,,,1271.25,1,423.75,339.0,13.0,42.0,0.0
1266.0,2025-11-01,2088689,Bhubaneswar,BIKASH MISTRY,THRIVENI EARTHMOVERS PVT LTD,THEJAHL0C00000499,ZX470H,,27868.0,2025-11-15 00:00:00,2025-11-28 00:00:00,1796914,MAINTENANCE,YA00001490,AC FILTER,1.0,4607,4607.0,0.2,3685.6,0.18,663.408,4349.008,,1,1013279654,2025-11-19 00:00:00,0.0,0.0,0.0,0.0,0.0,0.0,0.0,3455.25,0.0,0.0,0.0,0.0,,,,,,,3455.25,1,1151.75,921.4000000000001,13.0,,0.0
1267.0,2025-11-01,2088689,Bhubaneswar,BIKASH MISTRY,THRIVENI EARTHMOVERS PVT LTD,THEJAHL0C00000499,ZX470H,,27868.0,2025-11-15 00:00:00,2025-11-28 00:00:00,1796914,MAINTENANCE,4632689,CIRCULATING AIR FILTER AC,1.0,3846,3846.0,0.2,3076.8,0.18,553.824,3630.6240000000003,,,,,0.0,0.0,0.0,0.0,0.0,0.0,0.0,0.0,0.0,0.0,0.0,0.0,,,,,,,0.0,0,3846.0,769.1999999999998,13.0,,3846.0
1268.0,2025-11-01,2088689,Bhubaneswar,BIKASH MISTRY,THRIVENI EARTHMOVERS PVT LTD,THEJAHL0C00000499,ZX470H,,27868.0,2025-11-15 00:00:00,2025-11-28 00:00:00,1796916,PLANNING,4612763,AC BELT,1.0,8559,8559.0,0.2,6847.2,0.18,1232.4959999999999,8079.696,,,,,0.0,0.0,0.0,0.0,0.0,0.0,0.0,0.0,0.0,0.0,0.0,0.0,,,,,,,0.0,0,8559.0,1711.8000000000002,13.0,,8559.0
1269.0,2025-11-01,2089121,Bhubaneswar,NIRANJAN DAS,THRIVENI EARTHMOVERS PVT LTD,THEJAHL0E00000601,ZX470H,,27868.0,2025-11-17 00:00:00,2025-11-28 00:00:00,1796110,EMERGENCY,4452160,PRE HEATER RELAY,1.0,67679,67679.0,0.2,54143.2,0.18,9745.776,63888.975999999995,,,,,0.0,0.0,0.0,0.0,0.0,0.0,0.0,0.0,0.0,0.0,0.0,0.0,,,,,,,0.0,0,67679.0,13535.800000000003,11.0,,67679.0
1270.0,2025-11-01,2089121,Bhubaneswar,NIRANJAN DAS,THRIVENI EARTHMOVERS PVT LTD,THEJAHL0E00000601,ZX470H,,27868.0,2025-11-17 00:00:00,2025-11-28 00:00:00,1796151,MAINTENANCE,YA00058283,ENGINE OIL FILTER,4.0,2720,10880.0,0.2,8704.0,0.18,1566.72,10270.72,,4,1013280634,2025-12-06 00:00:00,0.0,0.0,0.0,0.0,0.0,0.0,0.0,0.0,8160.0,0.0,0.0,0.0,,,,,,,8160.0,1,2720.0,2176.0,11.0,8.0,0.0
1271.0,2025-11-01,2089121,Bhubaneswar,NIRANJAN DAS,THRIVENI EARTHMOVERS PVT LTD,THEJAHL0E00000601,ZX470H,,27868.0,2025-11-17 00:00:00,2025-11-28 00:00:00,1796151,MAINTENANCE,4078360,PRIMARY FUEL FILTER,8.0,1352,10816.0,0.2,8652.8,0.18,1557.504,10210.304,,8,1013279445,2025-11-14 00:00:00,0.0,0.0,0.0,0.0,0.0,0.0,0.0,8112.0,0.0,0.0,0.0,0.0,,,,,,,8112.0,1,2704.0,2163.2000000000007,11.0,,0.0
1272.0,2025-11-01,2089121,Bhubaneswar,NIRANJAN DAS,THRIVENI EARTHMOVERS PVT LTD,THEJAHL0E00000601,ZX470H,,27868.0,2025-11-17 00:00:00,2025-11-28 00:00:00,1796151,MAINTENANCE,4616864,FUEL FILTER,8.0,2351,18808.0,0.2,15046.4,0.18,2708.352,17754.752,,8,1013279802,2025-11-21 00:00:00,0.0,0.0,0.0,0.0,0.0,0.0,0.0,14106.0,0.0,0.0,0.0,0.0,,,,,,,14106.0,1,4702.0,3761.6000000000004,11.0,,0.0
1273.0,2025-11-01,2089121,Bhubaneswar,NIRANJAN DAS,THRIVENI EARTHMOVERS PVT LTD,THEJAHL0E00000601,ZX470H,,27868.0,2025-11-17 00:00:00,2025-11-28 00:00:00,1796151,MAINTENANCE,1209163,AIR FILTER OUTER,4.0,11828,47312.0,0.2,37849.6,0.18,6812.928,44662.528,,4,1013279802,2025-11-21 00:00:00,0.0,0.0,0.0,0.0,0.0,0.0,0.0,35484.0,0.0,0.0,0.0,0.0,,,,,,,35484.0,1,11828.0,9462.400000000001,11.0,,0.0
1274.0,2025-11-01,2089121,Bhubaneswar,NIRANJAN DAS,THRIVENI EARTHMOVERS PVT LTD,THEJAHL0E00000601,ZX470H,,27868.0,2025-11-17 00:00:00,2025-11-28 00:00:00,1796151,MAINTENANCE,1105353,AIR FILTER INNER,4.0,6862,27448.0,0.2,21958.4,0.18,3952.512,25910.912,,4,1013279802,2025-11-21 00:00:00,0.0,0.0,0.0,0.0,0.0,0.0,0.0,20586.0,0.0,0.0,0.0,0.0,,,,,,,20586.0,1,6862.0,5489.5999999999985,11.0,,0.0
1275.0,2025-11-01,2089121,Bhubaneswar,NIRANJAN DAS,THRIVENI EARTHMOVERS PVT LTD,THEJAHL0E00000601,ZX470H,,27868.0,2025-11-17 00:00:00,2025-11-28 00:00:00,1796151,MAINTENANCE,4654745,HYDRAULIC TANK FILTER,2.0,11801,23602.0,0.2,18881.6,0.18,3398.6879999999996,22280.287999999997,,,,,0.0,0.0,0.0,0.0,0.0,0.0,0.0,0.0,0.0,0.0,0.0,0.0,,,,,,,0.0,0,23602.0,4720.4000000000015,11.0,,23602.0
1276.0,2025-11-01,2089121,Bhubaneswar,NIRANJAN DAS,THRIVENI EARTHMOVERS PVT LTD,THEJAHL0E00000601,ZX470H,,27868.0,2025-11-17 00:00:00,2025-11-28 00:00:00,1796151,MAINTENANCE,4630525,PILOT FILTER,2.0,3046,6092.0,0.2,4873.6,0.18,877.248,5750.848,,2,1013279802,2025-11-21 00:00:00,0.0,0.0,0.0,0.0,0.0,0.0,0.0,4569.0,0.0,0.0,0.0,0.0,,,,,,,4569.0,1,1523.0,1218.3999999999996,11.0,,0.0
1277.0,2025-11-01,2089121,Bhubaneswar,NIRANJAN DAS,THRIVENI EARTHMOVERS PVT LTD,THEJAHL0E00000601,ZX470H,,27868.0,2025-11-17 00:00:00,2025-11-28 00:00:00,1796151,MAINTENANCE,4363399,PUMP DRAIN FILTER,1.0,4349,4349.0,0.2,3479.2,0.18,626.256,4105.456,,,,,0.0,0.0,0.0,0.0,0.0,0.0,0.0,0.0,0.0,0.0,0.0,0.0,,,,,,,0.0,0,4349.0,869.8000000000002,11.0,,4349.0
1278.0,2025-11-01,2089121,Bhubaneswar,NIRANJAN DAS,THRIVENI EARTHMOVERS PVT LTD,THEJAHL0E00000601,ZX470H,,27868.0,2025-11-17 00:00:00,2025-11-28 00:00:00,1796151,MAINTENANCE,YA00001490,AC FILTER,1.0,4607,4607.0,0.2,3685.6,0.18,663.408,4349.008,,1,1013279654,2025-11-19 00:00:00,0.0,0.0,0.0,0.0,0.0,0.0,0.0,3455.25,0.0,0.0,0.0,0.0,,,,,,,3455.25,1,1151.75,921.4000000000001,11.0,,0.0
1279.0,2025-11-01,2089121,Bhubaneswar,NIRANJAN DAS,THRIVENI EARTHMOVERS PVT LTD,THEJAHL0E00000601,ZX470H,,27868.0,2025-11-17 00:00:00,2025-11-28 00:00:00,1796151,MAINTENANCE,YA00022308,AC FILTER,1.0,3958,3958.0,0.2,3166.4,0.18,569.952,3736.352,,1,1013280332,2025-11-30 00:00:00,0.0,0.0,0.0,0.0,0.0,0.0,0.0,2968.5,0.0,0.0,0.0,0.0,,,,,,,2968.5,1,989.5,791.5999999999999,11.0,2.0,0.0
1280.0,2025-11-01,2089121,Bhubaneswar,NIRANJAN DAS,THRIVENI EARTHMOVERS PVT LTD,THEJAHL0E00000601,ZX470H,,27868.0,2025-11-17 00:00:00,2025-11-28 00:00:00,1796152,PLANNING,113671-4730,FAN BELT,1.0,14327,14327.0,0.2,11461.6,0.18,2063.088,13524.688,,,,,0.0,0.0,0.0,0.0,0.0,0.0,0.0,0.0,0.0,0.0,0.0,0.0,,,,,,,0.0,0,14327.0,2865.3999999999996,11.0,,14327.0
1281.0,2025-11-01,2088688,Bhubaneswar,BIKASH MISTRY,SHRI JAGANNATH STEEL & POWER LTD,THEJAHL0P00000490,ZX470H,,110703.0,2025-11-20 00:00:00,2025-11-28 00:00:00,1796920,EMERGENCY,4051362,CAP O-RING,18.0,,0.0,0.2,0.0,0.18,0.0,0.0,,,,,0.0,0.0,0.0,0.0,0.0,0.0,0.0,0.0,0.0,0.0,0.0,0.0,,,,,,,0.0,0,0.0,0.0,8.0,,0.0
1282.0,2025-11-01,2088688,Bhubaneswar,BIKASH MISTRY,SHRI JAGANNATH STEEL & POWER LTD,THEJAHL0P00000490,ZX470H,,110703.0,2025-11-20 00:00:00,2025-11-28 00:00:00,1796920,EMERGENCY,451033,ORING,2.0,651,1302.0,0.2,1041.6,0.18,187.48799999999997,1229.088,,,,,0.0,0.0,0.0,0.0,0.0,0.0,0.0,0.0,0.0,0.0,0.0,0.0,,,,,,,0.0,0,1302.0,260.4000000000001,8.0,,1302.0
1283.0,2025-11-01,2088688,Bhubaneswar,BIKASH MISTRY,SHRI JAGANNATH STEEL & POWER LTD,THEJAHL0P00000490,ZX470H,,110703.0,2025-11-20 00:00:00,2025-11-28 00:00:00,1796920,EMERGENCY,451037,RING BACK UP,2.0,1039,2078.0,0.2,1662.4,0.18,299.232,1961.632,,,,,0.0,0.0,0.0,0.0,0.0,0.0,0.0,0.0,0.0,0.0,0.0,0.0,,,,,,,0.0,0,2078.0,415.5999999999999,8.0,,2078.0
1284.0,2025-11-01,2088688,Bhubaneswar,BIKASH MISTRY,SHRI JAGANNATH STEEL & POWER LTD,THEJAHL0P00000490,ZX470H,,110703.0,2025-11-20 00:00:00,2025-11-28 00:00:00,1796997,MAINTENANCE,1105353,AIR FILTER INNER,4.0,6862,27448.0,0.2,21958.4,0.18,3952.512,25910.912,,,,,0.0,0.0,0.0,0.0,0.0,0.0,0.0,0.0,0.0,0.0,0.0,0.0,,,,,,,0.0,0,27448.0,5489.5999999999985,8.0,,27448.0
1285.0,2025-11-01,2088688,Bhubaneswar,BIKASH MISTRY,SHRI JAGANNATH STEEL & POWER LTD,THEJAHL0P00000490,ZX470H,,110703.0,2025-11-20 00:00:00,2025-11-28 00:00:00,1796997,MAINTENANCE,4630525,PILOT FILTER,6.0,3046,18276.0,0.2,14620.8,0.18,2631.7439999999997,17252.543999999998,,5,1013280080,2025-11-27 00:00:00,0.0,0.0,0.0,0.0,0.0,0.0,0.0,11422.5,0.0,0.0,0.0,0.0,,,,,,,11422.5,1,6853.5,3655.2000000000007,8.0,,0.0
1286.0,2025-11-01,2088688,Bhubaneswar,BIKASH MISTRY,SHRI JAGANNATH STEEL & POWER LTD,THEJAHL0P00000490,ZX470H,,110703.0,2025-11-20 00:00:00,2025-11-28 00:00:00,1796997,MAINTENANCE,YA00058283,ENGINE OIL FILTER,18.0,2720,48960.0,0.2,39168.0,0.18,7050.24,46218.24,,18,"1013279761, 1013282792","20-11-2025, 16-01-26",0.0,0.0,0.0,0.0,0.0,0.0,0.0,30600.0,0.0,6120.0,0.0,0.0,,,,,,,36720.0,1,12240.0,9792.0,8.0,,0.0
1287.0,2025-11-01,2088688,Bhubaneswar,BIKASH MISTRY,SHRI JAGANNATH STEEL & POWER LTD,THEJAHL0P00000490,ZX470H,,110703.0,2025-11-20 00:00:00,2025-11-28 00:00:00,1796997,MAINTENANCE,4078360,PRIMARY FUEL FILTER,18.0,1352,24336.0,0.2,19468.8,0.18,3504.3839999999996,22973.183999999997,,17,"1013280080, 1013282792","27-11-2025, 16-01-26",0.0,0.0,0.0,0.0,0.0,0.0,0.0,14196.0,0.0,3042.0,0.0,0.0,,,,,,,17238.0,1,7098.0,4867.200000000001,8.0,,0.0
1288.0,2025-11-01,2088688,Bhubaneswar,BIKASH MISTRY,SHRI JAGANNATH STEEL & POWER LTD,THEJAHL0P00000490,ZX470H,,110703.0,2025-11-20 00:00:00,2025-11-28 00:00:00,1796997,MAINTENANCE,4616864,FUEL FILTER,10.0,2351,23510.0,0.2,18808.0,0.18,3385.44,22193.44,,10,"1013279542, 1013280498","17-11-2025, 04-12-25",0.0,0.0,0.0,0.0,0.0,0.0,0.0,1763.25,15869.25,0.0,0.0,0.0,,,,,,,17632.5,1,5877.5,4702.0,8.0,,0.0
1289.0,2025-11-01,2088688,Bhubaneswar,BIKASH MISTRY,SHRI JAGANNATH STEEL & POWER LTD,THEJAHL0P00000490,ZX470H,,110703.0,2025-11-20 00:00:00,2025-11-28 00:00:00,1796997,MAINTENANCE,1168261,AIR FILTER INNER,2.0,18873,37746.0,0.2,30196.8,0.18,5435.424,35632.224,,,,,0.0,0.0,0.0,0.0,0.0,0.0,0.0,0.0,0.0,0.0,0.0,0.0,,,,,,,0.0,0,37746.0,7549.200000000001,8.0,,37746.0
1290.0,2025-11-01,2088688,Bhubaneswar,BIKASH MISTRY,SHRI JAGANNATH STEEL & POWER LTD,THEJAHL0P00000490,ZX470H,,110703.0,2025-11-20 00:00:00,2025-11-28 00:00:00,1796997,MAINTENANCE,1199364,AIR FILTER OUTER,2.0,22243,44486.0,0.2,35588.8,0.18,6405.984,41994.784,,,,,0.0,0.0,0.0,0.0,0.0,0.0,0.0,0.0,0.0,0.0,0.0,0.0,,,,,,,0.0,0,44486.0,8897.199999999997,8.0,,44486.0
1291.0,2025-11-01,2088688,Bhubaneswar,BIKASH MISTRY,SHRI JAGANNATH STEEL & POWER LTD,THEJAHL0P00000490,ZX470H,,110703.0,2025-11-20 00:00:00,2025-11-28 00:00:00,1796997,MAINTENANCE,4654745,HYDRAULIC TANK FILTER,8.0,11801,94408.0,0.2,75526.4,0.18,13594.751999999999,89121.15199999999,,7,1013279761,2025-11-20 00:00:00,0.0,0.0,0.0,0.0,0.0,0.0,0.0,61955.25,0.0,0.0,0.0,0.0,,,,,,,61955.25,1,32452.75,18881.600000000006,8.0,,0.0
1292.0,2025-11-01,2088688,Bhubaneswar,BIKASH MISTRY,SHRI JAGANNATH STEEL & POWER LTD,THEJAHL0P00000490,ZX470H,,110703.0,2025-11-20 00:00:00,2025-11-28 00:00:00,1796997,MAINTENANCE,YA00022308,AC FILTER,6.0,3958,23748.0,0.0,23748.0,0.18,4274.639999999999,28022.64,,6,1013280080,2025-11-27 00:00:00,0.0,0.0,0.0,0.0,0.0,0.0,0.0,17811.0,0.0,0.0,0.0,0.0,,,,,,,17811.0,1,5937.0,0.0,8.0,,0.0
1293.0,2025-11-01,2088688,Bhubaneswar,BIKASH MISTRY,SHRI JAGANNATH STEEL & POWER LTD,THEJAHL0P00000490,ZX470H,,110703.0,2025-11-20 00:00:00,2025-11-28 00:00:00,1796997,MAINTENANCE,YA00001490,AC FILTER,6.0,4607,27642.0,0.0,27642.0,0.18,4975.5599999999995,32617.559999999998,,6,1013279761,2025-11-20 00:00:00,0.0,0.0,0.0,0.0,0.0,0.0,0.0,20731.5,0.0,0.0,0.0,0.0,,,,,,,20731.5,1,6910.5,0.0,8.0,,0.0
1294.0,2025-11-01,2088688,Bhubaneswar,BIKASH MISTRY,SHRI JAGANNATH STEEL & POWER LTD,THEJAHL0P00000490,ZX470H,,110703.0,2025-11-20 00:00:00,2025-11-28 00:00:00,1796997,MAINTENANCE,4317008,HYD SUCTION FILTER,2.0,17391,34782.0,0.0,34782.0,0.18,6260.76,41042.76,,2,1013279761,2025-11-20 00:00:00,0.0,0.0,0.0,0.0,0.0,0.0,0.0,26086.5,0.0,0.0,0.0,0.0,,,,,,,26086.5,1,8695.5,0.0,8.0,,0.0
1295.0,2025-11-01,2088688,Bhubaneswar,BIKASH MISTRY,SHRI JAGANNATH STEEL & POWER LTD,THEJAHL0P00000490,ZX470H,,110703.0,2025-11-20 00:00:00,2025-11-28 00:00:00,1796997,MAINTENANCE,4363399,PUMP DRAIN FILTER,6.0,4349,26094.0,0.0,26094.0,0.18,4696.92,30790.92,,6,"1013280498, 1013282792","03-12-2025, 16-01-26",0.0,0.0,0.0,0.0,0.0,0.0,0.0,0.0,16308.75,3261.75,0.0,0.0,,,,,,,19570.5,1,6523.5,0.0,8.0,,0.0
1296.0,2025-11-01,2088688,Bhubaneswar,BIKASH MISTRY,SHRI JAGANNATH STEEL & POWER LTD,THEJAHL0P00000490,ZX470H,,110703.0,2025-11-20 00:00:00,2025-11-28 00:00:00,1797032,PLANNING,111742-0831,"HOSE; RUBBER,AIR",1.0,6358,6358.0,0.0,6358.0,0.18,1144.44,7502.4400000000005,,,,,0.0,0.0,0.0,0.0,0.0,0.0,0.0,0.0,0.0,0.0,0.0,0.0,,,,,,,0.0,0,6358.0,0.0,8.0,,6358.0
1297.0,2025-11-01,2049132,Bhubaneswar,ROSHAN KUMAR,LAL TRADERS & AGENCIES PVT LTD,THEJAHL0C00000096,ZX470H,,101259303.0,2025-11-21 00:00:00,2025-11-27 00:00:00,1794861,EMERGENCY,4506429,O-RING;CENTER JOINT,4.0,164,656.0,0.0,656.0,0.18,118.08,774.08,,,,,0.0,0.0,0.0,0.0,0.0,0.0,0.0,0.0,0.0,0.0,0.0,0.0,,,,,,,0.0,0,656.0,0.0,6.0,,656.0
1298.0,2025-11-01,2049132,Bhubaneswar,ROSHAN KUMAR,LAL TRADERS & AGENCIES PVT LTD,THEJAHL0C00000096,ZX470H,,101259303.0,2025-11-21 00:00:00,2025-11-27 00:00:00,1794861,EMERGENCY,A810125,O-RING;CENTER JOINT,1.0,489,489.0,0.0,489.0,0.18,88.02,577.02,,1,1013281927,2025-12-31 00:00:00,0.0,0.0,0.0,0.0,0.0,0.0,0.0,0.0,478.0,0.0,0.0,0.0,,,,,,,478.0,1,11.0,0.0,6.0,34.0,0.0
1299.0,2025-11-01,2049132,Bhubaneswar,ROSHAN KUMAR,LAL TRADERS & AGENCIES PVT LTD,THEJAHL0C00000096,ZX470H,,101259303.0,2025-11-21 00:00:00,2025-11-27 00:00:00,1794861,EMERGENCY,898000-7881,"HOSE, BREATHER",1.0,4539,4539.0,0.0,4539.0,0.18,817.02,5356.02,,,,,0.0,0.0,0.0,0.0,0.0,0.0,0.0,0.0,0.0,0.0,0.0,0.0,,,,,,,0.0,0,4539.0,0.0,6.0,,4539.0
1300.0,2025-11-01,2049132,Bhubaneswar,ROSHAN KUMAR,LAL TRADERS & AGENCIES PVT LTD,THEJAHL0C00000096,ZX470H,,101259303.0,2025-11-21 00:00:00,2025-11-27 00:00:00,1794861,EMERGENCY,4653042,SEAL KIT BUCKET,1.0,38202,38202.0,0.0,38202.0,0.18,6876.36,45078.36,,,,,0.0,0.0,0.0,0.0,0.0,0.0,0.0,0.0,0.0,0.0,0.0,0.0,,,,,,,0.0,0,38202.0,0.0,6.0,,38202.0
1301.0,2025-11-01,2049132,Bhubaneswar,ROSHAN KUMAR,LAL TRADERS & AGENCIES PVT LTD,THEJAHL0C00000096,ZX470H,,101259303.0,2025-11-21 00:00:00,2025-11-27 00:00:00,1794865,MAINTENANCE,YA00058283,ENGINE OIL FILTER,2.0,2720,5440.0,0.0,5440.0,0.18,979.1999999999999,6419.2,,2,1013286700,2026-03-28 00:00:00,0.0,0.0,0.0,0.0,0.0,0.0,0.0,0.0,0.0,0.0,0.0,4624.0,,,,,,,4624.0,1,816.0,0.0,6.0,121.0,0.0
1302.0,2025-11-01,2049132,Bhubaneswar,ROSHAN KUMAR,LAL TRADERS & AGENCIES PVT LTD,THEJAHL0C00000096,ZX470H,,101259303.0,2025-11-21 00:00:00,2025-11-27 00:00:00,1794865,MAINTENANCE,4078360,PRIMARY FUEL FILTER,1.0,1352,1352.0,0.0,1352.0,0.18,243.35999999999999,1595.36,,1,1013285248,2026-02-28 00:00:00,0.0,0.0,0.0,0.0,0.0,0.0,0.0,0.0,0.0,0.0,1014.0,0.0,,,,,,,1014.0,1,338.0,0.0,6.0,93.0,0.0
1303.0,2025-11-01,2049132,Bhubaneswar,ROSHAN KUMAR,LAL TRADERS & AGENCIES PVT LTD,THEJAHL0C00000096,ZX470H,,101259303.0,2025-11-21 00:00:00,2025-11-27 00:00:00,1794865,MAINTENANCE,4616864,FUEL FILTER,1.0,2351,2351.0,0.0,2351.0,0.18,423.18,2774.18,,1,1013285248,2026-02-28 00:00:00,0.0,0.0,0.0,0.0,0.0,0.0,0.0,0.0,0.0,0.0,1763.5,0.0,,,,,,,1763.5,1,587.5,0.0,6.0,93.0,0.0
1304.0,2025-11-01,2049132,Bhubaneswar,ROSHAN KUMAR,LAL TRADERS & AGENCIES PVT LTD,THEJAHL0C00000096,ZX470H,,101259303.0,2025-11-21 00:00:00,2025-11-27 00:00:00,1794865,MAINTENANCE,1209163,AIR FILTER OUTER,1.0,11828,11828.0,0.0,11828.0,0.18,2129.04,13957.04,,1,1013283397,2026-01-29 00:00:00,0.0,0.0,0.0,0.0,0.0,0.0,0.0,0.0,0.0,11561.7,0.0,0.0,,,,,,,11561.7,1,266.2999999999993,0.0,6.0,63.0,0.0
1305.0,2025-11-01,2049132,Bhubaneswar,ROSHAN KUMAR,LAL TRADERS & AGENCIES PVT LTD,THEJAHL0C00000096,ZX470H,,101259303.0,2025-11-21 00:00:00,2025-11-27 00:00:00,1794865,MAINTENANCE,1105353,AIR FILTER INNER,1.0,6862,6862.0,0.0,6862.0,0.18,1235.1599999999999,8097.16,,,,,0.0,0.0,0.0,0.0,0.0,0.0,0.0,0.0,0.0,0.0,0.0,0.0,,,,,,,0.0,0,6862.0,0.0,6.0,,6862.0
1306.0,2025-11-01,2049132,Bhubaneswar,ROSHAN KUMAR,LAL TRADERS & AGENCIES PVT LTD,THEJAHL0C00000096,ZX470H,,101259303.0,2025-11-21 00:00:00,2025-11-27 00:00:00,1794870,PLANNING,113671-4730,FAN BELT,1.0,14327,14327.0,0.0,14327.0,0.18,2578.86,16905.86,,,,,0.0,0.0,0.0,0.0,0.0,0.0,0.0,0.0,0.0,0.0,0.0,0.0,,,,,,,0.0,0,14327.0,0.0,6.0,,14327.0
1307.0,2025-11-01,2049133,Bhubaneswar,NIRANJAN DAS,G M IRON & STEEL COMPANY LIMITED,THEJAHL0T00000102,ZX470H,,101259303.0,2025-11-21 00:00:00,2025-11-27 00:00:00,1796076,EMERGENCY,4707470,CONTROLER,1.0,186925,186925.0,0.0,186925.0,0.18,33646.5,220571.5,,,,,0.0,0.0,0.0,0.0,0.0,0.0,0.0,0.0,0.0,0.0,0.0,0.0,,,,,,,0.0,0,186925.0,0.0,6.0,,186925.0
1308.0,2025-11-01,2049133,Bhubaneswar,NIRANJAN DAS,G M IRON & STEEL COMPANY LIMITED,THEJAHL0T00000102,ZX470H,,101259303.0,2025-11-21 00:00:00,2025-11-27 00:00:00,1796076,EMERGENCY,YA00011100,ENGINE CONTROLER,1.0,107897,107897.0,0.0,107897.0,0.18,19421.46,127318.45999999999,,,,,0.0,0.0,0.0,0.0,0.0,0.0,0.0,0.0,0.0,0.0,0.0,0.0,,,,,,,0.0,0,107897.0,0.0,6.0,,107897.0
1309.0,2025-11-01,2049133,Bhubaneswar,NIRANJAN DAS,G M IRON & STEEL COMPANY LIMITED,THEJAHL0T00000102,ZX470H,,101259303.0,2025-11-21 00:00:00,2025-11-27 00:00:00,1796077,MAINTENANCE,4654745,HYDRAULIC TANK FILTER,1.0,11801,11801.0,0.0,11801.0,0.18,2124.18,13925.18,,,,,0.0,0.0,0.0,0.0,0.0,0.0,0.0,0.0,0.0,0.0,0.0,0.0,,,,,,,0.0,0,11801.0,0.0,6.0,,11801.0
1310.0,2025-11-01,2049133,Bhubaneswar,NIRANJAN DAS,G M IRON & STEEL COMPANY LIMITED,THEJAHL0T00000102,ZX470H,,101259303.0,2025-11-21 00:00:00,2025-11-27 00:00:00,1796077,MAINTENANCE,4630525,PILOT FILTER,1.0,3046,3046.0,0.0,3046.0,0.18,548.28,3594.2799999999997,,,,,0.0,0.0,0.0,0.0,0.0,0.0,0.0,0.0,0.0,0.0,0.0,0.0,,,,,,,0.0,0,3046.0,0.0,6.0,,3046.0
1311.0,2025-11-01,2049133,Bhubaneswar,NIRANJAN DAS,G M IRON & STEEL COMPANY LIMITED,THEJAHL0T00000102,ZX470H,,101259303.0,2025-11-21 00:00:00,2025-11-27 00:00:00,1796077,MAINTENANCE,4363399,PUMP DRAIN FILTER,1.0,4349,4349.0,0.0,4349.0,0.18,782.8199999999999,5131.82,,,,,0.0,0.0,0.0,0.0,0.0,0.0,0.0,0.0,0.0,0.0,0.0,0.0,,,,,,,0.0,0,4349.0,0.0,6.0,,4349.0
1312.0,2025-11-01,2049133,Bhubaneswar,NIRANJAN DAS,G M IRON & STEEL COMPANY LIMITED,THEJAHL0T00000102,ZX470H,,101259303.0,2025-11-21 00:00:00,2025-11-27 00:00:00,1796077,MAINTENANCE,4437838,AIR BREATHER FILTER,1.0,1695,1695.0,0.0,1695.0,0.18,305.09999999999997,2000.1,,1,1013283395,2026-01-29 00:00:00,0.0,0.0,0.0,0.0,0.0,0.0,0.0,0.0,0.0,1656.86,0.0,0.0,,,,,,,1656.86,1,38.1400000000001,0.0,6.0,63.0,0.0
1313.0,2025-11-01,2049133,Bhubaneswar,NIRANJAN DAS,G M IRON & STEEL COMPANY LIMITED,THEJAHL0T00000102,ZX470H,,101259303.0,2025-11-21 00:00:00,2025-11-27 00:00:00,1796077,MAINTENANCE,YA00058283,ENGINE OIL FILTER,2.0,2720,5440.0,0.0,5440.0,0.18,979.1999999999999,6419.2,,2,1013281930,2025-12-31 00:00:00,0.0,0.0,0.0,0.0,0.0,0.0,0.0,0.0,4624.0,0.0,0.0,0.0,,,,,,,4624.0,1,816.0,0.0,6.0,34.0,0.0
1314.0,2025-11-01,2049133,Bhubaneswar,NIRANJAN DAS,G M IRON & STEEL COMPANY LIMITED,THEJAHL0T00000102,ZX470H,,101259303.0,2025-11-21 00:00:00,2025-11-27 00:00:00,1796077,MAINTENANCE,4078360,PRIMARY FUEL FILTER,2.0,1352,2704.0,0.0,2704.0,0.18,486.71999999999997,3190.72,,2,1013285248,2026-02-28 00:00:00,0.0,0.0,0.0,0.0,0.0,0.0,0.0,0.0,0.0,0.0,2028.0,0.0,,,,,,,2028.0,1,676.0,0.0,6.0,93.0,0.0
1315.0,2025-11-01,2049133,Bhubaneswar,NIRANJAN DAS,G M IRON & STEEL COMPANY LIMITED,THEJAHL0T00000102,ZX470H,,101259303.0,2025-11-21 00:00:00,2025-11-27 00:00:00,1796077,MAINTENANCE,4616864,FUEL FILTER,2.0,2351,4702.0,0.0,4702.0,0.18,846.36,5548.36,,2,1013285248,2026-02-28 00:00:00,0.0,0.0,0.0,0.0,0.0,0.0,0.0,0.0,0.0,0.0,3526.5,0.0,,,,,,,3526.5,1,1175.5,0.0,6.0,93.0,0.0
1316.0,2025-11-01,2049133,Bhubaneswar,NIRANJAN DAS,G M IRON & STEEL COMPANY LIMITED,THEJAHL0T00000102,ZX470H,,101259303.0,2025-11-21 00:00:00,2025-11-27 00:00:00,1796077,MAINTENANCE,1209163,AIR FILTER OUTER,1.0,11828,11828.0,0.0,11828.0,0.18,2129.04,13957.04,,1,1013285248,2026-02-28 00:00:00,0.0,0.0,0.0,0.0,0.0,0.0,0.0,0.0,0.0,0.0,8871.0,0.0,,,,,,,8871.0,1,2957.0,0.0,6.0,93.0,0.0
1317.0,2025-11-01,2049133,Bhubaneswar,NIRANJAN DAS,G M IRON & STEEL COMPANY LIMITED,THEJAHL0T00000102,ZX470H,,101259303.0,2025-11-21 00:00:00,2025-11-27 00:00:00,1796077,MAINTENANCE,1105353,AIR FILTER INNER,1.0,6862,6862.0,0.0,6862.0,0.18,1235.1599999999999,8097.16,,1,1013286700,2026-03-28 00:00:00,0.0,0.0,0.0,0.0,0.0,0.0,0.0,0.0,0.0,0.0,0.0,5832.7,,,,,,,5832.7,1,1029.3000000000002,0.0,6.0,121.0,0.0
1318.0,2025-11-01,2049133,Bhubaneswar,NIRANJAN DAS,G M IRON & STEEL COMPANY LIMITED,THEJAHL0T00000102,ZX470H,,101259303.0,2025-11-21 00:00:00,2025-11-27 00:00:00,1796077,MAINTENANCE,TL07210,ENG.OIL,1.0,58643,58643.0,0.0,58643.0,0.18,10555.74,69198.74,,,,,0.0,0.0,0.0,0.0,0.0,0.0,0.0,0.0,0.0,0.0,0.0,0.0,,,,,,,0.0,0,58643.0,0.0,6.0,,58643.0
1319.0,2025-11-01,2049133,Bhubaneswar,NIRANJAN DAS,G M IRON & STEEL COMPANY LIMITED,THEJAHL0T00000102,ZX470H,,101259303.0,2025-11-21 00:00:00,2025-11-27 00:00:00,1796077,MAINTENANCE,TL08210,GEAR OIL,1.0,67878,67878.0,0.0,67878.0,0.18,12218.039999999999,80096.04,,,,,0.0,0.0,0.0,0.0,0.0,0.0,0.0,0.0,0.0,0.0,0.0,0.0,,,,,,,0.0,0,67878.0,0.0,6.0,,67878.0
1320.0,2025-11-01,2049133,Bhubaneswar,NIRANJAN DAS,G M IRON & STEEL COMPANY LIMITED,THEJAHL0T00000102,ZX470H,,101259303.0,2025-11-21 00:00:00,2025-11-27 00:00:00,1796077,MAINTENANCE,TL05210,COOLANT,1.0,44132,44132.0,0.0,44132.0,0.18,7943.759999999999,52075.76,,,,,0.0,0.0,0.0,0.0,0.0,0.0,0.0,0.0,0.0,0.0,0.0,0.0,,,,,,,0.0,0,44132.0,0.0,6.0,,44132.0
1321.0,2025-11-01,2049133,Bhubaneswar,NIRANJAN DAS,G M IRON & STEEL COMPANY LIMITED,THEJAHL0T00000102,ZX470H,,101259303.0,2025-11-21 00:00:00,2025-11-27 00:00:00,1796077,MAINTENANCE,TL064180,TATA HITACHI LITHIUM+ GREASE,1.0,53636,53636.0,0.0,53636.0,0.18,9654.48,63290.479999999996,,1,1013286697,2026-03-28 00:00:00,0.0,0.0,0.0,0.0,0.0,0.0,0.0,0.0,0.0,0.0,0.0,42908.8,,,,,,,42908.8,1,10727.199999999997,0.0,6.0,121.0,0.0
1322.0,2025-11-01,2049133,Bhubaneswar,NIRANJAN DAS,G M IRON & STEEL COMPANY LIMITED,THEJAHL0T00000102,ZX470H,,101259303.0,2025-11-21 00:00:00,2025-11-27 00:00:00,1796077,MAINTENANCE,TL01210,HYD.OIL,2.0,83749,167498.0,0.0,167498.0,0.18,30149.64,197647.64,,2,1013282150,2026-01-05 00:00:00,0.0,0.0,0.0,0.0,0.0,0.0,0.0,0.0,0.0,117248.0,0.0,0.0,,,,,,,117248.0,1,50250.0,0.0,6.0,39.0,0.0
1323.0,2025-11-01,2049133,Bhubaneswar,NIRANJAN DAS,G M IRON & STEEL COMPANY LIMITED,THEJAHL0T00000102,ZX470H,,101259303.0,2025-11-21 00:00:00,2025-11-27 00:00:00,1796078,PLANNING,TD08460,POINT TOOTH,20.0,7182,143640.0,0.0,143640.0,0.18,25855.2,169495.2,,20,1013286697,2026-03-28 00:00:00,0.0,0.0,0.0,0.0,0.0,0.0,0.0,0.0,0.0,0.0,0.0,76129.2,,,,,,,76129.2,1,67510.8,0.0,6.0,121.0,0.0
1324.0,2025-11-01,2049133,Bhubaneswar,NIRANJAN DAS,G M IRON & STEEL COMPANY LIMITED,THEJAHL0T00000102,ZX470H,,101259303.0,2025-11-21 00:00:00,2025-11-27 00:00:00,1796078,PLANNING,TE09010,PIN,10.0,1250,12500.0,0.0,12500.0,0.18,2250.0,14750.0,,,,,0.0,0.0,0.0,0.0,0.0,0.0,0.0,0.0,0.0,0.0,0.0,0.0,,,,,,,0.0,0,12500.0,0.0,6.0,,12500.0
1325.0,2025-11-01,2049133,Bhubaneswar,NIRANJAN DAS,G M IRON & STEEL COMPANY LIMITED,THEJAHL0T00000102,ZX470H,,101259303.0,2025-11-21 00:00:00,2025-11-27 00:00:00,1796078,PLANNING,TE09011,WASHER,10.0,785,7850.0,0.0,7850.0,0.18,1413.0,9263.0,,,,,0.0,0.0,0.0,0.0,0.0,0.0,0.0,0.0,0.0,0.0,0.0,0.0,,,,,,,0.0,0,7850.0,0.0,6.0,,7850.0
1326.0,2025-11-01,2111810,Bhubaneswar,NIRANJAN DAS,RANA ENGINEERING,THEJAHL0A00000464,ZX470H,,1796155.0,2025-11-24 00:00:00,2025-11-28 00:00:00,1796155,EMERGENCY,TC02559,TRACK CHAIN,2.0,878149,1756298.0,0.0,1756298.0,0.18,316133.64,2072431.6400000001,,2,1013279190,2025-11-08 00:00:00,0.0,0.0,0.0,0.0,0.0,0.0,0.0,1000000.0,0.0,0.0,0.0,0.0,,,,,,,1000000.0,1,756298.0,0.0,4.0,,0.0
1327.0,2025-11-01,2111810,Bhubaneswar,NIRANJAN DAS,RANA ENGINEERING,THEJAHL0A00000464,ZX470H,,1796155.0,2025-11-24 00:00:00,2025-11-28 00:00:00,1796155,EMERGENCY,4466041,COOLER OIL,1.0,863556,863556.0,0.0,863556.0,0.18,155440.08,1018996.08,,,,,0.0,0.0,0.0,0.0,0.0,0.0,0.0,0.0,0.0,0.0,0.0,0.0,,,,,,,0.0,0,863556.0,0.0,4.0,,863556.0
1328.0,2025-11-01,2111810,Bhubaneswar,NIRANJAN DAS,RANA ENGINEERING,THEJAHL0A00000464,ZX470H,,1796154.0,2025-11-24 00:00:00,2025-11-28 00:00:00,1796154,MAINTENANCE,4654745,HYDRAULIC TANK FILTER,1.0,11801,11801.0,0.0,11801.0,0.18,2124.18,13925.18,,,,,0.0,0.0,0.0,0.0,0.0,0.0,0.0,0.0,0.0,0.0,0.0,0.0,,,,,,,0.0,0,11801.0,0.0,4.0,,11801.0
1329.0,2025-11-01,2111810,Bhubaneswar,NIRANJAN DAS,RANA ENGINEERING,THEJAHL0A00000464,ZX470H,,1796154.0,2025-11-24 00:00:00,2025-11-28 00:00:00,1796154,MAINTENANCE,4630525,PILOT FILTER,1.0,3046,3046.0,0.0,3046.0,0.18,548.28,3594.2799999999997,,,,,0.0,0.0,0.0,0.0,0.0,0.0,0.0,0.0,0.0,0.0,0.0,0.0,,,,,,,0.0,0,3046.0,0.0,4.0,,3046.0
1330.0,2025-11-01,2111810,Bhubaneswar,NIRANJAN DAS,RANA ENGINEERING,THEJAHL0A00000464,ZX470H,,1796154.0,2025-11-24 00:00:00,2025-11-28 00:00:00,1796154,MAINTENANCE,4363399,PUMP DRAIN FILTER,1.0,4349,4349.0,0.0,4349.0,0.18,782.8199999999999,5131.82,,,,,0.0,0.0,0.0,0.0,0.0,0.0,0.0,0.0,0.0,0.0,0.0,0.0,,,,,,,0.0,0,4349.0,0.0,4.0,,4349.0
1331.0,2025-11-01,2111810,Bhubaneswar,NIRANJAN DAS,RANA ENGINEERING,THEJAHL0A00000464,ZX470H,,1796154.0,2025-11-24 00:00:00,2025-11-28 00:00:00,1796154,MAINTENANCE,4437838,AIR BREATHER FILTER,1.0,1695,1695.0,0.0,1695.0,0.18,305.09999999999997,2000.1,,,,,0.0,0.0,0.0,0.0,0.0,0.0,0.0,0.0,0.0,0.0,0.0,0.0,,,,,,,0.0,0,1695.0,0.0,4.0,,1695.0
1332.0,2025-11-01,2111810,Bhubaneswar,NIRANJAN DAS,RANA ENGINEERING,THEJAHL0A00000464,ZX470H,,1796154.0,2025-11-24 00:00:00,2025-11-28 00:00:00,1796154,MAINTENANCE,YA00058283,ENGINE OIL FILTER,2.0,2720,5440.0,0.0,5440.0,0.18,979.1999999999999,6419.2,,,,,0.0,0.0,0.0,0.0,0.0,0.0,0.0,0.0,0.0,0.0,0.0,0.0,,,,,,,0.0,0,5440.0,0.0,4.0,,5440.0
1333.0,2025-11-01,2111810,Bhubaneswar,NIRANJAN DAS,RANA ENGINEERING,THEJAHL0A00000464,ZX470H,,1796154.0,2025-11-24 00:00:00,2025-11-28 00:00:00,1796154,MAINTENANCE,4078360,PRIMARY FUEL FILTER,2.0,1352,2704.0,0.0,2704.0,0.18,486.71999999999997,3190.72,,2,1013285248,2026-02-28 00:00:00,0.0,0.0,0.0,0.0,0.0,0.0,0.0,0.0,0.0,0.0,2028.0,0.0,,,,,,,2028.0,1,676.0,0.0,4.0,92.0,0.0
1334.0,2025-11-01,2111810,Bhubaneswar,NIRANJAN DAS,RANA ENGINEERING,THEJAHL0A00000464,ZX470H,,1796154.0,2025-11-24 00:00:00,2025-11-28 00:00:00,1796154,MAINTENANCE,4616864,FUEL FILTER,2.0,2351,4702.0,0.0,4702.0,0.18,846.36,5548.36,,2,1013285248,2026-02-28 00:00:00,0.0,0.0,0.0,0.0,0.0,0.0,0.0,0.0,0.0,0.0,3526.5,0.0,,,,,,,3526.5,1,1175.5,0.0,4.0,92.0,0.0
1335.0,2025-11-01,2111810,Bhubaneswar,NIRANJAN DAS,RANA ENGINEERING,THEJAHL0A00000464,ZX470H,,1796154.0,2025-11-24 00:00:00,2025-11-28 00:00:00,1796154,MAINTENANCE,1209163,AIR FILTER OUTER,1.0,11828,11828.0,0.0,11828.0,0.18,2129.04,13957.04,,1,1013285248,2026-02-28 00:00:00,0.0,0.0,0.0,0.0,0.0,0.0,0.0,0.0,0.0,0.0,8871.0,0.0,,,,,,,8871.0,1,2957.0,0.0,4.0,92.0,0.0
1336.0,2025-11-01,2111810,Bhubaneswar,NIRANJAN DAS,RANA ENGINEERING,THEJAHL0A00000464,ZX470H,,1796154.0,2025-11-24 00:00:00,2025-11-28 00:00:00,1796154,MAINTENANCE,1105353,AIR FILTER INNER,2.0,6862,13724.0,0.0,13724.0,0.18,2470.3199999999997,16194.32,,,,,0.0,0.0,0.0,0.0,0.0,0.0,0.0,0.0,0.0,0.0,0.0,0.0,,,,,,,0.0,0,13724.0,0.0,4.0,,13724.0
1337.0,2025-11-01,2111810,Bhubaneswar,NIRANJAN DAS,RANA ENGINEERING,THEJAHL0A00000464,ZX470H,,1796154.0,2025-11-24 00:00:00,2025-11-28 00:00:00,1796154,MAINTENANCE,TL07210,ENG.OIL,1.0,58643,58643.0,0.0,58643.0,0.18,10555.74,69198.74,,,,,0.0,0.0,0.0,0.0,0.0,0.0,0.0,0.0,0.0,0.0,0.0,0.0,,,,,,,0.0,0,58643.0,0.0,4.0,,58643.0
1338.0,2025-11-01,2111810,Bhubaneswar,NIRANJAN DAS,RANA ENGINEERING,THEJAHL0A00000464,ZX470H,,1796154.0,2025-11-24 00:00:00,2025-11-28 00:00:00,1796154,MAINTENANCE,TL08210,GEAR OIL,1.0,67878,67878.0,0.0,67878.0,0.18,12218.039999999999,80096.04,,,,,0.0,0.0,0.0,0.0,0.0,0.0,0.0,0.0,0.0,0.0,0.0,0.0,,,,,,,0.0,0,67878.0,0.0,4.0,,67878.0
1339.0,2025-11-01,2111810,Bhubaneswar,NIRANJAN DAS,RANA ENGINEERING,THEJAHL0A00000464,ZX470H,,1796154.0,2025-11-24 00:00:00,2025-11-28 00:00:00,1796154,MAINTENANCE,TL05210,COOLANT,1.0,44132,44132.0,0.0,44132.0,0.18,7943.759999999999,52075.76,,,,,0.0,0.0,0.0,0.0,0.0,0.0,0.0,0.0,0.0,0.0,0.0,0.0,,,,,,,0.0,0,44132.0,0.0,4.0,,44132.0
1340.0,2025-11-01,2111810,Bhubaneswar,NIRANJAN DAS,RANA ENGINEERING,THEJAHL0A00000464,ZX470H,,1796154.0,2025-11-24 00:00:00,2025-11-28 00:00:00,1796154,MAINTENANCE,TL01210,HYD.OIL,2.0,83749,167498.0,0.0,167498.0,0.18,30149.64,197647.64,,,,,0.0,0.0,0.0,0.0,0.0,0.0,0.0,0.0,0.0,0.0,0.0,0.0,,,,,,,0.0,0,167498.0,0.0,4.0,,167498.0
1341.0,2025-11-01,2111810,Bhubaneswar,NIRANJAN DAS,RANA ENGINEERING,THEJAHL0A00000464,ZX470H,,1796154.0,2025-11-24 00:00:00,2025-11-28 00:00:00,1796156,PLANNING,TD08460,POINT TOOTH,10.0,7182,71820.0,0.0,71820.0,0.18,12927.6,84747.6,,,,,0.0,0.0,0.0,0.0,0.0,0.0,0.0,0.0,0.0,0.0,0.0,0.0,,,,,,,0.0,0,71820.0,0.0,4.0,,71820.0
1342.0,2025-11-01,2111810,Bhubaneswar,NIRANJAN DAS,RANA ENGINEERING,THEJAHL0A00000464,ZX470H,,1796154.0,2025-11-24 00:00:00,2025-11-28 00:00:00,1796156,PLANNING,TE09010,PIN,10.0,1250,12500.0,0.0,12500.0,0.18,2250.0,14750.0,,,,,0.0,0.0,0.0,0.0,0.0,0.0,0.0,0.0,0.0,0.0,0.0,0.0,,,,,,,0.0,0,12500.0,0.0,4.0,,12500.0
1343.0,2025-11-01,2111810,Bhubaneswar,NIRANJAN DAS,RANA ENGINEERING,THEJAHL0A00000464,ZX470H,,1796154.0,2025-11-24 00:00:00,2025-11-28 00:00:00,1796156,PLANNING,TE09011,WASHER,10.0,785,7850.0,0.0,7850.0,0.18,1413.0,9263.0,,,,,0.0,0.0,0.0,0.0,0.0,0.0,0.0,0.0,0.0,0.0,0.0,0.0,,,,,,,0.0,0,7850.0,0.0,4.0,,7850.0
1344.0,2025-11-01,2088957,Bhubaneswar,NIRANJAN DAS,THRIVENI EARTHMOVERS PVT LTD,OACG-00262 ,ZX650H,,27868.0,2025-11-27 00:00:00,2025-11-28 00:00:00,1797316,EMERGENCY,TD22577,BUSHING,2.0,9964,19928.0,0.2,15942.4,0.18,2869.6319999999996,18812.032,,2,1013280520,2025-12-04 00:00:00,0.0,0.0,0.0,0.0,0.0,0.0,0.0,0.0,15942.4,0.0,0.0,0.0,,,,,,,15942.4,1,3985.6000000000004,3985.6000000000004,1.0,6.0,0.0
1345.0,2025-11-01,2088957,Bhubaneswar,NIRANJAN DAS,THRIVENI EARTHMOVERS PVT LTD,OACG-00262 ,ZX650H,,27868.0,2025-11-27 00:00:00,2025-11-28 00:00:00,1797316,EMERGENCY,3079229,PIN,1.0,27012,27012.0,0.2,21609.6,0.18,3889.7279999999996,25499.327999999998,,,,,0.0,0.0,0.0,0.0,0.0,0.0,0.0,0.0,0.0,0.0,0.0,0.0,,,,,,,0.0,0,27012.0,5402.4000000000015,1.0,,27012.0
1346.0,2025-11-01,2088957,Bhubaneswar,NIRANJAN DAS,THRIVENI EARTHMOVERS PVT LTD,OACG-00262 ,ZX650H,,27868.0,2025-11-27 00:00:00,2025-11-28 00:00:00,1797316,EMERGENCY,4251767,SEAL DUST,2.0,4273,8546.0,0.2,6836.8,0.18,1230.624,8067.424,,2,1013279478,2025-11-15 00:00:00,0.0,0.0,0.0,0.0,0.0,0.0,0.0,6836.8,0.0,0.0,0.0,0.0,,,,,,,6836.8,1,1709.1999999999998,1709.1999999999998,1.0,,0.0
1347.0,2025-11-01,2088957,Bhubaneswar,NIRANJAN DAS,THRIVENI EARTHMOVERS PVT LTD,OACG-00262 ,ZX650H,,27868.0,2025-11-27 00:00:00,2025-11-28 00:00:00,1797348,MAINTENANCE,4333469,HYDRAULIC TANK FILTER,7.0,12524,87668.0,0.2,70134.4,0.18,12624.192,82758.59199999999,,,,,0.0,0.0,0.0,0.0,0.0,0.0,0.0,0.0,0.0,0.0,0.0,0.0,,,,,,,0.0,0,87668.0,17533.600000000006,1.0,,87668.0
1348.0,2025-11-01,2088957,Bhubaneswar,NIRANJAN DAS,THRIVENI EARTHMOVERS PVT LTD,OACG-00262 ,ZX650H,,27868.0,2025-11-27 00:00:00,2025-11-28 00:00:00,1797348,MAINTENANCE,3015259,PILOT FILTER,7.0,394,2758.0,0.2,2206.4,0.18,397.152,2603.552,,6,"1013279654, 1013280524",2025-12-04 00:00:00,0.0,0.0,0.0,0.0,0.0,0.0,0.0,1182.0,591.0,0.0,0.0,0.0,,,,,,,1773.0,1,985.0,551.5999999999999,1.0,6.0,0.0
1349.0,2025-11-01,2088957,Bhubaneswar,NIRANJAN DAS,THRIVENI EARTHMOVERS PVT LTD,OACG-00262 ,ZX650H,,27868.0,2025-11-27 00:00:00,2025-11-28 00:00:00,1797348,MAINTENANCE,4363399,PUMP DRAIN FILTER,7.0,4349,30443.0,0.2,24354.4,0.18,4383.792,28738.192000000003,,7,1013282392,2026-01-09 00:00:00,0.0,0.0,0.0,0.0,0.0,0.0,0.0,0.0,0.0,22832.25,0.0,0.0,,,,,,,22832.25,1,7610.75,6088.5999999999985,1.0,42.0,0.0
1350.0,2025-11-01,2088957,Bhubaneswar,NIRANJAN DAS,THRIVENI EARTHMOVERS PVT LTD,OACG-00262 ,ZX650H,,27868.0,2025-11-27 00:00:00,2025-11-28 00:00:00,1797348,MAINTENANCE,YA00058283,ENGINE OIL FILTER,8.0,2720,21760.0,0.2,17408.0,0.18,3133.44,20541.44,,8,1013280634,2025-12-06 00:00:00,0.0,0.0,0.0,0.0,0.0,0.0,0.0,0.0,16320.0,0.0,0.0,0.0,,,,,,,16320.0,1,5440.0,4352.0,1.0,8.0,0.0
1351.0,2025-11-01,2088957,Bhubaneswar,NIRANJAN DAS,THRIVENI EARTHMOVERS PVT LTD,OACG-00262 ,ZX650H,,27868.0,2025-11-27 00:00:00,2025-11-28 00:00:00,1797348,MAINTENANCE,4078360,PRIMARY FUEL FILTER,8.0,1352,10816.0,0.2,8652.8,0.18,1557.504,10210.304,,8,1013279445,2025-11-14 00:00:00,0.0,0.0,0.0,0.0,0.0,0.0,0.0,8112.0,0.0,0.0,0.0,0.0,,,,,,,8112.0,1,2704.0,2163.2000000000007,1.0,,0.0
1352.0,2025-11-01,2088957,Bhubaneswar,NIRANJAN DAS,THRIVENI EARTHMOVERS PVT LTD,OACG-00262 ,ZX650H,,27868.0,2025-11-27 00:00:00,2025-11-28 00:00:00,1797348,MAINTENANCE,4616864,FUEL FILTER,8.0,2351,18808.0,0.2,15046.4,0.18,2708.352,17754.752,,8,1013279802,2025-11-21 00:00:00,0.0,0.0,0.0,0.0,0.0,0.0,0.0,14106.0,0.0,0.0,0.0,0.0,,,,,,,14106.0,1,4702.0,3761.6000000000004,1.0,,0.0
1353.0,2025-11-01,2088957,Bhubaneswar,NIRANJAN DAS,THRIVENI EARTHMOVERS PVT LTD,OACG-00262 ,ZX650H,,27868.0,2025-11-27 00:00:00,2025-11-28 00:00:00,1797348,MAINTENANCE,1209163,AIR FILTER OUTER,6.0,11828,70968.0,0.2,56774.4,0.18,10219.392,66993.792,,6,1013279802,2025-11-21 00:00:00,0.0,0.0,0.0,0.0,0.0,0.0,0.0,53226.0,0.0,0.0,0.0,0.0,,,,,,,53226.0,1,17742.0,14193.599999999999,1.0,,0.0
1354.0,2025-11-01,2088957,Bhubaneswar,NIRANJAN DAS,THRIVENI EARTHMOVERS PVT LTD,OACG-00262 ,ZX650H,,27868.0,2025-11-27 00:00:00,2025-11-28 00:00:00,1797348,MAINTENANCE,1105353,AIR FILTER INNER,6.0,6862,41172.0,0.2,32937.6,0.18,5928.767999999999,38866.367999999995,,6,1013279802,2025-11-21 00:00:00,0.0,0.0,0.0,0.0,0.0,0.0,0.0,30879.0,0.0,0.0,0.0,0.0,,,,,,,30879.0,1,10293.0,8234.400000000001,1.0,,0.0
1355.0,2025-12-01,2132532,Bhubaneswar,BIKASH MISTRY,STEEL AUTHORITY OF INDIA,BANNFC90C90C70766,ZW310,,1009864.0,2025-12-03 00:00:00,2025-12-29 00:00:00,1837322,EMERGENCY,34046-70180,SEAL,2.0,3357,6714.0,0.0,6714.0,0.18,1208.52,7922.52,,,,,0.0,0.0,0.0,0.0,0.0,0.0,0.0,0.0,0.0,0.0,0.0,0.0,,,,,,,0.0,0,6714.0,0.0,26.0,,6714.0
1356.0,2025-12-01,2132532,Bhubaneswar,BIKASH MISTRY,STEEL AUTHORITY OF INDIA,BANNFC90C90C70766,ZW310,,1009864.0,2025-12-03 00:00:00,2025-12-29 00:00:00,1837322,EMERGENCY,34044-71450,SEALDUST,2.0,1236,2472.0,0.0,2472.0,0.18,444.96,2916.96,,,,,0.0,0.0,0.0,0.0,0.0,0.0,0.0,0.0,0.0,0.0,0.0,0.0,,,,,,,0.0,0,2472.0,0.0,26.0,,2472.0
1357.0,2025-12-01,2132532,Bhubaneswar,BIKASH MISTRY,STEEL AUTHORITY OF INDIA,BANNFC90C90C70766,ZW310,,1009864.0,2025-12-03 00:00:00,2025-12-29 00:00:00,1837322,EMERGENCY,47194-72400,RINGBACK-UP,4.0,1119,4476.0,0.0,4476.0,0.18,805.68,5281.68,,,,,0.0,0.0,0.0,0.0,0.0,0.0,0.0,0.0,0.0,0.0,0.0,0.0,,,,,,,0.0,0,4476.0,0.0,26.0,,4476.0
1358.0,2025-12-01,2132532,Bhubaneswar,BIKASH MISTRY,STEEL AUTHORITY OF INDIA,BANNFC90C90C70766,ZW310,,1009864.0,2025-12-03 00:00:00,2025-12-29 00:00:00,1837427,MAINTENANCE,TE32170,SEPARATOR FUEL WATER,1.0,3615,3615.0,0.0,3615.0,0.18,650.6999999999999,4265.7,,,,,0.0,0.0,0.0,0.0,0.0,0.0,0.0,0.0,0.0,0.0,0.0,0.0,,,,,,,0.0,0,3615.0,0.0,26.0,,3615.0
1359.0,2025-12-01,2132532,Bhubaneswar,BIKASH MISTRY,STEEL AUTHORITY OF INDIA,BANNFC90C90C70766,ZW310,,1009864.0,2025-12-03 00:00:00,2025-12-29 00:00:00,1837427,MAINTENANCE,4367100,FILTER LUBRICATING OIL,1.0,15859,15859.0,0.0,15859.0,0.18,2854.62,18713.62,,,,,0.0,0.0,0.0,0.0,0.0,0.0,0.0,0.0,0.0,0.0,0.0,0.0,,,,,,,0.0,0,15859.0,0.0,26.0,,15859.0
1360.0,2025-12-01,2132532,Bhubaneswar,BIKASH MISTRY,STEEL AUTHORITY OF INDIA,BANNFC90C90C70766,ZW310,,1009864.0,2025-12-03 00:00:00,2025-12-29 00:00:00,1837427,MAINTENANCE,3100308,RESISTOR CORROSION,1.0,11592,11592.0,0.0,11592.0,0.18,2086.56,13678.56,,,,,0.0,0.0,0.0,0.0,0.0,0.0,0.0,0.0,0.0,0.0,0.0,0.0,,,,,,,0.0,0,11592.0,0.0,26.0,,11592.0
1361.0,2025-12-01,2132532,Bhubaneswar,BIKASH MISTRY,STEEL AUTHORITY OF INDIA,BANNFC90C90C70766,ZW310,,1009864.0,2025-12-03 00:00:00,2025-12-29 00:00:00,1837427,MAINTENANCE,3111570040,ELEMENT FILTER ,2.0,17715,35430.0,0.0,35430.0,0.18,6377.4,41807.4,,,,,0.0,0.0,0.0,0.0,0.0,0.0,0.0,0.0,0.0,0.0,0.0,0.0,,,,,,,0.0,0,35430.0,0.0,26.0,,35430.0
1362.0,2025-12-01,2132532,Bhubaneswar,BIKASH MISTRY,STEEL AUTHORITY OF INDIA,BANNFC90C90C70766,ZW310,,1009864.0,2025-12-03 00:00:00,2025-12-29 00:00:00,1837427,MAINTENANCE,YA00033065,ELEMENTFILTER,1.0,8316,8316.0,0.0,8316.0,0.18,1496.8799999999999,9812.88,,1,1013281998,2025-12-31 00:00:00,0.0,0.0,0.0,0.0,0.0,0.0,0.0,0.0,8391.88,0.0,0.0,0.0,,,,,,,8391.88,1,0.0,0.0,26.0,2.0,0.0
1363.0,2025-12-01,2132532,Bhubaneswar,BIKASH MISTRY,STEEL AUTHORITY OF INDIA,BANNFC90C90C70766,ZW310,,1009864.0,2025-12-03 00:00:00,2025-12-29 00:00:00,1837427,MAINTENANCE,3098070430,ELEMENT; FILTER,1.0,29290,29290.0,0.0,29290.0,0.18,5272.2,34562.2,,,,,0.0,0.0,0.0,0.0,0.0,0.0,0.0,0.0,0.0,0.0,0.0,0.0,,,,,,,0.0,0,29290.0,0.0,26.0,,29290.0
1364.0,2025-12-01,2132532,Bhubaneswar,BIKASH MISTRY,STEEL AUTHORITY OF INDIA,BANNFC90C90C70766,ZW310,,1009864.0,2025-12-03 00:00:00,2025-12-29 00:00:00,1837427,MAINTENANCE,3098070440,ELEMENT- FILTER,1.0,15834,15834.0,0.0,15834.0,0.18,2850.12,18684.12,,,,,0.0,0.0,0.0,0.0,0.0,0.0,0.0,0.0,0.0,0.0,0.0,0.0,,,,,,,0.0,0,15834.0,0.0,26.0,,15834.0
1365.0,2025-12-01,2132532,Bhubaneswar,BIKASH MISTRY,STEEL AUTHORITY OF INDIA,BANNFC90C90C70766,ZW310,,1009864.0,2025-12-03 00:00:00,2025-12-29 00:00:00,1837427,MAINTENANCE,4437838,AIR BREATHER FILTER,1.0,1695,1695.0,0.0,1695.0,0.18,305.09999999999997,2000.1,,,,,0.0,0.0,0.0,0.0,0.0,0.0,0.0,0.0,0.0,0.0,0.0,0.0,,,,,,,0.0,0,1695.0,0.0,26.0,,1695.0
1366.0,2025-12-01,2132532,Bhubaneswar,BIKASH MISTRY,STEEL AUTHORITY OF INDIA,BANNFC90C90C70766,ZW310,,1009864.0,2025-12-03 00:00:00,2025-12-29 00:00:00,1837427,MAINTENANCE,41101-60010,BREATHER ASSY,1.0,20420,20420.0,0.0,20420.0,0.18,3675.6,24095.6,,,,,0.0,0.0,0.0,0.0,0.0,0.0,0.0,0.0,0.0,0.0,0.0,0.0,,,,,,,0.0,0,20420.0,0.0,26.0,,20420.0
1367.0,2025-12-01,2132532,Bhubaneswar,BIKASH MISTRY,STEEL AUTHORITY OF INDIA,BANNFC90C90C70766,ZW310,,1009864.0,2025-12-03 00:00:00,2025-12-29 00:00:00,1837427,MAINTENANCE,40330-60650,FILTER,1.0,22155,22155.0,0.0,22155.0,0.18,3987.8999999999996,26142.9,,,,,0.0,0.0,0.0,0.0,0.0,0.0,0.0,0.0,0.0,0.0,0.0,0.0,,,,,,,0.0,0,22155.0,0.0,26.0,,22155.0
1368.0,2025-12-01,2132532,Bhubaneswar,BIKASH MISTRY,STEEL AUTHORITY OF INDIA,BANNFC90C90C70766,ZW310,,1009864.0,2025-12-03 00:00:00,2025-12-29 00:00:00,1837427,MAINTENANCE,4631063,FILTER SUCTION,1.0,11550,11550.0,0.0,11550.0,0.18,2079.0,13629.0,,,,,0.0,0.0,0.0,0.0,0.0,0.0,0.0,0.0,0.0,0.0,0.0,0.0,,,,,,,0.0,0,11550.0,0.0,26.0,,11550.0
1369.0,2025-12-01,2132532,Bhubaneswar,BIKASH MISTRY,STEEL AUTHORITY OF INDIA,BANNFC90C90C70766,ZW310,,1009864.0,2025-12-03 00:00:00,2025-12-29 00:00:00,1837477,PLANNING,47194-72390,RINGBACK-UP,2.0,362,724.0,0.0,724.0,0.18,130.32,854.3199999999999,,,,,0.0,0.0,0.0,0.0,0.0,0.0,0.0,0.0,0.0,0.0,0.0,0.0,,,,,,,0.0,0,724.0,0.0,26.0,,724.0
1370.0,2025-12-01,2132532,Bhubaneswar,BIKASH MISTRY,STEEL AUTHORITY OF INDIA,BANNFC90C90C70766,ZW310,,1009864.0,2025-12-03 00:00:00,2025-12-29 00:00:00,1837477,PLANNING,47131-79170,O RING,2.0,1413,2826.0,0.0,2826.0,0.18,508.68,3334.68,,2,1013281998,2025-12-31 00:00:00,0.0,0.0,0.0,0.0,0.0,0.0,0.0,0.0,2851.8,0.0,0.0,0.0,,,,,,,2851.8,1,0.0,0.0,26.0,2.0,0.0
1371.0,2025-12-01,2132371,Bhubaneswar,ROSHAN KUMAR,KJS PELLETS & POWER PVT LTD,THEJBE92A00050827,ZX870H,,1108453.0,2025-12-04 00:00:00,2025-12-09 00:00:00,1810876,EMERGENCY,171809,O RING ,18.0,1619,29142.0,0.2,23313.6,0.18,4196.447999999999,27510.048,,,,,0.0,0.0,0.0,0.0,0.0,0.0,0.0,0.0,0.0,0.0,0.0,0.0,,,,,,,0.0,0,29142.0,5828.4000000000015,5.0,,29142.0
1372.0,2025-12-01,2132371,Bhubaneswar,ROSHAN KUMAR,KJS PELLETS & POWER PVT LTD,THEJBE92A00050827,ZX870H,,1108453.0,2025-12-04 00:00:00,2025-12-09 00:00:00,1810876,EMERGENCY,898000-7882,"HOSE, BREATHER",1.0,8117,8117.0,0.2,6493.6,0.18,1168.848,7662.448,,,,,0.0,0.0,0.0,0.0,0.0,0.0,0.0,0.0,0.0,0.0,0.0,0.0,,,,,,,0.0,0,8117.0,1623.3999999999996,5.0,,8117.0
1373.0,2025-12-01,2132371,Bhubaneswar,ROSHAN KUMAR,KJS PELLETS & POWER PVT LTD,THEJBE92A00050827,ZX870H,,1108453.0,2025-12-04 00:00:00,2025-12-09 00:00:00,1810880,MAINTENANCE,YA00058283,ENGINE OIL FILTER,2.0,2720,5440.0,0.2,4352.0,0.18,783.36,5135.36,,2,1013280937,2025-12-12 00:00:00,0.0,0.0,0.0,0.0,0.0,0.0,0.0,0.0,4080.0,0.0,0.0,0.0,,,,,,,4080.0,1,1360.0,1088.0,5.0,3.0,0.0
1374.0,2025-12-01,2132371,Bhubaneswar,ROSHAN KUMAR,KJS PELLETS & POWER PVT LTD,THEJBE92A00050827,ZX870H,,1108453.0,2025-12-04 00:00:00,2025-12-09 00:00:00,1810880,MAINTENANCE,4078360,PRIMARY FUEL FILTER,2.0,1352,2704.0,0.2,2163.2,0.18,389.376,2552.576,,2,1013280739,2025-12-12 00:00:00,0.0,0.0,0.0,0.0,0.0,0.0,0.0,0.0,2028.0,0.0,0.0,0.0,,,,,,,2028.0,1,676.0,540.8000000000002,5.0,3.0,0.0
1375.0,2025-12-01,2132371,Bhubaneswar,ROSHAN KUMAR,KJS PELLETS & POWER PVT LTD,THEJBE92A00050827,ZX870H,,1108453.0,2025-12-04 00:00:00,2025-12-09 00:00:00,1810880,MAINTENANCE,4616864,FUEL FILTER,1.0,2351,2351.0,0.2,1880.8,0.18,338.544,2219.344,,1,1013280739,2025-12-12 00:00:00,0.0,0.0,0.0,0.0,0.0,0.0,0.0,0.0,1763.25,0.0,0.0,0.0,,,,,,,1763.25,1,587.75,470.20000000000005,5.0,3.0,0.0
1376.0,2025-12-01,2132371,Bhubaneswar,ROSHAN KUMAR,KJS PELLETS & POWER PVT LTD,THEJBE92A00050827,ZX870H,,1108453.0,2025-12-04 00:00:00,2025-12-09 00:00:00,1810880,MAINTENANCE,1199364,AIR FILTER OUTER,1.0,22243,22243.0,0.2,17794.4,0.18,3202.992,20997.392,,1,1013280498,2025-12-03 00:00:00,0.0,0.0,0.0,0.0,0.0,0.0,0.0,0.0,16682.25,0.0,0.0,0.0,,,,,,,16682.25,1,5560.75,4448.5999999999985,5.0,,0.0
1377.0,2025-12-01,2132371,Bhubaneswar,ROSHAN KUMAR,KJS PELLETS & POWER PVT LTD,THEJBE92A00050827,ZX870H,,1108453.0,2025-12-04 00:00:00,2025-12-09 00:00:00,1810880,MAINTENANCE,1168261,AIR FILTER INNER,1.0,18873,18873.0,0.2,15098.4,0.18,2717.712,17816.112,,,,,0.0,0.0,0.0,0.0,0.0,0.0,0.0,0.0,0.0,0.0,0.0,0.0,,,,,,,0.0,0,18873.0,3774.6000000000004,5.0,,18873.0
1378.0,2025-12-01,2132371,Bhubaneswar,ROSHAN KUMAR,KJS PELLETS & POWER PVT LTD,THEJBE92A00050827,ZX870H,,1108453.0,2025-12-04 00:00:00,2025-12-09 00:00:00,1810923,PLANNING,4474639,BELT; FAN,1.0,4526,4526.0,0.2,3620.8,0.18,651.744,4272.544,,,,,0.0,0.0,0.0,0.0,0.0,0.0,0.0,0.0,0.0,0.0,0.0,0.0,,,,,,,0.0,0,4526.0,905.1999999999998,5.0,,4526.0
1379.0,2025-12-01,2132372,Bhubaneswar,BIKASH MISTRY,KJS PELLETS & POWER PVT LTD,THEJAHL0T00000438,ZX470H,,1108453.0,2025-12-04 00:00:00,2025-12-18 00:00:00,1822399,EMERGENCY,9186449,SPINDLE,1.0,152043,152043.0,0.2,121634.4,0.18,21894.192,143528.592,,1,1013281429,2025-12-22 00:00:00,0.0,0.0,0.0,0.0,0.0,0.0,0.0,0.0,121634.4,0.0,0.0,0.0,,,,,,,121634.4,1,30408.600000000006,30408.600000000006,14.0,4.0,0.0
1380.0,2025-12-01,2132372,Bhubaneswar,BIKASH MISTRY,KJS PELLETS & POWER PVT LTD,THEJAHL0T00000438,ZX470H,,1108453.0,2025-12-04 00:00:00,2025-12-18 00:00:00,1822436,MAINTENANCE,1105353,AIR FILTER INNER,1.0,6862,6862.0,0.2,5489.6,0.18,988.128,6477.728,,,,,0.0,0.0,0.0,0.0,0.0,0.0,0.0,0.0,0.0,0.0,0.0,0.0,,,,,,,0.0,0,6862.0,1372.3999999999996,14.0,,6862.0
1381.0,2025-12-01,2132372,Bhubaneswar,BIKASH MISTRY,KJS PELLETS & POWER PVT LTD,THEJAHL0T00000438,ZX470H,,1108453.0,2025-12-04 00:00:00,2025-12-18 00:00:00,1822436,MAINTENANCE,1209163,AIR FILTER OUTER,1.0,11828,11828.0,0.2,9462.4,0.18,1703.232,11165.632,,1,1013280937,2025-12-12 00:00:00,0.0,0.0,0.0,0.0,0.0,0.0,0.0,0.0,8871.0,0.0,0.0,0.0,,,,,,,8871.0,1,2957.0,2365.6000000000004,14.0,,0.0
1382.0,2025-12-01,2132372,Bhubaneswar,BIKASH MISTRY,KJS PELLETS & POWER PVT LTD,THEJAHL0T00000438,ZX470H,,1108453.0,2025-12-04 00:00:00,2025-12-18 00:00:00,1822436,MAINTENANCE,YA00058283,ENGINE OIL FILTER,2.0,2720,5440.0,0.2,4352.0,0.18,783.36,5135.36,,2,1013280937,2025-12-12 00:00:00,0.0,0.0,0.0,0.0,0.0,0.0,0.0,0.0,4080.0,0.0,0.0,0.0,,,,,,,4080.0,1,1360.0,1088.0,14.0,,0.0
1383.0,2025-12-01,2132372,Bhubaneswar,BIKASH MISTRY,KJS PELLETS & POWER PVT LTD,THEJAHL0T00000438,ZX470H,,1108453.0,2025-12-04 00:00:00,2025-12-18 00:00:00,1822436,MAINTENANCE,4078360,PRIMARY FUEL FILTER,1.0,1352,1352.0,0.2,1081.6,0.18,194.688,1276.288,,1,1013280739,2025-12-12 00:00:00,0.0,0.0,0.0,0.0,0.0,0.0,0.0,0.0,1014.0,0.0,0.0,0.0,,,,,,,1014.0,1,338.0,270.4000000000001,14.0,,0.0
1384.0,2025-12-01,2132372,Bhubaneswar,BIKASH MISTRY,KJS PELLETS & POWER PVT LTD,THEJAHL0T00000438,ZX470H,,1108453.0,2025-12-04 00:00:00,2025-12-18 00:00:00,1822436,MAINTENANCE,4616864,FUEL FILTER,1.0,2351,2351.0,0.2,1880.8,0.18,338.544,2219.344,,1,1013280739,2025-12-12 00:00:00,0.0,0.0,0.0,0.0,0.0,0.0,0.0,0.0,1763.25,0.0,0.0,0.0,,,,,,,1763.25,1,587.75,470.20000000000005,14.0,,0.0
1385.0,2025-12-01,2132372,Bhubaneswar,BIKASH MISTRY,KJS PELLETS & POWER PVT LTD,THEJAHL0T00000438,ZX470H,,1108453.0,2025-12-04 00:00:00,2025-12-18 00:00:00,1822474,PLANNING,113671-4730,FAN BELT,1.0,14327,14327.0,0.2,11461.6,0.18,2063.088,13524.688,,,,,0.0,0.0,0.0,0.0,0.0,0.0,0.0,0.0,0.0,0.0,0.0,0.0,,,,,,,0.0,0,14327.0,2865.3999999999996,14.0,,14327.0
1386.0,2025-12-01,2132475,Bhubaneswar,ROSHAN KUMAR,KJS PELLETS & POWER PVT LTD,THEJAHL0E00000825,ZX470H,,1108453.0,2025-12-05 00:00:00,2025-12-09 00:00:00,1810788,EMERGENCY,451033,"O-RING,SERVO PISTON",2.0,651,1302.0,0.2,1041.6,0.18,187.48799999999997,1229.088,,,,,0.0,0.0,0.0,0.0,0.0,0.0,0.0,0.0,0.0,0.0,0.0,0.0,,,,,,,0.0,0,1302.0,260.4000000000001,4.0,,1302.0
1387.0,2025-12-01,2132475,Bhubaneswar,ROSHAN KUMAR,KJS PELLETS & POWER PVT LTD,THEJAHL0E00000825,ZX470H,,1108453.0,2025-12-05 00:00:00,2025-12-09 00:00:00,1810788,EMERGENCY,451037,RING;BACK UP,2.0,1039,2078.0,0.2,1662.4,0.18,299.232,1961.632,,,,,0.0,0.0,0.0,0.0,0.0,0.0,0.0,0.0,0.0,0.0,0.0,0.0,,,,,,,0.0,0,2078.0,415.5999999999999,4.0,,2078.0
1388.0,2025-12-01,2132475,Bhubaneswar,ROSHAN KUMAR,KJS PELLETS & POWER PVT LTD,THEJAHL0E00000825,ZX470H,,1108453.0,2025-12-05 00:00:00,2025-12-09 00:00:00,1810788,EMERGENCY,4205476,COVER; RUBBER,1.0,17723,17723.0,0.2,14178.4,0.18,2552.1119999999996,16730.512,,,,,0.0,0.0,0.0,0.0,0.0,0.0,0.0,0.0,0.0,0.0,0.0,0.0,,,,,,,0.0,0,17723.0,3544.6000000000004,4.0,,17723.0
1389.0,2025-12-01,2132475,Bhubaneswar,ROSHAN KUMAR,KJS PELLETS & POWER PVT LTD,THEJAHL0E00000825,ZX470H,,1108453.0,2025-12-05 00:00:00,2025-12-09 00:00:00,1810788,EMERGENCY,898000-7882,"HOSE, BREATHER",1.0,8117,8117.0,0.2,6493.6,0.18,1168.848,7662.448,,,,,0.0,0.0,0.0,0.0,0.0,0.0,0.0,0.0,0.0,0.0,0.0,0.0,,,,,,,0.0,0,8117.0,1623.3999999999996,4.0,,8117.0
1390.0,2025-12-01,2132475,Bhubaneswar,ROSHAN KUMAR,KJS PELLETS & POWER PVT LTD,THEJAHL0E00000825,ZX470H,,1108453.0,2025-12-05 00:00:00,2025-12-09 00:00:00,1810790,MAINTENANCE,YA00058283,ENGINE OIL FILTER,2.0,2720,2720.0,0.2,2176.0,0.18,391.68,2567.68,,2,1013280937,2025-12-12 00:00:00,0.0,0.0,0.0,0.0,0.0,0.0,0.0,0.0,4080.0,0.0,0.0,0.0,,,,,,,4080.0,1,0.0,544.0,4.0,3.0,0.0
1391.0,2025-12-01,2132475,Bhubaneswar,ROSHAN KUMAR,KJS PELLETS & POWER PVT LTD,THEJAHL0E00000825,ZX470H,,1108453.0,2025-12-05 00:00:00,2025-12-09 00:00:00,1810790,MAINTENANCE,4078360,PRIMARY FUEL FILTER,1.0,1352,1352.0,0.2,1081.6,0.18,194.688,1276.288,,1,1013280739,2025-12-12 00:00:00,0.0,0.0,0.0,0.0,0.0,0.0,0.0,0.0,1014.0,0.0,0.0,0.0,,,,,,,1014.0,1,338.0,270.4000000000001,4.0,3.0,0.0
1392.0,2025-12-01,2132475,Bhubaneswar,ROSHAN KUMAR,KJS PELLETS & POWER PVT LTD,THEJAHL0E00000825,ZX470H,,1108453.0,2025-12-05 00:00:00,2025-12-09 00:00:00,1810790,MAINTENANCE,4616864,FUEL FILTER,1.0,2351,2351.0,0.2,1880.8,0.18,338.544,2219.344,,1,1013280739,2025-12-12 00:00:00,0.0,0.0,0.0,0.0,0.0,0.0,0.0,0.0,1763.25,0.0,0.0,0.0,,,,,,,1763.25,1,587.75,470.20000000000005,4.0,3.0,0.0
1393.0,2025-12-01,2132475,Bhubaneswar,ROSHAN KUMAR,KJS PELLETS & POWER PVT LTD,THEJAHL0E00000825,ZX470H,,1108453.0,2025-12-05 00:00:00,2025-12-09 00:00:00,1810790,MAINTENANCE,1209163,AIR FILTER OUTER,1.0,11828,11828.0,0.2,9462.4,0.18,1703.232,11165.632,,1,1013281755,2025-12-27 00:00:00,0.0,0.0,0.0,0.0,0.0,0.0,0.0,0.0,8871.0,0.0,0.0,0.0,,,,,,,8871.0,1,2957.0,2365.6000000000004,4.0,18.0,0.0
1394.0,2025-12-01,2132475,Bhubaneswar,ROSHAN KUMAR,KJS PELLETS & POWER PVT LTD,THEJAHL0E00000825,ZX470H,,1108453.0,2025-12-05 00:00:00,2025-12-09 00:00:00,1810790,MAINTENANCE,1105353,AIR FILTER INNER,1.0,6862,6862.0,0.2,5489.6,0.18,988.128,6477.728,,1,1013282792,2026-01-16 00:00:00,0.0,0.0,0.0,0.0,0.0,0.0,0.0,0.0,0.0,5146.5,0.0,0.0,,,,,,,5146.5,1,1715.5,1372.3999999999996,4.0,38.0,0.0
1395.0,2025-12-01,2132475,Bhubaneswar,ROSHAN KUMAR,KJS PELLETS & POWER PVT LTD,THEJAHL0E00000825,ZX470H,,1108453.0,2025-12-05 00:00:00,2025-12-09 00:00:00,1810848,PLANNING,113671-4730,FAN BELT,1.0,14327,14327.0,0.2,11461.6,0.18,2063.088,13524.688,,,,,0.0,0.0,0.0,0.0,0.0,0.0,0.0,0.0,0.0,0.0,0.0,0.0,,,,,,,0.0,0,14327.0,2865.3999999999996,4.0,,14327.0
1396.0,2025-12-01,2132380,Bhubaneswar,ROSHAN KUMAR,THRIVENI EARTHMOVERS PVT LTD,0ACG-000256,ZX650H,,27868.0,2025-12-06 00:00:00,2025-12-11 00:00:00,1812929,EMERGENCY,682502,O-RING,1.0,1615,1615.0,0.2,1292.0,0.18,232.56,1524.56,,,,,0.0,0.0,0.0,0.0,0.0,0.0,0.0,0.0,0.0,0.0,0.0,0.0,,,,,,,0.0,0,1615.0,323.0,5.0,,1615.0
1397.0,2025-12-01,2132380,Bhubaneswar,ROSHAN KUMAR,THRIVENI EARTHMOVERS PVT LTD,0ACG-000256,ZX650H,,27868.0,2025-12-06 00:00:00,2025-12-11 00:00:00,1812929,EMERGENCY,4438015,O-RING,1.0,370,370.0,0.2,296.0,0.18,53.28,349.28,,,,,0.0,0.0,0.0,0.0,0.0,0.0,0.0,0.0,0.0,0.0,0.0,0.0,,,,,,,0.0,0,370.0,74.0,5.0,,370.0
1398.0,2025-12-01,2132380,Bhubaneswar,ROSHAN KUMAR,THRIVENI EARTHMOVERS PVT LTD,0ACG-000256,ZX650H,,27868.0,2025-12-06 00:00:00,2025-12-11 00:00:00,1812929,EMERGENCY,443803,O-RING,1.0,398,398.0,0.2,318.4,0.18,57.31199999999999,375.712,,,,,0.0,0.0,0.0,0.0,0.0,0.0,0.0,0.0,0.0,0.0,0.0,0.0,,,,,,,0.0,0,398.0,79.60000000000002,5.0,,398.0
1399.0,2025-12-01,2132380,Bhubaneswar,ROSHAN KUMAR,THRIVENI EARTHMOVERS PVT LTD,0ACG-000256,ZX650H,,27868.0,2025-12-06 00:00:00,2025-12-11 00:00:00,1812929,EMERGENCY,898000-7882,"HOSE, BREATHER",1.0,8117,8117.0,0.2,6493.6,0.18,1168.848,7662.448,,,,,0.0,0.0,0.0,0.0,0.0,0.0,0.0,0.0,0.0,0.0,0.0,0.0,,,,,,,0.0,0,8117.0,1623.3999999999996,5.0,,8117.0
1400.0,2025-12-01,2132380,Bhubaneswar,ROSHAN KUMAR,THRIVENI EARTHMOVERS PVT LTD,0ACG-000256,ZX650H,,27868.0,2025-12-06 00:00:00,2025-12-11 00:00:00,1812974,MAINTENANCE,YA00058283,ENGINE OIL FILTER,2.0,2720,5440.0,0.2,4352.0,0.18,783.36,5135.36,,2,1013280634,2025-12-06 00:00:00,0.0,0.0,0.0,0.0,0.0,0.0,0.0,0.0,4080.0,0.0,0.0,0.0,,,,,,,4080.0,1,1360.0,1088.0,5.0,,0.0
1401.0,2025-12-01,2132380,Bhubaneswar,ROSHAN KUMAR,THRIVENI EARTHMOVERS PVT LTD,0ACG-000256,ZX650H,,27868.0,2025-12-06 00:00:00,2025-12-11 00:00:00,1812974,MAINTENANCE,4078360,PRIMARY FUEL FILTER,2.0,1352,2704.0,0.2,2163.2,0.18,389.376,2552.576,,2,1013282392,2026-01-09 00:00:00,0.0,0.0,0.0,0.0,0.0,0.0,0.0,0.0,0.0,2028.0,0.0,0.0,,,,,,,2028.0,1,676.0,540.8000000000002,5.0,29.0,0.0
1402.0,2025-12-01,2132380,Bhubaneswar,ROSHAN KUMAR,THRIVENI EARTHMOVERS PVT LTD,0ACG-000256,ZX650H,,27868.0,2025-12-06 00:00:00,2025-12-11 00:00:00,1812974,MAINTENANCE,4616864,FUEL FILTER,1.0,2351,2351.0,0.2,1880.8,0.18,338.544,2219.344,,1,1013285248,2026-02-28 00:00:00,0.0,0.0,0.0,0.0,0.0,0.0,0.0,0.0,0.0,0.0,1763.25,0.0,,,,,,,1763.25,1,587.75,470.20000000000005,5.0,79.0,0.0
1403.0,2025-12-01,2132380,Bhubaneswar,ROSHAN KUMAR,THRIVENI EARTHMOVERS PVT LTD,0ACG-000256,ZX650H,,27868.0,2025-12-06 00:00:00,2025-12-11 00:00:00,1812974,MAINTENANCE,1209163,AIR FILTER OUTER,1.0,11828,11828.0,0.2,9462.4,0.18,1703.232,11165.632,,1,1013285248,2026-02-28 00:00:00,0.0,0.0,0.0,0.0,0.0,0.0,0.0,0.0,0.0,0.0,8871.0,0.0,,,,,,,8871.0,1,2957.0,2365.6000000000004,5.0,79.0,0.0
1404.0,2025-12-01,2132380,Bhubaneswar,ROSHAN KUMAR,THRIVENI EARTHMOVERS PVT LTD,0ACG-000256,ZX650H,,27868.0,2025-12-06 00:00:00,2025-12-11 00:00:00,1812974,MAINTENANCE,1105353,AIR FILTER INNER,1.0,6862,6862.0,0.2,5489.6,0.18,988.128,6477.728,,1,1013282392,2026-01-09 00:00:00,0.0,0.0,0.0,0.0,0.0,0.0,0.0,0.0,0.0,5146.5,0.0,0.0,,,,,,,5146.5,1,1715.5,1372.3999999999996,5.0,29.0,0.0
1405.0,2025-12-01,2132380,Bhubaneswar,ROSHAN KUMAR,THRIVENI EARTHMOVERS PVT LTD,0ACG-000256,ZX650H,,27868.0,2025-12-06 00:00:00,2025-12-11 00:00:00,1812976,PLANNING,113671-4730,FAN BELT,1.0,14327,14327.0,0.2,11461.6,0.18,2063.088,13524.688,,,,,0.0,0.0,0.0,0.0,0.0,0.0,0.0,0.0,0.0,0.0,0.0,0.0,,,,,,,0.0,0,14327.0,2865.3999999999996,5.0,,14327.0
1406.0,2025-12-01,2132531,Bhubaneswar,BIKASH MISTRY,STEEL AUTHORITY OF INDIA,BANNFC90E90C70765,ZW310,,1009864.0,2025-12-06 00:00:00,2025-12-29 00:00:00,1837507,EMERGENCY,34046-70180,SEAL,2.0,3357,6714.0,0.0,6714.0,0.18,1208.52,7922.52,,,,,0.0,0.0,0.0,0.0,0.0,0.0,0.0,0.0,0.0,0.0,0.0,0.0,,,,,,,0.0,0,6714.0,0.0,23.0,,6714.0
1407.0,2025-12-01,2132531,Bhubaneswar,BIKASH MISTRY,STEEL AUTHORITY OF INDIA,BANNFC90E90C70765,ZW310,,1009864.0,2025-12-06 00:00:00,2025-12-29 00:00:00,1837507,EMERGENCY,34044-71450,SEALDUST,2.0,1236,2472.0,0.0,2472.0,0.18,444.96,2916.96,,,,,0.0,0.0,0.0,0.0,0.0,0.0,0.0,0.0,0.0,0.0,0.0,0.0,,,,,,,0.0,0,2472.0,0.0,23.0,,2472.0
1408.0,2025-12-01,2132531,Bhubaneswar,BIKASH MISTRY,STEEL AUTHORITY OF INDIA,BANNFC90E90C70765,ZW310,,1009864.0,2025-12-06 00:00:00,2025-12-29 00:00:00,1837507,EMERGENCY,47194-72400,RINGBACK-UP,4.0,1119,4476.0,0.0,4476.0,0.18,805.68,5281.68,,,,,0.0,0.0,0.0,0.0,0.0,0.0,0.0,0.0,0.0,0.0,0.0,0.0,,,,,,,0.0,0,4476.0,0.0,23.0,,4476.0
1409.0,2025-12-01,2132531,Bhubaneswar,BIKASH MISTRY,STEEL AUTHORITY OF INDIA,BANNFC90E90C70765,ZW310,,1009864.0,2025-12-06 00:00:00,2025-12-29 00:00:00,1837546,MAINTENANCE,TE32170,SEPARATOR FUEL WATER,1.0,3615,3615.0,0.0,3615.0,0.18,650.6999999999999,4265.7,,,,,0.0,0.0,0.0,0.0,0.0,0.0,0.0,0.0,0.0,0.0,0.0,0.0,,,,,,,0.0,0,3615.0,0.0,23.0,,3615.0
1410.0,2025-12-01,2132531,Bhubaneswar,BIKASH MISTRY,STEEL AUTHORITY OF INDIA,BANNFC90E90C70765,ZW310,,1009864.0,2025-12-06 00:00:00,2025-12-29 00:00:00,1837546,MAINTENANCE,4367100,FILTER LUBRICATING OIL,1.0,15859,15859.0,0.0,15859.0,0.18,2854.62,18713.62,,,,,0.0,0.0,0.0,0.0,0.0,0.0,0.0,0.0,0.0,0.0,0.0,0.0,,,,,,,0.0,0,15859.0,0.0,23.0,,15859.0
1411.0,2025-12-01,2132531,Bhubaneswar,BIKASH MISTRY,STEEL AUTHORITY OF INDIA,BANNFC90E90C70765,ZW310,,1009864.0,2025-12-06 00:00:00,2025-12-29 00:00:00,1837546,MAINTENANCE,3100308,RESISTOR CORROSION,1.0,11592,11592.0,0.0,11592.0,0.18,2086.56,13678.56,,,,,0.0,0.0,0.0,0.0,0.0,0.0,0.0,0.0,0.0,0.0,0.0,0.0,,,,,,,0.0,0,11592.0,0.0,23.0,,11592.0
1412.0,2025-12-01,2132531,Bhubaneswar,BIKASH MISTRY,STEEL AUTHORITY OF INDIA,BANNFC90E90C70765,ZW310,,1009864.0,2025-12-06 00:00:00,2025-12-29 00:00:00,1837546,MAINTENANCE,3111570040,ELEMENT FILTER ,2.0,17715,35430.0,0.0,35430.0,0.18,6377.4,41807.4,,,,,0.0,0.0,0.0,0.0,0.0,0.0,0.0,0.0,0.0,0.0,0.0,0.0,,,,,,,0.0,0,35430.0,0.0,23.0,,35430.0
1413.0,2025-12-01,2132531,Bhubaneswar,BIKASH MISTRY,STEEL AUTHORITY OF INDIA,BANNFC90E90C70765,ZW310,,1009864.0,2025-12-06 00:00:00,2025-12-29 00:00:00,1837546,MAINTENANCE,YA00033065,ELEMENTFILTER,1.0,8316,8316.0,0.0,8316.0,0.18,1496.8799999999999,9812.88,,1,1013281998,2025-12-31 00:00:00,0.0,0.0,0.0,0.0,0.0,0.0,0.0,0.0,8391.88,0.0,0.0,0.0,,,,,,,8391.88,1,0.0,0.0,23.0,2.0,0.0
1414.0,2025-12-01,2132531,Bhubaneswar,BIKASH MISTRY,STEEL AUTHORITY OF INDIA,BANNFC90E90C70765,ZW310,,1009864.0,2025-12-06 00:00:00,2025-12-29 00:00:00,1837546,MAINTENANCE,3098070430,ELEMENT; FILTER,1.0,29290,29290.0,0.0,29290.0,0.18,5272.2,34562.2,,,,,0.0,0.0,0.0,0.0,0.0,0.0,0.0,0.0,0.0,0.0,0.0,0.0,,,,,,,0.0,0,29290.0,0.0,23.0,,29290.0
1415.0,2025-12-01,2132531,Bhubaneswar,BIKASH MISTRY,STEEL AUTHORITY OF INDIA,BANNFC90E90C70765,ZW310,,1009864.0,2025-12-06 00:00:00,2025-12-29 00:00:00,1837546,MAINTENANCE,3098070440,ELEMENT- FILTER,1.0,15834,15834.0,0.0,15834.0,0.18,2850.12,18684.12,,,,,0.0,0.0,0.0,0.0,0.0,0.0,0.0,0.0,0.0,0.0,0.0,0.0,,,,,,,0.0,0,15834.0,0.0,23.0,,15834.0
1416.0,2025-12-01,2132531,Bhubaneswar,BIKASH MISTRY,STEEL AUTHORITY OF INDIA,BANNFC90E90C70765,ZW310,,1009864.0,2025-12-06 00:00:00,2025-12-29 00:00:00,1837546,MAINTENANCE,4437838,AIR BREATHER FILTER,1.0,1695,1695.0,0.0,1695.0,0.18,305.09999999999997,2000.1,,,,,0.0,0.0,0.0,0.0,0.0,0.0,0.0,0.0,0.0,0.0,0.0,0.0,,,,,,,0.0,0,1695.0,0.0,23.0,,1695.0
1417.0,2025-12-01,2132531,Bhubaneswar,BIKASH MISTRY,STEEL AUTHORITY OF INDIA,BANNFC90E90C70765,ZW310,,1009864.0,2025-12-06 00:00:00,2025-12-29 00:00:00,1837546,MAINTENANCE,41101-60010,BREATHER ASSY,1.0,20420,20420.0,0.0,20420.0,0.18,3675.6,24095.6,,,,,0.0,0.0,0.0,0.0,0.0,0.0,0.0,0.0,0.0,0.0,0.0,0.0,,,,,,,0.0,0,20420.0,0.0,23.0,,20420.0
1418.0,2025-12-01,2132531,Bhubaneswar,BIKASH MISTRY,STEEL AUTHORITY OF INDIA,BANNFC90E90C70765,ZW310,,1009864.0,2025-12-06 00:00:00,2025-12-29 00:00:00,1837546,MAINTENANCE,40330-60650,FILTER,1.0,22155,22155.0,0.0,22155.0,0.18,3987.8999999999996,26142.9,,,,,0.0,0.0,0.0,0.0,0.0,0.0,0.0,0.0,0.0,0.0,0.0,0.0,,,,,,,0.0,0,22155.0,0.0,23.0,,22155.0
1419.0,2025-12-01,2132531,Bhubaneswar,BIKASH MISTRY,STEEL AUTHORITY OF INDIA,BANNFC90E90C70765,ZW310,,1009864.0,2025-12-06 00:00:00,2025-12-29 00:00:00,1837546,MAINTENANCE,4631063,FILTER SUCTION,1.0,11550,11550.0,0.0,11550.0,0.18,2079.0,13629.0,,,,,0.0,0.0,0.0,0.0,0.0,0.0,0.0,0.0,0.0,0.0,0.0,0.0,,,,,,,0.0,0,11550.0,0.0,23.0,,11550.0
1420.0,2025-12-01,2132531,Bhubaneswar,BIKASH MISTRY,STEEL AUTHORITY OF INDIA,BANNFC90E90C70765,ZW310,,1009864.0,2025-12-06 00:00:00,2025-12-29 00:00:00,1837591,PLANNING,47194-72390,RINGBACK-UP,2.0,362,724.0,0.0,724.0,0.18,130.32,854.3199999999999,,,,,0.0,0.0,0.0,0.0,0.0,0.0,0.0,0.0,0.0,0.0,0.0,0.0,,,,,,,0.0,0,724.0,0.0,23.0,,724.0
1421.0,2025-12-01,2132531,Bhubaneswar,BIKASH MISTRY,STEEL AUTHORITY OF INDIA,BANNFC90E90C70765,ZW310,,1009864.0,2025-12-06 00:00:00,2025-12-29 00:00:00,1837591,PLANNING,47131-79170,O RING,2.0,1413,2826.0,0.0,2826.0,0.18,508.68,3334.68,,2,1013281998,2025-12-31 00:00:00,0.0,0.0,0.0,0.0,0.0,0.0,0.0,0.0,2851.8,0.0,0.0,0.0,,,,,,,2851.8,1,0.0,0.0,23.0,2.0,0.0
1422.0,2025-12-01,2132375,Bhubaneswar,ROSHAN KUMAR,THRIVENI EARTHMOVERS PVT LTD,0ACG-000257,ZX650H,,27868.0,2025-12-08 00:00:00,2025-12-11 00:00:00,1812880,EMERGENCY,171809,O RING,18.0,1619,29142.0,0.2,23313.6,0.18,4196.447999999999,27510.048,,,,,0.0,0.0,0.0,0.0,0.0,0.0,0.0,0.0,0.0,0.0,0.0,0.0,,,,,,,0.0,0,29142.0,5828.4000000000015,3.0,,29142.0
1423.0,2025-12-01,2132375,Bhubaneswar,ROSHAN KUMAR,THRIVENI EARTHMOVERS PVT LTD,0ACG-000257,ZX650H,,27868.0,2025-12-08 00:00:00,2025-12-11 00:00:00,1812880,EMERGENCY,898000-7882,"HOSE, BREATHER",1.0,8117,8117.0,0.2,6493.6,0.18,1168.848,7662.448,,,,,0.0,0.0,0.0,0.0,0.0,0.0,0.0,0.0,0.0,0.0,0.0,0.0,,,,,,,0.0,0,8117.0,1623.3999999999996,3.0,,8117.0
1424.0,2025-12-01,2132375,Bhubaneswar,ROSHAN KUMAR,THRIVENI EARTHMOVERS PVT LTD,0ACG-000257,ZX650H,,27868.0,2025-12-08 00:00:00,2025-12-11 00:00:00,1812925,MAINTENANCE,YA00058283,ENGINE OIL FILTER,2.0,2720,5440.0,0.2,4352.0,0.18,783.36,5135.36,,2,1013280634,2025-12-06 00:00:00,0.0,0.0,0.0,0.0,0.0,0.0,0.0,0.0,4080.0,0.0,0.0,0.0,,,,,,,4080.0,1,1360.0,1088.0,3.0,,0.0
1425.0,2025-12-01,2132375,Bhubaneswar,ROSHAN KUMAR,THRIVENI EARTHMOVERS PVT LTD,0ACG-000257,ZX650H,,27868.0,2025-12-08 00:00:00,2025-12-11 00:00:00,1812925,MAINTENANCE,4078360,PRIMARY FUEL FILTER,2.0,1352,2704.0,0.2,2163.2,0.18,389.376,2552.576,,2,1013282392,2026-01-09 00:00:00,0.0,0.0,0.0,0.0,0.0,0.0,0.0,0.0,0.0,2028.0,0.0,0.0,,,,,,,2028.0,1,676.0,540.8000000000002,3.0,29.0,0.0
1426.0,2025-12-01,2132375,Bhubaneswar,ROSHAN KUMAR,THRIVENI EARTHMOVERS PVT LTD,0ACG-000257,ZX650H,,27868.0,2025-12-08 00:00:00,2025-12-11 00:00:00,1812925,MAINTENANCE,4616864,FUEL FILTER,1.0,2351,2351.0,0.2,1880.8,0.18,338.544,2219.344,,1,1013285248,2026-02-28 00:00:00,0.0,0.0,0.0,0.0,0.0,0.0,0.0,0.0,0.0,0.0,1763.25,0.0,,,,,,,1763.25,1,587.75,470.20000000000005,3.0,79.0,0.0
1427.0,2025-12-01,2132375,Bhubaneswar,ROSHAN KUMAR,THRIVENI EARTHMOVERS PVT LTD,0ACG-000257,ZX650H,,27868.0,2025-12-08 00:00:00,2025-12-11 00:00:00,1812925,MAINTENANCE,1209163,AIR FILTER OUTER,1.0,11828,11828.0,0.2,9462.4,0.18,1703.232,11165.632,,1,1013282392,2026-01-09 00:00:00,0.0,0.0,0.0,0.0,0.0,0.0,0.0,0.0,0.0,8871.0,0.0,0.0,,,,,,,8871.0,1,2957.0,2365.6000000000004,3.0,29.0,0.0
1428.0,2025-12-01,2132375,Bhubaneswar,ROSHAN KUMAR,THRIVENI EARTHMOVERS PVT LTD,0ACG-000257,ZX650H,,27868.0,2025-12-08 00:00:00,2025-12-11 00:00:00,1812925,MAINTENANCE,1105353,AIR FILTER INNER,1.0,6862,6862.0,0.2,5489.6,0.18,988.128,6477.728,,1,1013282392,2026-01-09 00:00:00,0.0,0.0,0.0,0.0,0.0,0.0,0.0,0.0,0.0,5146.5,0.0,0.0,,,,,,,5146.5,1,1715.5,1372.3999999999996,3.0,29.0,0.0
1429.0,2025-12-01,2132375,Bhubaneswar,ROSHAN KUMAR,THRIVENI EARTHMOVERS PVT LTD,0ACG-000257,ZX650H,,27868.0,2025-12-08 00:00:00,2025-12-11 00:00:00,1812928,PLANNING,113671-4730,FAN BELT,1.0,14327,14327.0,0.2,11461.6,0.18,2063.088,13524.688,,,,,0.0,0.0,0.0,0.0,0.0,0.0,0.0,0.0,0.0,0.0,0.0,0.0,,,,,,,0.0,0,14327.0,2865.3999999999996,3.0,,14327.0
1430.0,2025-12-01,2132471,Bhubaneswar,BIKASH MISTRY,THRIVENI EARTHMOVERS PVT LTD,THEJAHL0V00000494,ZX470H,,27868.0,2025-12-09 00:00:00,2025-12-18 00:00:00,1822511,EMERGENCY,181222-1362,PULLEY GENERATOR,1.0,18815,18815.0,0.2,15052.0,0.18,2709.3599999999997,17761.36,,,,,0.0,0.0,0.0,0.0,0.0,0.0,0.0,0.0,0.0,0.0,0.0,0.0,,,,,,,0.0,0,18815.0,3763.0,9.0,,18815.0
1431.0,2025-12-01,2132471,Bhubaneswar,BIKASH MISTRY,THRIVENI EARTHMOVERS PVT LTD,THEJAHL0V00000494,ZX470H,,27868.0,2025-12-09 00:00:00,2025-12-18 00:00:00,1822561,MAINTENANCE,4078360,PRIMARY FUEL FILTER,1.0,1352,1352.0,0.2,1081.6,0.18,194.688,1276.288,,1,1013282392,2026-01-09 00:00:00,0.0,0.0,0.0,0.0,0.0,0.0,0.0,0.0,0.0,1014.0,0.0,0.0,,,,,,,1014.0,1,338.0,270.4000000000001,9.0,22.0,0.0
1432.0,2025-12-01,2132471,Bhubaneswar,BIKASH MISTRY,THRIVENI EARTHMOVERS PVT LTD,THEJAHL0V00000494,ZX470H,,27868.0,2025-12-09 00:00:00,2025-12-18 00:00:00,1822561,MAINTENANCE,4616864,FUEL FILTER,1.0,2351,2351.0,0.2,1880.8,0.18,338.544,2219.344,,1,1013285248,2026-02-28 00:00:00,0.0,0.0,0.0,0.0,0.0,0.0,0.0,0.0,0.0,0.0,1763.25,0.0,,,,,,,1763.25,1,587.75,470.20000000000005,9.0,72.0,0.0
1433.0,2025-12-01,2132471,Bhubaneswar,BIKASH MISTRY,THRIVENI EARTHMOVERS PVT LTD,THEJAHL0V00000494,ZX470H,,27868.0,2025-12-09 00:00:00,2025-12-18 00:00:00,1822561,MAINTENANCE,YA00058283,ENGINE OIL FILTER,2.0,2720,5440.0,0.2,4352.0,0.18,783.36,5135.36,,2,1013280634,2025-12-06 00:00:00,0.0,0.0,0.0,0.0,0.0,0.0,0.0,0.0,4080.0,0.0,0.0,0.0,,,,,,,4080.0,1,1360.0,1088.0,9.0,,0.0
1434.0,2025-12-01,2132471,Bhubaneswar,BIKASH MISTRY,THRIVENI EARTHMOVERS PVT LTD,THEJAHL0V00000494,ZX470H,,27868.0,2025-12-09 00:00:00,2025-12-18 00:00:00,1822561,MAINTENANCE,1209163,AIR FILTER OUTER,1.0,11828,11828.0,0.2,9462.4,0.18,1703.232,11165.632,,1,1013282392,2026-01-09 00:00:00,0.0,0.0,0.0,0.0,0.0,0.0,0.0,0.0,0.0,8871.0,0.0,0.0,,,,,,,8871.0,1,2957.0,2365.6000000000004,9.0,22.0,0.0
1435.0,2025-12-01,2132471,Bhubaneswar,BIKASH MISTRY,THRIVENI EARTHMOVERS PVT LTD,THEJAHL0V00000494,ZX470H,,27868.0,2025-12-09 00:00:00,2025-12-18 00:00:00,1822561,MAINTENANCE,1105353,AIR FILTER INNER,1.0,6862,6862.0,0.2,5489.6,0.18,988.128,6477.728,,1,1013282392,2026-01-09 00:00:00,0.0,0.0,0.0,0.0,0.0,0.0,0.0,0.0,0.0,5146.5,0.0,0.0,,,,,,,5146.5,1,1715.5,1372.3999999999996,9.0,22.0,0.0
1436.0,2025-12-01,2132471,Bhubaneswar,BIKASH MISTRY,THRIVENI EARTHMOVERS PVT LTD,THEJAHL0V00000494,ZX470H,,27868.0,2025-12-09 00:00:00,2025-12-18 00:00:00,1822563,PLANNING,4074008,SEAL DUST,2.0,3014,6028.0,0.2,4822.4,0.18,868.0319999999999,5690.432,,,,,0.0,0.0,0.0,0.0,0.0,0.0,0.0,0.0,0.0,0.0,0.0,0.0,,,,,,,0.0,0,6028.0,1205.6000000000004,9.0,,6028.0
1437.0,2025-12-01,2132472,Bhubaneswar,NIRANJAN DAS,STEEL AUTHORITY OF INDIA,90C5-1519,KCM LOADER,,1009864.0,2025-12-09 00:00:00,2025-12-21 00:00:00,1826779,EMERGENCY,38530-60180,"VALVE ASSY,BREATHER",1.0,9032,9032.0,0.0,9032.0,0.18,1625.76,10657.76,,,,,0.0,0.0,0.0,0.0,0.0,0.0,0.0,0.0,0.0,0.0,0.0,0.0,,,,,,,0.0,0,9032.0,0.0,12.0,,9032.0
1438.0,2025-12-01,2132472,Bhubaneswar,NIRANJAN DAS,STEEL AUTHORITY OF INDIA,90C5-1519,KCM LOADER,,1009864.0,2025-12-09 00:00:00,2025-12-21 00:00:00,1826779,EMERGENCY,31990-20550,GASKET,1.0,1428,1428.0,0.0,1428.0,0.18,257.03999999999996,1685.04,,,,,0.0,0.0,0.0,0.0,0.0,0.0,0.0,0.0,0.0,0.0,0.0,0.0,,,,,,,0.0,0,1428.0,0.0,12.0,,1428.0
1439.0,2025-12-01,2132472,Bhubaneswar,NIRANJAN DAS,STEEL AUTHORITY OF INDIA,90C5-1519,KCM LOADER,,1009864.0,2025-12-09 00:00:00,2025-12-21 00:00:00,1826779,EMERGENCY,38530-60080,"VALVE ASSY,BREATHER",1.0,51360,51360.0,0.0,51360.0,0.18,9244.8,60604.8,,,,,0.0,0.0,0.0,0.0,0.0,0.0,0.0,0.0,0.0,0.0,0.0,0.0,,,,,,,0.0,0,51360.0,0.0,12.0,,51360.0
1440.0,2025-12-01,2132472,Bhubaneswar,NIRANJAN DAS,STEEL AUTHORITY OF INDIA,90C5-1519,KCM LOADER,,1009864.0,2025-12-09 00:00:00,2025-12-21 00:00:00,1826780,MAINTENANCE,4367100,FILTER LUBRICATING OIL,4.0,15859,63436.0,0.0,63436.0,0.18,11418.48,74854.48,,,,,0.0,0.0,0.0,0.0,0.0,0.0,0.0,0.0,0.0,0.0,0.0,0.0,,,,,,,0.0,0,63436.0,0.0,12.0,,63436.0
1441.0,2025-12-01,2132472,Bhubaneswar,NIRANJAN DAS,STEEL AUTHORITY OF INDIA,90C5-1519,KCM LOADER,,1009864.0,2025-12-09 00:00:00,2025-12-21 00:00:00,1826780,MAINTENANCE,3100308,RESISTOR CORROSION,4.0,11592,46368.0,0.0,46368.0,0.18,8346.24,54714.24,,,,,0.0,0.0,0.0,0.0,0.0,0.0,0.0,0.0,0.0,0.0,0.0,0.0,,,,,,,0.0,0,46368.0,0.0,12.0,,46368.0
1442.0,2025-12-01,2132472,Bhubaneswar,NIRANJAN DAS,STEEL AUTHORITY OF INDIA,90C5-1519,KCM LOADER,,1009864.0,2025-12-09 00:00:00,2025-12-21 00:00:00,1826780,MAINTENANCE,3111570040,ELEMENT; FILTER,4.0,17715,70860.0,0.0,70860.0,0.18,12754.8,83614.8,,,,,0.0,0.0,0.0,0.0,0.0,0.0,0.0,0.0,0.0,0.0,0.0,0.0,,,,,,,0.0,0,70860.0,0.0,12.0,,70860.0
1443.0,2025-12-01,2132472,Bhubaneswar,NIRANJAN DAS,STEEL AUTHORITY OF INDIA,90C5-1519,KCM LOADER,,1009864.0,2025-12-09 00:00:00,2025-12-21 00:00:00,1826780,MAINTENANCE,YA00033065,ELEMENTFILTER,4.0,8316,33264.0,0.0,33264.0,0.18,5987.5199999999995,39251.52,,4,1013281998,2025-12-31 00:00:00,0.0,0.0,0.0,0.0,0.0,0.0,0.0,0.0,33567.52,0.0,0.0,0.0,,,,,,,33567.52,1,0.0,0.0,12.0,10.0,0.0
1444.0,2025-12-01,2132472,Bhubaneswar,NIRANJAN DAS,STEEL AUTHORITY OF INDIA,90C5-1519,KCM LOADER,,1009864.0,2025-12-09 00:00:00,2025-12-21 00:00:00,1826780,MAINTENANCE,3290155,FAN BELT,1.0,17812,17812.0,0.0,17812.0,0.18,3206.16,21018.16,,,,,0.0,0.0,0.0,0.0,0.0,0.0,0.0,0.0,0.0,0.0,0.0,0.0,,,,,,,0.0,0,17812.0,0.0,12.0,,17812.0
1445.0,2025-12-01,2132472,Bhubaneswar,NIRANJAN DAS,STEEL AUTHORITY OF INDIA,90C5-1519,KCM LOADER,,1009864.0,2025-12-09 00:00:00,2025-12-21 00:00:00,1826780,MAINTENANCE,4437838,AIR BREATHER FILTER,2.0,1695,3390.0,0.0,3390.0,0.18,610.1999999999999,4000.2,,,,,0.0,0.0,0.0,0.0,0.0,0.0,0.0,0.0,0.0,0.0,0.0,0.0,,,,,,,0.0,0,3390.0,0.0,12.0,,3390.0
1446.0,2025-12-01,2132472,Bhubaneswar,NIRANJAN DAS,STEEL AUTHORITY OF INDIA,90C5-1519,KCM LOADER,,1009864.0,2025-12-09 00:00:00,2025-12-21 00:00:00,1826780,MAINTENANCE,4251527,ELEMENT,2.0,6908,13816.0,0.0,13816.0,0.18,2486.88,16302.880000000001,,,,,0.0,0.0,0.0,0.0,0.0,0.0,0.0,0.0,0.0,0.0,0.0,0.0,,,,,,,0.0,0,13816.0,0.0,12.0,,13816.0
1447.0,2025-12-01,2132472,Bhubaneswar,NIRANJAN DAS,STEEL AUTHORITY OF INDIA,90C5-1519,KCM LOADER,,1009864.0,2025-12-09 00:00:00,2025-12-21 00:00:00,1826780,MAINTENANCE,YA00001490,AC FILTER,2.0,4607,9214.0,0.0,9214.0,0.18,1658.52,10872.52,,,,,0.0,0.0,0.0,0.0,0.0,0.0,0.0,0.0,0.0,0.0,0.0,0.0,,,,,,,0.0,0,9214.0,0.0,12.0,,9214.0
1448.0,2025-12-01,2132472,Bhubaneswar,NIRANJAN DAS,STEEL AUTHORITY OF INDIA,90C5-1519,KCM LOADER,,1009864.0,2025-12-09 00:00:00,2025-12-21 00:00:00,1826780,MAINTENANCE,78022-11370,V BELT(KCM85IV) ,1.0,20980,20980.0,0.0,20980.0,0.18,3776.3999999999996,24756.4,,,,,0.0,0.0,0.0,0.0,0.0,0.0,0.0,0.0,0.0,0.0,0.0,0.0,,,,,,,0.0,0,20980.0,0.0,12.0,,20980.0
1449.0,2025-12-01,2132472,Bhubaneswar,NIRANJAN DAS,STEEL AUTHORITY OF INDIA,90C5-1519,KCM LOADER,,1009864.0,2025-12-09 00:00:00,2025-12-21 00:00:00,1826780,MAINTENANCE,3098070430,ELEMENT; FILTER,2.0,29290,58580.0,0.0,58580.0,0.18,10544.4,69124.4,,,,,0.0,0.0,0.0,0.0,0.0,0.0,0.0,0.0,0.0,0.0,0.0,0.0,,,,,,,0.0,0,58580.0,0.0,12.0,,58580.0
1450.0,2025-12-01,2132472,Bhubaneswar,NIRANJAN DAS,STEEL AUTHORITY OF INDIA,90C5-1519,KCM LOADER,,1009864.0,2025-12-09 00:00:00,2025-12-21 00:00:00,1826780,MAINTENANCE,3098070440,ELEMENT; FILTER,2.0,15834,31668.0,0.0,31668.0,0.18,5700.24,37368.24,,,,,0.0,0.0,0.0,0.0,0.0,0.0,0.0,0.0,0.0,0.0,0.0,0.0,,,,,,,0.0,0,31668.0,0.0,12.0,,31668.0
1451.0,2025-12-01,2132472,Bhubaneswar,NIRANJAN DAS,STEEL AUTHORITY OF INDIA,90C5-1519,KCM LOADER,,1009864.0,2025-12-09 00:00:00,2025-12-21 00:00:00,1826841,PLANNING,49327-74070,SEAL KIT,1.0,51155,51155.0,0.0,51155.0,0.18,9207.9,60362.9,,,,,0.0,0.0,0.0,0.0,0.0,0.0,0.0,0.0,0.0,0.0,0.0,0.0,,,,,,,0.0,0,51155.0,0.0,12.0,,51155.0
1452.0,2025-12-01,2132472,Bhubaneswar,NIRANJAN DAS,STEEL AUTHORITY OF INDIA,90C5-1519,KCM LOADER,,1009864.0,2025-12-09 00:00:00,2025-12-21 00:00:00,1826841,PLANNING,49327-74700,SEAL KIT,1.0,26083,26083.0,0.0,26083.0,0.18,4694.94,30777.94,,,,,0.0,0.0,0.0,0.0,0.0,0.0,0.0,0.0,0.0,0.0,0.0,0.0,,,,,,,0.0,0,26083.0,0.0,12.0,,26083.0
1453.0,2025-12-01,2132373,Bhubaneswar,BIKASH MISTRY,DHILLON CONSTRUCTION PVT LTD,0ACG-001064,ZX650H,,1006467.0,2025-12-11 00:00:00,2025-12-18 00:00:00,1822335,EMERGENCY,4388621,SPROCKET,2.0,143469,286938.0,0.1,258244.2,0.18,46483.956,304728.156,,,,,0.0,0.0,0.0,0.0,0.0,0.0,0.0,0.0,0.0,0.0,0.0,0.0,,,,,,,0.0,0,286938.0,28693.79999999999,7.0,,286938.0
1454.0,2025-12-01,2132373,Bhubaneswar,BIKASH MISTRY,DHILLON CONSTRUCTION PVT LTD,0ACG-001064,ZX650H,,1006467.0,2025-12-11 00:00:00,2025-12-18 00:00:00,1822370,MAINTENANCE,YA00058283,ENGINE OIL FILTER,2.0,2720,5440.0,0.1,4896.0,0.18,881.28,5777.28,,2,1013280880,2025-12-11 00:00:00,0.0,0.0,0.0,0.0,0.0,0.0,0.0,0.0,4896.0,0.0,0.0,0.0,,,,,,,4896.0,1,544.0,544.0,7.0,,0.0
1455.0,2025-12-01,2132373,Bhubaneswar,BIKASH MISTRY,DHILLON CONSTRUCTION PVT LTD,0ACG-001064,ZX650H,,1006467.0,2025-12-11 00:00:00,2025-12-18 00:00:00,1822370,MAINTENANCE,4078360,PRIMARY FUEL FILTER,1.0,1352,1352.0,0.1,1216.8,0.18,219.02399999999997,1435.8239999999998,,1,1013285248,2026-02-28 00:00:00,0.0,0.0,0.0,0.0,0.0,0.0,0.0,0.0,0.0,0.0,1014.0,0.0,,,,,,,1014.0,1,338.0,135.20000000000005,7.0,72.0,0.0
1456.0,2025-12-01,2132373,Bhubaneswar,BIKASH MISTRY,DHILLON CONSTRUCTION PVT LTD,0ACG-001064,ZX650H,,1006467.0,2025-12-11 00:00:00,2025-12-18 00:00:00,1822370,MAINTENANCE,4616864,FUEL FILTER,1.0,2351,2351.0,0.1,2115.9,0.18,380.862,2496.762,,1,1013285248,2026-02-28 00:00:00,0.0,0.0,0.0,0.0,0.0,0.0,0.0,0.0,0.0,0.0,1763.25,0.0,,,,,,,1763.25,1,587.75,235.0999999999999,7.0,72.0,0.0
1457.0,2025-12-01,2132373,Bhubaneswar,BIKASH MISTRY,DHILLON CONSTRUCTION PVT LTD,0ACG-001064,ZX650H,,1006467.0,2025-12-11 00:00:00,2025-12-18 00:00:00,1822370,MAINTENANCE,1209163,AIR FILTER OUTER,1.0,11828,11828.0,0.1,10645.2,0.18,1916.136,12561.336000000001,,1,1013285248,2026-02-28 00:00:00,0.0,0.0,0.0,0.0,0.0,0.0,0.0,0.0,0.0,0.0,8871.0,0.0,,,,,,,8871.0,1,2957.0,1182.7999999999993,7.0,72.0,0.0
1458.0,2025-12-01,2132373,Bhubaneswar,BIKASH MISTRY,DHILLON CONSTRUCTION PVT LTD,0ACG-001064,ZX650H,,1006467.0,2025-12-11 00:00:00,2025-12-18 00:00:00,1822370,MAINTENANCE,1105353,AIR FILTER INNER,1.0,6862,6862.0,0.1,6175.8,0.18,1111.644,7287.444,,1,1013285252,2026-02-28 00:00:00,0.0,0.0,0.0,0.0,0.0,0.0,0.0,0.0,0.0,0.0,5146.5,0.0,,,,,,,5146.5,1,1715.5,686.1999999999998,7.0,72.0,0.0
1459.0,2025-12-01,2132373,Bhubaneswar,BIKASH MISTRY,DHILLON CONSTRUCTION PVT LTD,0ACG-001064,ZX650H,,1006467.0,2025-12-11 00:00:00,2025-12-18 00:00:00,1822395,PLANNING,4474619,BELT; FAN,1.0,64523,64523.0,0.1,58070.7,0.18,10452.725999999999,68523.42599999999,,,,,0.0,0.0,0.0,0.0,0.0,0.0,0.0,0.0,0.0,0.0,0.0,0.0,,,,,,,0.0,0,64523.0,6452.300000000003,7.0,,64523.0
1460.0,2025-12-01,2132477,Bhubaneswar,ROSHAN KUMAR,THRIVENI EARTHMOVERS PVT LTD,0ACG-000097,ZX650H,,27868.0,2025-12-15 00:00:00,2025-12-18 00:00:00,1822205,EMERGENCY,171809,O-RING; CAP,18.0,1619,29142.0,0.2,23313.6,0.18,4196.447999999999,27510.048,,,,,0.0,0.0,0.0,0.0,0.0,0.0,0.0,0.0,0.0,0.0,0.0,0.0,,,,,,,0.0,0,29142.0,5828.4000000000015,3.0,,29142.0
1461.0,2025-12-01,2132477,Bhubaneswar,ROSHAN KUMAR,THRIVENI EARTHMOVERS PVT LTD,0ACG-000097,ZX650H,,27868.0,2025-12-15 00:00:00,2025-12-18 00:00:00,1822205,EMERGENCY,898000-7882,"HOSE, BREATHER",1.0,8117,8117.0,0.2,6493.6,0.18,1168.848,7662.448,,,,,0.0,0.0,0.0,0.0,0.0,0.0,0.0,0.0,0.0,0.0,0.0,0.0,,,,,,,0.0,0,8117.0,1623.3999999999996,3.0,,8117.0
1462.0,2025-12-01,2132477,Bhubaneswar,ROSHAN KUMAR,THRIVENI EARTHMOVERS PVT LTD,0ACG-000097,ZX650H,,27868.0,2025-12-15 00:00:00,2025-12-18 00:00:00,1822205,EMERGENCY,4477185,INDICATOR,1.0,5738,5738.0,0.2,4590.4,0.18,826.2719999999999,5416.672,,1,1013280484,2025-12-03 00:00:00,0.0,0.0,0.0,0.0,0.0,0.0,0.0,0.0,4590.4,0.0,0.0,0.0,,,,,,,4590.4,1,1147.6000000000004,1147.6000000000004,3.0,,0.0
1463.0,2025-12-01,2132477,Bhubaneswar,ROSHAN KUMAR,THRIVENI EARTHMOVERS PVT LTD,0ACG-000097,ZX650H,,27868.0,2025-12-15 00:00:00,2025-12-18 00:00:00,1822205,EMERGENCY,4201993,O-RING;PILOT VALVE,4.0,123,492.0,0.2,393.6,0.18,70.848,464.44800000000004,,4,1013285235,2026-02-28 00:00:00,0.0,0.0,0.0,0.0,0.0,0.0,0.0,0.0,0.0,0.0,344.4,0.0,,,,,,,344.4,1,147.60000000000002,98.39999999999998,3.0,72.0,0.0
1464.0,2025-12-01,2132477,Bhubaneswar,ROSHAN KUMAR,THRIVENI EARTHMOVERS PVT LTD,0ACG-000097,ZX650H,,27868.0,2025-12-15 00:00:00,2025-12-18 00:00:00,1822205,EMERGENCY,9246436,PILOT LEVER SEAL,4.0,3052,12208.0,0.2,9766.4,0.18,1757.9519999999998,11524.351999999999,,4,1013286440,2026-03-25 00:00:00,0.0,0.0,0.0,0.0,0.0,0.0,0.0,0.0,0.0,0.0,0.0,2441.6,,,,,,,2441.6,1,9766.4,2441.6000000000004,3.0,97.0,0.0
1465.0,2025-12-01,2132477,Bhubaneswar,ROSHAN KUMAR,THRIVENI EARTHMOVERS PVT LTD,0ACG-000097,ZX650H,,27868.0,2025-12-15 00:00:00,2025-12-18 00:00:00,1822205,EMERGENCY,4366339,UNIT; PUMP ANGLE SENSOR,2.0,87724,175448.0,0.2,140358.4,0.18,25264.512,165622.91199999998,,2,1013280470,2025-12-03 00:00:00,0.0,0.0,0.0,0.0,0.0,0.0,0.0,0.0,140358.4,0.0,0.0,0.0,,,,,,,140358.4,1,35089.600000000006,35089.600000000006,3.0,,0.0
1466.0,2025-12-01,2132477,Bhubaneswar,ROSHAN KUMAR,THRIVENI EARTHMOVERS PVT LTD,0ACG-000097,ZX650H,,27868.0,2025-12-15 00:00:00,2025-12-18 00:00:00,1822242,MAINTENANCE,YA00058283,ENGINE OIL FILTER,2.0,2720,5440.0,0.2,4352.0,0.18,783.36,5135.36,,2,1013280634,2025-12-06 00:00:00,0.0,0.0,0.0,0.0,0.0,0.0,0.0,0.0,4080.0,0.0,0.0,0.0,,,,,,,4080.0,1,1360.0,1088.0,3.0,,0.0
1467.0,2025-12-01,2132477,Bhubaneswar,ROSHAN KUMAR,THRIVENI EARTHMOVERS PVT LTD,0ACG-000097,ZX650H,,27868.0,2025-12-15 00:00:00,2025-12-18 00:00:00,1822242,MAINTENANCE,4078360,PRIMARY FUEL FILTER,1.0,1352,1352.0,0.2,1081.6,0.18,194.688,1276.288,,1,1013282392,2026-01-09 00:00:00,0.0,0.0,0.0,0.0,0.0,0.0,0.0,0.0,0.0,1014.0,0.0,0.0,,,,,,,1014.0,1,338.0,270.4000000000001,3.0,22.0,0.0
1468.0,2025-12-01,2132477,Bhubaneswar,ROSHAN KUMAR,THRIVENI EARTHMOVERS PVT LTD,0ACG-000097,ZX650H,,27868.0,2025-12-15 00:00:00,2025-12-18 00:00:00,1822242,MAINTENANCE,4616864,FUEL FILTER,1.0,2351,2351.0,0.2,1880.8,0.18,338.544,2219.344,,1,1013285248,2026-02-28 00:00:00,0.0,0.0,0.0,0.0,0.0,0.0,0.0,0.0,0.0,0.0,1763.25,0.0,,,,,,,1763.25,1,587.75,470.20000000000005,3.0,72.0,0.0
1469.0,2025-12-01,2132477,Bhubaneswar,ROSHAN KUMAR,THRIVENI EARTHMOVERS PVT LTD,0ACG-000097,ZX650H,,27868.0,2025-12-15 00:00:00,2025-12-18 00:00:00,1822242,MAINTENANCE,1209163,AIR FILTER OUTER,1.0,11828,11828.0,0.2,9462.4,0.18,1703.232,11165.632,,1,1013282392,2026-01-09 00:00:00,0.0,0.0,0.0,0.0,0.0,0.0,0.0,0.0,0.0,8871.0,0.0,0.0,,,,,,,8871.0,1,2957.0,2365.6000000000004,3.0,22.0,0.0
1470.0,2025-12-01,2132477,Bhubaneswar,ROSHAN KUMAR,THRIVENI EARTHMOVERS PVT LTD,0ACG-000097,ZX650H,,27868.0,2025-12-15 00:00:00,2025-12-18 00:00:00,1822242,MAINTENANCE,1105353,AIR FILTER INNER,1.0,6862,6862.0,0.2,5489.6,0.18,988.128,6477.728,,1,1013282392,2026-01-09 00:00:00,0.0,0.0,0.0,0.0,0.0,0.0,0.0,0.0,0.0,5146.5,0.0,0.0,,,,,,,5146.5,1,1715.5,1372.3999999999996,3.0,22.0,0.0
1471.0,2025-12-01,2132477,Bhubaneswar,ROSHAN KUMAR,THRIVENI EARTHMOVERS PVT LTD,0ACG-000097,ZX650H,,27868.0,2025-12-15 00:00:00,2025-12-18 00:00:00,1822248,PLANNING,113671-4730,FAN BELT,1.0,14327,14327.0,0.2,11461.6,0.18,2063.088,13524.688,,,,,0.0,0.0,0.0,0.0,0.0,0.0,0.0,0.0,0.0,0.0,0.0,0.0,,,,,,,0.0,0,14327.0,2865.3999999999996,3.0,,14327.0
1472.0,2025-12-01,2132376,Bhubaneswar,BIKASH MISTRY,THRIVENI EARTHMOVERS PVT LTD,0ACG-000201,ZX470H,,27868.0,2025-12-15 00:00:00,2025-12-18 00:00:00,1822646,EMERGENCY,4366339,ANGLE SENSOR,1.0,87724,87724.0,0.2,70179.2,0.18,12632.256,82811.45599999999,,,,,0.0,0.0,0.0,0.0,0.0,0.0,0.0,0.0,0.0,0.0,0.0,0.0,,,,,,,0.0,0,87724.0,17544.800000000003,3.0,,87724.0
1473.0,2025-12-01,2132376,Bhubaneswar,BIKASH MISTRY,THRIVENI EARTHMOVERS PVT LTD,0ACG-000201,ZX470H,,27868.0,2025-12-15 00:00:00,2025-12-18 00:00:00,1822646,EMERGENCY,9246436,PILOT LEVER SEAL,4.0,4349,17396.0,0.2,13916.8,0.18,2505.024,16421.824,,4,1013286440,2026-03-25 00:00:00,0.0,0.0,0.0,0.0,0.0,0.0,0.0,0.0,0.0,0.0,0.0,2441.6,,,,,,,2441.6,1,14954.4,3479.2000000000007,3.0,97.0,0.0
1474.0,2025-12-01,2132376,Bhubaneswar,BIKASH MISTRY,THRIVENI EARTHMOVERS PVT LTD,0ACG-000201,ZX470H,,27868.0,2025-12-15 00:00:00,2025-12-18 00:00:00,1822646,EMERGENCY,4201993,O-RING;PILOT VALVE,4.0,123,492.0,0.2,393.6,0.18,70.848,464.44800000000004,,4,1013285235,2026-02-28 00:00:00,0.0,0.0,0.0,0.0,0.0,0.0,0.0,0.0,0.0,0.0,344.4,0.0,,,,,,,344.4,1,147.60000000000002,98.39999999999998,3.0,72.0,0.0
1475.0,2025-12-01,2132376,Bhubaneswar,BIKASH MISTRY,THRIVENI EARTHMOVERS PVT LTD,0ACG-000201,ZX470H,,27868.0,2025-12-15 00:00:00,2025-12-18 00:00:00,1822674,MAINTENANCE,4078360,PRIMARY FUEL FILTER,2.0,1352,2704.0,0.2,2163.2,0.18,389.376,2552.576,,2,1013282392,2026-01-09 00:00:00,0.0,0.0,0.0,0.0,0.0,0.0,0.0,0.0,0.0,2028.0,0.0,0.0,,,,,,,2028.0,1,676.0,540.8000000000002,3.0,22.0,0.0
1476.0,2025-12-01,2132376,Bhubaneswar,BIKASH MISTRY,THRIVENI EARTHMOVERS PVT LTD,0ACG-000201,ZX470H,,27868.0,2025-12-15 00:00:00,2025-12-18 00:00:00,1822674,MAINTENANCE,4616864,FUEL FILTER,2.0,2351,4702.0,0.2,3761.6,0.18,677.088,4438.688,,2,1013282392,2026-01-09 00:00:00,0.0,0.0,0.0,0.0,0.0,0.0,0.0,0.0,0.0,3526.5,0.0,0.0,,,,,,,3526.5,1,1175.5,940.4000000000001,3.0,22.0,0.0
1477.0,2025-12-01,2132376,Bhubaneswar,BIKASH MISTRY,THRIVENI EARTHMOVERS PVT LTD,0ACG-000201,ZX470H,,27868.0,2025-12-15 00:00:00,2025-12-18 00:00:00,1822674,MAINTENANCE,YA00058283,ENGINE OIL FILTER,2.0,2720,5440.0,0.2,4352.0,0.18,783.36,5135.36,,2,1013280634,2025-12-06 00:00:00,0.0,0.0,0.0,0.0,0.0,0.0,0.0,0.0,4080.0,0.0,0.0,0.0,,,,,,,4080.0,1,1360.0,1088.0,3.0,,0.0
1478.0,2025-12-01,2132376,Bhubaneswar,BIKASH MISTRY,THRIVENI EARTHMOVERS PVT LTD,0ACG-000201,ZX470H,,27868.0,2025-12-15 00:00:00,2025-12-18 00:00:00,1822674,MAINTENANCE,4363399,PUMP DRAIN FILTER,2.0,4349,8698.0,0.2,6958.4,0.18,1252.512,8210.912,,2,1013282392,2026-01-09 00:00:00,0.0,0.0,0.0,0.0,0.0,0.0,0.0,0.0,0.0,6523.5,0.0,0.0,,,,,,,6523.5,1,2174.5,1739.6000000000004,3.0,22.0,0.0
1479.0,2025-12-01,2132376,Bhubaneswar,BIKASH MISTRY,THRIVENI EARTHMOVERS PVT LTD,0ACG-000201,ZX470H,,27868.0,2025-12-15 00:00:00,2025-12-18 00:00:00,64523,PLANNING,113671-4730,FAN BELT,1.0,14327,14327.0,0.2,11461.6,0.18,2063.088,13524.688,,,,,0.0,0.0,0.0,0.0,0.0,0.0,0.0,0.0,0.0,0.0,0.0,0.0,,,,,,,0.0,0,14327.0,2865.3999999999996,3.0,,14327.0
1480.0,2025-12-01,2132377,Bhubaneswar,NIRANJAN DAS,THRIVENI EARTHMOVERS PVT LTD,0ACG-000255,ZX650H,,27868.0,2025-12-15 00:00:00,2025-12-21 00:00:00,1826842,EMERGENCY,682502,O-RING,1.0,1615,1615.0,0.2,1292.0,0.18,232.56,1524.56,,,,,0.0,0.0,0.0,0.0,0.0,0.0,0.0,0.0,0.0,0.0,0.0,0.0,,,,,,,0.0,0,1615.0,323.0,6.0,,1615.0
1481.0,2025-12-01,2132377,Bhubaneswar,NIRANJAN DAS,THRIVENI EARTHMOVERS PVT LTD,0ACG-000255,ZX650H,,27868.0,2025-12-15 00:00:00,2025-12-21 00:00:00,1826842,EMERGENCY,443801,O-RING,1.0,370,370.0,0.2,296.0,0.18,53.28,349.28,,,,,0.0,0.0,0.0,0.0,0.0,0.0,0.0,0.0,0.0,0.0,0.0,0.0,,,,,,,0.0,0,370.0,74.0,6.0,,370.0
1482.0,2025-12-01,2132377,Bhubaneswar,NIRANJAN DAS,THRIVENI EARTHMOVERS PVT LTD,0ACG-000255,ZX650H,,27868.0,2025-12-15 00:00:00,2025-12-21 00:00:00,1826842,EMERGENCY,443803,O-RING,1.0,398,398.0,0.2,318.4,0.18,57.31199999999999,375.712,,,,,0.0,0.0,0.0,0.0,0.0,0.0,0.0,0.0,0.0,0.0,0.0,0.0,,,,,,,0.0,0,398.0,79.60000000000002,6.0,,398.0
1483.0,2025-12-01,2132377,Bhubaneswar,NIRANJAN DAS,THRIVENI EARTHMOVERS PVT LTD,0ACG-000255,ZX650H,,27868.0,2025-12-15 00:00:00,2025-12-21 00:00:00,1826842,EMERGENCY,4506429,O-RING,4.0,164,656.0,0.2,524.8,0.18,94.46399999999998,619.2639999999999,,4,1013280467,2025-12-03 00:00:00,0.0,0.0,0.0,0.0,0.0,0.0,0.0,0.0,524.8,0.0,0.0,0.0,,,,,,,524.8,1,131.20000000000005,131.20000000000005,6.0,,0.0
1484.0,2025-12-01,2132377,Bhubaneswar,NIRANJAN DAS,THRIVENI EARTHMOVERS PVT LTD,0ACG-000255,ZX650H,,27868.0,2025-12-15 00:00:00,2025-12-21 00:00:00,1826843,MAINTENANCE,YA00058283,ENGINE OIL FILTER,2.0,2720,5440.0,0.2,4352.0,0.18,783.36,5135.36,,2,1013280634,2025-12-06 00:00:00,0.0,0.0,0.0,0.0,0.0,0.0,0.0,0.0,4080.0,0.0,0.0,0.0,,,,,,,4080.0,1,1360.0,1088.0,6.0,,0.0
1485.0,2025-12-01,2132377,Bhubaneswar,NIRANJAN DAS,THRIVENI EARTHMOVERS PVT LTD,0ACG-000255,ZX650H,,27868.0,2025-12-15 00:00:00,2025-12-21 00:00:00,1826843,MAINTENANCE,4078360,PRIMARY FUEL FILTER,2.0,1352,2704.0,0.2,2163.2,0.18,389.376,2552.576,,2,1013282392,2026-01-09 00:00:00,0.0,0.0,0.0,0.0,0.0,0.0,0.0,0.0,0.0,2028.0,0.0,0.0,,,,,,,2028.0,1,676.0,540.8000000000002,6.0,19.0,0.0
1486.0,2025-12-01,2132377,Bhubaneswar,NIRANJAN DAS,THRIVENI EARTHMOVERS PVT LTD,0ACG-000255,ZX650H,,27868.0,2025-12-15 00:00:00,2025-12-21 00:00:00,1826843,MAINTENANCE,4616864,FUEL FILTER,1.0,2351,2351.0,0.2,1880.8,0.18,338.544,2219.344,,1,1013282392,2026-01-09 00:00:00,0.0,0.0,0.0,0.0,0.0,0.0,0.0,0.0,0.0,1763.25,0.0,0.0,,,,,,,1763.25,1,587.75,470.20000000000005,6.0,19.0,0.0
1487.0,2025-12-01,2132377,Bhubaneswar,NIRANJAN DAS,THRIVENI EARTHMOVERS PVT LTD,0ACG-000255,ZX650H,,27868.0,2025-12-15 00:00:00,2025-12-21 00:00:00,1826843,MAINTENANCE,1209163,AIR FILTER OUTER,1.0,11828,11828.0,0.2,9462.4,0.18,1703.232,11165.632,,1,1013282392,2026-01-09 00:00:00,0.0,0.0,0.0,0.0,0.0,0.0,0.0,0.0,0.0,8871.0,0.0,0.0,,,,,,,8871.0,1,2957.0,2365.6000000000004,6.0,19.0,0.0
1488.0,2025-12-01,2132377,Bhubaneswar,NIRANJAN DAS,THRIVENI EARTHMOVERS PVT LTD,0ACG-000255,ZX650H,,27868.0,2025-12-15 00:00:00,2025-12-21 00:00:00,1826843,MAINTENANCE,1105353,AIR FILTER INNER,1.0,6862,6862.0,0.2,5489.6,0.18,988.128,6477.728,,1,1013282392,2026-01-09 00:00:00,0.0,0.0,0.0,0.0,0.0,0.0,0.0,0.0,0.0,5146.5,0.0,0.0,,,,,,,5146.5,1,1715.5,1372.3999999999996,6.0,19.0,0.0
1489.0,2025-12-01,2132377,Bhubaneswar,NIRANJAN DAS,THRIVENI EARTHMOVERS PVT LTD,0ACG-000255,ZX650H,,27868.0,2025-12-15 00:00:00,2025-12-21 00:00:00,1826844,PLANNING,113671-4730,FAN BELT,1.0,14327,14327.0,0.2,11461.6,0.18,2063.088,13524.688,,,,,0.0,0.0,0.0,0.0,0.0,0.0,0.0,0.0,0.0,0.0,0.0,0.0,,,,,,,0.0,0,14327.0,2865.3999999999996,6.0,,14327.0
1490.0,2025-12-01,2132476,Bhubaneswar,ROSHAN KUMAR,THRIVENI EARTHMOVERS PVT LTD,THEJAHL0A00000500,ZX470H,,27868.0,2025-12-18 00:00:00,2025-12-22 00:00:00,1827071,EMERGENCY,171809,O RING,18.0,1619,29142.0,0.2,23313.6,0.18,4196.447999999999,27510.048,,,,,0.0,0.0,0.0,0.0,0.0,0.0,0.0,0.0,0.0,0.0,0.0,0.0,,,,,,,0.0,0,29142.0,5828.4000000000015,4.0,,29142.0
1491.0,2025-12-01,2132476,Bhubaneswar,ROSHAN KUMAR,THRIVENI EARTHMOVERS PVT LTD,THEJAHL0A00000500,ZX470H,,27868.0,2025-12-18 00:00:00,2025-12-22 00:00:00,1827071,EMERGENCY,682502,O RING,1.0,1615,1615.0,0.2,1292.0,0.18,232.56,1524.56,,,,,0.0,0.0,0.0,0.0,0.0,0.0,0.0,0.0,0.0,0.0,0.0,0.0,,,,,,,0.0,0,1615.0,323.0,4.0,,1615.0
1492.0,2025-12-01,2132476,Bhubaneswar,ROSHAN KUMAR,THRIVENI EARTHMOVERS PVT LTD,THEJAHL0A00000500,ZX470H,,27868.0,2025-12-18 00:00:00,2025-12-22 00:00:00,1827071,EMERGENCY,443801,O RING,1.0,343,343.0,0.2,274.4,0.18,49.391999999999996,323.792,,,,,0.0,0.0,0.0,0.0,0.0,0.0,0.0,0.0,0.0,0.0,0.0,0.0,,,,,,,0.0,0,343.0,68.60000000000002,4.0,,343.0
1493.0,2025-12-01,2132476,Bhubaneswar,ROSHAN KUMAR,THRIVENI EARTHMOVERS PVT LTD,THEJAHL0A00000500,ZX470H,,27868.0,2025-12-18 00:00:00,2025-12-22 00:00:00,1827071,EMERGENCY,443803,O RING,1.0,398,398.0,0.2,318.4,0.18,57.31199999999999,375.712,,,,,0.0,0.0,0.0,0.0,0.0,0.0,0.0,0.0,0.0,0.0,0.0,0.0,,,,,,,0.0,0,398.0,79.60000000000002,4.0,,398.0
1494.0,2025-12-01,2132476,Bhubaneswar,ROSHAN KUMAR,THRIVENI EARTHMOVERS PVT LTD,THEJAHL0A00000500,ZX470H,,27868.0,2025-12-18 00:00:00,2025-12-22 00:00:00,1827075,MAINTENANCE,YA00058283,ENGINE OIL FILTER,2.0,2720,5440.0,0.2,4352.0,0.18,783.36,5135.36,,2,1013280634,2025-12-06 00:00:00,0.0,0.0,0.0,0.0,0.0,0.0,0.0,0.0,4080.0,0.0,0.0,0.0,,,,,,,4080.0,1,1360.0,1088.0,4.0,,0.0
1495.0,2025-12-01,2132476,Bhubaneswar,ROSHAN KUMAR,THRIVENI EARTHMOVERS PVT LTD,THEJAHL0A00000500,ZX470H,,27868.0,2025-12-18 00:00:00,2025-12-22 00:00:00,1827075,MAINTENANCE,4078360,PRIMARY FUEL FILTER,1.0,1352,1352.0,0.2,1081.6,0.18,194.688,1276.288,,1,1013282392,2026-01-09 00:00:00,0.0,0.0,0.0,0.0,0.0,0.0,0.0,0.0,0.0,1014.0,0.0,0.0,,,,,,,1014.0,1,338.0,270.4000000000001,4.0,18.0,0.0
1496.0,2025-12-01,2132476,Bhubaneswar,ROSHAN KUMAR,THRIVENI EARTHMOVERS PVT LTD,THEJAHL0A00000500,ZX470H,,27868.0,2025-12-18 00:00:00,2025-12-22 00:00:00,1827075,MAINTENANCE,4616864,FUEL FILTER,1.0,2351,2351.0,0.2,1880.8,0.18,338.544,2219.344,,1,1013285248,2026-02-28 00:00:00,0.0,0.0,0.0,0.0,0.0,0.0,0.0,0.0,0.0,0.0,1763.25,0.0,,,,,,,1763.25,1,587.75,470.20000000000005,4.0,68.0,0.0
1497.0,2025-12-01,2132476,Bhubaneswar,ROSHAN KUMAR,THRIVENI EARTHMOVERS PVT LTD,THEJAHL0A00000500,ZX470H,,27868.0,2025-12-18 00:00:00,2025-12-22 00:00:00,1827075,MAINTENANCE,1209163,AIR FILTER OUTER,1.0,11828,11828.0,0.2,9462.4,0.18,1703.232,11165.632,,1,1013282392,2026-01-09 00:00:00,0.0,0.0,0.0,0.0,0.0,0.0,0.0,0.0,0.0,8871.0,0.0,0.0,,,,,,,8871.0,1,2957.0,2365.6000000000004,4.0,18.0,0.0
1498.0,2025-12-01,2132476,Bhubaneswar,ROSHAN KUMAR,THRIVENI EARTHMOVERS PVT LTD,THEJAHL0A00000500,ZX470H,,27868.0,2025-12-18 00:00:00,2025-12-22 00:00:00,1827075,MAINTENANCE,1105353,AIR FILTER INNER,1.0,6862,6862.0,0.2,5489.6,0.18,988.128,6477.728,,1,1013282392,2026-01-09 00:00:00,0.0,0.0,0.0,0.0,0.0,0.0,0.0,0.0,0.0,5146.5,0.0,0.0,,,,,,,5146.5,1,1715.5,1372.3999999999996,4.0,18.0,0.0
1499.0,2025-12-01,2132476,Bhubaneswar,ROSHAN KUMAR,THRIVENI EARTHMOVERS PVT LTD,THEJAHL0A00000500,ZX470H,,27868.0,2025-12-18 00:00:00,2025-12-22 00:00:00,1827077,PLANNING,113671-4730,FAN BELT,1.0,14327,14327.0,0.2,11461.6,0.18,2063.088,13524.688,,,,,0.0,0.0,0.0,0.0,0.0,0.0,0.0,0.0,0.0,0.0,0.0,0.0,,,,,,,0.0,0,14327.0,2865.3999999999996,4.0,,14327.0
1500.0,2026-01-01,2182497,Bhubaneswar,ROSHAN KUMAR,KHATAU LILADHAR THACKER,THEJAHL0C00000540,ZX470H,,1023279.0,2026-01-03 00:00:00,2026-01-17 00:00:00,1863990,EMERGENCY,4205476,COVER; RUBBER,1.0,17723,17723.0,0.12,15596.24,0.18,2807.3232,18403.5632,,,,,0.0,0.0,0.0,0.0,0.0,0.0,0.0,0.0,0.0,0.0,0.0,0.0,,,,,,,0.0,0,17723.0,2126.76,14.0,,17723.0
1501.0,2026-01-01,2182497,Bhubaneswar,ROSHAN KUMAR,KHATAU LILADHAR THACKER,THEJAHL0C00000540,ZX470H,,1023279.0,2026-01-03 00:00:00,2026-01-17 00:00:00,1863990,EMERGENCY,4653042,SEAL KIT BUCKET,1.0,38202,38202.0,0.12,33617.76,0.18,6051.1968,39668.9568,,,,,0.0,0.0,0.0,0.0,0.0,0.0,0.0,0.0,0.0,0.0,0.0,0.0,,,,,,,0.0,0,38202.0,4584.239999999998,14.0,,38202.0
1502.0,2026-01-01,2182497,Bhubaneswar,ROSHAN KUMAR,KHATAU LILADHAR THACKER,THEJAHL0C00000540,ZX470H,,1023279.0,2026-01-03 00:00:00,2026-01-17 00:00:00,1863990,EMERGENCY,898000-7882,HOSE,1.0,38202,38202.0,0.12,33617.76,0.18,6051.1968,39668.9568,,,,,0.0,0.0,0.0,0.0,0.0,0.0,0.0,0.0,0.0,0.0,0.0,0.0,,,,,,,0.0,0,38202.0,4584.239999999998,14.0,,38202.0
1503.0,2026-01-01,2182497,Bhubaneswar,ROSHAN KUMAR,KHATAU LILADHAR THACKER,THEJAHL0C00000540,ZX470H,,1023279.0,2026-01-03 00:00:00,2026-01-17 00:00:00,1864028,MAINTENANCE,YA00058283,ENGINE OIL FILTER,2.0,2720,5440.0,0.12,4787.2,0.18,861.6959999999999,5648.896,,2,1013283541,2026-01-31 00:00:00,0.0,0.0,0.0,0.0,0.0,0.0,0.0,0.0,0.0,5440.0,0.0,0.0,,,,,,,5440.0,1,0.0,652.8000000000002,14.0,14.0,0.0
1504.0,2026-01-01,2182497,Bhubaneswar,ROSHAN KUMAR,KHATAU LILADHAR THACKER,THEJAHL0C00000540,ZX470H,,1023279.0,2026-01-03 00:00:00,2026-01-17 00:00:00,1864028,MAINTENANCE,4078360,PRIMARY FUEL FILTER,1.0,1352,1352.0,0.12,1189.76,0.18,214.1568,1403.9168,,1,1013283541,2026-01-31 00:00:00,0.0,0.0,0.0,0.0,0.0,0.0,0.0,0.0,0.0,1352.0,0.0,0.0,,,,,,,1352.0,1,0.0,162.24,14.0,14.0,0.0
1505.0,2026-01-01,2182497,Bhubaneswar,ROSHAN KUMAR,KHATAU LILADHAR THACKER,THEJAHL0C00000540,ZX470H,,1023279.0,2026-01-03 00:00:00,2026-01-17 00:00:00,1864028,MAINTENANCE,4616864,FUEL FILTER,1.0,2351,2351.0,0.12,2068.88,0.18,372.3984,2441.2784,,1,1013283541,2026-01-31 00:00:00,0.0,0.0,0.0,0.0,0.0,0.0,0.0,0.0,0.0,2351.0,0.0,0.0,,,,,,,2351.0,1,0.0,282.1199999999999,14.0,14.0,0.0
1506.0,2026-01-01,2182497,Bhubaneswar,ROSHAN KUMAR,KHATAU LILADHAR THACKER,THEJAHL0C00000540,ZX470H,,1023279.0,2026-01-03 00:00:00,2026-01-17 00:00:00,1864028,MAINTENANCE,1209163,AIR FILTER OUTER,1.0,11828,11828.0,0.12,10408.64,0.18,1873.5551999999998,12282.195199999998,,1,1013283541,2026-01-31 00:00:00,0.0,0.0,0.0,0.0,0.0,0.0,0.0,0.0,0.0,11828.0,0.0,0.0,,,,,,,11828.0,1,0.0,1419.3600000000006,14.0,14.0,0.0
1507.0,2026-01-01,2182497,Bhubaneswar,ROSHAN KUMAR,KHATAU LILADHAR THACKER,THEJAHL0C00000540,ZX470H,,1023279.0,2026-01-03 00:00:00,2026-01-17 00:00:00,1864028,MAINTENANCE,1105353,AIR FILTER INNER,1.0,6862,6862.0,0.12,6038.56,0.18,1086.9408,7125.500800000001,,1,1013283541,2026-01-31 00:00:00,0.0,0.0,0.0,0.0,0.0,0.0,0.0,0.0,0.0,6862.0,0.0,0.0,,,,,,,6862.0,1,0.0,823.4399999999996,14.0,14.0,0.0
1508.0,2026-01-01,2182497,Bhubaneswar,ROSHAN KUMAR,KHATAU LILADHAR THACKER,THEJAHL0C00000540,ZX470H,,1023279.0,2026-01-03 00:00:00,2026-01-17 00:00:00,1864052,PLANNING,113671-4730,FAN BELT,1.0,14327,14327.0,0.12,12607.76,0.18,2269.3968,14877.1568,,,,,0.0,0.0,0.0,0.0,0.0,0.0,0.0,0.0,0.0,0.0,0.0,0.0,,,,,,,0.0,0,14327.0,1719.2399999999998,14.0,,14327.0
1509.0,2026-01-01,2182083,Bhubaneswar,BIKASH MISTRY,THRIVENI EARTHMOVERS PVT LTD,THEJAHL0H00000564,ZX470H,,27868.0,2026-01-05 00:00:00,2026-01-23 00:00:00,1872110,EMERGENCY,XB00000992,DOOR LOCK,1.0,11462,11462.0,0.2,9169.6,0.18,1650.528,10820.128,,,,,0.0,0.0,0.0,0.0,0.0,0.0,0.0,0.0,0.0,0.0,0.0,0.0,,,,,,,0.0,0,11462.0,2292.3999999999996,18.0,,11462.0
1510.0,2026-01-01,2182083,Bhubaneswar,BIKASH MISTRY,THRIVENI EARTHMOVERS PVT LTD,THEJAHL0H00000564,ZX470H,,27868.0,2026-01-05 00:00:00,2026-01-23 00:00:00,1872110,EMERGENCY,4665490,GRIP,1.0,1326,1326.0,0.2,1060.8,0.18,190.944,1251.744,,,,,0.0,0.0,0.0,0.0,0.0,0.0,0.0,0.0,0.0,0.0,0.0,0.0,,,,,,,0.0,0,1326.0,265.20000000000005,18.0,,1326.0
1511.0,2026-01-01,2182083,Bhubaneswar,BIKASH MISTRY,THRIVENI EARTHMOVERS PVT LTD,THEJAHL0H00000564,ZX470H,,27868.0,2026-01-05 00:00:00,2026-01-23 00:00:00,1872162,MAINTENANCE,4078360,PRIMARY FUEL FILTER,10.0,1352,13520.0,0.2,10816.0,0.18,1946.8799999999999,12762.88,,10,1013282392,2026-01-09 00:00:00,0.0,0.0,0.0,0.0,0.0,0.0,0.0,0.0,0.0,10140.0,0.0,0.0,,,,,,,10140.0,1,3380.0,2704.0,18.0,,0.0
1512.0,2026-01-01,2182083,Bhubaneswar,BIKASH MISTRY,THRIVENI EARTHMOVERS PVT LTD,THEJAHL0H00000564,ZX470H,,27868.0,2026-01-05 00:00:00,2026-01-23 00:00:00,1872162,MAINTENANCE,4616864,FUEL FILTER,15.0,2351,35265.0,0.2,28212.0,0.18,5078.16,33290.16,,15,1013282392,2026-01-09 00:00:00,0.0,0.0,0.0,0.0,0.0,0.0,0.0,0.0,0.0,26448.75,0.0,0.0,,,,,,,26448.75,1,8816.25,7053.0,18.0,,0.0
1513.0,2026-01-01,2182083,Bhubaneswar,BIKASH MISTRY,THRIVENI EARTHMOVERS PVT LTD,THEJAHL0H00000564,ZX470H,,27868.0,2026-01-05 00:00:00,2026-01-23 00:00:00,1872162,MAINTENANCE,YA00058283,ENGINE OIL FILTER,20.0,2720,54400.0,0.2,43520.0,0.18,7833.599999999999,51353.6,,20,1013282392,2026-01-09 00:00:00,0.0,0.0,0.0,0.0,0.0,0.0,0.0,0.0,0.0,40800.0,0.0,0.0,,,,,,,40800.0,1,13600.0,10880.0,18.0,,0.0
1514.0,2026-01-01,2182083,Bhubaneswar,BIKASH MISTRY,THRIVENI EARTHMOVERS PVT LTD,THEJAHL0H00000564,ZX470H,,27868.0,2026-01-05 00:00:00,2026-01-23 00:00:00,1872162,MAINTENANCE,4630525,PILOT FILTER,6.0,3046,18276.0,0.2,14620.8,0.18,2631.7439999999997,17252.543999999998,,6,1013282392,2026-01-09 00:00:00,0.0,0.0,0.0,0.0,0.0,0.0,0.0,0.0,0.0,13707.0,0.0,0.0,,,,,,,13707.0,1,4569.0,3655.2000000000007,18.0,,0.0
1515.0,2026-01-01,2182083,Bhubaneswar,BIKASH MISTRY,THRIVENI EARTHMOVERS PVT LTD,THEJAHL0H00000564,ZX470H,,27868.0,2026-01-05 00:00:00,2026-01-23 00:00:00,1872162,MAINTENANCE,4654745,HYDRAULIC TANK FILTER,6.0,11801,70806.0,0.2,56644.8,0.18,10196.064,66840.864,,6,1013282392,2026-01-09 00:00:00,0.0,0.0,0.0,0.0,0.0,0.0,0.0,0.0,0.0,53104.5,0.0,0.0,,,,,,,53104.5,1,17701.5,14161.199999999997,18.0,,0.0
1516.0,2026-01-01,2182083,Bhubaneswar,BIKASH MISTRY,THRIVENI EARTHMOVERS PVT LTD,THEJAHL0H00000564,ZX470H,,27868.0,2026-01-05 00:00:00,2026-01-23 00:00:00,1872162,MAINTENANCE,4317008,HYD SUCTION FILTER,8.0,17391,139128.0,0.2,111302.4,0.18,20034.431999999997,131336.832,,,,,0.0,0.0,0.0,0.0,0.0,0.0,0.0,0.0,0.0,0.0,0.0,0.0,,,,,,,0.0,0,139128.0,27825.600000000006,18.0,,139128.0
1517.0,2026-01-01,2182083,Bhubaneswar,BIKASH MISTRY,THRIVENI EARTHMOVERS PVT LTD,THEJAHL0H00000564,ZX470H,,27868.0,2026-01-05 00:00:00,2026-01-23 00:00:00,1872162,MAINTENANCE,4363399,PUMP DRAIN FILTER,6.0,4349,26094.0,0.2,20875.2,0.18,3757.536,24632.736,,6,1013282392,2026-01-09 00:00:00,0.0,0.0,0.0,0.0,0.0,0.0,0.0,0.0,0.0,19570.5,0.0,0.0,,,,,,,19570.5,1,6523.5,5218.799999999999,18.0,,0.0
1518.0,2026-01-01,2182083,Bhubaneswar,BIKASH MISTRY,THRIVENI EARTHMOVERS PVT LTD,THEJAHL0H00000564,ZX470H,,27868.0,2026-01-05 00:00:00,2026-01-23 00:00:00,1872162,MAINTENANCE,1105353,AIR FILTER INNER,5.0,6862,34310.0,0.2,27448.0,0.18,4940.639999999999,32388.64,,5,1013282392,2026-01-09 00:00:00,0.0,0.0,0.0,0.0,0.0,0.0,0.0,0.0,0.0,25732.5,0.0,0.0,,,,,,,25732.5,1,8577.5,6862.0,18.0,,0.0
1519.0,2026-01-01,2182083,Bhubaneswar,BIKASH MISTRY,THRIVENI EARTHMOVERS PVT LTD,THEJAHL0H00000564,ZX470H,,27868.0,2026-01-05 00:00:00,2026-01-23 00:00:00,1872162,MAINTENANCE,1209163,AIR FILTER OUTER,5.0,11828,59140.0,0.2,47312.0,0.18,8516.16,55828.16,,5,1013282392,2026-01-09 00:00:00,0.0,0.0,0.0,0.0,0.0,0.0,0.0,0.0,0.0,44355.0,0.0,0.0,,,,,,,44355.0,1,14785.0,11828.0,18.0,,0.0
1520.0,2026-01-01,2182083,Bhubaneswar,BIKASH MISTRY,THRIVENI EARTHMOVERS PVT LTD,THEJAHL0H00000564,ZX470H,,27868.0,2026-01-05 00:00:00,2026-01-23 00:00:00,1872162,MAINTENANCE,4437838,AIR BREATHER FILTER,6.0,1695,10170.0,0.2,8136.0,0.18,1464.48,9600.48,,6,1013282392,2026-01-09 00:00:00,0.0,0.0,0.0,0.0,0.0,0.0,0.0,0.0,0.0,7627.5,0.0,0.0,,,,,,,7627.5,1,2542.5,2034.0,18.0,,0.0
1521.0,2026-01-01,2182083,Bhubaneswar,BIKASH MISTRY,THRIVENI EARTHMOVERS PVT LTD,THEJAHL0H00000564,ZX470H,,27868.0,2026-01-05 00:00:00,2026-01-23 00:00:00,1872162,MAINTENANCE,YA00001490,AC FILTER,5.0,4607,23035.0,0.2,18428.0,0.18,3317.04,21745.04,,5,1013282392,2026-01-09 00:00:00,0.0,0.0,0.0,0.0,0.0,0.0,0.0,0.0,0.0,17276.25,0.0,0.0,,,,,,,17276.25,1,5758.75,4607.0,18.0,,0.0
1522.0,2026-01-01,2182083,Bhubaneswar,BIKASH MISTRY,THRIVENI EARTHMOVERS PVT LTD,THEJAHL0H00000564,ZX470H,,27868.0,2026-01-05 00:00:00,2026-01-23 00:00:00,1872162,MAINTENANCE,4632689,CIRCULATING AIR FILTER AC,5.0,3846,19230.0,0.2,15384.0,0.18,2769.12,18153.12,,,,,0.0,0.0,0.0,0.0,0.0,0.0,0.0,0.0,0.0,0.0,0.0,0.0,,,,,,,0.0,0,19230.0,3846.0,18.0,,19230.0
1523.0,2026-01-01,2182083,Bhubaneswar,BIKASH MISTRY,THRIVENI EARTHMOVERS PVT LTD,THEJAHL0H00000564,ZX470H,,27868.0,2026-01-05 00:00:00,2026-01-23 00:00:00,1872164,PLANNING,4612763,AC BELT,1.0,8559,8559.0,0.2,6847.2,0.18,1232.4959999999999,8079.696,,,,,0.0,0.0,0.0,0.0,0.0,0.0,0.0,0.0,0.0,0.0,0.0,0.0,,,,,,,0.0,0,8559.0,1711.8000000000002,18.0,,8559.0
1524.0,2026-01-01,2182491,Bhubaneswar,ROSHAN KUMAR,DHILLON CONSTRUCTION PVT LTD,THEJAHL0V00000219,ZX470H,,1006467.0,2026-01-08 00:00:00,2026-01-17 00:00:00,1864106,EMERGENCY,4434017,BREATHER AIR,1.0,5592,5592.0,0.1,5032.8,0.18,905.904,5938.704,,,,,0.0,0.0,0.0,0.0,0.0,0.0,0.0,0.0,0.0,0.0,0.0,0.0,,,,,,,0.0,0,5592.0,559.1999999999998,9.0,,5592.0
1525.0,2026-01-01,2182491,Bhubaneswar,ROSHAN KUMAR,DHILLON CONSTRUCTION PVT LTD,THEJAHL0V00000219,ZX470H,,1006467.0,2026-01-08 00:00:00,2026-01-17 00:00:00,1864106,EMERGENCY,898000-7882,HOSE,1.0,8117,8117.0,0.1,7305.3,0.18,1314.954,8620.254,,,,,0.0,0.0,0.0,0.0,0.0,0.0,0.0,0.0,0.0,0.0,0.0,0.0,,,,,,,0.0,0,8117.0,811.6999999999998,9.0,,8117.0
1526.0,2026-01-01,2182491,Bhubaneswar,ROSHAN KUMAR,DHILLON CONSTRUCTION PVT LTD,THEJAHL0V00000219,ZX470H,,1006467.0,2026-01-08 00:00:00,2026-01-17 00:00:00,1864114,MAINTENANCE,YA00058283,ENGINE OIL FILTER,2.0,2720,5440.0,0.1,4896.0,0.18,881.28,5777.28,,,,,0.0,0.0,0.0,0.0,0.0,0.0,0.0,0.0,0.0,0.0,0.0,0.0,,,,,,,0.0,0,5440.0,544.0,9.0,,5440.0
1527.0,2026-01-01,2182491,Bhubaneswar,ROSHAN KUMAR,DHILLON CONSTRUCTION PVT LTD,THEJAHL0V00000219,ZX470H,,1006467.0,2026-01-08 00:00:00,2026-01-17 00:00:00,1864114,MAINTENANCE,4078360,PRIMARY FUEL FILTER,1.0,1352,1352.0,0.1,1216.8,0.18,219.02399999999997,1435.8239999999998,,1,1013285248,2026-02-28 00:00:00,0.0,0.0,0.0,0.0,0.0,0.0,0.0,0.0,0.0,0.0,1014.0,0.0,,,,,,,1014.0,1,338.0,135.20000000000005,9.0,42.0,0.0
1528.0,2026-01-01,2182491,Bhubaneswar,ROSHAN KUMAR,DHILLON CONSTRUCTION PVT LTD,THEJAHL0V00000219,ZX470H,,1006467.0,2026-01-08 00:00:00,2026-01-17 00:00:00,1864114,MAINTENANCE,4616864,FUEL FILTER,1.0,2351,2351.0,0.1,2115.9,0.18,380.862,2496.762,,1,1013285248,2026-02-28 00:00:00,0.0,0.0,0.0,0.0,0.0,0.0,0.0,0.0,0.0,0.0,1763.25,0.0,,,,,,,1763.25,1,587.75,235.0999999999999,9.0,42.0,0.0
1529.0,2026-01-01,2182491,Bhubaneswar,ROSHAN KUMAR,DHILLON CONSTRUCTION PVT LTD,THEJAHL0V00000219,ZX470H,,1006467.0,2026-01-08 00:00:00,2026-01-17 00:00:00,1864114,MAINTENANCE,1209163,AIR FILTER OUTER,1.0,11828,11828.0,0.1,10645.2,0.18,1916.136,12561.336000000001,,1,1013285248,2026-02-28 00:00:00,0.0,0.0,0.0,0.0,0.0,0.0,0.0,0.0,0.0,0.0,8871.0,0.0,,,,,,,8871.0,1,2957.0,1182.7999999999993,9.0,42.0,0.0
1530.0,2026-01-01,2182491,Bhubaneswar,ROSHAN KUMAR,DHILLON CONSTRUCTION PVT LTD,THEJAHL0V00000219,ZX470H,,1006467.0,2026-01-08 00:00:00,2026-01-17 00:00:00,1864114,MAINTENANCE,1105353,AIR FILTER INNER,1.0,6862,6862.0,0.1,6175.8,0.18,1111.644,7287.444,,1,1013285252,2026-02-28 00:00:00,0.0,0.0,0.0,0.0,0.0,0.0,0.0,0.0,0.0,0.0,5146.5,0.0,,,,,,,5146.5,1,1715.5,686.1999999999998,9.0,42.0,0.0
1531.0,2026-01-01,2182491,Bhubaneswar,ROSHAN KUMAR,DHILLON CONSTRUCTION PVT LTD,THEJAHL0V00000219,ZX470H,,1006467.0,2026-01-08 00:00:00,2026-01-17 00:00:00,1864118,PLANNING,113671-4730,FAN BELT,1.0,14327,14327.0,0.1,12894.3,0.18,2320.9739999999997,15215.274,,,,,0.0,0.0,0.0,0.0,0.0,0.0,0.0,0.0,0.0,0.0,0.0,0.0,,,,,,,0.0,0,14327.0,1432.7000000000007,9.0,,14327.0
1532.0,2026-01-01,2182090,Bhubaneswar,ROSHAN KUMAR,DHILLON CONSTRUCTION PVT LTD,THEJAHL0V00000088,ZX470H,,1006467.0,2026-01-09 00:00:00,2026-01-17 00:00:00,1864181,EMERGENCY,171809,O RING ,18.0,1619,29142.0,0.1,26227.8,0.18,4721.004,30948.804,,4,1013286786,2023-03-29 00:00:00,0.0,0.0,0.0,0.0,0.0,0.0,0.0,0.0,0.0,0.0,0.0,4533.2,,,,,,,4533.2,1,24608.8,2914.2000000000007,8.0,,0.0
1533.0,2026-01-01,2182090,Bhubaneswar,ROSHAN KUMAR,DHILLON CONSTRUCTION PVT LTD,THEJAHL0V00000088,ZX470H,,1006467.0,2026-01-09 00:00:00,2026-01-17 00:00:00,1864181,EMERGENCY,YA00004071,CABLE CONTROL,1.0,5448,5448.0,0.1,4903.2,0.18,882.5759999999999,5785.776,,1,1013286784,2026-03-29 00:00:00,0.0,0.0,0.0,0.0,0.0,0.0,0.0,0.0,0.0,0.0,0.0,4903.2,,,,,,,4903.2,1,544.8000000000002,544.8000000000002,8.0,71.0,0.0
1534.0,2026-01-01,2182090,Bhubaneswar,ROSHAN KUMAR,DHILLON CONSTRUCTION PVT LTD,THEJAHL0V00000088,ZX470H,,1006467.0,2026-01-09 00:00:00,2026-01-17 00:00:00,1864226,MAINTENANCE,YA00058283,ENGINE OIL FILTER,2.0,2720,5440.0,0.1,4896.0,0.18,881.28,5777.28,,,,,0.0,0.0,0.0,0.0,0.0,0.0,0.0,0.0,0.0,0.0,0.0,0.0,,,,,,,0.0,0,5440.0,544.0,8.0,,5440.0
1535.0,2026-01-01,2182090,Bhubaneswar,ROSHAN KUMAR,DHILLON CONSTRUCTION PVT LTD,THEJAHL0V00000088,ZX470H,,1006467.0,2026-01-09 00:00:00,2026-01-17 00:00:00,1864226,MAINTENANCE,4078360,PRIMARY FUEL FILTER,1.0,1352,1352.0,0.1,1216.8,0.18,219.02399999999997,1435.8239999999998,,1,1013285248,2026-02-28 00:00:00,0.0,0.0,0.0,0.0,0.0,0.0,0.0,0.0,0.0,0.0,1014.0,0.0,,,,,,,1014.0,1,338.0,135.20000000000005,8.0,42.0,0.0
1536.0,2026-01-01,2182090,Bhubaneswar,ROSHAN KUMAR,DHILLON CONSTRUCTION PVT LTD,THEJAHL0V00000088,ZX470H,,1006467.0,2026-01-09 00:00:00,2026-01-17 00:00:00,1864226,MAINTENANCE,4616864,FUEL FILTER,1.0,2351,2351.0,0.1,2115.9,0.18,380.862,2496.762,,1,1013285248,2026-02-28 00:00:00,0.0,0.0,0.0,0.0,0.0,0.0,0.0,0.0,0.0,0.0,1763.25,0.0,,,,,,,1763.25,1,587.75,235.0999999999999,8.0,42.0,0.0
1537.0,2026-01-01,2182090,Bhubaneswar,ROSHAN KUMAR,DHILLON CONSTRUCTION PVT LTD,THEJAHL0V00000088,ZX470H,,1006467.0,2026-01-09 00:00:00,2026-01-17 00:00:00,1864226,MAINTENANCE,1209163,AIR FILTER OUTER,1.0,11828,11828.0,0.1,10645.2,0.18,1916.136,12561.336000000001,,1,1013285248,2026-02-28 00:00:00,0.0,0.0,0.0,0.0,0.0,0.0,0.0,0.0,0.0,0.0,8871.0,0.0,,,,,,,8871.0,1,2957.0,1182.7999999999993,8.0,42.0,0.0
1538.0,2026-01-01,2182090,Bhubaneswar,ROSHAN KUMAR,DHILLON CONSTRUCTION PVT LTD,THEJAHL0V00000088,ZX470H,,1006467.0,2026-01-09 00:00:00,2026-01-17 00:00:00,1864226,MAINTENANCE,1105353,AIR FILTER INNER,1.0,6862,6862.0,0.1,6175.8,0.18,1111.644,7287.444,,1,1013285252,2026-02-28 00:00:00,0.0,0.0,0.0,0.0,0.0,0.0,0.0,0.0,0.0,0.0,5146.5,0.0,,,,,,,5146.5,1,1715.5,686.1999999999998,8.0,42.0,0.0
1539.0,2026-01-01,2182090,Bhubaneswar,ROSHAN KUMAR,DHILLON CONSTRUCTION PVT LTD,THEJAHL0V00000088,ZX470H,,1006467.0,2026-01-09 00:00:00,2026-01-17 00:00:00,1864228,PLANNING,113671-4730,FAN BELT,1.0,14327,14327.0,0.1,12894.3,0.18,2320.9739999999997,15215.274,,,,,0.0,0.0,0.0,0.0,0.0,0.0,0.0,0.0,0.0,0.0,0.0,0.0,,,,,,,0.0,0,14327.0,1432.7000000000007,8.0,,14327.0
1540.0,2026-01-01,2182082,Bhubaneswar,NIRANJAN DAS,THRIVENI EARTHMOVERS PVT LTD,THEJAHL0C00000387,ZX470H,,27868.0,2026-01-14 00:00:00,2026-01-17 00:00:00,1864274,EMERGENCY,4612763,AC BELT,1.0,8559,8559.0,0.2,6847.2,0.18,1232.4959999999999,8079.696,,,,,0.0,0.0,0.0,0.0,0.0,0.0,0.0,0.0,0.0,0.0,0.0,0.0,,,,,,,0.0,0,8559.0,1711.8000000000002,3.0,,8559.0
1541.0,2026-01-01,2182082,Bhubaneswar,NIRANJAN DAS,THRIVENI EARTHMOVERS PVT LTD,THEJAHL0C00000387,ZX470H,,27868.0,2026-01-14 00:00:00,2026-01-17 00:00:00,1864280,MAINTENANCE,YA00058283,ENGINE OIL FILTER,8.0,2720,21760.0,0.2,17408.0,0.18,3133.44,20541.44,,8,1013282392,2026-01-09 00:00:00,0.0,0.0,0.0,0.0,0.0,0.0,0.0,0.0,0.0,16320.0,0.0,0.0,,,,,,,16320.0,1,5440.0,4352.0,3.0,,0.0
1542.0,2026-01-01,2182082,Bhubaneswar,NIRANJAN DAS,THRIVENI EARTHMOVERS PVT LTD,THEJAHL0C00000387,ZX470H,,27868.0,2026-01-14 00:00:00,2026-01-17 00:00:00,1864280,MAINTENANCE,4078360,PRIMARY FUEL FILTER,8.0,1352,10816.0,0.2,8652.8,0.18,1557.504,10210.304,,8,1013282392,2026-01-09 00:00:00,0.0,0.0,0.0,0.0,0.0,0.0,0.0,0.0,0.0,8112.0,0.0,0.0,,,,,,,8112.0,1,2704.0,2163.2000000000007,3.0,,0.0
1543.0,2026-01-01,2182082,Bhubaneswar,NIRANJAN DAS,THRIVENI EARTHMOVERS PVT LTD,THEJAHL0C00000387,ZX470H,,27868.0,2026-01-14 00:00:00,2026-01-17 00:00:00,1864280,MAINTENANCE,4616864,FUEL FILTER,4.0,2351,9404.0,0.2,7523.2,0.18,1354.176,8877.376,,4,1013282392,2026-01-09 00:00:00,0.0,0.0,0.0,0.0,0.0,0.0,0.0,0.0,0.0,7053.0,0.0,0.0,,,,,,,7053.0,1,2351.0,1880.8000000000002,3.0,,0.0
1544.0,2026-01-01,2182082,Bhubaneswar,NIRANJAN DAS,THRIVENI EARTHMOVERS PVT LTD,THEJAHL0C00000387,ZX470H,,27868.0,2026-01-14 00:00:00,2026-01-17 00:00:00,1864280,MAINTENANCE,4654745,HYDRAULIC TANK FILTER,2.0,11801,23602.0,0.2,18881.6,0.18,3398.6879999999996,22280.287999999997,,,,,0.0,0.0,0.0,0.0,0.0,0.0,0.0,0.0,0.0,0.0,0.0,0.0,,,,,,,0.0,0,23602.0,4720.4000000000015,3.0,,23602.0
1545.0,2026-01-01,2182082,Bhubaneswar,NIRANJAN DAS,THRIVENI EARTHMOVERS PVT LTD,THEJAHL0C00000387,ZX470H,,27868.0,2026-01-14 00:00:00,2026-01-17 00:00:00,1864280,MAINTENANCE,4630525,PILOT FILTER,2.0,3046,6092.0,0.2,4873.6,0.18,877.248,5750.848,,2,1013282392,2026-01-09 00:00:00,0.0,0.0,0.0,0.0,0.0,0.0,0.0,0.0,0.0,4569.0,0.0,0.0,,,,,,,4569.0,1,1523.0,1218.3999999999996,3.0,,0.0
1546.0,2026-01-01,2182082,Bhubaneswar,NIRANJAN DAS,THRIVENI EARTHMOVERS PVT LTD,THEJAHL0C00000387,ZX470H,,27868.0,2026-01-14 00:00:00,2026-01-17 00:00:00,1864280,MAINTENANCE,4363399,PUMP DRAIN FILTER,2.0,4349,8698.0,0.2,6958.4,0.18,1252.512,8210.912,,2,1013282392,2026-01-09 00:00:00,0.0,0.0,0.0,0.0,0.0,0.0,0.0,0.0,0.0,6523.5,0.0,0.0,,,,,,,6523.5,1,2174.5,1739.6000000000004,3.0,,0.0
1547.0,2026-01-01,2182082,Bhubaneswar,NIRANJAN DAS,THRIVENI EARTHMOVERS PVT LTD,THEJAHL0C00000387,ZX470H,,27868.0,2026-01-14 00:00:00,2026-01-17 00:00:00,1864280,MAINTENANCE,4437838,AIR BREATHER FILTER,2.0,1695,3390.0,0.2,2712.0,0.18,488.15999999999997,3200.16,,2,1013282392,2026-01-09 00:00:00,0.0,0.0,0.0,0.0,0.0,0.0,0.0,0.0,0.0,2542.5,0.0,0.0,,,,,,,2542.5,1,847.5,678.0,3.0,,0.0
1548.0,2026-01-01,2182082,Bhubaneswar,NIRANJAN DAS,THRIVENI EARTHMOVERS PVT LTD,THEJAHL0C00000387,ZX470H,,27868.0,2026-01-14 00:00:00,2026-01-17 00:00:00,1864280,MAINTENANCE,1209163,AIR FILTER OUTER,2.0,11828,23656.0,0.2,18924.8,0.18,3406.464,22331.264,,2,1013282392,2026-01-09 00:00:00,0.0,0.0,0.0,0.0,0.0,0.0,0.0,0.0,0.0,17742.0,0.0,0.0,,,,,,,17742.0,1,5914.0,4731.200000000001,3.0,,0.0
1549.0,2026-01-01,2182082,Bhubaneswar,NIRANJAN DAS,THRIVENI EARTHMOVERS PVT LTD,THEJAHL0C00000387,ZX470H,,27868.0,2026-01-14 00:00:00,2026-01-17 00:00:00,1864280,MAINTENANCE,1105353,AIR FILTER INNER,2.0,6862,13724.0,0.2,10979.2,0.18,1976.256,12955.456,,2,1013282392,2026-01-09 00:00:00,0.0,0.0,0.0,0.0,0.0,0.0,0.0,0.0,0.0,10293.0,0.0,0.0,,,,,,,10293.0,1,3431.0,2744.7999999999993,3.0,,0.0
1550.0,2026-01-01,2182082,Bhubaneswar,NIRANJAN DAS,THRIVENI EARTHMOVERS PVT LTD,THEJAHL0C00000387,ZX470H,,27868.0,2026-01-14 00:00:00,2026-01-17 00:00:00,1864280,MAINTENANCE,4632689,CIRCULATING AIR FILTER AC,2.0,3846,7692.0,0.2,6153.6,0.18,1107.648,7261.2480000000005,,,,,0.0,0.0,0.0,0.0,0.0,0.0,0.0,0.0,0.0,0.0,0.0,0.0,,,,,,,0.0,0,7692.0,1538.3999999999996,3.0,,7692.0
1551.0,2026-01-01,2182082,Bhubaneswar,NIRANJAN DAS,THRIVENI EARTHMOVERS PVT LTD,THEJAHL0C00000387,ZX470H,,27868.0,2026-01-14 00:00:00,2026-01-17 00:00:00,1864280,MAINTENANCE,YA00001490,AC FILTER,2.0,4607,9214.0,0.2,7371.2,0.18,1326.816,8698.016,,2,1013282392,2026-01-09 00:00:00,0.0,0.0,0.0,0.0,0.0,0.0,0.0,0.0,0.0,6910.5,0.0,0.0,,,,,,,6910.5,1,2303.5,1842.8000000000002,3.0,,0.0
1552.0,2026-01-01,2182082,Bhubaneswar,NIRANJAN DAS,THRIVENI EARTHMOVERS PVT LTD,THEJAHL0C00000387,ZX470H,,27868.0,2026-01-14 00:00:00,2026-01-17 00:00:00,1864284,PLANNING,113671-4730,FAN BELT,1.0,14327,14327.0,0.2,11461.6,0.18,2063.088,13524.688,,,,,0.0,0.0,0.0,0.0,0.0,0.0,0.0,0.0,0.0,0.0,0.0,0.0,,,,,,,0.0,0,14327.0,2865.3999999999996,3.0,,14327.0
1553.0,2026-01-01,2182499,Bhubaneswar,BIKASH MISTRY,SHRI JAGANNATH STEEL & POWER LTD,THEJAHL0J00000489,ZX470H,,110703.0,2026-01-15 00:00:00,2026-01-23 00:00:00,1871620,EMERGENCY,113671-4730,FAN BELT,1.0,14327,14327.0,0.0,14327.0,0.18,2578.86,16905.86,,,,,0.0,0.0,0.0,0.0,0.0,0.0,0.0,0.0,0.0,0.0,0.0,0.0,,,,,,,0.0,0,14327.0,0.0,8.0,,14327.0
1554.0,2026-01-01,2182499,Bhubaneswar,BIKASH MISTRY,SHRI JAGANNATH STEEL & POWER LTD,THEJAHL0J00000489,ZX470H,,110703.0,2026-01-15 00:00:00,2026-01-23 00:00:00,1871656,MAINTENANCE,YA00058283,ENGINE OIL FILTER,1.0,2720,2720.0,0.0,2720.0,0.18,489.59999999999997,3209.6,,1,1013282792,2026-01-16 00:00:00,0.0,0.0,0.0,0.0,0.0,0.0,0.0,0.0,0.0,2040.0,0.0,0.0,,,,,,,2040.0,1,680.0,0.0,8.0,,0.0
1555.0,2026-01-01,2182499,Bhubaneswar,BIKASH MISTRY,SHRI JAGANNATH STEEL & POWER LTD,THEJAHL0J00000489,ZX470H,,110703.0,2026-01-15 00:00:00,2026-01-23 00:00:00,1871656,MAINTENANCE,1105353,AIR FILTER INNER,1.0,6862,6862.0,0.0,6862.0,0.18,1235.1599999999999,8097.16,,1,1013282792,2026-01-16 00:00:00,0.0,0.0,0.0,0.0,0.0,0.0,0.0,0.0,0.0,5146.5,0.0,0.0,,,,,,,5146.5,1,1715.5,0.0,8.0,,0.0
1556.0,2026-01-01,2182499,Bhubaneswar,BIKASH MISTRY,SHRI JAGANNATH STEEL & POWER LTD,THEJAHL0J00000489,ZX470H,,110703.0,2026-01-15 00:00:00,2026-01-23 00:00:00,1871656,MAINTENANCE,1209163,AIR FILTER OUTER,1.0,11828,11828.0,0.0,11828.0,0.18,2129.04,13957.04,,1,1013282792,2026-01-16 00:00:00,0.0,0.0,0.0,0.0,0.0,0.0,0.0,0.0,0.0,8871.0,0.0,0.0,,,,,,,8871.0,1,2957.0,0.0,8.0,,0.0
1557.0,2026-01-01,2182499,Bhubaneswar,BIKASH MISTRY,SHRI JAGANNATH STEEL & POWER LTD,THEJAHL0J00000489,ZX470H,,110703.0,2026-01-15 00:00:00,2026-01-23 00:00:00,1871656,MAINTENANCE,4654745,HYDRAULIC TANK FILTER,1.0,11801,11801.0,0.0,11801.0,0.18,2124.18,13925.18,,1,1013286293,2026-03-21 00:00:00,0.0,0.0,0.0,0.0,0.0,0.0,0.0,0.0,0.0,0.0,0.0,8850.75,,,,,,,8850.75,1,2950.25,0.0,8.0,57.0,0.0
1558.0,2026-01-01,2182499,Bhubaneswar,BIKASH MISTRY,SHRI JAGANNATH STEEL & POWER LTD,THEJAHL0J00000489,ZX470H,,110703.0,2026-01-15 00:00:00,2026-01-23 00:00:00,1871656,MAINTENANCE,4317008,HYD SUCTION FILTER,1.0,17391,17391.0,0.0,17391.0,0.18,3130.38,20521.38,,,,,0.0,0.0,0.0,0.0,0.0,0.0,0.0,0.0,0.0,0.0,0.0,0.0,,,,,,,0.0,0,17391.0,0.0,8.0,,17391.0
1559.0,2026-01-01,2182499,Bhubaneswar,BIKASH MISTRY,SHRI JAGANNATH STEEL & POWER LTD,THEJAHL0J00000489,ZX470H,,110703.0,2026-01-15 00:00:00,2026-01-23 00:00:00,1871656,MAINTENANCE,4630525,PILOT FILTER,1.0,3046,3046.0,0.0,3046.0,0.18,548.28,3594.2799999999997,,2,1013283213,2026-01-24 00:00:00,0.0,0.0,0.0,0.0,0.0,0.0,0.0,0.0,0.0,4569.0,0.0,0.0,,,,,,,4569.0,1,0.0,0.0,8.0,1.0,0.0
1560.0,2026-01-01,2182499,Bhubaneswar,BIKASH MISTRY,SHRI JAGANNATH STEEL & POWER LTD,THEJAHL0J00000489,ZX470H,,110703.0,2026-01-15 00:00:00,2026-01-23 00:00:00,1871656,MAINTENANCE,YA00032683,AC FILTER,1.0,3883,3883.0,0.0,3883.0,0.18,698.9399999999999,4581.94,,,,,0.0,0.0,0.0,0.0,0.0,0.0,0.0,0.0,0.0,0.0,0.0,0.0,,,,,,,0.0,0,3883.0,0.0,8.0,,3883.0
1561.0,2026-01-01,2182499,Bhubaneswar,BIKASH MISTRY,SHRI JAGANNATH STEEL & POWER LTD,THEJAHL0J00000489,ZX470H,,110703.0,2026-01-15 00:00:00,2026-01-23 00:00:00,1871656,MAINTENANCE,YA00001490,AC FILTER,1.0,4607,4607.0,0.0,4607.0,0.18,829.26,5436.26,,,,,0.0,0.0,0.0,0.0,0.0,0.0,0.0,0.0,0.0,0.0,0.0,0.0,,,,,,,0.0,0,4607.0,0.0,8.0,,4607.0
1562.0,2026-01-01,2182499,Bhubaneswar,BIKASH MISTRY,SHRI JAGANNATH STEEL & POWER LTD,THEJAHL0J00000489,ZX470H,,110703.0,2026-01-15 00:00:00,2026-01-23 00:00:00,1871656,MAINTENANCE,4363399,PUMP DRAIN FILTER,1.0,4349,4349.0,0.0,4349.0,0.18,782.8199999999999,5131.82,,1,1013282792,2026-01-16 00:00:00,0.0,0.0,0.0,0.0,0.0,0.0,0.0,0.0,0.0,3261.75,0.0,0.0,,,,,,,3261.75,1,1087.25,0.0,8.0,,0.0
1563.0,2026-01-01,2182499,Bhubaneswar,BIKASH MISTRY,SHRI JAGANNATH STEEL & POWER LTD,THEJAHL0J00000489,ZX470H,,110703.0,2026-01-15 00:00:00,2026-01-23 00:00:00,1871656,MAINTENANCE,4078360,PRIMARY FUEL FILTER,2.0,1352,2704.0,0.0,2704.0,0.18,486.71999999999997,3190.72,,2,1013282792,2026-01-16 00:00:00,0.0,0.0,0.0,0.0,0.0,0.0,0.0,0.0,0.0,1014.0,0.0,0.0,,,,,,,1014.0,1,1690.0,0.0,8.0,,0.0
1564.0,2026-01-01,2182499,Bhubaneswar,BIKASH MISTRY,SHRI JAGANNATH STEEL & POWER LTD,THEJAHL0J00000489,ZX470H,,110703.0,2026-01-15 00:00:00,2026-01-23 00:00:00,1871656,MAINTENANCE,4616864,FUEL FILTER,1.0,2351,2351.0,0.0,2351.0,0.18,423.18,2774.18,,1,1013283213,2026-01-24 00:00:00,0.0,0.0,0.0,0.0,0.0,0.0,0.0,0.0,0.0,0.0,0.0,0.0,,,,,,,0.0,1,2351.0,0.0,8.0,1.0,0.0
1565.0,2026-01-01,2182499,Bhubaneswar,BIKASH MISTRY,SHRI JAGANNATH STEEL & POWER LTD,THEJAHL0J00000489,ZX470H,,110703.0,2026-01-15 00:00:00,2026-01-23 00:00:00,1871656,MAINTENANCE,4437838,AIR BREATHER FILTER,1.0,1695,1695.0,0.0,1695.0,0.18,305.09999999999997,2000.1,,,,,0.0,0.0,0.0,0.0,0.0,0.0,0.0,0.0,0.0,0.0,0.0,0.0,,,,,,,0.0,0,1695.0,0.0,8.0,,1695.0
1566.0,2026-01-01,2182499,Bhubaneswar,BIKASH MISTRY,SHRI JAGANNATH STEEL & POWER LTD,THEJAHL0J00000489,ZX470H,,110703.0,2026-01-15 00:00:00,2026-01-23 00:00:00,1871658,PLANNING,181222-1362,FAN PULLEY,1.0,18815,18815.0,0.0,18815.0,0.18,3386.7,22201.7,,,,,0.0,0.0,0.0,0.0,0.0,0.0,0.0,0.0,0.0,0.0,0.0,0.0,,,,,,,0.0,0,18815.0,0.0,8.0,,18815.0
1567.0,2026-01-01,2182498,Bhubaneswar,BIKASH MISTRY,THRIVENI EARTHMOVERS PVT LTD,THEJAHL0V00000060,ZX470H,,27868.0,2026-01-16 00:00:00,2026-01-23 00:00:00,1871879,EMERGENCY,111760-4001,OIL LEVEL GAUGE,1.0,3045,3045.0,0.2,2436.0,0.18,438.47999999999996,2874.48,,,,,0.0,0.0,0.0,0.0,0.0,0.0,0.0,0.0,0.0,0.0,0.0,0.0,,,,,,,0.0,0,3045.0,609.0,7.0,,3045.0
1568.0,2026-01-01,2182498,Bhubaneswar,BIKASH MISTRY,THRIVENI EARTHMOVERS PVT LTD,THEJAHL0V00000060,ZX470H,,27868.0,2026-01-16 00:00:00,2026-01-23 00:00:00,1871879,EMERGENCY,4514699,HOSE CLAMP,20.0,1225,24500.0,0.2,19600.0,0.18,3528.0,23128.0,,,,,0.0,0.0,0.0,0.0,0.0,0.0,0.0,0.0,0.0,0.0,0.0,0.0,,,,,,,0.0,0,24500.0,4900.0,7.0,,24500.0
1569.0,2026-01-01,2182498,Bhubaneswar,BIKASH MISTRY,THRIVENI EARTHMOVERS PVT LTD,THEJAHL0V00000060,ZX470H,,27868.0,2026-01-16 00:00:00,2026-01-23 00:00:00,1871879,EMERGENCY,3088577,PIN,1.0,4600,4600.0,0.2,3680.0,0.18,662.4,4342.4,,,,,0.0,0.0,0.0,0.0,0.0,0.0,0.0,0.0,0.0,0.0,0.0,0.0,,,,,,,0.0,0,4600.0,920.0,7.0,,4600.0
1570.0,2026-01-01,2182498,Bhubaneswar,BIKASH MISTRY,THRIVENI EARTHMOVERS PVT LTD,THEJAHL0V00000060,ZX470H,,27868.0,2026-01-16 00:00:00,2026-01-23 00:00:00,1871879,EMERGENCY,3088579,PIN,1.0,3747,3747.0,0.2,2997.6,0.18,539.568,3537.1679999999997,,1,1013283413,2026-01-29 00:00:00,0.0,0.0,0.0,0.0,0.0,0.0,0.0,0.0,0.0,3747.0,0.0,0.0,,,,,,,3747.0,1,0.0,749.4000000000001,7.0,6.0,0.0
1571.0,2026-01-01,2182498,Bhubaneswar,BIKASH MISTRY,THRIVENI EARTHMOVERS PVT LTD,THEJAHL0V00000060,ZX470H,,27868.0,2026-01-16 00:00:00,2026-01-23 00:00:00,1871879,EMERGENCY,3088580,PIN,1.0,4443,4443.0,0.2,3554.4,0.18,639.792,4194.192,,,,,0.0,0.0,0.0,0.0,0.0,0.0,0.0,0.0,0.0,0.0,0.0,0.0,,,,,,,0.0,0,4443.0,888.5999999999999,7.0,,4443.0
1572.0,2026-01-01,2182498,Bhubaneswar,BIKASH MISTRY,THRIVENI EARTHMOVERS PVT LTD,THEJAHL0V00000060,ZX470H,,27868.0,2026-01-16 00:00:00,2026-01-23 00:00:00,1871984,MAINTENANCE,4078360,PRIMARY FUEL FILTER,10.0,1352,13520.0,0.2,10816.0,0.18,1946.8799999999999,12762.88,,10,1013282392,2026-01-09 00:00:00,0.0,0.0,0.0,0.0,0.0,0.0,0.0,0.0,0.0,10140.0,0.0,0.0,,,,,,,10140.0,1,3380.0,2704.0,7.0,,0.0
1573.0,2026-01-01,2182498,Bhubaneswar,BIKASH MISTRY,THRIVENI EARTHMOVERS PVT LTD,THEJAHL0V00000060,ZX470H,,27868.0,2026-01-16 00:00:00,2026-01-23 00:00:00,1871984,MAINTENANCE,4616864,FUEL FILTER,15.0,2351,35265.0,0.2,28212.0,0.18,5078.16,33290.16,,15,1013282392,2026-01-09 00:00:00,0.0,0.0,0.0,0.0,0.0,0.0,0.0,0.0,0.0,26448.75,0.0,0.0,,,,,,,26448.75,1,8816.25,7053.0,7.0,,0.0
1574.0,2026-01-01,2182498,Bhubaneswar,BIKASH MISTRY,THRIVENI EARTHMOVERS PVT LTD,THEJAHL0V00000060,ZX470H,,27868.0,2026-01-16 00:00:00,2026-01-23 00:00:00,1871984,MAINTENANCE,YA00058283,ENGINE OIL FILTER,20.0,2720,54400.0,0.2,43520.0,0.18,7833.599999999999,51353.6,,20,1013282392,2026-01-09 00:00:00,0.0,0.0,0.0,0.0,0.0,0.0,0.0,0.0,0.0,40800.0,0.0,0.0,,,,,,,40800.0,1,13600.0,10880.0,7.0,,0.0
1575.0,2026-01-01,2182498,Bhubaneswar,BIKASH MISTRY,THRIVENI EARTHMOVERS PVT LTD,THEJAHL0V00000060,ZX470H,,27868.0,2026-01-16 00:00:00,2026-01-23 00:00:00,1871984,MAINTENANCE,4630525,PILOT FILTER,6.0,3046,18276.0,0.2,14620.8,0.18,2631.7439999999997,17252.543999999998,,6,1013282392,2026-01-09 00:00:00,0.0,0.0,0.0,0.0,0.0,0.0,0.0,0.0,0.0,13707.0,0.0,0.0,,,,,,,13707.0,1,4569.0,3655.2000000000007,7.0,,0.0
1576.0,2026-01-01,2182498,Bhubaneswar,BIKASH MISTRY,THRIVENI EARTHMOVERS PVT LTD,THEJAHL0V00000060,ZX470H,,27868.0,2026-01-16 00:00:00,2026-01-23 00:00:00,1871984,MAINTENANCE,4654745,HYDRAULIC TANK FILTER,6.0,11801,70806.0,0.2,56644.8,0.18,10196.064,66840.864,,,,,0.0,0.0,0.0,0.0,0.0,0.0,0.0,0.0,0.0,0.0,0.0,0.0,,,,,,,0.0,0,70806.0,14161.199999999997,7.0,,70806.0
1577.0,2026-01-01,2182498,Bhubaneswar,BIKASH MISTRY,THRIVENI EARTHMOVERS PVT LTD,THEJAHL0V00000060,ZX470H,,27868.0,2026-01-16 00:00:00,2026-01-23 00:00:00,1871984,MAINTENANCE,4317008,HYD SUCTION FILTER,8.0,17391,139128.0,0.2,111302.4,0.18,20034.431999999997,131336.832,,,,,0.0,0.0,0.0,0.0,0.0,0.0,0.0,0.0,0.0,0.0,0.0,0.0,,,,,,,0.0,0,139128.0,27825.600000000006,7.0,,139128.0
1578.0,2026-01-01,2182498,Bhubaneswar,BIKASH MISTRY,THRIVENI EARTHMOVERS PVT LTD,THEJAHL0V00000060,ZX470H,,27868.0,2026-01-16 00:00:00,2026-01-23 00:00:00,1871984,MAINTENANCE,4363399,PUMP DRAIN FILTER,6.0,4349,26094.0,0.2,20875.2,0.18,3757.536,24632.736,,6,1013282392,2026-01-09 00:00:00,0.0,0.0,0.0,0.0,0.0,0.0,0.0,0.0,0.0,19570.5,0.0,0.0,,,,,,,19570.5,1,6523.5,5218.799999999999,7.0,,0.0
1579.0,2026-01-01,2182498,Bhubaneswar,BIKASH MISTRY,THRIVENI EARTHMOVERS PVT LTD,THEJAHL0V00000060,ZX470H,,27868.0,2026-01-16 00:00:00,2026-01-23 00:00:00,1871984,MAINTENANCE,1105353,AIR FILTER INNER,5.0,6862,34310.0,0.2,27448.0,0.18,4940.639999999999,32388.64,,5,1013282392,2026-01-09 00:00:00,0.0,0.0,0.0,0.0,0.0,0.0,0.0,0.0,0.0,25732.5,0.0,0.0,,,,,,,25732.5,1,8577.5,6862.0,7.0,,0.0
1580.0,2026-01-01,2182498,Bhubaneswar,BIKASH MISTRY,THRIVENI EARTHMOVERS PVT LTD,THEJAHL0V00000060,ZX470H,,27868.0,2026-01-16 00:00:00,2026-01-23 00:00:00,1871984,MAINTENANCE,1209163,AIR FILTER OUTER,5.0,11828,59140.0,0.2,47312.0,0.18,8516.16,55828.16,,5,1013282392,2026-01-09 00:00:00,0.0,0.0,0.0,0.0,0.0,0.0,0.0,0.0,0.0,44355.0,0.0,0.0,,,,,,,44355.0,1,14785.0,11828.0,7.0,,0.0
1581.0,2026-01-01,2182498,Bhubaneswar,BIKASH MISTRY,THRIVENI EARTHMOVERS PVT LTD,THEJAHL0V00000060,ZX470H,,27868.0,2026-01-16 00:00:00,2026-01-23 00:00:00,1871984,MAINTENANCE,4437838,AIR BREATHER FILTER,6.0,1695,10170.0,0.2,8136.0,0.18,1464.48,9600.48,,6,1013282392,2026-01-09 00:00:00,0.0,0.0,0.0,0.0,0.0,0.0,0.0,0.0,0.0,7627.5,0.0,0.0,,,,,,,7627.5,1,2542.5,2034.0,7.0,,0.0
1582.0,2026-01-01,2182498,Bhubaneswar,BIKASH MISTRY,THRIVENI EARTHMOVERS PVT LTD,THEJAHL0V00000060,ZX470H,,27868.0,2026-01-16 00:00:00,2026-01-23 00:00:00,1871984,MAINTENANCE,YA00001490,AC FILTER,5.0,4607,23035.0,0.2,18428.0,0.18,3317.04,21745.04,,5,1013282392,2026-01-09 00:00:00,0.0,0.0,0.0,0.0,0.0,0.0,0.0,0.0,0.0,17276.25,0.0,0.0,,,,,,,17276.25,1,5758.75,4607.0,7.0,,0.0
1583.0,2026-01-01,2182498,Bhubaneswar,BIKASH MISTRY,THRIVENI EARTHMOVERS PVT LTD,THEJAHL0V00000060,ZX470H,,27868.0,2026-01-16 00:00:00,2026-01-23 00:00:00,1871984,MAINTENANCE,4632689,CIRCULATING AIR FILTER AC,5.0,3846,19230.0,0.2,15384.0,0.18,2769.12,18153.12,,,,,0.0,0.0,0.0,0.0,0.0,0.0,0.0,0.0,0.0,0.0,0.0,0.0,,,,,,,0.0,0,19230.0,3846.0,7.0,,19230.0
1584.0,2026-01-01,2182498,Bhubaneswar,BIKASH MISTRY,THRIVENI EARTHMOVERS PVT LTD,THEJAHL0V00000060,ZX470H,,27868.0,2026-01-16 00:00:00,2026-01-23 00:00:00,1872006,PLANNING,187310-1420,REPAIR KT,1.0,34470,34470.0,0.2,27576.0,0.18,4963.679999999999,32539.68,,,,,0.0,0.0,0.0,0.0,0.0,0.0,0.0,0.0,0.0,0.0,0.0,0.0,,,,,,,0.0,0,34470.0,6894.0,7.0,,34470.0
1585.0,2026-01-01,2182081,Bhubaneswar,BIKASH MISTRY,THRIVENI EARTHMOVERS PVT LTD,THEJAHL0L00000563,ZX470H,,27868.0,2026-01-17 00:00:00,2026-01-23 00:00:00,1871690,EMERGENCY,4343365,CAP,6.0,993,5958.0,0.2,4766.4,0.18,857.9519999999999,5624.352,,6,"1013282637, 1013283394","14-01-2026, 29-01-26",0.0,0.0,0.0,0.0,0.0,0.0,0.0,0.0,0.0,4766.4,0.0,0.0,,,,,,,4766.4,1,1191.6000000000004,1191.6000000000004,6.0,,0.0
1586.0,2026-01-01,2182081,Bhubaneswar,BIKASH MISTRY,THRIVENI EARTHMOVERS PVT LTD,THEJAHL0L00000563,ZX470H,,27868.0,2026-01-17 00:00:00,2026-01-23 00:00:00,1871690,EMERGENCY,111173-0590,GASKET,1.0,3630,3630.0,0.2,2904.0,0.18,522.72,3426.7200000000003,,,,,0.0,0.0,0.0,0.0,0.0,0.0,0.0,0.0,0.0,0.0,0.0,0.0,,,,,,,0.0,0,3630.0,726.0,6.0,,3630.0
1587.0,2026-01-01,2182081,Bhubaneswar,BIKASH MISTRY,THRIVENI EARTHMOVERS PVT LTD,THEJAHL0L00000563,ZX470H,,27868.0,2026-01-17 00:00:00,2026-01-23 00:00:00,1871726,MAINTENANCE,4078360,PRIMARY FUEL FILTER,25.0,1352,33800.0,0.2,27040.0,0.18,4867.2,31907.2,,25,1013282392,2026-01-09 00:00:00,0.0,0.0,0.0,0.0,0.0,0.0,0.0,0.0,0.0,25350.0,0.0,0.0,,,,,,,25350.0,1,8450.0,6760.0,6.0,,0.0
1588.0,2026-01-01,2182081,Bhubaneswar,BIKASH MISTRY,THRIVENI EARTHMOVERS PVT LTD,THEJAHL0L00000563,ZX470H,,27868.0,2026-01-17 00:00:00,2026-01-23 00:00:00,1871726,MAINTENANCE,4616864,FUEL FILTER,15.0,2351,35265.0,0.2,28212.0,0.18,5078.16,33290.16,,15,1013282392,2026-01-09 00:00:00,0.0,0.0,0.0,0.0,0.0,0.0,0.0,0.0,0.0,1763.25,0.0,0.0,,,,,,,1763.25,1,33501.75,7053.0,6.0,,0.0
1589.0,2026-01-01,2182081,Bhubaneswar,BIKASH MISTRY,THRIVENI EARTHMOVERS PVT LTD,THEJAHL0L00000563,ZX470H,,27868.0,2026-01-17 00:00:00,2026-01-23 00:00:00,1871726,MAINTENANCE,YA00058283,ENGINE OIL FILTER,20.0,2720,54400.0,0.2,43520.0,0.18,7833.599999999999,51353.6,,20,1013282392,2026-01-09 00:00:00,0.0,0.0,0.0,0.0,0.0,0.0,0.0,0.0,0.0,40800.0,0.0,0.0,,,,,,,40800.0,1,13600.0,10880.0,6.0,,0.0
1590.0,2026-01-01,2182081,Bhubaneswar,BIKASH MISTRY,THRIVENI EARTHMOVERS PVT LTD,THEJAHL0L00000563,ZX470H,,27868.0,2026-01-17 00:00:00,2026-01-23 00:00:00,1871726,MAINTENANCE,4630525,PILOT FILTER,5.0,3046,15230.0,0.2,12184.0,0.18,2193.12,14377.119999999999,,5,1013282392,2026-01-09 00:00:00,0.0,0.0,0.0,0.0,0.0,0.0,0.0,0.0,0.0,11422.5,0.0,0.0,,,,,,,11422.5,1,3807.5,3046.0,6.0,,0.0
1591.0,2026-01-01,2182081,Bhubaneswar,BIKASH MISTRY,THRIVENI EARTHMOVERS PVT LTD,THEJAHL0L00000563,ZX470H,,27868.0,2026-01-17 00:00:00,2026-01-23 00:00:00,1871726,MAINTENANCE,4654745,HYDRAULIC TANK FILTER,3.0,11801,35403.0,0.2,28322.4,0.18,5098.032,33420.432,,3,1013285248,2026-02-28 00:00:00,0.0,0.0,0.0,0.0,0.0,0.0,0.0,0.0,0.0,0.0,26552.25,0.0,,,,,,,26552.25,1,8850.75,7080.5999999999985,6.0,36.0,0.0
1592.0,2026-01-01,2182081,Bhubaneswar,BIKASH MISTRY,THRIVENI EARTHMOVERS PVT LTD,THEJAHL0L00000563,ZX470H,,27868.0,2026-01-17 00:00:00,2026-01-23 00:00:00,1871726,MAINTENANCE,4363399,PUMP DRAIN FILTER,5.0,4349,21745.0,0.2,17396.0,0.18,3131.2799999999997,20527.28,,,,,0.0,0.0,0.0,0.0,0.0,0.0,0.0,0.0,0.0,0.0,0.0,0.0,,,,,,,0.0,0,21745.0,4349.0,6.0,,21745.0
1593.0,2026-01-01,2182081,Bhubaneswar,BIKASH MISTRY,THRIVENI EARTHMOVERS PVT LTD,THEJAHL0L00000563,ZX470H,,27868.0,2026-01-17 00:00:00,2026-01-23 00:00:00,1871726,MAINTENANCE,1105353,AIR FILTER INNER,5.0,6862,34310.0,0.2,27448.0,0.18,4940.639999999999,32388.64,,5,1013282392,2026-01-09 00:00:00,0.0,0.0,0.0,0.0,0.0,0.0,0.0,0.0,0.0,25732.5,0.0,0.0,,,,,,,25732.5,1,8577.5,6862.0,6.0,,0.0
1594.0,2026-01-01,2182081,Bhubaneswar,BIKASH MISTRY,THRIVENI EARTHMOVERS PVT LTD,THEJAHL0L00000563,ZX470H,,27868.0,2026-01-17 00:00:00,2026-01-23 00:00:00,1871726,MAINTENANCE,1209163,AIR FILTER OUTER,5.0,11828,59140.0,0.2,47312.0,0.18,8516.16,55828.16,,5,1013282392,2026-01-09 00:00:00,0.0,0.0,0.0,0.0,0.0,0.0,0.0,0.0,0.0,44355.0,0.0,0.0,,,,,,,44355.0,1,14785.0,11828.0,6.0,,0.0
1595.0,2026-01-01,2182081,Bhubaneswar,BIKASH MISTRY,THRIVENI EARTHMOVERS PVT LTD,THEJAHL0L00000563,ZX470H,,27868.0,2026-01-17 00:00:00,2026-01-23 00:00:00,1871726,MAINTENANCE,YA00001490,AC FILTER,5.0,4607,23035.0,0.2,18428.0,0.18,3317.04,21745.04,,5,1013282392,2026-01-09 00:00:00,0.0,0.0,0.0,0.0,0.0,0.0,0.0,0.0,0.0,17276.25,0.0,0.0,,,,,,,17276.25,1,5758.75,4607.0,6.0,,0.0
1596.0,2026-01-01,2182081,Bhubaneswar,BIKASH MISTRY,THRIVENI EARTHMOVERS PVT LTD,THEJAHL0L00000563,ZX470H,,27868.0,2026-01-17 00:00:00,2026-01-23 00:00:00,1871790,PLANNING,4612763,AC BELT,1.0,8559,8559.0,0.2,6847.2,0.18,1232.4959999999999,8079.696,,,,,0.0,0.0,0.0,0.0,0.0,0.0,0.0,0.0,0.0,0.0,0.0,0.0,,,,,,,0.0,0,8559.0,1711.8000000000002,6.0,,8559.0
1597.0,2026-01-01,2182553,Bhubaneswar,NIRANJAN DAS,THRIVENI EARTHMOVERS PVT LTD,0ACG-000262 ,ZX650H,,27868.0,2026-01-19 00:00:00,2026-01-24 00:00:00,1873202,EMERGENCY,4436271,PRESSURE SENSOR,2.0,22217,44434.0,0.2,35547.2,0.18,6398.495999999999,41945.695999999996,,,,,0.0,0.0,0.0,0.0,0.0,0.0,0.0,0.0,0.0,0.0,0.0,0.0,,,,,,,0.0,0,44434.0,8886.800000000003,5.0,,44434.0
1598.0,2026-01-01,2182553,Bhubaneswar,NIRANJAN DAS,THRIVENI EARTHMOVERS PVT LTD,0ACG-000262 ,ZX650H,,27868.0,2026-01-19 00:00:00,2026-01-24 00:00:00,1873265,MAINTENANCE,4333469,HYDRAULIC TANK FILTER,2.0,12524,25048.0,0.2,20038.4,0.18,3606.9120000000003,23645.312,,,,,0.0,0.0,0.0,0.0,0.0,0.0,0.0,0.0,0.0,0.0,0.0,0.0,,,,,,,0.0,0,25048.0,5009.5999999999985,5.0,,25048.0
1599.0,2026-01-01,2182553,Bhubaneswar,NIRANJAN DAS,THRIVENI EARTHMOVERS PVT LTD,0ACG-000262 ,ZX650H,,27868.0,2026-01-19 00:00:00,2026-01-24 00:00:00,1873265,MAINTENANCE,3015259,PILOT FILTER,2.0,394,788.0,0.2,630.4,0.18,113.472,743.872,,2,1013282392,2002-01-09 00:00:00,0.0,0.0,0.0,0.0,0.0,0.0,0.0,0.0,0.0,591.0,0.0,0.0,,,,,,,591.0,1,197.0,157.60000000000002,5.0,,0.0
1600.0,2026-01-01,2182553,Bhubaneswar,NIRANJAN DAS,THRIVENI EARTHMOVERS PVT LTD,0ACG-000262 ,ZX650H,,27868.0,2026-01-19 00:00:00,2026-01-24 00:00:00,1873265,MAINTENANCE,4363399,PUMP DRAIN FILTER,2.0,4349,8698.0,0.2,6958.4,0.18,1252.512,8210.912,,,,,0.0,0.0,0.0,0.0,0.0,0.0,0.0,0.0,0.0,0.0,0.0,0.0,,,,,,,0.0,0,8698.0,1739.6000000000004,5.0,,8698.0
1601.0,2026-01-01,2182553,Bhubaneswar,NIRANJAN DAS,THRIVENI EARTHMOVERS PVT LTD,0ACG-000262 ,ZX650H,,27868.0,2026-01-19 00:00:00,2026-01-24 00:00:00,1873265,MAINTENANCE,4437838,AIR BREATHER FILTER,2.0,1695,3390.0,0.2,2712.0,0.18,488.15999999999997,3200.16,,2,1013282392,2026-01-09 00:00:00,0.0,0.0,0.0,0.0,0.0,0.0,0.0,0.0,0.0,2542.5,0.0,0.0,,,,,,,2542.5,1,847.5,678.0,5.0,,0.0
1602.0,2026-01-01,2182553,Bhubaneswar,NIRANJAN DAS,THRIVENI EARTHMOVERS PVT LTD,0ACG-000262 ,ZX650H,,27868.0,2026-01-19 00:00:00,2026-01-24 00:00:00,1873265,MAINTENANCE,YA00058283,ENGINE OIL FILTER,6.0,2720,16320.0,0.2,13056.0,0.18,2350.08,15406.08,,5,1013285502,2026-03-07 00:00:00,0.0,0.0,0.0,0.0,0.0,0.0,0.0,0.0,0.0,0.0,0.0,10200.0,,,,,,,10200.0,1,6120.0,3264.0,5.0,42.0,0.0
1603.0,2026-01-01,2182553,Bhubaneswar,NIRANJAN DAS,THRIVENI EARTHMOVERS PVT LTD,0ACG-000262 ,ZX650H,,27868.0,2026-01-19 00:00:00,2026-01-24 00:00:00,1873265,MAINTENANCE,4078360,PRIMARY FUEL FILTER,6.0,1352,8112.0,0.2,6489.6,0.18,1168.128,7657.728,,6,1013282392,2026-01-09 00:00:00,0.0,0.0,0.0,0.0,0.0,0.0,0.0,0.0,0.0,6084.0,0.0,0.0,,,,,,,6084.0,1,2028.0,1622.3999999999996,5.0,,0.0
1604.0,2026-01-01,2182553,Bhubaneswar,NIRANJAN DAS,THRIVENI EARTHMOVERS PVT LTD,0ACG-000262 ,ZX650H,,27868.0,2026-01-19 00:00:00,2026-01-24 00:00:00,1873265,MAINTENANCE,4616864,FUEL FILTER,3.0,2351,7053.0,0.2,5642.4,0.18,1015.632,6658.031999999999,,3,1013282392,2026-01-09 00:00:00,0.0,0.0,0.0,0.0,0.0,0.0,0.0,0.0,0.0,5289.75,0.0,0.0,,,,,,,5289.75,1,1763.25,1410.6000000000004,5.0,,0.0
1605.0,2026-01-01,2182553,Bhubaneswar,NIRANJAN DAS,THRIVENI EARTHMOVERS PVT LTD,0ACG-000262 ,ZX650H,,27868.0,2026-01-19 00:00:00,2026-01-24 00:00:00,1873265,MAINTENANCE,1209163,AIR FILTER OUTER,2.0,11828,23656.0,0.2,18924.8,0.18,3406.464,22331.264,,2,1013282392,2026-01-09 00:00:00,0.0,0.0,0.0,0.0,0.0,0.0,0.0,0.0,0.0,17742.0,0.0,0.0,,,,,,,17742.0,1,5914.0,4731.200000000001,5.0,,0.0
1606.0,2026-01-01,2182553,Bhubaneswar,NIRANJAN DAS,THRIVENI EARTHMOVERS PVT LTD,0ACG-000262 ,ZX650H,,27868.0,2026-01-19 00:00:00,2026-01-24 00:00:00,1873265,MAINTENANCE,1105353,AIR FILTER INNER,2.0,6862,13724.0,0.2,10979.2,0.18,1976.256,12955.456,,2,1013282392,2026-01-09 00:00:00,0.0,0.0,0.0,0.0,0.0,0.0,0.0,0.0,0.0,10293.0,0.0,0.0,,,,,,,10293.0,1,3431.0,2744.7999999999993,5.0,,0.0
1607.0,2026-01-01,2182553,Bhubaneswar,NIRANJAN DAS,THRIVENI EARTHMOVERS PVT LTD,0ACG-000262 ,ZX650H,,27868.0,2026-01-19 00:00:00,2026-01-24 00:00:00,1873265,MAINTENANCE,4317008,HYD SUCTION FILTER,1.0,17391,17391.0,0.2,13912.8,0.18,2504.3039999999996,16417.104,,,,,0.0,0.0,0.0,0.0,0.0,0.0,0.0,0.0,0.0,0.0,0.0,0.0,,,,,,,0.0,0,17391.0,3478.2000000000007,5.0,,17391.0
1608.0,2026-01-01,2182553,Bhubaneswar,NIRANJAN DAS,THRIVENI EARTHMOVERS PVT LTD,0ACG-000262 ,ZX650H,,27868.0,2026-01-19 00:00:00,2026-01-24 00:00:00,1873268,PLANNING,4474629,BELT; FAN,1.0,14307,14307.0,0.2,11445.6,0.18,2060.208,13505.808,,,,,0.0,0.0,0.0,0.0,0.0,0.0,0.0,0.0,0.0,0.0,0.0,0.0,,,,,,,0.0,0,14307.0,2861.3999999999996,5.0,,14307.0
1609.0,2026-01-01,2182552,Bhubaneswar,ROSHAN KUMAR,THRIVENI EARTHMOVERS PVT LTD,0ACG-000259,ZX650H,,27868.0,2026-01-19 00:00:00,2026-01-23 00:00:00,1871302,EMERGENCY,4195898,SEAL DUST,4.0,3912,15648.0,0.2,12518.4,0.18,2253.312,14771.712,,3,1013282396,2026-01-09 00:00:00,0.0,0.0,0.0,0.0,0.0,0.0,0.0,0.0,0.0,9388.8,0.0,0.0,,,,,,,9388.8,1,6259.200000000001,3129.6000000000004,4.0,,0.0
1610.0,2026-01-01,2182552,Bhubaneswar,ROSHAN KUMAR,THRIVENI EARTHMOVERS PVT LTD,0ACG-000259,ZX650H,,27868.0,2026-01-19 00:00:00,2026-01-23 00:00:00,1871302,EMERGENCY,A810095,O RING,4.0,150,600.0,0.2,480.0,0.18,86.39999999999999,566.4,,4,1013282396,2026-01-09 00:00:00,0.0,0.0,0.0,0.0,0.0,0.0,0.0,0.0,0.0,480.0,0.0,0.0,,,,,,,480.0,1,120.0,120.0,4.0,,0.0
1611.0,2026-01-01,2182552,Bhubaneswar,ROSHAN KUMAR,THRIVENI EARTHMOVERS PVT LTD,0ACG-000259,ZX650H,,27868.0,2026-01-19 00:00:00,2026-01-23 00:00:00,1871302,EMERGENCY,4176479,O RING,4.0,1511,6044.0,0.2,4835.2,0.18,870.3359999999999,5705.536,,4,1013282396,2026-01-09 00:00:00,0.0,0.0,0.0,0.0,0.0,0.0,0.0,0.0,0.0,4835.0,0.0,0.0,,,,,,,4835.0,1,1209.0,1208.8000000000002,4.0,,0.0
1612.0,2026-01-01,2182552,Bhubaneswar,ROSHAN KUMAR,THRIVENI EARTHMOVERS PVT LTD,0ACG-000259,ZX650H,,27868.0,2026-01-19 00:00:00,2026-01-23 00:00:00,1871302,EMERGENCY,A810120,O RING,4.0,1042,4168.0,0.2,3334.4,0.18,600.192,3934.592,,3,1013282396,2026-01-09 00:00:00,0.0,0.0,0.0,0.0,0.0,0.0,0.0,0.0,0.0,2500.8,0.0,0.0,,,,,,,2500.8,1,1667.1999999999998,833.5999999999999,4.0,,0.0
1613.0,2026-01-01,2182552,Bhubaneswar,ROSHAN KUMAR,THRIVENI EARTHMOVERS PVT LTD,0ACG-000259,ZX650H,,27868.0,2026-01-19 00:00:00,2026-01-23 00:00:00,1871302,EMERGENCY,4231542,SEAL OIL,20.0,1969,39380.0,0.2,31504.0,0.18,5670.719999999999,37174.72,,20,1013282396,2026-01-09 00:00:00,0.0,0.0,0.0,0.0,0.0,0.0,0.0,0.0,0.0,31504.0,0.0,0.0,,,,,,,31504.0,1,7876.0,7876.0,4.0,,0.0
1614.0,2026-01-01,2182552,Bhubaneswar,ROSHAN KUMAR,THRIVENI EARTHMOVERS PVT LTD,0ACG-000259,ZX650H,,27868.0,2026-01-19 00:00:00,2026-01-23 00:00:00,1871310,MAINTENANCE,YA00058283,ENGINE OIL FILTER,12.0,2720,32640.0,0.2,26112.0,0.18,4700.16,30812.16,,12,1013282392,2026-01-09 00:00:00,0.0,0.0,0.0,0.0,0.0,0.0,0.0,0.0,0.0,24480.0,0.0,0.0,,,,,,,24480.0,1,8160.0,6528.0,4.0,,0.0
1615.0,2026-01-01,2182552,Bhubaneswar,ROSHAN KUMAR,THRIVENI EARTHMOVERS PVT LTD,0ACG-000259,ZX650H,,27868.0,2026-01-19 00:00:00,2026-01-23 00:00:00,1871310,MAINTENANCE,4078360,PRIMARY FUEL FILTER,15.0,1352,20280.0,0.2,16224.0,0.18,2920.3199999999997,19144.32,,15,1013282392,2026-01-09 00:00:00,0.0,0.0,0.0,0.0,0.0,0.0,0.0,0.0,0.0,15210.0,0.0,0.0,,,,,,,15210.0,1,5070.0,4056.0,4.0,,0.0
1616.0,2026-01-01,2182552,Bhubaneswar,ROSHAN KUMAR,THRIVENI EARTHMOVERS PVT LTD,0ACG-000259,ZX650H,,27868.0,2026-01-19 00:00:00,2026-01-23 00:00:00,1871310,MAINTENANCE,4616864,FUEL FILTER,10.0,2351,23510.0,0.2,18808.0,0.18,3385.44,22193.44,,10,1013282392,2026-01-09 00:00:00,0.0,0.0,0.0,0.0,0.0,0.0,0.0,0.0,0.0,17632.5,0.0,0.0,,,,,,,17632.5,1,5877.5,4702.0,4.0,,0.0
1617.0,2026-01-01,2182552,Bhubaneswar,ROSHAN KUMAR,THRIVENI EARTHMOVERS PVT LTD,0ACG-000259,ZX650H,,27868.0,2026-01-19 00:00:00,2026-01-23 00:00:00,1871310,MAINTENANCE,1209163,AIR FILTER OUTER,5.0,11828,59140.0,0.2,47312.0,0.18,8516.16,55828.16,,5,1013285248,2026-02-28 00:00:00,0.0,0.0,0.0,0.0,0.0,0.0,0.0,0.0,0.0,0.0,44355.0,0.0,,,,,,,44355.0,1,14785.0,11828.0,4.0,36.0,0.0
1618.0,2026-01-01,2182552,Bhubaneswar,ROSHAN KUMAR,THRIVENI EARTHMOVERS PVT LTD,0ACG-000259,ZX650H,,27868.0,2026-01-19 00:00:00,2026-01-23 00:00:00,1871310,MAINTENANCE,1105353,AIR FILTER INNER,5.0,6862,34310.0,0.2,27448.0,0.18,4940.639999999999,32388.64,,5,1013282392,2026-01-09 00:00:00,0.0,0.0,0.0,0.0,0.0,0.0,0.0,0.0,0.0,25732.5,0.0,0.0,,,,,,,25732.5,1,8577.5,6862.0,4.0,,0.0
1619.0,2026-01-01,2182552,Bhubaneswar,ROSHAN KUMAR,THRIVENI EARTHMOVERS PVT LTD,0ACG-000259,ZX650H,,27868.0,2026-01-19 00:00:00,2026-01-23 00:00:00,1871310,MAINTENANCE,4630525,PILOT FILTER,5.0,3046,15230.0,0.2,12184.0,0.18,2193.12,14377.119999999999,,,,,0.0,0.0,0.0,0.0,0.0,0.0,0.0,0.0,0.0,0.0,0.0,0.0,,,,,,,0.0,0,15230.0,3046.0,4.0,,15230.0
1620.0,2026-01-01,2182552,Bhubaneswar,ROSHAN KUMAR,THRIVENI EARTHMOVERS PVT LTD,0ACG-000259,ZX650H,,27868.0,2026-01-19 00:00:00,2026-01-23 00:00:00,1871310,MAINTENANCE,4363399,PUMP DRAIN FILTER,5.0,4349,21745.0,0.2,17396.0,0.18,3131.2799999999997,20527.28,,,,,0.0,0.0,0.0,0.0,0.0,0.0,0.0,0.0,0.0,0.0,0.0,0.0,,,,,,,0.0,0,21745.0,4349.0,4.0,,21745.0
1621.0,2026-01-01,2182552,Bhubaneswar,ROSHAN KUMAR,THRIVENI EARTHMOVERS PVT LTD,0ACG-000259,ZX650H,,27868.0,2026-01-19 00:00:00,2026-01-23 00:00:00,1871310,MAINTENANCE,YA00001490,AC FILTER,5.0,4607,23035.0,0.2,18428.0,0.18,3317.04,21745.04,,5,1013286484,2026-03-25 00:00:00,0.0,0.0,0.0,0.0,0.0,0.0,0.0,0.0,0.0,0.0,0.0,17276.25,,,,,,,17276.25,1,5758.75,4607.0,4.0,61.0,0.0
1622.0,2026-01-01,2182552,Bhubaneswar,ROSHAN KUMAR,THRIVENI EARTHMOVERS PVT LTD,0ACG-000259,ZX650H,,27868.0,2026-01-19 00:00:00,2026-01-23 00:00:00,1871310,MAINTENANCE,3015259,PILOT FILTER,4.0,394,1576.0,0.2,1260.8,0.18,226.944,1487.744,,4,1013282392,2002-01-09 00:00:00,0.0,0.0,0.0,0.0,0.0,0.0,0.0,0.0,0.0,1182.0,0.0,0.0,,,,,,,1182.0,1,394.0,315.20000000000005,4.0,,0.0
1623.0,2026-01-01,2182552,Bhubaneswar,ROSHAN KUMAR,THRIVENI EARTHMOVERS PVT LTD,0ACG-000259,ZX650H,,27868.0,2026-01-19 00:00:00,2026-01-23 00:00:00,1871310,MAINTENANCE,4434017,BREATHER AIR,1.0,5592,5592.0,0.2,4473.6,0.18,805.248,5278.848,,1,1013282392,2026-01-09 00:00:00,0.0,0.0,0.0,0.0,0.0,0.0,0.0,0.0,0.0,5592.0,0.0,0.0,,,,,,,5592.0,1,0.0,1118.3999999999996,4.0,,0.0
1624.0,2026-01-01,2182552,Bhubaneswar,ROSHAN KUMAR,THRIVENI EARTHMOVERS PVT LTD,0ACG-000259,ZX650H,,27868.0,2026-01-19 00:00:00,2026-01-23 00:00:00,1871344,PLANNING,KEOR1000,O RING BOX,1.0,4481,4481.0,0.2,3584.8,0.18,645.264,4230.064,,1,1013283408,2026-01-29 00:00:00,0.0,0.0,0.0,0.0,0.0,0.0,0.0,0.0,0.0,3584.75,0.0,0.0,,,,,,,3584.75,1,896.25,896.1999999999998,4.0,6.0,0.0
1625.0,2026-01-01,2182494,Bhubaneswar,BIKASH MISTRY,KARO MINING & MINERALS,THEJAHL0T00000455,ZX470H,,1069028.0,2026-01-20 00:00:00,2026-01-23 00:00:00,1871593,EMERGENCY,4612763,AC BELT,1.0,8559,8559.0,0.0,8559.0,0.18,1540.62,10099.619999999999,,,,,0.0,0.0,0.0,0.0,0.0,0.0,0.0,0.0,0.0,0.0,0.0,0.0,,,,,,,0.0,0,8559.0,0.0,3.0,,8559.0
1626.0,2026-01-01,2182494,Bhubaneswar,BIKASH MISTRY,KARO MINING & MINERALS,THEJAHL0T00000455,ZX470H,,1069028.0,2026-01-20 00:00:00,2026-01-23 00:00:00,1871593,EMERGENCY,YA00023056,PULLEY,1.0,29416,29416.0,0.0,29416.0,0.18,5294.88,34710.88,,,,,0.0,0.0,0.0,0.0,0.0,0.0,0.0,0.0,0.0,0.0,0.0,0.0,,,,,,,0.0,0,29416.0,0.0,3.0,,29416.0
1627.0,2026-01-01,2182494,Bhubaneswar,BIKASH MISTRY,KARO MINING & MINERALS,THEJAHL0T00000455,ZX470H,,1069028.0,2026-01-20 00:00:00,2026-01-23 00:00:00,1871593,EMERGENCY,YA00023057,BOLT,1.0,600,600.0,0.0,600.0,0.18,108.0,708.0,,,,,0.0,0.0,0.0,0.0,0.0,0.0,0.0,0.0,0.0,0.0,0.0,0.0,,,,,,,0.0,0,600.0,0.0,3.0,,600.0
1628.0,2026-01-01,2182494,Bhubaneswar,BIKASH MISTRY,KARO MINING & MINERALS,THEJAHL0T00000455,ZX470H,,1069028.0,2026-01-20 00:00:00,2026-01-23 00:00:00,1871593,EMERGENCY,TB03806,GUARD,1.0,15437,15437.0,0.0,15437.0,0.18,2778.66,18215.66,,1,1013283497,2026-01-30 00:00:00,0.0,0.0,0.0,0.0,0.0,0.0,0.0,0.0,0.0,15437.0,0.0,0.0,,,,,,,15437.0,1,0.0,0.0,3.0,7.0,0.0
1629.0,2026-01-01,2182494,Bhubaneswar,BIKASH MISTRY,KARO MINING & MINERALS,THEJAHL0T00000455,ZX470H,,1069028.0,2026-01-20 00:00:00,2026-01-23 00:00:00,1871593,EMERGENCY,TB03805,GUARD,1.0,15425,15425.0,0.0,15425.0,0.18,2776.5,18201.5,,1,1013283497,2026-01-30 00:00:00,0.0,0.0,0.0,0.0,0.0,0.0,0.0,0.0,0.0,15425.0,0.0,0.0,,,,,,,15425.0,1,0.0,0.0,3.0,7.0,0.0
1630.0,2026-01-01,2182494,Bhubaneswar,BIKASH MISTRY,KARO MINING & MINERALS,THEJAHL0T00000455,ZX470H,,1069028.0,2026-01-20 00:00:00,2026-01-23 00:00:00,1871593,EMERGENCY,4343246,BOLT,4.0,1738,6952.0,0.0,6952.0,0.18,1251.36,8203.36,,3,1013283497,2026-01-30 00:00:00,0.0,0.0,0.0,0.0,0.0,0.0,0.0,0.0,0.0,5214.0,0.0,0.0,,,,,,,5214.0,1,1738.0,0.0,3.0,7.0,0.0
1631.0,2026-01-01,2182494,Bhubaneswar,BIKASH MISTRY,KARO MINING & MINERALS,THEJAHL0T00000455,ZX470H,,1069028.0,2026-01-20 00:00:00,2026-01-23 00:00:00,1871593,EMERGENCY,4343245,SPACER,4.0,2726,10904.0,0.0,10904.0,0.18,1962.72,12866.72,,4,1013283497,2026-01-30 00:00:00,0.0,0.0,0.0,0.0,0.0,0.0,0.0,0.0,0.0,10904.0,0.0,0.0,,,,,,,10904.0,1,0.0,0.0,3.0,7.0,0.0
1632.0,2026-01-01,2182494,Bhubaneswar,BIKASH MISTRY,KARO MINING & MINERALS,THEJAHL0T00000455,ZX470H,,1069028.0,2026-01-20 00:00:00,2026-01-23 00:00:00,1871593,EMERGENCY,4089822,WASHER,4.0,94,376.0,0.0,376.0,0.18,67.67999999999999,443.68,,4,1013283497,2026-01-30 00:00:00,0.0,0.0,0.0,0.0,0.0,0.0,0.0,0.0,0.0,376.0,0.0,0.0,,,,,,,376.0,1,0.0,0.0,3.0,7.0,0.0
1633.0,2026-01-01,2182494,Bhubaneswar,BIKASH MISTRY,KARO MINING & MINERALS,THEJAHL0T00000455,ZX470H,,1069028.0,2026-01-20 00:00:00,2026-01-23 00:00:00,1871593,EMERGENCY,J951022,NUT,4.0,114,456.0,0.0,456.0,0.18,82.08,538.08,,4,1013283497,2026-01-30 00:00:00,0.0,0.0,0.0,0.0,0.0,0.0,0.0,0.0,0.0,456.0,0.0,0.0,,,,,,,456.0,1,0.0,0.0,3.0,7.0,0.0
1634.0,2026-01-01,2182494,Bhubaneswar,BIKASH MISTRY,KARO MINING & MINERALS,THEJAHL0T00000455,ZX470H,,1069028.0,2026-01-20 00:00:00,2026-01-23 00:00:00,1871593,EMERGENCY,4375092,SPACER,8.0,593,4744.0,0.0,4744.0,0.18,853.92,5597.92,,8,1013283497,2026-01-30 00:00:00,0.0,0.0,0.0,0.0,0.0,0.0,0.0,0.0,0.0,4744.0,0.0,0.0,,,,,,,4744.0,1,0.0,0.0,3.0,7.0,0.0
1635.0,2026-01-01,2182494,Bhubaneswar,BIKASH MISTRY,KARO MINING & MINERALS,THEJAHL0T00000455,ZX470H,,1069028.0,2026-01-20 00:00:00,2026-01-23 00:00:00,1871593,EMERGENCY,J932200,BOLT,8.0,567,4536.0,0.0,4536.0,0.18,816.48,5352.48,,8,1013283497,2026-01-30 00:00:00,0.0,0.0,0.0,0.0,0.0,0.0,0.0,0.0,0.0,4536.0,0.0,0.0,,,,,,,4536.0,1,0.0,0.0,3.0,7.0,0.0
1636.0,2026-01-01,2182494,Bhubaneswar,BIKASH MISTRY,KARO MINING & MINERALS,THEJAHL0T00000455,ZX470H,,1069028.0,2026-01-20 00:00:00,2026-01-23 00:00:00,1871599,MAINTENANCE,4078360,PRIMARY FUEL FILTER,1.0,1352,1352.0,0.0,1352.0,0.18,243.35999999999999,1595.36,,1,1013285248,2026-02-28 00:00:00,0.0,0.0,0.0,0.0,0.0,0.0,0.0,0.0,0.0,0.0,1014.0,0.0,,,,,,,1014.0,1,338.0,0.0,3.0,36.0,0.0
1637.0,2026-01-01,2182494,Bhubaneswar,BIKASH MISTRY,KARO MINING & MINERALS,THEJAHL0T00000455,ZX470H,,1069028.0,2026-01-20 00:00:00,2026-01-23 00:00:00,1871599,MAINTENANCE,4616864,FUEL FILTER,1.0,2351,2351.0,0.0,2351.0,0.18,423.18,2774.18,,1,1013285248,2026-02-28 00:00:00,0.0,0.0,0.0,0.0,0.0,0.0,0.0,0.0,0.0,0.0,1763.25,0.0,,,,,,,1763.25,1,587.75,0.0,3.0,36.0,0.0
1638.0,2026-01-01,2182494,Bhubaneswar,BIKASH MISTRY,KARO MINING & MINERALS,THEJAHL0T00000455,ZX470H,,1069028.0,2026-01-20 00:00:00,2026-01-23 00:00:00,1871599,MAINTENANCE,YA00058283,ENGINE OIL FILTER,1.0,2720,2720.0,0.0,2720.0,0.18,489.59999999999997,3209.6,,,,,0.0,0.0,0.0,0.0,0.0,0.0,0.0,0.0,0.0,0.0,0.0,0.0,,,,,,,0.0,0,2720.0,0.0,3.0,,2720.0
1639.0,2026-01-01,2182494,Bhubaneswar,BIKASH MISTRY,KARO MINING & MINERALS,THEJAHL0T00000455,ZX470H,,1069028.0,2026-01-20 00:00:00,2026-01-23 00:00:00,1871599,MAINTENANCE,1209163,AIR FILTER OUTER,1.0,11828,11828.0,0.0,11828.0,0.18,2129.04,13957.04,,1,1013285248,2026-02-28 00:00:00,0.0,0.0,0.0,0.0,0.0,0.0,0.0,0.0,0.0,0.0,8871.0,0.0,,,,,,,8871.0,1,2957.0,0.0,3.0,36.0,0.0
1640.0,2026-01-01,2182494,Bhubaneswar,BIKASH MISTRY,KARO MINING & MINERALS,THEJAHL0T00000455,ZX470H,,1069028.0,2026-01-20 00:00:00,2026-01-23 00:00:00,1871599,MAINTENANCE,1105353,AIR FILTER INNER,1.0,6862,6862.0,0.0,6862.0,0.18,1235.1599999999999,8097.16,,1,1013285252,2026-02-28 00:00:00,0.0,0.0,0.0,0.0,0.0,0.0,0.0,0.0,0.0,0.0,5146.5,0.0,,,,,,,5146.5,1,1715.5,0.0,3.0,36.0,0.0
1641.0,2026-01-01,2182494,Bhubaneswar,BIKASH MISTRY,KARO MINING & MINERALS,THEJAHL0T00000455,ZX470H,,1069028.0,2026-01-20 00:00:00,2026-01-23 00:00:00,1871599,MAINTENANCE,TL07020,ENGINE OIL,3.0,5815,17445.0,0.0,17445.0,0.18,3140.1,20585.1,,3,1013282824,2025-01-17 00:00:00,0.0,0.0,0.0,0.0,0.0,0.0,0.0,0.0,0.0,15700.5,0.0,0.0,,,,,,,15700.5,1,1744.5,0.0,3.0,,0.0
1642.0,2026-01-01,2182494,Bhubaneswar,BIKASH MISTRY,KARO MINING & MINERALS,THEJAHL0T00000455,ZX470H,,1069028.0,2026-01-20 00:00:00,2026-01-23 00:00:00,1871616,PLANNING,113671-4730,FAN BELT,1.0,14327,14327.0,0.0,14327.0,0.18,2578.86,16905.86,,,,,0.0,0.0,0.0,0.0,0.0,0.0,0.0,0.0,0.0,0.0,0.0,0.0,,,,,,,0.0,0,14327.0,0.0,3.0,,14327.0
1643.0,2026-01-01,2182496,Bhubaneswar,NIRANJAN DAS,G M IRON & STEEL COMPANY LIMITED,THEJAHL0T00000102,ZX470H,,101259303.0,2026-01-24 00:00:00,2026-01-24 00:00:00,1873421,EMERGENCY,4436271,PRESSURE SENSOR,1.0,22217,22217.0,0.0,22217.0,0.18,3999.06,26216.06,,,,,0.0,0.0,0.0,0.0,0.0,0.0,0.0,0.0,0.0,0.0,0.0,0.0,,,,,,,0.0,0,22217.0,0.0,0.0,,22217.0
1644.0,2026-01-01,2182496,Bhubaneswar,NIRANJAN DAS,G M IRON & STEEL COMPANY LIMITED,THEJAHL0T00000102,ZX470H,,101259303.0,2026-01-24 00:00:00,2026-01-24 00:00:00,1873421,EMERGENCY,897372-9520,OIL PRESSURE SWITCH,1.0,11569,11569.0,0.0,11569.0,0.18,2082.42,13651.42,,,,,0.0,0.0,0.0,0.0,0.0,0.0,0.0,0.0,0.0,0.0,0.0,0.0,,,,,,,0.0,0,11569.0,0.0,0.0,,11569.0
1645.0,2026-01-01,2182496,Bhubaneswar,NIRANJAN DAS,G M IRON & STEEL COMPANY LIMITED,THEJAHL0T00000102,ZX470H,,101259303.0,2026-01-24 00:00:00,2026-01-24 00:00:00,1873421,EMERGENCY,YA00003360,WIRE HARNESS,1.0,170973,170973.0,0.0,170973.0,0.18,30775.14,201748.14,,,,,0.0,0.0,0.0,0.0,0.0,0.0,0.0,0.0,0.0,0.0,0.0,0.0,,,,,,,0.0,0,170973.0,0.0,0.0,,170973.0
1646.0,2026-01-01,2182496,Bhubaneswar,NIRANJAN DAS,G M IRON & STEEL COMPANY LIMITED,THEJAHL0T00000102,ZX470H,,101259303.0,2026-01-24 00:00:00,2026-01-24 00:00:00,1873458,MAINTENANCE,4078360,PRIMARY FUEL FILTER,4.0,1352,5408.0,0.0,5408.0,0.18,973.4399999999999,6381.44,,4,1013285248,2026-02-28 00:00:00,0.0,0.0,0.0,0.0,0.0,0.0,0.0,0.0,0.0,0.0,4056.0,0.0,,,,,,,4056.0,1,1352.0,0.0,0.0,35.0,0.0
1647.0,2026-01-01,2182496,Bhubaneswar,NIRANJAN DAS,G M IRON & STEEL COMPANY LIMITED,THEJAHL0T00000102,ZX470H,,101259303.0,2026-01-24 00:00:00,2026-01-24 00:00:00,1873458,MAINTENANCE,4616864,FUEL FILTER,4.0,2351,9404.0,0.0,9404.0,0.18,1692.72,11096.72,,2,1013283395,2026-01-29 00:00:00,0.0,0.0,0.0,0.0,0.0,0.0,0.0,0.0,0.0,4596.8,0.0,0.0,,,,,,,4596.8,1,4807.2,0.0,0.0,5.0,0.0
1648.0,2026-01-01,2182496,Bhubaneswar,NIRANJAN DAS,G M IRON & STEEL COMPANY LIMITED,THEJAHL0T00000102,ZX470H,,101259303.0,2026-01-24 00:00:00,2026-01-24 00:00:00,1873458,MAINTENANCE,YA00058283,ENGINE OIL FILTER,4.0,2720,10880.0,0.0,10880.0,0.18,1958.3999999999999,12838.4,,4,1013283395,2026-01-29 00:00:00,0.0,0.0,0.0,0.0,0.0,0.0,0.0,0.0,0.0,10635.2,0.0,0.0,,,,,,,10635.2,1,244.79999999999927,0.0,0.0,5.0,0.0
1649.0,2026-01-01,2182496,Bhubaneswar,NIRANJAN DAS,G M IRON & STEEL COMPANY LIMITED,THEJAHL0T00000102,ZX470H,,101259303.0,2026-01-24 00:00:00,2026-01-24 00:00:00,1873458,MAINTENANCE,4654745,HYDRAULIC TANK FILTER,1.0,11801,11801.0,0.0,11801.0,0.18,2124.18,13925.18,,1,1013283395,2026-01-29 00:00:00,0.0,0.0,0.0,0.0,0.0,0.0,0.0,0.0,0.0,11535.35,0.0,0.0,,,,,,,11535.35,1,265.64999999999964,0.0,0.0,5.0,0.0
1650.0,2026-01-01,2182496,Bhubaneswar,NIRANJAN DAS,G M IRON & STEEL COMPANY LIMITED,THEJAHL0T00000102,ZX470H,,101259303.0,2026-01-24 00:00:00,2026-01-24 00:00:00,1873458,MAINTENANCE,4630525,PILOT FILTER,1.0,3046,3046.0,0.0,3046.0,0.18,548.28,3594.2799999999997,,1,1013283395,2026-01-29 00:00:00,0.0,0.0,0.0,0.0,0.0,0.0,0.0,0.0,0.0,2977.47,0.0,0.0,,,,,,,2977.47,1,68.5300000000002,0.0,0.0,5.0,0.0
1651.0,2026-01-01,2182496,Bhubaneswar,NIRANJAN DAS,G M IRON & STEEL COMPANY LIMITED,THEJAHL0T00000102,ZX470H,,101259303.0,2026-01-24 00:00:00,2026-01-24 00:00:00,1873458,MAINTENANCE,4363399,PUMP DRAIN FILTER,1.0,4349,4349.0,0.0,4349.0,0.18,782.8199999999999,5131.82,,,,,0.0,0.0,0.0,0.0,0.0,0.0,0.0,0.0,0.0,0.0,0.0,0.0,,,,,,,0.0,0,4349.0,0.0,0.0,,4349.0
1652.0,2026-01-01,2182496,Bhubaneswar,NIRANJAN DAS,G M IRON & STEEL COMPANY LIMITED,THEJAHL0T00000102,ZX470H,,101259303.0,2026-01-24 00:00:00,2026-01-24 00:00:00,1873458,MAINTENANCE,1209163,AIR FILTER OUTER,2.0,11828,23656.0,0.0,23656.0,0.18,4258.08,27914.08,,2,1013285248,2026-02-28 00:00:00,0.0,0.0,0.0,0.0,0.0,0.0,0.0,0.0,0.0,0.0,17742.0,0.0,,,,,,,17742.0,1,5914.0,0.0,0.0,35.0,0.0
1653.0,2026-01-01,2182496,Bhubaneswar,NIRANJAN DAS,G M IRON & STEEL COMPANY LIMITED,THEJAHL0T00000102,ZX470H,,101259303.0,2026-01-24 00:00:00,2026-01-24 00:00:00,1873458,MAINTENANCE,1105353,AIR FILTER INNER,1.0,6862,6862.0,0.0,6862.0,0.18,1235.1599999999999,8097.16,,1,1013283395,2026-01-29 00:00:00,0.0,0.0,0.0,0.0,0.0,0.0,0.0,0.0,0.0,0.0,6882.45,0.0,,,,,,,6882.45,1,0.0,0.0,0.0,5.0,0.0
1654.0,2026-01-01,2182496,Bhubaneswar,NIRANJAN DAS,G M IRON & STEEL COMPANY LIMITED,THEJAHL0T00000102,ZX470H,,101259303.0,2026-01-24 00:00:00,2026-01-24 00:00:00,1873459,PLANNING,113671-4730,FAN BELT,1.0,14327,14327.0,0.0,14327.0,0.18,2578.86,16905.86,,,,,0.0,0.0,0.0,0.0,0.0,0.0,0.0,0.0,0.0,0.0,0.0,0.0,,,,,,,0.0,0,14327.0,0.0,0.0,,14327.0
1655.0,2026-01-01,2182495,Bhubaneswar,NIRANJAN DAS,G M IRON & STEEL COMPANY LIMITED,THEJAHL0C00000096,ZX470H,,101259303.0,2026-01-24 00:00:00,2026-01-24 00:00:00,1873317,EMERGENCY,4653042,SEAL KIT BUCKET,1.0,38202,38202.0,0.0,38202.0,0.18,6876.36,45078.36,,,,,0.0,0.0,0.0,0.0,0.0,0.0,0.0,0.0,0.0,0.0,0.0,0.0,,,,,,,0.0,0,38202.0,0.0,0.0,,38202.0
1656.0,2026-01-01,2182495,Bhubaneswar,NIRANJAN DAS,G M IRON & STEEL COMPANY LIMITED,THEJAHL0C00000096,ZX470H,,101259303.0,2026-01-24 00:00:00,2026-01-24 00:00:00,1873317,EMERGENCY,972106,RING,2.0,4942,9884.0,0.0,9884.0,0.18,1779.12,11663.119999999999,,,,,0.0,0.0,0.0,0.0,0.0,0.0,0.0,0.0,0.0,0.0,0.0,0.0,,,,,,,0.0,0,9884.0,0.0,0.0,,9884.0
1657.0,2026-01-01,2182495,Bhubaneswar,NIRANJAN DAS,G M IRON & STEEL COMPANY LIMITED,THEJAHL0C00000096,ZX470H,,101259303.0,2026-01-24 00:00:00,2026-01-24 00:00:00,1873317,EMERGENCY,259307,RING SLIDE,2.0,5446,10892.0,0.0,10892.0,0.18,1960.56,12852.56,,,,,0.0,0.0,0.0,0.0,0.0,0.0,0.0,0.0,0.0,0.0,0.0,0.0,,,,,,,0.0,0,10892.0,0.0,0.0,,10892.0
1658.0,2026-01-01,2182495,Bhubaneswar,NIRANJAN DAS,G M IRON & STEEL COMPANY LIMITED,THEJAHL0C00000096,ZX470H,,101259303.0,2026-01-24 00:00:00,2026-01-24 00:00:00,1873317,EMERGENCY,4150804,CAP,1.0,6694,6694.0,0.0,6694.0,0.18,1204.9199999999998,7898.92,,,,,0.0,0.0,0.0,0.0,0.0,0.0,0.0,0.0,0.0,0.0,0.0,0.0,,,,,,,0.0,0,6694.0,0.0,0.0,,6694.0
1659.0,2026-01-01,2182495,Bhubaneswar,NIRANJAN DAS,G M IRON & STEEL COMPANY LIMITED,THEJAHL0C00000096,ZX470H,,101259303.0,2026-01-24 00:00:00,2026-01-24 00:00:00,1873317,EMERGENCY,4343365,RING,1.0,993,993.0,0.0,993.0,0.18,178.73999999999998,1171.74,,,,,0.0,0.0,0.0,0.0,0.0,0.0,0.0,0.0,0.0,0.0,0.0,0.0,,,,,,,0.0,0,993.0,0.0,0.0,,993.0
1660.0,2026-01-01,2182495,Bhubaneswar,NIRANJAN DAS,G M IRON & STEEL COMPANY LIMITED,THEJAHL0C00000096,ZX470H,,101259303.0,2026-01-24 00:00:00,2026-01-24 00:00:00,1873352,MAINTENANCE,4078360,PRIMARY FUEL FILTER,4.0,1352,5408.0,0.0,5408.0,0.18,973.4399999999999,6381.44,,4,1013285248,2026-02-28 00:00:00,0.0,0.0,0.0,0.0,0.0,0.0,0.0,0.0,0.0,0.0,4056.0,0.0,,,,,,,4056.0,1,1352.0,0.0,0.0,35.0,0.0
1661.0,2026-01-01,2182495,Bhubaneswar,NIRANJAN DAS,G M IRON & STEEL COMPANY LIMITED,THEJAHL0C00000096,ZX470H,,101259303.0,2026-01-24 00:00:00,2026-01-24 00:00:00,1873352,MAINTENANCE,4616864,FUEL FILTER,4.0,2351,9404.0,0.0,9404.0,0.18,1692.72,11096.72,,2,1013283397,2026-01-29 00:00:00,0.0,0.0,0.0,0.0,0.0,0.0,0.0,0.0,0.0,4596.8,0.0,0.0,,,,,,,4596.8,1,4807.2,0.0,0.0,5.0,0.0
1662.0,2026-01-01,2182495,Bhubaneswar,NIRANJAN DAS,G M IRON & STEEL COMPANY LIMITED,THEJAHL0C00000096,ZX470H,,101259303.0,2026-01-24 00:00:00,2026-01-24 00:00:00,1873352,MAINTENANCE,YA00058283,ENGINE OIL FILTER,4.0,2720,10880.0,0.0,10880.0,0.18,1958.3999999999999,12838.4,,4,1013283397,2026-01-29 00:00:00,0.0,0.0,0.0,0.0,0.0,0.0,0.0,0.0,0.0,10635.2,0.0,0.0,,,,,,,10635.2,1,244.79999999999927,0.0,0.0,5.0,0.0
1663.0,2026-01-01,2182495,Bhubaneswar,NIRANJAN DAS,G M IRON & STEEL COMPANY LIMITED,THEJAHL0C00000096,ZX470H,,101259303.0,2026-01-24 00:00:00,2026-01-24 00:00:00,1873352,MAINTENANCE,4654745,HYDRAULIC TANK FILTER,1.0,11801,11801.0,0.0,11801.0,0.18,2124.18,13925.18,,1,1013285248,2026-02-28 00:00:00,0.0,0.0,0.0,0.0,0.0,0.0,0.0,0.0,0.0,0.0,8850.75,0.0,,,,,,,8850.75,1,2950.25,0.0,0.0,35.0,0.0
1664.0,2026-01-01,2182495,Bhubaneswar,NIRANJAN DAS,G M IRON & STEEL COMPANY LIMITED,THEJAHL0C00000096,ZX470H,,101259303.0,2026-01-24 00:00:00,2026-01-24 00:00:00,1873352,MAINTENANCE,4630525,PILOT FILTER,1.0,3046,3046.0,0.0,3046.0,0.18,548.28,3594.2799999999997,,1,1013283395,2026-01-29 00:00:00,0.0,0.0,0.0,0.0,0.0,0.0,0.0,0.0,0.0,2977.465,0.0,0.0,,,,,,,2977.465,1,68.53499999999985,0.0,0.0,5.0,0.0
1665.0,2026-01-01,2182495,Bhubaneswar,NIRANJAN DAS,G M IRON & STEEL COMPANY LIMITED,THEJAHL0C00000096,ZX470H,,101259303.0,2026-01-24 00:00:00,2026-01-24 00:00:00,1873352,MAINTENANCE,4363399,PUMP DRAIN FILTER,1.0,4349,4349.0,0.0,4349.0,0.18,782.8199999999999,5131.82,,,,,0.0,0.0,0.0,0.0,0.0,0.0,0.0,0.0,0.0,0.0,0.0,0.0,,,,,,,0.0,0,4349.0,0.0,0.0,,4349.0
1666.0,2026-01-01,2182495,Bhubaneswar,NIRANJAN DAS,G M IRON & STEEL COMPANY LIMITED,THEJAHL0C00000096,ZX470H,,101259303.0,2026-01-24 00:00:00,2026-01-24 00:00:00,1873352,MAINTENANCE,1209163,AIR FILTER OUTER,1.0,11828,11828.0,0.0,11828.0,0.18,2129.04,13957.04,,1,1013283395,2026-01-29 00:00:00,0.0,0.0,0.0,0.0,0.0,0.0,0.0,0.0,0.0,11561.7,0.0,0.0,,,,,,,11561.7,1,266.2999999999993,0.0,0.0,5.0,0.0
1667.0,2026-01-01,2182495,Bhubaneswar,NIRANJAN DAS,G M IRON & STEEL COMPANY LIMITED,THEJAHL0C00000096,ZX470H,,101259303.0,2026-01-24 00:00:00,2026-01-24 00:00:00,1873352,MAINTENANCE,1105353,AIR FILTER INNER,1.0,6862,6862.0,0.0,6862.0,0.18,1235.1599999999999,8097.16,,1,1013285252,2026-02-28 00:00:00,0.0,0.0,0.0,0.0,0.0,0.0,0.0,0.0,0.0,0.0,5146.5,0.0,,,,,,,5146.5,1,1715.5,0.0,0.0,35.0,0.0
1668.0,2026-01-01,2182495,Bhubaneswar,NIRANJAN DAS,G M IRON & STEEL COMPANY LIMITED,THEJAHL0C00000096,ZX470H,,101259303.0,2026-01-24 00:00:00,2026-01-24 00:00:00,1873359,PLANNING,113671-4730,FAN BELT,1.0,14327,14327.0,0.0,14327.0,0.18,2578.86,16905.86,,,,,0.0,0.0,0.0,0.0,0.0,0.0,0.0,0.0,0.0,0.0,0.0,0.0,,,,,,,0.0,0,14327.0,0.0,0.0,,14327.0
1669.0,2026-01-01,2182089,Bhubaneswar,ROSHAN KUMAR,THRIVENI EARTHMOVERS PVT LTD,THEJAHL0C00000493,ZX470H,,27868.0,2026-01-27 00:00:00,2026-01-29 00:00:00,1878804,EMERGENCY,898000‐7882,"HOSE; RUBBER,AIR",1.0,14450,14450.0,0.2,11560.0,0.18,2080.7999999999997,13640.8,,,,,0.0,0.0,0.0,0.0,0.0,0.0,0.0,0.0,0.0,0.0,0.0,0.0,,,,,,,0.0,0,14450.0,2890.0,2.0,,14450.0
1670.0,2026-01-01,2182089,Bhubaneswar,ROSHAN KUMAR,THRIVENI EARTHMOVERS PVT LTD,THEJAHL0C00000493,ZX470H,,27868.0,2026-01-27 00:00:00,2026-01-29 00:00:00,1878804,EMERGENCY,4183995,CUSHION,4.0,1619,6476.0,0.2,5180.8,0.18,932.544,6113.344,,4,1013285235,2026-02-28 00:00:00,0.0,0.0,0.0,0.0,0.0,0.0,0.0,0.0,0.0,0.0,40460.0,0.0,,,,,,,40460.0,1,0.0,1295.1999999999998,2.0,30.0,0.0
1671.0,2026-01-01,2182089,Bhubaneswar,ROSHAN KUMAR,THRIVENI EARTHMOVERS PVT LTD,THEJAHL0C00000493,ZX470H,,27868.0,2026-01-27 00:00:00,2026-01-29 00:00:00,1878804,EMERGENCY,957366,O-RING;CAP,18.0,138,2484.0,0.2,1987.2,0.18,357.69599999999997,2344.896,,,,,0.0,0.0,0.0,0.0,0.0,0.0,0.0,0.0,0.0,0.0,0.0,0.0,,,,,,,0.0,0,2484.0,496.79999999999995,2.0,,2484.0
1672.0,2026-01-01,2182089,Bhubaneswar,ROSHAN KUMAR,THRIVENI EARTHMOVERS PVT LTD,THEJAHL0C00000493,ZX470H,,27868.0,2026-01-27 00:00:00,2026-01-29 00:00:00,1878829,MAINTENANCE,4078360,PRIMARY FUEL FILTER,10.0,1352,13520.0,0.2,10816.0,0.18,1946.8799999999999,12762.88,,10,1013282392,2026-01-09 00:00:00,0.0,0.0,0.0,0.0,0.0,0.0,0.0,0.0,0.0,10140.0,0.0,0.0,,,,,,,10140.0,1,3380.0,2704.0,2.0,,0.0
1673.0,2026-01-01,2182089,Bhubaneswar,ROSHAN KUMAR,THRIVENI EARTHMOVERS PVT LTD,THEJAHL0C00000493,ZX470H,,27868.0,2026-01-27 00:00:00,2026-01-29 00:00:00,1878829,MAINTENANCE,4616864,FUEL FILTER,15.0,2351,35265.0,0.2,28212.0,0.18,5078.16,33290.16,,15,1013282392,2026-01-09 00:00:00,0.0,0.0,0.0,0.0,0.0,0.0,0.0,0.0,0.0,26448.75,0.0,0.0,,,,,,,26448.75,1,8816.25,7053.0,2.0,,0.0
1674.0,2026-01-01,2182089,Bhubaneswar,ROSHAN KUMAR,THRIVENI EARTHMOVERS PVT LTD,THEJAHL0C00000493,ZX470H,,27868.0,2026-01-27 00:00:00,2026-01-29 00:00:00,1878829,MAINTENANCE,YA00058283,ENGINE OIL FILTER,20.0,2720,54400.0,0.2,43520.0,0.18,7833.599999999999,51353.6,,20,1013286429,2026-03-25 00:00:00,0.0,0.0,0.0,0.0,0.0,0.0,0.0,0.0,0.0,0.0,0.0,40800.0,,,,,,,40800.0,1,13600.0,10880.0,2.0,55.0,0.0
1675.0,2026-01-01,2182089,Bhubaneswar,ROSHAN KUMAR,THRIVENI EARTHMOVERS PVT LTD,THEJAHL0C00000493,ZX470H,,27868.0,2026-01-27 00:00:00,2026-01-29 00:00:00,1878829,MAINTENANCE,4630525,PILOT FILTER,6.0,3046,18276.0,0.2,14620.8,0.18,2631.7439999999997,17252.543999999998,,6,1013282392,2026-01-09 00:00:00,0.0,0.0,0.0,0.0,0.0,0.0,0.0,0.0,0.0,13707.0,0.0,0.0,,,,,,,13707.0,1,4569.0,3655.2000000000007,2.0,,0.0
1676.0,2026-01-01,2182089,Bhubaneswar,ROSHAN KUMAR,THRIVENI EARTHMOVERS PVT LTD,THEJAHL0C00000493,ZX470H,,27868.0,2026-01-27 00:00:00,2026-01-29 00:00:00,1878829,MAINTENANCE,4654745,HYDRAULIC TANK FILTER,6.0,11801,70806.0,0.2,56644.8,0.18,10196.064,66840.864,,6,1013285248,2026-02-28 00:00:00,0.0,0.0,0.0,0.0,0.0,0.0,0.0,0.0,0.0,0.0,53104.5,0.0,,,,,,,53104.5,1,17701.5,14161.199999999997,2.0,30.0,0.0
1677.0,2026-01-01,2182089,Bhubaneswar,ROSHAN KUMAR,THRIVENI EARTHMOVERS PVT LTD,THEJAHL0C00000493,ZX470H,,27868.0,2026-01-27 00:00:00,2026-01-29 00:00:00,1878829,MAINTENANCE,4317008,HYD SUCTION FILTER,8.0,17391,139128.0,0.2,111302.4,0.18,20034.431999999997,131336.832,,,,,0.0,0.0,0.0,0.0,0.0,0.0,0.0,0.0,0.0,0.0,0.0,0.0,,,,,,,0.0,0,139128.0,27825.600000000006,2.0,,139128.0
1678.0,2026-01-01,2182089,Bhubaneswar,ROSHAN KUMAR,THRIVENI EARTHMOVERS PVT LTD,THEJAHL0C00000493,ZX470H,,27868.0,2026-01-27 00:00:00,2026-01-29 00:00:00,1878829,MAINTENANCE,4363399,PUMP DRAIN FILTER,6.0,4349,26094.0,0.2,20875.2,0.18,3757.536,24632.736,,,,,0.0,0.0,0.0,0.0,0.0,0.0,0.0,0.0,0.0,0.0,0.0,0.0,,,,,,,0.0,0,26094.0,5218.799999999999,2.0,,26094.0
1679.0,2026-01-01,2182089,Bhubaneswar,ROSHAN KUMAR,THRIVENI EARTHMOVERS PVT LTD,THEJAHL0C00000493,ZX470H,,27868.0,2026-01-27 00:00:00,2026-01-29 00:00:00,1878829,MAINTENANCE,1105353,AIR FILTER INNER,5.0,6862,34310.0,0.2,27448.0,0.18,4940.639999999999,32388.64,,5,1013285252,2026-02-28 00:00:00,0.0,0.0,0.0,0.0,0.0,0.0,0.0,0.0,0.0,0.0,25732.5,0.0,,,,,,,25732.5,1,8577.5,6862.0,2.0,30.0,0.0
1680.0,2026-01-01,2182089,Bhubaneswar,ROSHAN KUMAR,THRIVENI EARTHMOVERS PVT LTD,THEJAHL0C00000493,ZX470H,,27868.0,2026-01-27 00:00:00,2026-01-29 00:00:00,1878829,MAINTENANCE,1209163,AIR FILTER OUTER,5.0,11828,59140.0,0.2,47312.0,0.18,8516.16,55828.16,,5,1013285248,2026-02-28 00:00:00,0.0,0.0,0.0,0.0,0.0,0.0,0.0,0.0,0.0,0.0,44355.0,0.0,,,,,,,44355.0,1,14785.0,11828.0,2.0,30.0,0.0
1681.0,2026-01-01,2182089,Bhubaneswar,ROSHAN KUMAR,THRIVENI EARTHMOVERS PVT LTD,THEJAHL0C00000493,ZX470H,,27868.0,2026-01-27 00:00:00,2026-01-29 00:00:00,1878829,MAINTENANCE,4437838,AIR BREATHER FILTER,6.0,1695,10170.0,0.2,8136.0,0.18,1464.48,9600.48,,6,1013282392,2026-01-09 00:00:00,0.0,0.0,0.0,0.0,0.0,0.0,0.0,0.0,0.0,7627.5,0.0,0.0,,,,,,,7627.5,1,2542.5,2034.0,2.0,,0.0
1682.0,2026-01-01,2182089,Bhubaneswar,ROSHAN KUMAR,THRIVENI EARTHMOVERS PVT LTD,THEJAHL0C00000493,ZX470H,,27868.0,2026-01-27 00:00:00,2026-01-29 00:00:00,1878829,MAINTENANCE,YA00001490,AC FILTER,5.0,4607,23035.0,0.2,18428.0,0.18,3317.04,21745.04,,3,1013286484,2026-03-25 00:00:00,0.0,0.0,0.0,0.0,0.0,0.0,0.0,0.0,0.0,0.0,0.0,10365.75,,,,,,,10365.75,1,12669.25,4607.0,2.0,55.0,0.0
1683.0,2026-01-01,2182089,Bhubaneswar,ROSHAN KUMAR,THRIVENI EARTHMOVERS PVT LTD,THEJAHL0C00000493,ZX470H,,27868.0,2026-01-27 00:00:00,2026-01-29 00:00:00,1878829,MAINTENANCE,4632689,CIRCULATING AIR FILTER AC,5.0,3846,19230.0,0.2,15384.0,0.18,2769.12,18153.12,,,,,0.0,0.0,0.0,0.0,0.0,0.0,0.0,0.0,0.0,0.0,0.0,0.0,,,,,,,0.0,0,19230.0,3846.0,2.0,,19230.0
1684.0,2026-01-01,2182089,Bhubaneswar,ROSHAN KUMAR,THRIVENI EARTHMOVERS PVT LTD,THEJAHL0C00000493,ZX470H,,27868.0,2026-01-27 00:00:00,2026-01-29 00:00:00,1878829,PLANNING,113671-4730,FAN BELT,1.0,14327,14327.0,0.2,11461.6,0.18,2063.088,13524.688,,,,,0.0,0.0,0.0,0.0,0.0,0.0,0.0,0.0,0.0,0.0,0.0,0.0,,,,,,,0.0,0,14327.0,2865.3999999999996,2.0,,14327.0
1685.0,2026-02-01,2236107,Bhubaneswar,ROSHAN KUMAR,THRIVENI EARTHMOVERS PVT LTD,0ACG-000255 ,ZX650H,,27868.0,2026-02-07 00:00:00,2026-02-16 00:00:00,1901408,EMERGENCY,171809,O RING,18.0,1619,29142.0,0.2,23313.6,0.18,4196.447999999999,27510.048,,,,,0.0,0.0,0.0,0.0,0.0,0.0,0.0,0.0,0.0,0.0,0.0,0.0,,,,,,,0.0,0,29142.0,5828.4000000000015,9.0,,29142.0
1686.0,2026-02-01,2236107,Bhubaneswar,ROSHAN KUMAR,THRIVENI EARTHMOVERS PVT LTD,0ACG-000255 ,ZX650H,,27868.0,2026-02-07 00:00:00,2026-02-16 00:00:00,1901408,EMERGENCY,9227387,CONTROLLER,1.0,368565,368565.0,0.2,294852.0,0.18,53073.36,347925.36,,,,,0.0,0.0,0.0,0.0,0.0,0.0,0.0,0.0,0.0,0.0,0.0,0.0,,,,,,,0.0,0,368565.0,73713.0,9.0,,368565.0
1687.0,2026-02-01,2236107,Bhubaneswar,ROSHAN KUMAR,THRIVENI EARTHMOVERS PVT LTD,0ACG-000255 ,ZX650H,,27868.0,2026-02-07 00:00:00,2026-02-16 00:00:00,1901408,EMERGENCY,TB00715,SWING BEARING,1.0,1810581,1810581.0,0.2,1448464.8,0.18,260723.664,1709188.4640000002,,,,,0.0,0.0,0.0,0.0,0.0,0.0,0.0,0.0,0.0,0.0,0.0,0.0,,,,,,,0.0,0,1810581.0,362116.19999999995,9.0,,1810581.0
1688.0,2026-02-01,2236107,Bhubaneswar,ROSHAN KUMAR,THRIVENI EARTHMOVERS PVT LTD,0ACG-000255 ,ZX650H,,27868.0,2026-02-07 00:00:00,2026-02-16 00:00:00,1901621,MAINTENANCE,YA00058283,ENGINE OIL FILTER,2.0,2720,5440.0,0.2,4352.0,0.18,783.36,5135.36,,2,1013286429,2026-03-25 00:00:00,0.0,0.0,0.0,0.0,0.0,0.0,0.0,0.0,0.0,0.0,0.0,4080.0,,,,,,,4080.0,1,1360.0,1088.0,9.0,37.0,0.0
1689.0,2026-02-01,2236107,Bhubaneswar,ROSHAN KUMAR,THRIVENI EARTHMOVERS PVT LTD,0ACG-000255 ,ZX650H,,27868.0,2026-02-07 00:00:00,2026-02-16 00:00:00,1901621,MAINTENANCE,4078360,PRIMARY FUEL FILTER,1.0,1352,1352.0,0.2,1081.6,0.18,194.688,1276.288,,1,1013285248,2026-02-28 00:00:00,0.0,0.0,0.0,0.0,0.0,0.0,0.0,0.0,0.0,0.0,1014.0,0.0,,,,,,,1014.0,1,338.0,270.4000000000001,9.0,12.0,0.0
1690.0,2026-02-01,2236107,Bhubaneswar,ROSHAN KUMAR,THRIVENI EARTHMOVERS PVT LTD,0ACG-000255 ,ZX650H,,27868.0,2026-02-07 00:00:00,2026-02-16 00:00:00,1901621,MAINTENANCE,4616864,FUEL FILTER,1.0,2351,2351.0,0.2,1880.8,0.18,338.544,2219.344,,1,1013285248,2026-02-28 00:00:00,0.0,0.0,0.0,0.0,0.0,0.0,0.0,0.0,0.0,0.0,1763.25,0.0,,,,,,,1763.25,1,587.75,470.20000000000005,9.0,12.0,0.0
1691.0,2026-02-01,2236107,Bhubaneswar,ROSHAN KUMAR,THRIVENI EARTHMOVERS PVT LTD,0ACG-000255 ,ZX650H,,27868.0,2026-02-07 00:00:00,2026-02-16 00:00:00,1901621,MAINTENANCE,1105353,AIR FILTER INNER,1.0,6862,6862.0,0.2,5489.6,0.18,988.128,6477.728,,1,1013285252,2026-02-28 00:00:00,0.0,0.0,0.0,0.0,0.0,0.0,0.0,0.0,0.0,0.0,5146.5,0.0,,,,,,,5146.5,1,1715.5,1372.3999999999996,9.0,12.0,0.0
1692.0,2026-02-01,2236107,Bhubaneswar,ROSHAN KUMAR,THRIVENI EARTHMOVERS PVT LTD,0ACG-000255 ,ZX650H,,27868.0,2026-02-07 00:00:00,2026-02-16 00:00:00,1901621,MAINTENANCE,1209163,AIR FILTER OUTER,1.0,11828,11828.0,0.2,9462.4,0.18,1703.232,11165.632,,1,1013285248,2026-02-28 00:00:00,0.0,0.0,0.0,0.0,0.0,0.0,0.0,0.0,0.0,0.0,8871.0,0.0,,,,,,,8871.0,1,2957.0,2365.6000000000004,9.0,12.0,0.0
1693.0,2026-02-01,2236107,Bhubaneswar,ROSHAN KUMAR,THRIVENI EARTHMOVERS PVT LTD,0ACG-000255 ,ZX650H,,27868.0,2026-02-07 00:00:00,2026-02-16 00:00:00,1901622,PLANNING,113671-4730,FAN BELT,1.0,14327,14327.0,0.2,11461.6,0.18,2063.088,13524.688,,,,,0.0,0.0,0.0,0.0,0.0,0.0,0.0,0.0,0.0,0.0,0.0,0.0,,,,,,,0.0,0,14327.0,2865.3999999999996,9.0,,14327.0
1694.0,2026-02-01,2236216,Bhubaneswar,ROSHAN KUMAR,THRIVENI EARTHMOVERS PVT LTD,THEJAHL0H00000600 ,ZX470H,,27868.0,2026-02-06 00:00:00,2026-02-16 00:00:00,1901268,EMERGENCY,451033,O RING ,2.0,651,1302.0,0.2,1041.6,0.18,187.48799999999997,1229.088,,,,,0.0,0.0,0.0,0.0,0.0,0.0,0.0,0.0,0.0,0.0,0.0,0.0,,,,,,,0.0,0,1302.0,260.4000000000001,10.0,,1302.0
1695.0,2026-02-01,2236216,Bhubaneswar,ROSHAN KUMAR,THRIVENI EARTHMOVERS PVT LTD,THEJAHL0H00000600 ,ZX470H,,27868.0,2026-02-06 00:00:00,2026-02-16 00:00:00,1901268,EMERGENCY,451037,RING BACK UP,2.0,1039,2078.0,0.2,1662.4,0.18,299.232,1961.632,,,,,0.0,0.0,0.0,0.0,0.0,0.0,0.0,0.0,0.0,0.0,0.0,0.0,,,,,,,0.0,0,2078.0,415.5999999999999,10.0,,2078.0
1696.0,2026-02-01,2236216,Bhubaneswar,ROSHAN KUMAR,THRIVENI EARTHMOVERS PVT LTD,THEJAHL0H00000600 ,ZX470H,,27868.0,2026-02-06 00:00:00,2026-02-16 00:00:00,1901268,EMERGENCY,171809,O RING,18.0,1619,29142.0,0.2,23313.6,0.18,4196.447999999999,27510.048,,,,,0.0,0.0,0.0,0.0,0.0,0.0,0.0,0.0,0.0,0.0,0.0,0.0,,,,,,,0.0,0,29142.0,5828.4000000000015,10.0,,29142.0
1697.0,2026-02-01,2236216,Bhubaneswar,ROSHAN KUMAR,THRIVENI EARTHMOVERS PVT LTD,THEJAHL0H00000600 ,ZX470H,,27868.0,2026-02-06 00:00:00,2026-02-16 00:00:00,1901401,MAINTENANCE,YA00058283,ENGINE OIL FILTER,2.0,2720,5440.0,0.2,4352.0,0.18,783.36,5135.36,,2,1013286429,2026-03-25 00:00:00,0.0,0.0,0.0,0.0,0.0,0.0,0.0,0.0,0.0,0.0,0.0,4080.0,,,,,,,4080.0,1,1360.0,1088.0,10.0,37.0,0.0
1698.0,2026-02-01,2236216,Bhubaneswar,ROSHAN KUMAR,THRIVENI EARTHMOVERS PVT LTD,THEJAHL0H00000600 ,ZX470H,,27868.0,2026-02-06 00:00:00,2026-02-16 00:00:00,1901401,MAINTENANCE,4078360,PRIMARY FUEL FILTER,1.0,1352,1352.0,0.2,1081.6,0.18,194.688,1276.288,,1,1013285248,2026-02-28 00:00:00,0.0,0.0,0.0,0.0,0.0,0.0,0.0,0.0,0.0,0.0,1014.0,0.0,,,,,,,1014.0,1,338.0,270.4000000000001,10.0,12.0,0.0
1699.0,2026-02-01,2236216,Bhubaneswar,ROSHAN KUMAR,THRIVENI EARTHMOVERS PVT LTD,THEJAHL0H00000600 ,ZX470H,,27868.0,2026-02-06 00:00:00,2026-02-16 00:00:00,1901401,MAINTENANCE,4616864,FUEL FILTER,1.0,2351,2351.0,0.2,1880.8,0.18,338.544,2219.344,,1,1013285248,2026-02-28 00:00:00,0.0,0.0,0.0,0.0,0.0,0.0,0.0,0.0,0.0,0.0,1763.25,0.0,,,,,,,1763.25,1,587.75,470.20000000000005,10.0,12.0,0.0
1700.0,2026-02-01,2236216,Bhubaneswar,ROSHAN KUMAR,THRIVENI EARTHMOVERS PVT LTD,THEJAHL0H00000600 ,ZX470H,,27868.0,2026-02-06 00:00:00,2026-02-16 00:00:00,1901401,MAINTENANCE,1209163,AIR FILTER OUTER,1.0,11828,11828.0,0.2,9462.4,0.18,1703.232,11165.632,,1,1013285248,2026-02-28 00:00:00,0.0,0.0,0.0,0.0,0.0,0.0,0.0,0.0,0.0,0.0,8871.0,0.0,,,,,,,8871.0,1,2957.0,2365.6000000000004,10.0,12.0,0.0
1701.0,2026-02-01,2236216,Bhubaneswar,ROSHAN KUMAR,THRIVENI EARTHMOVERS PVT LTD,THEJAHL0H00000600 ,ZX470H,,27868.0,2026-02-06 00:00:00,2026-02-16 00:00:00,1901401,MAINTENANCE,1105353,AIR FILTER INNER,1.0,6862,6862.0,0.2,5489.6,0.18,988.128,6477.728,,1,1013285252,2026-02-28 00:00:00,0.0,0.0,0.0,0.0,0.0,0.0,0.0,0.0,0.0,0.0,5146.5,0.0,,,,,,,5146.5,1,1715.5,1372.3999999999996,10.0,12.0,0.0
1702.0,2026-02-01,2236216,Bhubaneswar,ROSHAN KUMAR,THRIVENI EARTHMOVERS PVT LTD,THEJAHL0H00000600 ,ZX470H,,27868.0,2026-02-06 00:00:00,2026-02-16 00:00:00,1901404,PLANNING,113671-4730,FAN BELT,1.0,14327,14327.0,0.2,11461.6,0.18,2063.088,13524.688,,,,,0.0,0.0,0.0,0.0,0.0,0.0,0.0,0.0,0.0,0.0,0.0,0.0,,,,,,,0.0,0,14327.0,2865.3999999999996,10.0,,14327.0
1703.0,2026-02-01,2236215,Bhubaneswar,ROSHAN KUMAR,KHATAU LILADHAR THACKER,THENEKL11JN0000012,ZW225,,1023279.0,2026-02-14 00:00:00,2026-02-16 00:00:00,1901773,EMERGENCY,1901773,PIN,1.0,12395,12395.0,0.12,10907.6,0.18,1963.368,12870.968,,,,,0.0,0.0,0.0,0.0,0.0,0.0,0.0,0.0,0.0,0.0,0.0,0.0,,,,,,,0.0,0,12395.0,1487.3999999999996,2.0,,12395.0
1704.0,2026-02-01,2236215,Bhubaneswar,ROSHAN KUMAR,KHATAU LILADHAR THACKER,THENEKL11JN0000012,ZW225,,1023279.0,2026-02-14 00:00:00,2026-02-16 00:00:00,1901773,EMERGENCY,TD66122,PIN,2.0,6373,12746.0,0.12,11216.48,0.18,2018.9663999999998,13235.446399999999,,,,,0.0,0.0,0.0,0.0,0.0,0.0,0.0,0.0,0.0,0.0,0.0,0.0,,,,,,,0.0,0,12746.0,1529.5200000000004,2.0,,12746.0
1705.0,2026-02-01,2236215,Bhubaneswar,ROSHAN KUMAR,KHATAU LILADHAR THACKER,THENEKL11JN0000012,ZW225,,1023279.0,2026-02-14 00:00:00,2026-02-16 00:00:00,1901773,EMERGENCY,TD66116,PIN,1.0,6581,6581.0,0.12,5791.28,0.18,1042.4304,6833.7104,,,,,0.0,0.0,0.0,0.0,0.0,0.0,0.0,0.0,0.0,0.0,0.0,0.0,,,,,,,0.0,0,6581.0,789.7200000000003,2.0,,6581.0
1706.0,2026-02-01,2236215,Bhubaneswar,ROSHAN KUMAR,KHATAU LILADHAR THACKER,THENEKL11JN0000012,ZW225,,1023279.0,2026-02-14 00:00:00,2026-02-16 00:00:00,1901773,EMERGENCY,2668872061,O RING,6.0,2397,14382.0,0.12,12656.16,0.18,2278.1088,14934.2688,,,,,0.0,0.0,0.0,0.0,0.0,0.0,0.0,0.0,0.0,0.0,0.0,0.0,,,,,,,0.0,0,14382.0,1725.8400000000001,2.0,,14382.0
1707.0,2026-02-01,2236215,Bhubaneswar,ROSHAN KUMAR,KHATAU LILADHAR THACKER,THENEKL11JN0000012,ZW225,,1023279.0,2026-02-14 00:00:00,2026-02-16 00:00:00,1901773,EMERGENCY,TE66652,BUSH,2.0,4997,9994.0,0.12,8794.72,0.18,1583.0495999999998,10377.7696,,,,,0.0,0.0,0.0,0.0,0.0,0.0,0.0,0.0,0.0,0.0,0.0,0.0,,,,,,,0.0,0,9994.0,1199.2800000000007,2.0,,9994.0
1708.0,2026-02-01,2236215,Bhubaneswar,ROSHAN KUMAR,KHATAU LILADHAR THACKER,THENEKL11JN0000012,ZW225,,1023279.0,2026-02-14 00:00:00,2026-02-16 00:00:00,1901773,EMERGENCY,TE66653,BUSH,2.0,5002,10004.0,0.12,8803.52,0.18,1584.6336000000001,10388.153600000001,,,,,0.0,0.0,0.0,0.0,0.0,0.0,0.0,0.0,0.0,0.0,0.0,0.0,,,,,,,0.0,0,10004.0,1200.4799999999996,2.0,,10004.0
1709.0,2026-02-01,2236215,Bhubaneswar,ROSHAN KUMAR,KHATAU LILADHAR THACKER,THENEKL11JN0000012,ZW225,,1023279.0,2026-02-14 00:00:00,2026-02-16 00:00:00,1901773,EMERGENCY,TE66650,BUSH,2.0,6619,13238.0,0.12,11649.44,0.18,2096.8992,13746.3392,,,,,0.0,0.0,0.0,0.0,0.0,0.0,0.0,0.0,0.0,0.0,0.0,0.0,,,,,,,0.0,0,13238.0,1588.5599999999995,2.0,,13238.0
1710.0,2026-02-01,2236215,Bhubaneswar,ROSHAN KUMAR,KHATAU LILADHAR THACKER,THENEKL11JN0000012,ZW225,,1023279.0,2026-02-14 00:00:00,2026-02-16 00:00:00,1901773,EMERGENCY,TE66234,SEAL DUST,4.0,426,1704.0,0.12,1499.52,0.18,269.9136,1769.4335999999998,,,,,0.0,0.0,0.0,0.0,0.0,0.0,0.0,0.0,0.0,0.0,0.0,0.0,,,,,,,0.0,0,1704.0,204.48000000000002,2.0,,1704.0
1711.0,2026-02-01,2236215,Bhubaneswar,ROSHAN KUMAR,KHATAU LILADHAR THACKER,THENEKL11JN0000012,ZW225,,1023279.0,2026-02-14 00:00:00,2026-02-16 00:00:00,1901773,EMERGENCY,TE66233,SEAL DUST,2.0,709,1418.0,0.12,1247.84,0.18,224.61119999999997,1472.4512,,,,,0.0,0.0,0.0,0.0,0.0,0.0,0.0,0.0,0.0,0.0,0.0,0.0,,,,,,,0.0,0,1418.0,170.16000000000008,2.0,,1418.0
1712.0,2026-02-01,2236215,Bhubaneswar,ROSHAN KUMAR,KHATAU LILADHAR THACKER,THENEKL11JN0000012,ZW225,,1023279.0,2026-02-14 00:00:00,2026-02-16 00:00:00,1901773,EMERGENCY,TE66234,SEAL DUST,2.0,426,852.0,0.12,749.76,0.18,134.9568,884.7167999999999,,,,,0.0,0.0,0.0,0.0,0.0,0.0,0.0,0.0,0.0,0.0,0.0,0.0,,,,,,,0.0,0,852.0,102.24000000000001,2.0,,852.0
1713.0,2026-02-01,2236215,Bhubaneswar,ROSHAN KUMAR,KHATAU LILADHAR THACKER,THENEKL11JN0000012,ZW225,,1023279.0,2026-02-14 00:00:00,2026-02-16 00:00:00,1901776,MAINTENANCE,TE66283,OIL FILTER,1.0,4854,4854.0,0.12,4271.52,0.18,768.8736,5040.3936,,,,,0.0,0.0,0.0,0.0,0.0,0.0,0.0,0.0,0.0,0.0,0.0,0.0,,,,,,,0.0,0,4854.0,582.4799999999996,2.0,,4854.0
1714.0,2026-02-01,2236215,Bhubaneswar,ROSHAN KUMAR,KHATAU LILADHAR THACKER,THENEKL11JN0000012,ZW225,,1023279.0,2026-02-14 00:00:00,2026-02-16 00:00:00,1901776,MAINTENANCE,TD66503,STRAINER,1.0,168,168.0,0.12,147.84,0.18,26.6112,174.4512,,,,,0.0,0.0,0.0,0.0,0.0,0.0,0.0,0.0,0.0,0.0,0.0,0.0,,,,,,,0.0,0,168.0,20.159999999999997,2.0,,168.0
1715.0,2026-02-01,2236215,Bhubaneswar,ROSHAN KUMAR,KHATAU LILADHAR THACKER,THENEKL11JN0000012,ZW225,,1023279.0,2026-02-14 00:00:00,2026-02-16 00:00:00,1901776,MAINTENANCE,TE18980,FUEL FILTER,1.0,4649,4649.0,0.12,4091.12,0.18,736.4015999999999,4827.5216,,,,,0.0,0.0,0.0,0.0,0.0,0.0,0.0,0.0,0.0,0.0,0.0,0.0,,,,,,,0.0,0,4649.0,557.8800000000001,2.0,,4649.0
1716.0,2026-02-01,2236215,Bhubaneswar,ROSHAN KUMAR,KHATAU LILADHAR THACKER,THENEKL11JN0000012,ZW225,,1023279.0,2026-02-14 00:00:00,2026-02-16 00:00:00,1901776,MAINTENANCE,TD66470,AIR FILTER,1.0,3705,3705.0,0.12,3260.4,0.18,586.872,3847.272,,,,,0.0,0.0,0.0,0.0,0.0,0.0,0.0,0.0,0.0,0.0,0.0,0.0,,,,,,,0.0,0,3705.0,444.5999999999999,2.0,,3705.0
1717.0,2026-02-01,2236215,Bhubaneswar,ROSHAN KUMAR,KHATAU LILADHAR THACKER,THENEKL11JN0000012,ZW225,,1023279.0,2026-02-14 00:00:00,2026-02-16 00:00:00,1901776,MAINTENANCE,TD66471,AIR FILTER,1.0,1271,1271.0,0.12,1118.48,0.18,201.3264,1319.8064,,,,,0.0,0.0,0.0,0.0,0.0,0.0,0.0,0.0,0.0,0.0,0.0,0.0,,,,,,,0.0,0,1271.0,152.51999999999998,2.0,,1271.0
1718.0,2026-02-01,2236215,Bhubaneswar,ROSHAN KUMAR,KHATAU LILADHAR THACKER,THENEKL11JN0000012,ZW225,,1023279.0,2026-02-14 00:00:00,2026-02-16 00:00:00,1901776,MAINTENANCE,TE66285,TRANSMISSION FILTER,1.0,7230,7230.0,0.12,6362.4,0.18,1145.232,7507.632,,,,,0.0,0.0,0.0,0.0,0.0,0.0,0.0,0.0,0.0,0.0,0.0,0.0,,,,,,,0.0,0,7230.0,867.6000000000004,2.0,,7230.0
1719.0,2026-02-01,2236215,Bhubaneswar,ROSHAN KUMAR,KHATAU LILADHAR THACKER,THENEKL11JN0000012,ZW225,,1023279.0,2026-02-14 00:00:00,2026-02-16 00:00:00,1901777,PLANNING,113671-4730,FAN BELT,1.0,14327,14327.0,0.12,12607.76,0.18,2269.3968,14877.1568,,,,,0.0,0.0,0.0,0.0,0.0,0.0,0.0,0.0,0.0,0.0,0.0,0.0,,,,,,,0.0,0,14327.0,1719.2399999999998,2.0,,14327.0
1720.0,2026-02-01,2236106,Bhubaneswar,BIKASH MISTRY,THRIVENI EARTHMOVERS PVT LTD,THEJAHL0J00000492,ZX470H,,27868.0,2026-02-16 00:00:00,2026-02-27 00:00:00,1917916,EMERGENCY,TD08548,BUSH,2.0,8326,16652.0,0.2,13321.6,0.18,2397.888,15719.488000000001,,2,1013285235,2026-02-28 00:00:00,0.0,0.0,0.0,0.0,0.0,0.0,0.0,0.0,0.0,0.0,11656.4,0.0,,,,,,,11656.4,1,4995.6,3330.3999999999996,11.0,1.0,0.0
1721.0,2026-02-01,2236106,Bhubaneswar,BIKASH MISTRY,THRIVENI EARTHMOVERS PVT LTD,THEJAHL0J00000492,ZX470H,,27868.0,2026-02-16 00:00:00,2026-02-27 00:00:00,1917955,MAINTENANCE,4363399,,1.0,4349,4349.0,0.2,3479.2,0.18,626.256,4105.456,,,,,0.0,0.0,0.0,0.0,0.0,0.0,0.0,0.0,0.0,0.0,0.0,0.0,,,,,,,0.0,0,4349.0,869.8000000000002,11.0,,4349.0
1722.0,2026-02-01,2236106,Bhubaneswar,BIKASH MISTRY,THRIVENI EARTHMOVERS PVT LTD,THEJAHL0J00000492,ZX470H,,27868.0,2026-02-16 00:00:00,2026-02-27 00:00:00,1917955,MAINTENANCE,4654745,HYDRAULIC TANK FILTER,1.0,11801,11801.0,0.2,9440.8,0.18,1699.3439999999998,11140.143999999998,,,,,0.0,0.0,0.0,0.0,0.0,0.0,0.0,0.0,0.0,0.0,0.0,0.0,,,,,,,0.0,0,11801.0,2360.2000000000007,11.0,,11801.0
1723.0,2026-02-01,2236106,Bhubaneswar,BIKASH MISTRY,THRIVENI EARTHMOVERS PVT LTD,THEJAHL0J00000492,ZX470H,,27868.0,2026-02-16 00:00:00,2026-02-27 00:00:00,1917955,MAINTENANCE,1105353,AIR FILTER INNER,1.0,6862,6862.0,0.2,5489.6,0.18,988.128,6477.728,,1,1013285252,2026-02-28 00:00:00,0.0,0.0,0.0,0.0,0.0,0.0,0.0,0.0,0.0,0.0,5146.5,0.0,,,,,,,5146.5,1,1715.5,1372.3999999999996,11.0,1.0,0.0
1724.0,2026-02-01,2236106,Bhubaneswar,BIKASH MISTRY,THRIVENI EARTHMOVERS PVT LTD,THEJAHL0J00000492,ZX470H,,27868.0,2026-02-16 00:00:00,2026-02-27 00:00:00,1917955,MAINTENANCE,1209163,AIR FILTER OUTER,1.0,11828,11828.0,0.2,9462.4,0.18,1703.232,11165.632,,1,1013285248,2026-02-28 00:00:00,0.0,0.0,0.0,0.0,0.0,0.0,0.0,0.0,0.0,0.0,8871.0,0.0,,,,,,,8871.0,1,2957.0,2365.6000000000004,11.0,1.0,0.0
1725.0,2026-02-01,2236106,Bhubaneswar,BIKASH MISTRY,THRIVENI EARTHMOVERS PVT LTD,THEJAHL0J00000492,ZX470H,,27868.0,2026-02-16 00:00:00,2026-02-27 00:00:00,1917955,MAINTENANCE,4616864,FUEL FILTER,1.0,2351,2351.0,0.2,1880.8,0.18,338.544,2219.344,,1,1013285248,2026-02-28 00:00:00,0.0,0.0,0.0,0.0,0.0,0.0,0.0,0.0,0.0,0.0,1763.25,0.0,,,,,,,1763.25,1,587.75,470.20000000000005,11.0,1.0,0.0
1726.0,2026-02-01,2236106,Bhubaneswar,BIKASH MISTRY,THRIVENI EARTHMOVERS PVT LTD,THEJAHL0J00000492,ZX470H,,27868.0,2026-02-16 00:00:00,2026-02-27 00:00:00,1917955,MAINTENANCE,YA00058283,ENGINE OIL FILTER,2.0,2720,5440.0,0.2,4352.0,0.18,783.36,5135.36,,2,1013286429,2026-03-25 00:00:00,0.0,0.0,0.0,0.0,0.0,0.0,0.0,0.0,0.0,0.0,0.0,4080.0,,,,,,,4080.0,1,1360.0,1088.0,11.0,26.0,0.0
1727.0,2026-02-01,2236106,Bhubaneswar,BIKASH MISTRY,THRIVENI EARTHMOVERS PVT LTD,THEJAHL0J00000492,ZX470H,,27868.0,2026-02-16 00:00:00,2026-02-27 00:00:00,1917955,MAINTENANCE,4078360,PRIMARY FUEL FILTER,1.0,1352,1352.0,0.2,1081.6,0.18,194.688,1276.288,,1,1013285248,2026-02-28 00:00:00,0.0,0.0,0.0,0.0,0.0,0.0,0.0,0.0,0.0,0.0,1014.0,0.0,,,,,,,1014.0,1,338.0,270.4000000000001,11.0,1.0,0.0
1728.0,2026-02-01,2236106,Bhubaneswar,BIKASH MISTRY,THRIVENI EARTHMOVERS PVT LTD,THEJAHL0J00000492,ZX470H,,27868.0,2026-02-16 00:00:00,2026-02-27 00:00:00,1917955,MAINTENANCE,4437838,,1.0,1695,1695.0,0.2,1356.0,0.18,244.07999999999998,1600.08,,,,,0.0,0.0,0.0,0.0,0.0,0.0,0.0,0.0,0.0,0.0,0.0,0.0,,,,,,,0.0,0,1695.0,339.0,11.0,,1695.0
1729.0,2026-02-01,2236106,Bhubaneswar,BIKASH MISTRY,THRIVENI EARTHMOVERS PVT LTD,THEJAHL0J00000492,ZX470H,,27868.0,2026-02-16 00:00:00,2026-02-27 00:00:00,1917955,MAINTENANCE,YA00001490,AC FILTER,1.0,4607,4607.0,0.2,3685.6,0.18,663.408,4349.008,,,,,0.0,0.0,0.0,0.0,0.0,0.0,0.0,0.0,0.0,0.0,0.0,0.0,,,,,,,0.0,0,4607.0,921.4000000000001,11.0,,4607.0
1730.0,2026-02-01,2236106,Bhubaneswar,BIKASH MISTRY,THRIVENI EARTHMOVERS PVT LTD,THEJAHL0J00000492,ZX470H,,27868.0,2026-02-16 00:00:00,2026-02-27 00:00:00,1917955,MAINTENANCE,4630525,,1.0,3046,3046.0,0.2,2436.8,0.18,438.624,2875.424,,,,,0.0,0.0,0.0,0.0,0.0,0.0,0.0,0.0,0.0,0.0,0.0,0.0,,,,,,,0.0,0,3046.0,609.1999999999998,11.0,,3046.0
1731.0,2026-02-01,2236106,Bhubaneswar,BIKASH MISTRY,THRIVENI EARTHMOVERS PVT LTD,THEJAHL0J00000492,ZX470H,,27868.0,2026-02-16 00:00:00,2026-02-27 00:00:00,1917987,PLANNING,4612763,FAN BELT,1.0,8559,8559.0,0.2,6847.2,0.18,1232.4959999999999,8079.696,,,,,0.0,0.0,0.0,0.0,0.0,0.0,0.0,0.0,0.0,0.0,0.0,0.0,,,,,,,0.0,0,8559.0,1711.8000000000002,11.0,,8559.0
1732.0,2026-03-01,2234345,Bhubaneswar,ROSHAN KUMAR,SHRI JAGANNATH STEEL & POWER LTD,THEJAHL0P00000490,ZX470H,,110703.0,2026-03-20 00:00:00,2026-03-21 00:00:00,1947374,EMERGENCY,171809,O RING,18.0,1619,29142.0,0.2,23313.6,0.18,4196.447999999999,27510.048,,,,,0.0,0.0,0.0,0.0,0.0,0.0,0.0,0.0,0.0,0.0,0.0,0.0,,,,,,,0.0,0,29142.0,5828.4000000000015,1.0,,29142.0
1733.0,2026-03-01,2234345,Bhubaneswar,ROSHAN KUMAR,SHRI JAGANNATH STEEL & POWER LTD,THEJAHL0P00000490,ZX470H,,110703.0,2026-03-20 00:00:00,2026-03-21 00:00:00,1947374,EMERGENCY,4201993,O RING,4.0,123,492.0,0.2,393.6,0.18,70.848,464.44800000000004,,,,,0.0,0.0,0.0,0.0,0.0,0.0,0.0,0.0,0.0,0.0,0.0,0.0,,,,,,,0.0,0,492.0,98.39999999999998,1.0,,492.0
1734.0,2026-03-01,2234345,Bhubaneswar,ROSHAN KUMAR,SHRI JAGANNATH STEEL & POWER LTD,THEJAHL0P00000490,ZX470H,,110703.0,2026-03-20 00:00:00,2026-03-21 00:00:00,1947374,EMERGENCY,9246436,PILOT LEVER SEAL,4.0,3052,12208.0,0.2,9766.4,0.18,1757.9519999999998,11524.351999999999,,,,,0.0,0.0,0.0,0.0,0.0,0.0,0.0,0.0,0.0,0.0,0.0,0.0,,,,,,,0.0,0,12208.0,2441.6000000000004,1.0,,12208.0
1735.0,2026-03-01,2234345,Bhubaneswar,ROSHAN KUMAR,SHRI JAGANNATH STEEL & POWER LTD,THEJAHL0P00000490,ZX470H,,110703.0,2026-03-20 00:00:00,2026-03-21 00:00:00,1947429,MAINTENANCE,YA00058283,ENGINE OIL FILTER,2.0,2720,5440.0,0.2,4352.0,0.18,783.36,5135.36,,2,1013286293,2026-03-21 00:00:00,0.0,0.0,0.0,0.0,0.0,0.0,0.0,0.0,0.0,0.0,0.0,4080.0,,,,,,,4080.0,1,1360.0,1088.0,1.0,0.0,0.0
1736.0,2026-03-01,2234345,Bhubaneswar,ROSHAN KUMAR,SHRI JAGANNATH STEEL & POWER LTD,THEJAHL0P00000490,ZX470H,,110703.0,2026-03-20 00:00:00,2026-03-21 00:00:00,1947429,MAINTENANCE,4078360,PRIMARY FUEL FILTER,1.0,1352,1352.0,0.2,1081.6,0.18,194.688,1276.288,,1,1013286293,2026-03-21 00:00:00,0.0,0.0,0.0,0.0,0.0,0.0,0.0,0.0,0.0,0.0,0.0,1014.0,,,,,,,1014.0,1,338.0,270.4000000000001,1.0,0.0,0.0
1737.0,2026-03-01,2234345,Bhubaneswar,ROSHAN KUMAR,SHRI JAGANNATH STEEL & POWER LTD,THEJAHL0P00000490,ZX470H,,110703.0,2026-03-20 00:00:00,2026-03-21 00:00:00,1947429,MAINTENANCE,4616864,FUEL FILTER,1.0,2351,2351.0,0.2,1880.8,0.18,338.544,2219.344,,1,1013286293,2026-03-21 00:00:00,0.0,0.0,0.0,0.0,0.0,0.0,0.0,0.0,0.0,0.0,0.0,1763.25,,,,,,,1763.25,1,587.75,470.20000000000005,1.0,0.0,0.0
1738.0,2026-03-01,2234345,Bhubaneswar,ROSHAN KUMAR,SHRI JAGANNATH STEEL & POWER LTD,THEJAHL0P00000490,ZX470H,,110703.0,2026-03-20 00:00:00,2026-03-21 00:00:00,1947429,MAINTENANCE,1209163,AIR FILTER OUTER,1.0,11828,11828.0,0.2,9462.4,0.18,1703.232,11165.632,,1,1013286293,2026-03-21 00:00:00,0.0,0.0,0.0,0.0,0.0,0.0,0.0,0.0,0.0,0.0,0.0,8871.0,,,,,,,8871.0,1,2957.0,2365.6000000000004,1.0,0.0,0.0
1739.0,2026-03-01,2234345,Bhubaneswar,ROSHAN KUMAR,SHRI JAGANNATH STEEL & POWER LTD,THEJAHL0P00000490,ZX470H,,110703.0,2026-03-20 00:00:00,2026-03-21 00:00:00,1947429,MAINTENANCE,1105353,AIR FILTER INNER,1.0,6862,6862.0,0.2,5489.6,0.18,988.128,6477.728,,,,,0.0,0.0,0.0,0.0,0.0,0.0,0.0,0.0,0.0,0.0,0.0,0.0,,,,,,,0.0,0,6862.0,1372.3999999999996,1.0,,6862.0
1740.0,2026-03-01,2234345,Bhubaneswar,ROSHAN KUMAR,SHRI JAGANNATH STEEL & POWER LTD,THEJAHL0P00000490,ZX470H,,110703.0,2026-03-20 00:00:00,2026-03-21 00:00:00,1947430,PLANNING,113671-4730,FAN BELT,1.0,14327,14327.0,0.2,11461.6,0.18,2063.088,13524.688,,,,,0.0,0.0,0.0,0.0,0.0,0.0,0.0,0.0,0.0,0.0,0.0,0.0,,,,,,,0.0,0,14327.0,2865.3999999999996,1.0,,14327.0
1741.0,2026-03-01,2234349,Bhubaneswar,BIKASH MISTRY,THRIVENI EARTHMOVERS PVT LTD,THEJAHL0C00000499,ZX470H,,27868.0,7216-09-18 00:00:00,2026-03-17 00:00:00,4612763,PLANNING,4612763,V BELT,1.0,8559,8559.0,0.2,6847.2,0.18,1232.4959999999999,8079.696,,,,,0.0,0.0,0.0,0.0,0.0,0.0,0.0,0.0,0.0,0.0,0.0,0.0,,,,,,,0.0,0,8559.0,1711.8000000000002,,,8559.0
1742.0,2026-03-01,2234349,Bhubaneswar,BIKASH MISTRY,THRIVENI EARTHMOVERS PVT LTD,THEJAHL0C00000499,ZX470H,,27868.0,7216-09-18 00:00:00,2026-03-17 00:00:00,1941892,EMERGENCY,UC00470ZX,ZX470H Undercarriage Kit,1.0,3106838,3106838.0,0.2,2485470.4,0.18,447384.67199999996,2932855.0719999997,,1,1013286154,2026-03-19 00:00:00,0.0,0.0,0.0,0.0,0.0,0.0,0.0,0.0,0.0,0.0,0.0,1470011.0,,,,,,,1470011.0,1,1636827.0,621367.6000000001,,2.0,0.0
1743.0,2026-03-01,2234349,Bhubaneswar,BIKASH MISTRY,THRIVENI EARTHMOVERS PVT LTD,THEJAHL0C00000499,ZX470H,,27868.0,7216-09-18 00:00:00,2026-03-17 00:00:00,1941899,MAINTENANCE,4078360,FUEL FILTER,1.0,1941892,1941892.0,0.2,1553513.6,0.18,279632.44800000003,1833146.0480000002,,,,,0.0,0.0,0.0,0.0,0.0,0.0,0.0,0.0,0.0,0.0,0.0,0.0,,,,,,,0.0,0,1941892.0,388378.3999999999,,,1941892.0
1744.0,2026-03-01,2234349,Bhubaneswar,BIKASH MISTRY,THRIVENI EARTHMOVERS PVT LTD,THEJAHL0C00000499,ZX470H,,27868.0,7216-09-18 00:00:00,2026-03-17 00:00:00,1941899,MAINTENANCE,4616864,FUEL FILTER,2.0,1352,2704.0,0.2,2163.2,0.18,389.376,2552.576,,,,,0.0,0.0,0.0,0.0,0.0,0.0,0.0,0.0,0.0,0.0,0.0,0.0,,,,,,,0.0,0,2704.0,540.8000000000002,,,2704.0
1745.0,2026-03-01,2234349,Bhubaneswar,BIKASH MISTRY,THRIVENI EARTHMOVERS PVT LTD,THEJAHL0C00000499,ZX470H,,27868.0,7216-09-18 00:00:00,2026-03-17 00:00:00,1941899,MAINTENANCE,YA00058283,ENGINE OIL FILTER,2.0,2351,4702.0,0.2,3761.6,0.18,677.088,4438.688,,2,1013286429,2026-03-25 00:00:00,0.0,0.0,0.0,0.0,0.0,0.0,0.0,0.0,0.0,0.0,0.0,4080.0,,,,,,,4080.0,1,622.0,940.4000000000001,,8.0,0.0
1746.0,2026-03-01,2234349,Bhubaneswar,BIKASH MISTRY,THRIVENI EARTHMOVERS PVT LTD,THEJAHL0C00000499,ZX470H,,27868.0,7216-09-18 00:00:00,2026-03-17 00:00:00,1941899,MAINTENANCE,4630525,ELEMENT FILTER,6.0,2720,16320.0,0.2,13056.0,0.18,2350.08,15406.08,,,,,0.0,0.0,0.0,0.0,0.0,0.0,0.0,0.0,0.0,0.0,0.0,0.0,,,,,,,0.0,0,16320.0,3264.0,,,16320.0
1747.0,2026-03-01,2234349,Bhubaneswar,BIKASH MISTRY,THRIVENI EARTHMOVERS PVT LTD,THEJAHL0C00000499,ZX470H,,27868.0,7216-09-18 00:00:00,2026-03-17 00:00:00,1941899,MAINTENANCE,4654745,ELEMENT FILTER,1.0,3046,3046.0,0.2,2436.8,0.18,438.624,2875.424,,,,,0.0,0.0,0.0,0.0,0.0,0.0,0.0,0.0,0.0,0.0,0.0,0.0,,,,,,,0.0,0,3046.0,609.1999999999998,,,3046.0
1748.0,2026-03-01,2234349,Bhubaneswar,BIKASH MISTRY,THRIVENI EARTHMOVERS PVT LTD,THEJAHL0C00000499,ZX470H,,27868.0,7216-09-18 00:00:00,2026-03-17 00:00:00,1941899,MAINTENANCE,4317008,STRAINER,1.0,11801,11801.0,0.2,9440.8,0.18,1699.3439999999998,11140.143999999998,,,,,0.0,0.0,0.0,0.0,0.0,0.0,0.0,0.0,0.0,0.0,0.0,0.0,,,,,,,0.0,0,11801.0,2360.2000000000007,,,11801.0
1749.0,2026-03-01,2234349,Bhubaneswar,BIKASH MISTRY,THRIVENI EARTHMOVERS PVT LTD,THEJAHL0C00000499,ZX470H,,27868.0,7216-09-18 00:00:00,2026-03-17 00:00:00,1941899,MAINTENANCE,4363399,FILTER,1.0,17391,17391.0,0.2,13912.8,0.18,2504.3039999999996,16417.104,,,,,0.0,0.0,0.0,0.0,0.0,0.0,0.0,0.0,0.0,0.0,0.0,0.0,,,,,,,0.0,0,17391.0,3478.2000000000007,,,17391.0
1750.0,2026-03-01,2234349,Bhubaneswar,BIKASH MISTRY,THRIVENI EARTHMOVERS PVT LTD,THEJAHL0C00000499,ZX470H,,27868.0,7216-09-18 00:00:00,2026-03-17 00:00:00,1941899,MAINTENANCE,1105353,AIR FILTER INNER,2.0,6862,13724.0,0.2,10979.2,0.18,1976.256,12955.456,,,,,0.0,0.0,0.0,0.0,0.0,0.0,0.0,0.0,0.0,0.0,0.0,0.0,,,,,,,0.0,0,13724.0,2744.7999999999993,,,13724.0
1751.0,2026-03-01,2234349,Bhubaneswar,BIKASH MISTRY,THRIVENI EARTHMOVERS PVT LTD,THEJAHL0C00000499,ZX470H,,27868.0,7216-09-18 00:00:00,2026-03-17 00:00:00,1941899,MAINTENANCE,1209163,AIR FILTER OU'T,2.0,11828,23656.0,0.2,18924.8,0.18,3406.464,22331.264,,,,,0.0,0.0,0.0,0.0,0.0,0.0,0.0,0.0,0.0,0.0,0.0,0.0,,,,,,,0.0,0,23656.0,4731.200000000001,,,23656.0
1752.0,2026-03-01,2234349,Bhubaneswar,BIKASH MISTRY,THRIVENI EARTHMOVERS PVT LTD,THEJAHL0C00000499,ZX470H,,27868.0,7216-09-18 00:00:00,2026-03-17 00:00:00,1941899,MAINTENANCE,4437838,FILTER,2.0,,0.0,0.2,0.0,0.18,0.0,0.0,,,,,0.0,0.0,0.0,0.0,0.0,0.0,0.0,0.0,0.0,0.0,0.0,0.0,,,,,,,0.0,0,0.0,0.0,,,0.0
1753.0,2026-03-01,2234349,Bhubaneswar,BIKASH MISTRY,THRIVENI EARTHMOVERS PVT LTD,THEJAHL0C00000499,ZX470H,,27868.0,7216-09-18 00:00:00,2026-03-17 00:00:00,1941899,MAINTENANCE,YA00001490,AC FILTER,1.0,1695,1695.0,0.2,1356.0,0.18,244.07999999999998,1600.08,,,,,0.0,0.0,0.0,0.0,0.0,0.0,0.0,0.0,0.0,0.0,0.0,0.0,,,,,,,0.0,0,1695.0,339.0,,,1695.0
1754.0,2026-03-01,2234349,Bhubaneswar,BIKASH MISTRY,THRIVENI EARTHMOVERS PVT LTD,THEJAHL0C00000499,ZX470H,,27868.0,7216-09-18 00:00:00,2026-03-17 00:00:00,1941899,MAINTENANCE,4632689,AC FILTER,1.0,4607,4607.0,0.2,3685.6,0.18,663.408,4349.008,,,,,0.0,0.0,0.0,0.0,0.0,0.0,0.0,0.0,0.0,0.0,0.0,0.0,,,,,,,0.0,0,4607.0,921.4000000000001,,,4607.0
1755.0,2026-03-01,2234349,Bhubaneswar,BIKASH MISTRY,THRIVENI EARTHMOVERS PVT LTD,THEJAHL0C00000499,ZX470H,,27868.0,7216-09-18 00:00:00,2026-03-17 00:00:00,1941953,PLANNING,4612763,V BELT,1.0,8559,8559.0,0.2,6847.2,0.18,1232.4959999999999,8079.696,,,,,0.0,0.0,0.0,0.0,0.0,0.0,0.0,0.0,0.0,0.0,0.0,0.0,,,,,,,0.0,0,8559.0,1711.8000000000002,,,8559.0
1756.0,2026-03-01,2236108,Bhubaneswar,ROSHAN KUMAR,THRIVENI EARTHMOVERS PVT LTD,0ACG-000256 ,ZX650H,,27868.0,2026-03-13 00:00:00,2026-03-17 00:00:00,1942240,EMERGENCY,4506429,O RING,1.0,164,164.0,0.2,131.2,0.18,23.615999999999996,154.81599999999997,,,,,0.0,0.0,0.0,0.0,0.0,0.0,0.0,0.0,0.0,0.0,0.0,0.0,,,,,,,0.0,0,164.0,32.80000000000001,4.0,,164.0
1757.0,2026-03-01,2236108,Bhubaneswar,ROSHAN KUMAR,THRIVENI EARTHMOVERS PVT LTD,0ACG-000256 ,ZX650H,,27868.0,2026-03-13 00:00:00,2026-03-17 00:00:00,1942293,MAINTENANCE,YA00058283,ENGINE OIL FILTER,2.0,2720,5440.0,0.2,4352.0,0.18,783.36,5135.36,,2,1013286429,2026-03-25 00:00:00,0.0,0.0,0.0,0.0,0.0,0.0,0.0,0.0,0.0,0.0,0.0,4080.0,,,,,,,4080.0,1,1360.0,1088.0,4.0,8.0,0.0
1758.0,2026-03-01,2236108,Bhubaneswar,ROSHAN KUMAR,THRIVENI EARTHMOVERS PVT LTD,0ACG-000256 ,ZX650H,,27868.0,2026-03-13 00:00:00,2026-03-17 00:00:00,1942293,MAINTENANCE,4078360,FUEL FILTER,1.0,1352,1352.0,0.2,1081.6,0.18,194.688,1276.288,,,,,0.0,0.0,0.0,0.0,0.0,0.0,0.0,0.0,0.0,0.0,0.0,0.0,,,,,,,0.0,0,1352.0,270.4000000000001,4.0,,1352.0
1759.0,2026-03-01,2236108,Bhubaneswar,ROSHAN KUMAR,THRIVENI EARTHMOVERS PVT LTD,0ACG-000256 ,ZX650H,,27868.0,2026-03-13 00:00:00,2026-03-17 00:00:00,1942293,MAINTENANCE,4616864,FUEL FILTER,1.0,2351,2351.0,0.2,1880.8,0.18,338.544,2219.344,,,,,0.0,0.0,0.0,0.0,0.0,0.0,0.0,0.0,0.0,0.0,0.0,0.0,,,,,,,0.0,0,2351.0,470.20000000000005,4.0,,2351.0
1760.0,2026-03-01,2236108,Bhubaneswar,ROSHAN KUMAR,THRIVENI EARTHMOVERS PVT LTD,0ACG-000256 ,ZX650H,,27868.0,2026-03-13 00:00:00,2026-03-17 00:00:00,1942293,MAINTENANCE,1209163,AIR FILTER OUTER,1.0,11868,11868.0,0.2,9494.4,0.18,1708.992,11203.392,,,,,0.0,0.0,0.0,0.0,0.0,0.0,0.0,0.0,0.0,0.0,0.0,0.0,,,,,,,0.0,0,11868.0,2373.6000000000004,4.0,,11868.0
1761.0,2026-03-01,2236108,Bhubaneswar,ROSHAN KUMAR,THRIVENI EARTHMOVERS PVT LTD,0ACG-000256 ,ZX650H,,27868.0,2026-03-13 00:00:00,2026-03-17 00:00:00,1942293,MAINTENANCE,1105353,AIR FILTER INNER,1.0,6862,6862.0,0.2,5489.6,0.18,988.128,6477.728,,,,,0.0,0.0,0.0,0.0,0.0,0.0,0.0,0.0,0.0,0.0,0.0,0.0,,,,,,,0.0,0,6862.0,1372.3999999999996,4.0,,6862.0
1762.0,2026-03-01,2236108,Bhubaneswar,ROSHAN KUMAR,THRIVENI EARTHMOVERS PVT LTD,0ACG-000256 ,ZX650H,,27868.0,2026-03-13 00:00:00,2026-03-17 00:00:00,1942296,PLANNING,113671-4730,FAN BELT,1.0,14327,14327.0,0.2,11461.6,0.18,2063.088,13524.688,,,,,0.0,0.0,0.0,0.0,0.0,0.0,0.0,0.0,0.0,0.0,0.0,0.0,,,,,,,0.0,0,14327.0,2865.3999999999996,4.0,,14327.0
1763.0,2026-03-01,2236109,Bhubaneswar,NIRANJAN DAS,S N MOHANTY,HCMJBE92A00051010,ZX870H,,1107256.0,,2026-03-25 00:00:00,1952469,EMERGENCY,4653863,BUCKET CYL SEAL KIT,1.0,89961,89961.0,,89961.0,0.18,16192.98,106153.98,,,,,0.0,0.0,0.0,0.0,0.0,0.0,0.0,0.0,0.0,0.0,0.0,0.0,,,,,,,0.0,0,89961.0,0.0,,,89961.0
1764.0,2026-03-01,2236109,Bhubaneswar,NIRANJAN DAS,S N MOHANTY,HCMJBE92A00051010,ZX870H,,1107256.0,,2026-03-25 00:00:00,1952536,MAINTENANCE,YA00058283,OIL FILTER,2.0,2720,5440.0,,5440.0,0.18,979.1999999999999,6419.2,,,,,0.0,0.0,0.0,0.0,0.0,0.0,0.0,0.0,0.0,0.0,0.0,0.0,,,,,,,0.0,0,5440.0,0.0,,,5440.0
1765.0,2026-03-01,2236109,Bhubaneswar,NIRANJAN DAS,S N MOHANTY,HCMJBE92A00051010,ZX870H,,1107256.0,,2026-03-25 00:00:00,1952536,MAINTENANCE,4078360,FUEL FILTER,2.0,1352,2704.0,,2704.0,0.18,486.71999999999997,3190.72,,,,,0.0,0.0,0.0,0.0,0.0,0.0,0.0,0.0,0.0,0.0,0.0,0.0,,,,,,,0.0,0,2704.0,0.0,,,2704.0
1766.0,2026-03-01,2236109,Bhubaneswar,NIRANJAN DAS,S N MOHANTY,HCMJBE92A00051010,ZX870H,,1107256.0,,2026-03-25 00:00:00,1952536,MAINTENANCE,4616864,FUEL FILTER,1.0,2351,2351.0,,2351.0,0.18,423.18,2774.18,,,,,0.0,0.0,0.0,0.0,0.0,0.0,0.0,0.0,0.0,0.0,0.0,0.0,,,,,,,0.0,0,2351.0,0.0,,,2351.0
1767.0,2026-03-01,2236109,Bhubaneswar,NIRANJAN DAS,S N MOHANTY,HCMJBE92A00051010,ZX870H,,1107256.0,,2026-03-25 00:00:00,1952536,MAINTENANCE,TL07210,ENGINE OIL,1.0,58643,58643.0,0.25,43982.25,0.18,7916.804999999999,51899.055,,,,,0.0,0.0,0.0,0.0,0.0,0.0,0.0,0.0,0.0,0.0,0.0,0.0,,,,,,,0.0,0,58643.0,14660.75,,,58643.0
1768.0,2026-03-01,2236109,Bhubaneswar,NIRANJAN DAS,S N MOHANTY,HCMJBE92A00051010,ZX870H,,1107256.0,,2026-03-25 00:00:00,1952647,PLANNING,4612763,V BELT,1.0,8559,8559.0,,8559.0,0.18,1540.62,10099.619999999999,,,,,0.0,0.0,0.0,0.0,0.0,0.0,0.0,0.0,0.0,0.0,0.0,0.0,,,,,,,0.0,0,8559.0,0.0,,,8559.0
1769.0,2026-03-01,2236110,Bhubaneswar,ROSHAN KUMAR,STEEL AUTHORITY OF INDIA,BANNFC90E90C70548,ZW310,,1009864.0,2026-03-20 00:00:00,2026-03-26 00:00:00,1953408,EMERGENCY,4436271,SENSOR PRESSURE,1.0,22217,22217.0,,22217.0,0.18,3999.06,26216.06,,,,,0.0,0.0,0.0,0.0,0.0,0.0,0.0,0.0,0.0,0.0,0.0,0.0,,,,,,,0.0,0,22217.0,0.0,6.0,,22217.0
1770.0,2026-03-01,2236110,Bhubaneswar,ROSHAN KUMAR,STEEL AUTHORITY OF INDIA,BANNFC90E90C70548,ZW310,,1009864.0,2026-03-20 00:00:00,2026-03-26 00:00:00,1953408,EMERGENCY,4365826,O RING,1.0,288,288.0,,288.0,0.18,51.839999999999996,339.84,,,,,0.0,0.0,0.0,0.0,0.0,0.0,0.0,0.0,0.0,0.0,0.0,0.0,,,,,,,0.0,0,288.0,0.0,6.0,,288.0
1771.0,2026-03-01,2236110,Bhubaneswar,ROSHAN KUMAR,STEEL AUTHORITY OF INDIA,BANNFC90E90C70548,ZW310,,1009864.0,2026-03-20 00:00:00,2026-03-26 00:00:00,1953409,MAINTENANCE,4367100,OIL FILTER,1.0,15859,15859.0,,15859.0,0.18,2854.62,18713.62,,,,,0.0,0.0,0.0,0.0,0.0,0.0,0.0,0.0,0.0,0.0,0.0,0.0,,,,,,,0.0,0,15859.0,0.0,6.0,,15859.0
1772.0,2026-03-01,2236110,Bhubaneswar,ROSHAN KUMAR,STEEL AUTHORITY OF INDIA,BANNFC90E90C70548,ZW310,,1009864.0,2026-03-20 00:00:00,2026-03-26 00:00:00,1953409,MAINTENANCE,3100308,RESISTOR CORROSION,1.0,11592,11592.0,,11592.0,0.18,2086.56,13678.56,,,,,0.0,0.0,0.0,0.0,0.0,0.0,0.0,0.0,0.0,0.0,0.0,0.0,,,,,,,0.0,0,11592.0,0.0,6.0,,11592.0
1773.0,2026-03-01,2236110,Bhubaneswar,ROSHAN KUMAR,STEEL AUTHORITY OF INDIA,BANNFC90E90C70548,ZW310,,1009864.0,2026-03-20 00:00:00,2026-03-26 00:00:00,1953409,MAINTENANCE,TE32170,FUEL WATER SEPARATOR,1.0,3615,3615.0,,3615.0,0.18,650.6999999999999,4265.7,,,,,0.0,0.0,0.0,0.0,0.0,0.0,0.0,0.0,0.0,0.0,0.0,0.0,,,,,,,0.0,0,3615.0,0.0,6.0,,3615.0
1774.0,2026-03-01,2236110,Bhubaneswar,ROSHAN KUMAR,STEEL AUTHORITY OF INDIA,BANNFC90E90C70548,ZW310,,1009864.0,2026-03-20 00:00:00,2026-03-26 00:00:00,1953409,MAINTENANCE,3098070430,ELEMENT FILTER,1.0,29290,29290.0,,29290.0,0.18,5272.2,34562.2,,,,,0.0,0.0,0.0,0.0,0.0,0.0,0.0,0.0,0.0,0.0,0.0,0.0,,,,,,,0.0,0,29290.0,0.0,6.0,,29290.0
1775.0,2026-03-01,2236110,Bhubaneswar,ROSHAN KUMAR,STEEL AUTHORITY OF INDIA,BANNFC90E90C70548,ZW310,,1009864.0,2026-03-20 00:00:00,2026-03-26 00:00:00,1953409,MAINTENANCE,3098070440,ELEMENT FILTER,1.0,15834,15834.0,,15834.0,0.18,2850.12,18684.12,,,,,0.0,0.0,0.0,0.0,0.0,0.0,0.0,0.0,0.0,0.0,0.0,0.0,,,,,,,0.0,0,15834.0,0.0,6.0,,15834.0
1776.0,2026-03-01,2236110,Bhubaneswar,ROSHAN KUMAR,STEEL AUTHORITY OF INDIA,BANNFC90E90C70548,ZW310,,1009864.0,2026-03-20 00:00:00,2026-03-26 00:00:00,1953409,MAINTENANCE,3111570040,ELEMENT FILTER,2.0,17715,35430.0,,35430.0,0.18,6377.4,41807.4,,,,,0.0,0.0,0.0,0.0,0.0,0.0,0.0,0.0,0.0,0.0,0.0,0.0,,,,,,,0.0,0,35430.0,0.0,6.0,,35430.0
1777.0,2026-03-01,2236110,Bhubaneswar,ROSHAN KUMAR,STEEL AUTHORITY OF INDIA,BANNFC90E90C70548,ZW310,,1009864.0,2026-03-20 00:00:00,2026-03-26 00:00:00,1953409,MAINTENANCE,3290155,FAN BELT,1.0,17812,17812.0,,17812.0,0.18,3206.16,21018.16,,,,,0.0,0.0,0.0,0.0,0.0,0.0,0.0,0.0,0.0,0.0,0.0,0.0,,,,,,,0.0,0,17812.0,0.0,6.0,,17812.0
1778.0,2026-03-01,2236211,Bhubaneswar,ROSHAN KUMAR,THRIVENI EARTHMOVERS PVT LTD,THEJAHL0V00000060,ZX470H,,27868.0,2026-03-14 00:00:00,2026-03-17 00:00:00,1942299,EMERGENCY,171809,O RING,18.0,1619,29142.0,0.2,23313.6,0.18,4196.447999999999,27510.048,,,,,0.0,0.0,0.0,0.0,0.0,0.0,0.0,0.0,0.0,0.0,0.0,0.0,,,,,,,0.0,0,29142.0,5828.4000000000015,3.0,,29142.0
1779.0,2026-03-01,2236211,Bhubaneswar,ROSHAN KUMAR,THRIVENI EARTHMOVERS PVT LTD,THEJAHL0V00000060,ZX470H,,27868.0,2026-03-14 00:00:00,2026-03-17 00:00:00,1942299,EMERGENCY,4653042,SEAL KIT,1.0,38202,38202.0,0.2,30561.6,0.18,5501.088,36062.687999999995,,,,,0.0,0.0,0.0,0.0,0.0,0.0,0.0,0.0,0.0,0.0,0.0,0.0,,,,,,,0.0,0,38202.0,7640.4000000000015,3.0,,38202.0
1780.0,2026-03-01,2236211,Bhubaneswar,ROSHAN KUMAR,THRIVENI EARTHMOVERS PVT LTD,THEJAHL0V00000060,ZX470H,,27868.0,2026-03-14 00:00:00,2026-03-17 00:00:00,1942299,EMERGENCY,4201993,O-RING;PILOT VALVE,4.0,123,492.0,0.2,393.6,0.18,70.848,464.44800000000004,,,,,0.0,0.0,0.0,0.0,0.0,0.0,0.0,0.0,0.0,0.0,0.0,0.0,,,,,,,0.0,0,492.0,98.39999999999998,3.0,,492.0
1781.0,2026-03-01,2236211,Bhubaneswar,ROSHAN KUMAR,THRIVENI EARTHMOVERS PVT LTD,THEJAHL0V00000060,ZX470H,,27868.0,2026-03-14 00:00:00,2026-03-17 00:00:00,1942299,EMERGENCY,9246436,PILOT LEVER SEAL,4.0,3052,12208.0,0.2,9766.4,0.18,1757.9519999999998,11524.351999999999,,4,1013286440,2026-03-25 00:00:00,0.0,0.0,0.0,0.0,0.0,0.0,0.0,0.0,0.0,0.0,0.0,2441.6,,,,,,,2441.6,1,9766.4,2441.6000000000004,3.0,8.0,0.0
1782.0,2026-03-01,2236211,Bhubaneswar,ROSHAN KUMAR,THRIVENI EARTHMOVERS PVT LTD,THEJAHL0V00000060,ZX470H,,27868.0,2026-03-14 00:00:00,2026-03-17 00:00:00,1942322,MAINTENANCE,YA00058283,ENGINE OIL FILTER,2.0,2720,5440.0,0.2,4352.0,0.18,783.36,5135.36,,2,1013286429,2026-03-25 00:00:00,0.0,0.0,0.0,0.0,0.0,0.0,0.0,0.0,0.0,0.0,0.0,4080.0,,,,,,,4080.0,1,1360.0,1088.0,3.0,8.0,0.0
1783.0,2026-03-01,2236211,Bhubaneswar,ROSHAN KUMAR,THRIVENI EARTHMOVERS PVT LTD,THEJAHL0V00000060,ZX470H,,27868.0,2026-03-14 00:00:00,2026-03-17 00:00:00,1942322,MAINTENANCE,4078360,FUEL FILTER,1.0,1352,1352.0,0.2,1081.6,0.18,194.688,1276.288,,,,,0.0,0.0,0.0,0.0,0.0,0.0,0.0,0.0,0.0,0.0,0.0,0.0,,,,,,,0.0,0,1352.0,270.4000000000001,3.0,,1352.0
1784.0,2026-03-01,2236211,Bhubaneswar,ROSHAN KUMAR,THRIVENI EARTHMOVERS PVT LTD,THEJAHL0V00000060,ZX470H,,27868.0,2026-03-14 00:00:00,2026-03-17 00:00:00,1942322,MAINTENANCE,4616864,FUEL FILTER,1.0,2351,2351.0,0.2,1880.8,0.18,338.544,2219.344,,,,,0.0,0.0,0.0,0.0,0.0,0.0,0.0,0.0,0.0,0.0,0.0,0.0,,,,,,,0.0,0,2351.0,470.20000000000005,3.0,,2351.0
1785.0,2026-03-01,2236211,Bhubaneswar,ROSHAN KUMAR,THRIVENI EARTHMOVERS PVT LTD,THEJAHL0V00000060,ZX470H,,27868.0,2026-03-14 00:00:00,2026-03-17 00:00:00,1942322,MAINTENANCE,1209163,AIR FILTER OUTER,1.0,11868,11868.0,0.2,9494.4,0.18,1708.992,11203.392,,,,,0.0,0.0,0.0,0.0,0.0,0.0,0.0,0.0,0.0,0.0,0.0,0.0,,,,,,,0.0,0,11868.0,2373.6000000000004,3.0,,11868.0
1786.0,2026-03-01,2236211,Bhubaneswar,ROSHAN KUMAR,THRIVENI EARTHMOVERS PVT LTD,THEJAHL0V00000060,ZX470H,,27868.0,2026-03-14 00:00:00,2026-03-17 00:00:00,1942322,MAINTENANCE,1105353,AIR FILTER INNER,1.0,6862,6862.0,0.2,5489.6,0.18,988.128,6477.728,,,,,0.0,0.0,0.0,0.0,0.0,0.0,0.0,0.0,0.0,0.0,0.0,0.0,,,,,,,0.0,0,6862.0,1372.3999999999996,3.0,,6862.0
1787.0,2026-03-01,2236211,Bhubaneswar,ROSHAN KUMAR,THRIVENI EARTHMOVERS PVT LTD,THEJAHL0V00000060,ZX470H,,27868.0,2026-03-14 00:00:00,2026-03-17 00:00:00,1942327,PLANNING,113671-4730,FAN BELT,1.0,14327,14327.0,0.2,11461.6,0.18,2063.088,13524.688,,,,,0.0,0.0,0.0,0.0,0.0,0.0,0.0,0.0,0.0,0.0,0.0,0.0,,,,,,,0.0,0,14327.0,2865.3999999999996,3.0,,14327.0
1788.0,2026-03-01,2236214,Bhubaneswar,NIRANJAN DAS,STEEL AUTHORITY OF INDIA,BANNFC90E90C70549,ZW310,,1015792.0,2026-03-25 00:00:00,2026-03-26 00:00:00,1953405,EMERGENCY,4187308,O RING,2.0,93,186.0,,186.0,0.18,33.48,219.48,,,,,0.0,0.0,0.0,0.0,0.0,0.0,0.0,0.0,0.0,0.0,0.0,0.0,,,,,,,0.0,0,186.0,0.0,1.0,,186.0
1789.0,2026-03-01,2236214,Bhubaneswar,NIRANJAN DAS,STEEL AUTHORITY OF INDIA,BANNFC90E90C70549,ZW310,,1015792.0,2026-03-25 00:00:00,2026-03-26 00:00:00,1953405,EMERGENCY,4187329,O RING,2.0,171,342.0,,342.0,0.18,61.559999999999995,403.56,,,,,0.0,0.0,0.0,0.0,0.0,0.0,0.0,0.0,0.0,0.0,0.0,0.0,,,,,,,0.0,0,342.0,0.0,1.0,,342.0
1790.0,2026-03-01,2236214,Bhubaneswar,NIRANJAN DAS,STEEL AUTHORITY OF INDIA,BANNFC90E90C70549,ZW310,,1015792.0,2026-03-25 00:00:00,2026-03-26 00:00:00,1953405,EMERGENCY,970860,O RING,2.0,379,758.0,,758.0,0.18,136.44,894.44,,2,1013286337,2026-03-23 00:00:00,0.0,0.0,0.0,0.0,0.0,0.0,0.0,0.0,0.0,0.0,0.0,758.0,,,,,,,758.0,1,0.0,0.0,1.0,,0.0
1791.0,2026-03-01,2236214,Bhubaneswar,NIRANJAN DAS,STEEL AUTHORITY OF INDIA,BANNFC90E90C70549,ZW310,,1015792.0,2026-03-25 00:00:00,2026-03-26 00:00:00,1953405,EMERGENCY,4506418,O RING,2.0,147,294.0,,294.0,0.18,52.919999999999995,346.92,,2,1013286337,2026-03-23 00:00:00,0.0,0.0,0.0,0.0,0.0,0.0,0.0,0.0,0.0,0.0,0.0,294.0,,,,,,,294.0,1,0.0,0.0,1.0,,0.0
1792.0,2026-03-01,2236214,Bhubaneswar,NIRANJAN DAS,STEEL AUTHORITY OF INDIA,BANNFC90E90C70549,ZW310,,1015792.0,2026-03-25 00:00:00,2026-03-26 00:00:00,1953406,MAINTENANCE,TE32170,FUEL WATER SEPARATOR,1.0,3615,3615.0,,3615.0,0.18,650.6999999999999,4265.7,,,,,0.0,0.0,0.0,0.0,0.0,0.0,0.0,0.0,0.0,0.0,0.0,0.0,,,,,,,0.0,0,3615.0,0.0,1.0,,3615.0
1793.0,2026-03-01,2236214,Bhubaneswar,NIRANJAN DAS,STEEL AUTHORITY OF INDIA,BANNFC90E90C70549,ZW310,,1015792.0,2026-03-25 00:00:00,2026-03-26 00:00:00,1953406,MAINTENANCE,4367100,OIL FILTER,1.0,15859,15859.0,,15859.0,0.18,2854.62,18713.62,,,,,0.0,0.0,0.0,0.0,0.0,0.0,0.0,0.0,0.0,0.0,0.0,0.0,,,,,,,0.0,0,15859.0,0.0,1.0,,15859.0
1794.0,2026-03-01,2236214,Bhubaneswar,NIRANJAN DAS,STEEL AUTHORITY OF INDIA,BANNFC90E90C70549,ZW310,,1015792.0,2026-03-25 00:00:00,2026-03-26 00:00:00,1953406,MAINTENANCE,3100308,RESISTOR CORROSION,1.0,11592,11592.0,,11592.0,0.18,2086.56,13678.56,,,,,0.0,0.0,0.0,0.0,0.0,0.0,0.0,0.0,0.0,0.0,0.0,0.0,,,,,,,0.0,0,11592.0,0.0,1.0,,11592.0
1795.0,2026-03-01,2236214,Bhubaneswar,NIRANJAN DAS,STEEL AUTHORITY OF INDIA,BANNFC90E90C70549,ZW310,,1015792.0,2026-03-25 00:00:00,2026-03-26 00:00:00,1953406,MAINTENANCE,3111570040,ELEMENT FILTER,2.0,17715,35430.0,,35430.0,0.18,6377.4,41807.4,,,,,0.0,0.0,0.0,0.0,0.0,0.0,0.0,0.0,0.0,0.0,0.0,0.0,,,,,,,0.0,0,35430.0,0.0,1.0,,35430.0
1796.0,2026-03-01,2236214,Bhubaneswar,NIRANJAN DAS,STEEL AUTHORITY OF INDIA,BANNFC90E90C70549,ZW310,,1015792.0,2026-03-25 00:00:00,2026-03-26 00:00:00,1953406,MAINTENANCE,YA00033065,ELEMENT FILTER,1.0,8316,8316.0,,8316.0,0.18,1496.8799999999999,9812.88,,,,,0.0,0.0,0.0,0.0,0.0,0.0,0.0,0.0,0.0,0.0,0.0,0.0,,,,,,,0.0,0,8316.0,0.0,1.0,,8316.0
1797.0,2026-03-01,2236214,Bhubaneswar,NIRANJAN DAS,STEEL AUTHORITY OF INDIA,BANNFC90E90C70549,ZW310,,1015792.0,2026-03-25 00:00:00,2026-03-26 00:00:00,1953406,MAINTENANCE,3098070430,ELEMENT FILTER,1.0,29290,29290.0,,29290.0,0.18,5272.2,34562.2,,,,,0.0,0.0,0.0,0.0,0.0,0.0,0.0,0.0,0.0,0.0,0.0,0.0,,,,,,,0.0,0,29290.0,0.0,1.0,,29290.0
1798.0,2026-03-01,2236214,Bhubaneswar,NIRANJAN DAS,STEEL AUTHORITY OF INDIA,BANNFC90E90C70549,ZW310,,1015792.0,2026-03-25 00:00:00,2026-03-26 00:00:00,1953406,MAINTENANCE,3098070440,ELEMENT FILTER,1.0,15834,15834.0,,15834.0,0.18,2850.12,18684.12,,,,,0.0,0.0,0.0,0.0,0.0,0.0,0.0,0.0,0.0,0.0,0.0,0.0,,,,,,,0.0,0,15834.0,0.0,1.0,,15834.0
1799.0,2026-03-01,2236214,Bhubaneswar,NIRANJAN DAS,STEEL AUTHORITY OF INDIA,BANNFC90E90C70549,ZW310,,1015792.0,2026-03-25 00:00:00,2026-03-26 00:00:00,1953406,MAINTENANCE,4437838,FILTER,1.0,1695,1695.0,,1695.0,0.18,305.09999999999997,2000.1,,,,,0.0,0.0,0.0,0.0,0.0,0.0,0.0,0.0,0.0,0.0,0.0,0.0,,,,,,,0.0,0,1695.0,0.0,1.0,,1695.0
1800.0,2026-03-01,2236214,Bhubaneswar,NIRANJAN DAS,STEEL AUTHORITY OF INDIA,BANNFC90E90C70549,ZW310,,1015792.0,2026-03-25 00:00:00,2026-03-26 00:00:00,1953406,MAINTENANCE,41101-60010,FILTER,2.0,20420,40840.0,,40840.0,0.18,7351.2,48191.2,,,,,0.0,0.0,0.0,0.0,0.0,0.0,0.0,0.0,0.0,0.0,0.0,0.0,,,,,,,0.0,0,40840.0,0.0,1.0,,40840.0
1801.0,2026-03-01,2236214,Bhubaneswar,NIRANJAN DAS,STEEL AUTHORITY OF INDIA,BANNFC90E90C70549,ZW310,,1015792.0,2026-03-25 00:00:00,2026-03-26 00:00:00,1953406,MAINTENANCE,40330-60650,FILTER,1.0,22155,22155.0,,22155.0,0.18,3987.8999999999996,26142.9,,,,,0.0,0.0,0.0,0.0,0.0,0.0,0.0,0.0,0.0,0.0,0.0,0.0,,,,,,,0.0,0,22155.0,0.0,1.0,,22155.0
1802.0,2026-03-01,2236214,Bhubaneswar,NIRANJAN DAS,STEEL AUTHORITY OF INDIA,BANNFC90E90C70549,ZW310,,1015792.0,2026-03-25 00:00:00,2026-03-26 00:00:00,1953406,MAINTENANCE,4631063,SUCTION FILTER,1.0,11550,11550.0,,11550.0,0.18,2079.0,13629.0,,,,,0.0,0.0,0.0,0.0,0.0,0.0,0.0,0.0,0.0,0.0,0.0,0.0,,,,,,,0.0,0,11550.0,0.0,1.0,,11550.0
1803.0,2026-03-01,2236214,Bhubaneswar,NIRANJAN DAS,STEEL AUTHORITY OF INDIA,BANNFC90E90C70549,ZW310,,1015792.0,2026-03-25 00:00:00,2026-03-26 00:00:00,1953404,PLANNING,113671-4730,FAN BELT,1.0,14327,14327.0,,14327.0,0.18,2578.86,16905.86,,,,,0.0,0.0,0.0,0.0,0.0,0.0,0.0,0.0,0.0,0.0,0.0,0.0,,,,,,,0.0,0,14327.0,0.0,1.0,,14327.0
1804.0,2026-03-01,2276955,Bhubaneswar,BIKASH MISTRY,KJS PELLETS & POWER PVT LTD,THEJAHL0T00000438,ZX470H,,1108453.0,2026-03-07 00:00:00,2026-03-17 00:00:00,1941678,EMERGENCY,4653041,SEAL KI,1.0,53102,53102.0,0.2,42481.6,0.18,7646.687999999999,50128.288,,,,,0.0,0.0,0.0,0.0,0.0,0.0,0.0,0.0,0.0,0.0,0.0,0.0,,,,,,,0.0,0,53102.0,10620.400000000001,10.0,,53102.0
1805.0,2026-03-01,2276955,Bhubaneswar,BIKASH MISTRY,KJS PELLETS & POWER PVT LTD,THEJAHL0T00000438,ZX470H,,1108453.0,2026-03-07 00:00:00,2026-03-17 00:00:00,1941678,EMERGENCY,972305,RING,2.0,8493,16986.0,0.2,13588.8,0.18,2445.984,16034.784,,,,,0.0,0.0,0.0,0.0,0.0,0.0,0.0,0.0,0.0,0.0,0.0,0.0,,,,,,,0.0,0,16986.0,3397.2000000000007,10.0,,16986.0
1806.0,2026-03-01,2276955,Bhubaneswar,BIKASH MISTRY,KJS PELLETS & POWER PVT LTD,THEJAHL0T00000438,ZX470H,,1108453.0,2026-03-07 00:00:00,2026-03-17 00:00:00,1941678,EMERGENCY,242512,RING SLIDE,2.0,6335,12670.0,0.2,10136.0,0.18,1824.48,11960.48,,,,,0.0,0.0,0.0,0.0,0.0,0.0,0.0,0.0,0.0,0.0,0.0,0.0,,,,,,,0.0,0,12670.0,2534.0,10.0,,12670.0
1807.0,2026-03-01,2276955,Bhubaneswar,BIKASH MISTRY,KJS PELLETS & POWER PVT LTD,THEJAHL0T00000438,ZX470H,,1108453.0,2026-03-07 00:00:00,2026-03-17 00:00:00,1941678,EMERGENCY,4653042,SEAL KI,1.0,38202,38202.0,0.2,30561.6,0.18,5501.088,36062.687999999995,,,,,0.0,0.0,0.0,0.0,0.0,0.0,0.0,0.0,0.0,0.0,0.0,0.0,,,,,,,0.0,0,38202.0,7640.4000000000015,10.0,,38202.0
1808.0,2026-03-01,2276955,Bhubaneswar,BIKASH MISTRY,KJS PELLETS & POWER PVT LTD,THEJAHL0T00000438,ZX470H,,1108453.0,2026-03-07 00:00:00,2026-03-17 00:00:00,1941678,EMERGENCY,972106,RING,2.0,4942,9884.0,0.2,7907.2,0.18,1423.2959999999998,9330.496,,,,,0.0,0.0,0.0,0.0,0.0,0.0,0.0,0.0,0.0,0.0,0.0,0.0,,,,,,,0.0,0,9884.0,1976.8000000000002,10.0,,9884.0
1809.0,2026-03-01,2276955,Bhubaneswar,BIKASH MISTRY,KJS PELLETS & POWER PVT LTD,THEJAHL0T00000438,ZX470H,,1108453.0,2026-03-07 00:00:00,2026-03-17 00:00:00,1941678,EMERGENCY,259307,RING SLIDE,2.0,5446,10892.0,0.2,8713.6,0.18,1568.448,10282.048,,,,,0.0,0.0,0.0,0.0,0.0,0.0,0.0,0.0,0.0,0.0,0.0,0.0,,,,,,,0.0,0,10892.0,2178.3999999999996,10.0,,10892.0
1810.0,2026-03-01,2276957,Bhubaneswar,ROSHAN KUMAR,DHILLON CONSTRUCTION PVT LTD,0ACG-001064 ,ZX650H,,1006467.0,2026-03-10 00:00:00,2026-03-14 00:00:00,1938456,EMERGENCY,4323631,O RING,2.0,2340,4680.0,0.1,4212.0,0.18,758.16,4970.16,,2,1013286786,2026-03-29 00:00:00,0.0,0.0,0.0,0.0,0.0,0.0,0.0,0.0,0.0,0.0,0.0,4930.2,,,,,,,4930.2,1,0.0,468.0,4.0,15.0,0.0
1811.0,2026-03-01,2276957,Bhubaneswar,ROSHAN KUMAR,DHILLON CONSTRUCTION PVT LTD,0ACG-001064 ,ZX650H,,1006467.0,2026-03-10 00:00:00,2026-03-14 00:00:00,1938456,EMERGENCY,171809,O RING,18.0,1619,29142.0,0.1,26227.8,0.18,4721.004,30948.804,,14,1013286225,2026-03-20 00:00:00,0.0,0.0,0.0,0.0,0.0,0.0,0.0,0.0,0.0,0.0,0.0,15866.2,,,,,,,15866.2,1,13275.8,2914.2000000000007,4.0,6.0,0.0
1812.0,2026-03-01,2276957,Bhubaneswar,ROSHAN KUMAR,DHILLON CONSTRUCTION PVT LTD,0ACG-001064 ,ZX650H,,1006467.0,2026-03-10 00:00:00,2026-03-14 00:00:00,1938456,EMERGENCY,A810100,O RING,2.0,572,1144.0,0.1,1029.6,0.18,185.32799999999997,1214.9279999999999,,2,1013286225,2026-03-20 00:00:00,0.0,0.0,0.0,0.0,0.0,0.0,0.0,0.0,0.0,0.0,0.0,800.8,,,,,,,800.8,1,343.20000000000005,114.40000000000009,4.0,6.0,0.0
1813.0,2026-03-01,2276957,Bhubaneswar,ROSHAN KUMAR,DHILLON CONSTRUCTION PVT LTD,0ACG-001064 ,ZX650H,,1006467.0,2026-03-10 00:00:00,2026-03-14 00:00:00,1938456,EMERGENCY,4120315,"HOSE; RUBBER,AIR",2.0,25834,51668.0,0.1,46501.2,0.18,8370.215999999999,54871.416,,,,,0.0,0.0,0.0,0.0,0.0,0.0,0.0,0.0,0.0,0.0,0.0,0.0,,,,,,,0.0,0,51668.0,5166.800000000003,4.0,,51668.0
1814.0,2026-03-01,2276957,Bhubaneswar,ROSHAN KUMAR,DHILLON CONSTRUCTION PVT LTD,0ACG-001064 ,ZX650H,,1006467.0,2026-03-10 00:00:00,2026-03-14 00:00:00,1938456,EMERGENCY,A811220,O RING,1.0,1315,1315.0,0.1,1183.5,0.18,213.03,1396.53,,,,,0.0,0.0,0.0,0.0,0.0,0.0,0.0,0.0,0.0,0.0,0.0,0.0,,,,,,,0.0,0,1315.0,131.5,4.0,,1315.0
1815.0,2026-03-01,2276957,Bhubaneswar,ROSHAN KUMAR,DHILLON CONSTRUCTION PVT LTD,0ACG-001064 ,ZX650H,,1006467.0,2026-03-10 00:00:00,2026-03-14 00:00:00,1938456,EMERGENCY,4218005,O RING,3.0,2575,7725.0,0.1,6952.5,0.18,1251.45,8203.95,,3,1013286225,2026-03-20 00:00:00,0.0,0.0,0.0,0.0,0.0,0.0,0.0,0.0,0.0,0.0,0.0,5407.5,,,,,,,5407.5,1,2317.5,772.5,4.0,6.0,0.0
1816.0,2026-03-01,2276957,Bhubaneswar,ROSHAN KUMAR,DHILLON CONSTRUCTION PVT LTD,0ACG-001064 ,ZX650H,,1006467.0,2026-03-10 00:00:00,2026-03-14 00:00:00,1938456,EMERGENCY,4641671,SEAL OIL,1.0,16454,16454.0,0.1,14808.6,0.18,2665.548,17474.148,,1,1013286225,2026-03-20 00:00:00,0.0,0.0,0.0,0.0,0.0,0.0,0.0,0.0,0.0,0.0,0.0,11517.8,,,,,,,11517.8,1,4936.200000000001,1645.3999999999996,4.0,6.0,0.0
1817.0,2026-03-01,2276957,Bhubaneswar,ROSHAN KUMAR,DHILLON CONSTRUCTION PVT LTD,0ACG-001064 ,ZX650H,,1006467.0,2026-03-10 00:00:00,2026-03-14 00:00:00,1938456,EMERGENCY,A811030,O RING,1.0,196,196.0,0.1,176.4,0.18,31.752,208.15200000000002,,1,1013286225,2026-03-20 00:00:00,0.0,0.0,0.0,0.0,0.0,0.0,0.0,0.0,0.0,0.0,0.0,137.2,,,,,,,137.2,1,58.80000000000001,19.599999999999994,4.0,6.0,0.0
1818.0,2026-03-01,2276957,Bhubaneswar,ROSHAN KUMAR,DHILLON CONSTRUCTION PVT LTD,0ACG-001064 ,ZX650H,,1006467.0,2026-03-10 00:00:00,2026-03-14 00:00:00,1938456,EMERGENCY,4153544,O RING,1.0,1914,1914.0,0.1,1722.6,0.18,310.068,2032.668,,1,1013286225,2026-03-20 00:00:00,0.0,0.0,0.0,0.0,0.0,0.0,0.0,0.0,0.0,0.0,0.0,1339.8,,,,,,,1339.8,1,574.2,191.4000000000001,4.0,6.0,0.0
1819.0,2026-03-01,2276957,Bhubaneswar,ROSHAN KUMAR,DHILLON CONSTRUCTION PVT LTD,0ACG-001064 ,ZX650H,,1006467.0,2026-03-10 00:00:00,2026-03-14 00:00:00,1938456,EMERGENCY,A811060,O RING,3.0,429,1287.0,0.1,1158.3,0.18,208.49399999999997,1366.7939999999999,,3,1013286292,2026-03-21 00:00:00,0.0,0.0,0.0,0.0,0.0,0.0,0.0,0.0,0.0,0.0,0.0,900.9,,,,,,,900.9,1,386.1,128.70000000000005,4.0,7.0,0.0
1820.0,2026-03-01,2276957,Bhubaneswar,ROSHAN KUMAR,DHILLON CONSTRUCTION PVT LTD,0ACG-001064 ,ZX650H,,1006467.0,2026-03-10 00:00:00,2026-03-14 00:00:00,1938456,EMERGENCY,KEOR1000,O RING,1.0,4481,4481.0,0.1,4032.9,0.18,725.922,4758.822,,1,1013286225,2026-03-20 00:00:00,0.0,0.0,0.0,0.0,0.0,0.0,0.0,0.0,0.0,0.0,0.0,3136.7,,,,,,,3136.7,1,1344.3000000000002,448.0999999999999,4.0,6.0,0.0
1821.0,2026-03-01,2276957,Bhubaneswar,ROSHAN KUMAR,DHILLON CONSTRUCTION PVT LTD,0ACG-001064 ,ZX650H,,1006467.0,2026-03-10 00:00:00,2026-03-14 00:00:00,1938456,EMERGENCY,4448362,CUSHION,2.0,77956,155912.0,0.1,140320.8,0.18,25257.744,165578.544,,2,1013286292,2026-03-21 00:00:00,0.0,0.0,0.0,0.0,0.0,0.0,0.0,0.0,0.0,0.0,0.0,109138.4,,,,,,,109138.4,1,46773.600000000006,15591.200000000012,4.0,7.0,0.0
1822.0,2026-03-01,2276957,Bhubaneswar,ROSHAN KUMAR,DHILLON CONSTRUCTION PVT LTD,0ACG-001064 ,ZX650H,,1006467.0,2026-03-10 00:00:00,2026-03-14 00:00:00,1938456,EMERGENCY,4183995,CUSHION,2.0,14450,28900.0,0.1,26010.0,0.18,4681.8,30691.8,,2,1013286225,2026-03-20 00:00:00,0.0,0.0,0.0,0.0,0.0,0.0,0.0,0.0,0.0,0.0,0.0,20230.0,,,,,,,20230.0,1,8670.0,2890.0,4.0,6.0,0.0
1823.0,2026-03-01,2276957,Bhubaneswar,ROSHAN KUMAR,DHILLON CONSTRUCTION PVT LTD,0ACG-001064 ,ZX650H,,1006467.0,2026-03-10 00:00:00,2026-03-14 00:00:00,1938456,EMERGENCY,4506429,O RING,4.0,164,656.0,0.1,590.4,0.18,106.27199999999999,696.672,,4,1013286292,2026-03-21 00:00:00,0.0,0.0,0.0,0.0,0.0,0.0,0.0,0.0,0.0,0.0,0.0,459.2,,,,,,,459.2,1,196.8,65.60000000000002,4.0,7.0,0.0
1824.0,2026-03-01,2276957,Bhubaneswar,ROSHAN KUMAR,DHILLON CONSTRUCTION PVT LTD,0ACG-001064 ,ZX650H,,1006467.0,2026-03-10 00:00:00,2026-03-14 00:00:00,1938456,EMERGENCY,4424982,SEAL OIL,2.0,63657,127314.0,0.1,114582.6,0.18,20624.868,135207.468,,2,1013286292,2026-03-21 00:00:00,0.0,0.0,0.0,0.0,0.0,0.0,0.0,0.0,0.0,0.0,0.0,89119.8,,,,,,,89119.8,1,38194.2,12731.399999999994,4.0,7.0,0.0
1825.0,2026-03-01,2276957,Bhubaneswar,ROSHAN KUMAR,DHILLON CONSTRUCTION PVT LTD,0ACG-001064 ,ZX650H,,1006467.0,2026-03-10 00:00:00,2026-03-14 00:00:00,1938456,EMERGENCY,4454006,ENGINE,1.0,6706088,6706088.0,0.1,6035479.2,0.18,1086386.256,7121865.456,,,,,0.0,0.0,0.0,0.0,0.0,0.0,0.0,0.0,0.0,0.0,0.0,0.0,,,,,,,0.0,0,6706088.0,670608.7999999998,4.0,,6706088.0
1826.0,2026-03-01,2276957,Bhubaneswar,ROSHAN KUMAR,DHILLON CONSTRUCTION PVT LTD,0ACG-001064 ,ZX650H,,1006467.0,2026-03-10 00:00:00,2026-03-14 00:00:00,1938456,EMERGENCY,9197075,PUMP ASSY,2.0,2681867,5363734.0,0.1,4827360.6,0.18,868924.9079999999,5696285.507999999,,,,,0.0,0.0,0.0,0.0,0.0,0.0,0.0,0.0,0.0,0.0,0.0,0.0,,,,,,,0.0,0,5363734.0,536373.4000000004,4.0,,5363734.0
1827.0,2026-03-01,2276957,Bhubaneswar,ROSHAN KUMAR,DHILLON CONSTRUCTION PVT LTD,0ACG-001064 ,ZX650H,,1006467.0,2026-03-10 00:00:00,2026-03-14 00:00:00,1938456,EMERGENCY,4440388,SWING MOTOR,2.0,464668,929336.0,0.1,836402.4,0.18,150552.432,986954.832,,,,,0.0,0.0,0.0,0.0,0.0,0.0,0.0,0.0,0.0,0.0,0.0,0.0,,,,,,,0.0,0,929336.0,92933.59999999998,4.0,,929336.0
1828.0,2026-03-01,2276957,Bhubaneswar,ROSHAN KUMAR,DHILLON CONSTRUCTION PVT LTD,0ACG-001064 ,ZX650H,,1006467.0,2026-03-10 00:00:00,2026-03-14 00:00:00,1938542,MAINTENANCE,YA00058283,OIL FILTER,2.0,2720,5440.0,0.1,4896.0,0.18,881.28,5777.28,,,,,0.0,0.0,0.0,0.0,0.0,0.0,0.0,0.0,0.0,0.0,0.0,0.0,,,,,,,0.0,0,5440.0,544.0,4.0,,5440.0
1829.0,2026-03-01,2276957,Bhubaneswar,ROSHAN KUMAR,DHILLON CONSTRUCTION PVT LTD,0ACG-001064 ,ZX650H,,1006467.0,2026-03-10 00:00:00,2026-03-14 00:00:00,1938542,MAINTENANCE,4078360,FUEL FILTER,1.0,1352,1352.0,0.1,1216.8,0.18,219.02399999999997,1435.8239999999998,,,,,0.0,0.0,0.0,0.0,0.0,0.0,0.0,0.0,0.0,0.0,0.0,0.0,,,,,,,0.0,0,1352.0,135.20000000000005,4.0,,1352.0
1830.0,2026-03-01,2276957,Bhubaneswar,ROSHAN KUMAR,DHILLON CONSTRUCTION PVT LTD,0ACG-001064 ,ZX650H,,1006467.0,2026-03-10 00:00:00,2026-03-14 00:00:00,1938542,MAINTENANCE,4616864,FUEL FILTER,1.0,2351,2351.0,0.1,2115.9,0.18,380.862,2496.762,,,,,0.0,0.0,0.0,0.0,0.0,0.0,0.0,0.0,0.0,0.0,0.0,0.0,,,,,,,0.0,0,2351.0,235.0999999999999,4.0,,2351.0
1831.0,2026-03-01,2276957,Bhubaneswar,ROSHAN KUMAR,DHILLON CONSTRUCTION PVT LTD,0ACG-001064 ,ZX650H,,1006467.0,2026-03-10 00:00:00,2026-03-14 00:00:00,1938542,MAINTENANCE,1209163,AIR FILTER OUTER,1.0,11828,11828.0,0.1,10645.2,0.18,1916.136,12561.336000000001,,,,,0.0,0.0,0.0,0.0,0.0,0.0,0.0,0.0,0.0,0.0,0.0,0.0,,,,,,,0.0,0,11828.0,1182.7999999999993,4.0,,11828.0
1832.0,2026-03-01,2276957,Bhubaneswar,ROSHAN KUMAR,DHILLON CONSTRUCTION PVT LTD,0ACG-001064 ,ZX650H,,1006467.0,2026-03-10 00:00:00,2026-03-14 00:00:00,1938542,MAINTENANCE,1105353,AIR FILTER INNER,1.0,6862,6862.0,0.1,6175.8,0.18,1111.644,7287.444,,,,,0.0,0.0,0.0,0.0,0.0,0.0,0.0,0.0,0.0,0.0,0.0,0.0,,,,,,,0.0,0,6862.0,686.1999999999998,4.0,,6862.0
1833.0,2026-03-01,2276957,Bhubaneswar,ROSHAN KUMAR,DHILLON CONSTRUCTION PVT LTD,0ACG-001064 ,ZX650H,,1006467.0,2026-03-10 00:00:00,2026-03-14 00:00:00,1938674,PLANNING,113671-4730,FAN BELT,1.0,14327,14327.0,0.1,12894.3,0.18,2320.9739999999997,15215.274,,,,,0.0,0.0,0.0,0.0,0.0,0.0,0.0,0.0,0.0,0.0,0.0,0.0,,,,,,,0.0,0,14327.0,1432.7000000000007,4.0,,14327.0
1834.0,2026-03-01,2276959,Bhubaneswar,BIKASH MISTRY,THRIVENI EARTHMOVERS PVT LTD,0ACG-000257,ZX650H,,1941985.0,2026-03-14 00:00:00,2026-03-17 00:00:00,1941985,EMERGENCY,4487582,O RING,2.0,2653,5306.0,0.2,4244.8,0.18,764.064,5008.8640000000005,,,,,0.0,0.0,0.0,0.0,0.0,0.0,0.0,0.0,0.0,0.0,0.0,0.0,,,,,,,0.0,0,5306.0,1061.1999999999998,3.0,,5306.0
1835.0,2026-03-01,2276959,Bhubaneswar,BIKASH MISTRY,THRIVENI EARTHMOVERS PVT LTD,0ACG-000257,ZX650H,,1941985.0,2026-03-14 00:00:00,2026-03-17 00:00:00,1942014,MAINTENANCE,YA00058283,ENGINE OIL FILTER,2.0,2720,5440.0,0.2,4352.0,0.18,783.36,5135.36,,2,1013286429,2026-03-25 00:00:00,0.0,0.0,0.0,0.0,0.0,0.0,0.0,0.0,0.0,0.0,0.0,4080.0,,,,,,,4080.0,1,1360.0,1088.0,3.0,8.0,0.0
1836.0,2026-03-01,2276959,Bhubaneswar,BIKASH MISTRY,THRIVENI EARTHMOVERS PVT LTD,0ACG-000257,ZX650H,,1941985.0,2026-03-14 00:00:00,2026-03-17 00:00:00,1942014,MAINTENANCE,4078360,FUEL FILTER,1.0,1352,1352.0,0.2,1081.6,0.18,194.688,1276.288,,,,,0.0,0.0,0.0,0.0,0.0,0.0,0.0,0.0,0.0,0.0,0.0,0.0,,,,,,,0.0,0,1352.0,270.4000000000001,3.0,,1352.0
1837.0,2026-03-01,2276959,Bhubaneswar,BIKASH MISTRY,THRIVENI EARTHMOVERS PVT LTD,0ACG-000257,ZX650H,,1941985.0,2026-03-14 00:00:00,2026-03-17 00:00:00,1942014,MAINTENANCE,1209163,AIR FILTER OUTER,1.0,11828,11828.0,0.2,9462.4,0.18,1703.232,11165.632,,,,,0.0,0.0,0.0,0.0,0.0,0.0,0.0,0.0,0.0,0.0,0.0,0.0,,,,,,,0.0,0,11828.0,2365.6000000000004,3.0,,11828.0
1838.0,2026-03-01,2276959,Bhubaneswar,BIKASH MISTRY,THRIVENI EARTHMOVERS PVT LTD,0ACG-000257,ZX650H,,1941985.0,2026-03-14 00:00:00,2026-03-17 00:00:00,1942014,MAINTENANCE,1105353,AIR FILTER INNER,1.0,6862,6862.0,0.2,5489.6,0.18,988.128,6477.728,,,,,0.0,0.0,0.0,0.0,0.0,0.0,0.0,0.0,0.0,0.0,0.0,0.0,,,,,,,0.0,0,6862.0,1372.3999999999996,3.0,,6862.0
1839.0,2026-03-01,2276959,Bhubaneswar,BIKASH MISTRY,THRIVENI EARTHMOVERS PVT LTD,0ACG-000257,ZX650H,,1941985.0,2026-03-14 00:00:00,2026-03-17 00:00:00,1942018,PLANNING,4251753,SEAL DUST,2.0,4831,9662.0,0.2,7729.6,0.18,1391.328,9120.928,,,,,0.0,0.0,0.0,0.0,0.0,0.0,0.0,0.0,0.0,0.0,0.0,0.0,,,,,,,0.0,0,9662.0,1932.3999999999996,3.0,,9662.0
1840.0,2026-03-01,2277008,Bhubaneswar,NIRANJAN DAS,THRIVENI EARTHMOVERS PVT LTD,0ACG-002001 ,ZX650H,,27868.0,2026-03-14 00:00:00,2026-03-21 00:00:00,1947505,EMERGENCY,4448362,CUSHION,2.0,77956,155912.0,0.2,124729.6,0.18,22451.328,147180.928,,2,1013286359,2026-03-23 00:00:00,0.0,0.0,0.0,0.0,0.0,0.0,0.0,0.0,0.0,0.0,0.0,124729.0,,,,,,,124729.0,1,31183.0,31182.399999999994,7.0,2.0,0.0
1841.0,2026-03-01,2277008,Bhubaneswar,NIRANJAN DAS,THRIVENI EARTHMOVERS PVT LTD,0ACG-002001 ,ZX650H,,27868.0,2026-03-14 00:00:00,2026-03-21 00:00:00,1947505,EMERGENCY,TE10341,BOLT,1.0,6442,6442.0,0.2,5153.6,0.18,927.648,6081.2480000000005,,1,1013285702,2026-03-11 00:00:00,0.0,0.0,0.0,0.0,0.0,0.0,0.0,0.0,0.0,0.0,0.0,5153.0,,,,,,,5153.0,1,1289.0,1288.3999999999996,7.0,,0.0
1842.0,2026-03-01,2277008,Bhubaneswar,NIRANJAN DAS,THRIVENI EARTHMOVERS PVT LTD,0ACG-002001 ,ZX650H,,27868.0,2026-03-14 00:00:00,2026-03-21 00:00:00,1947528,MAINTENANCE,4333469,ELEMENT FILTER,2.0,12524,25048.0,0.2,20038.4,0.18,3606.9120000000003,23645.312,,,,,0.0,0.0,0.0,0.0,0.0,0.0,0.0,0.0,0.0,0.0,0.0,0.0,,,,,,,0.0,0,25048.0,5009.5999999999985,7.0,,25048.0
1843.0,2026-03-01,2277008,Bhubaneswar,NIRANJAN DAS,THRIVENI EARTHMOVERS PVT LTD,0ACG-002001 ,ZX650H,,27868.0,2026-03-14 00:00:00,2026-03-21 00:00:00,1947528,MAINTENANCE,3015259,FILTER,2.0,394,788.0,0.2,630.4,0.18,113.472,743.872,,,,,0.0,0.0,0.0,0.0,0.0,0.0,0.0,0.0,0.0,0.0,0.0,0.0,,,,,,,0.0,0,788.0,157.60000000000002,7.0,,788.0
1844.0,2026-03-01,2277008,Bhubaneswar,NIRANJAN DAS,THRIVENI EARTHMOVERS PVT LTD,0ACG-002001 ,ZX650H,,27868.0,2026-03-14 00:00:00,2026-03-21 00:00:00,1947528,MAINTENANCE,4317008,STRAINER,2.0,17391,34782.0,0.2,27825.6,0.18,5008.607999999999,32834.208,,,,,0.0,0.0,0.0,0.0,0.0,0.0,0.0,0.0,0.0,0.0,0.0,0.0,,,,,,,0.0,0,34782.0,6956.4000000000015,7.0,,34782.0
1845.0,2026-03-01,2277008,Bhubaneswar,NIRANJAN DAS,THRIVENI EARTHMOVERS PVT LTD,0ACG-002001 ,ZX650H,,27868.0,2026-03-14 00:00:00,2026-03-21 00:00:00,1947528,MAINTENANCE,4363399,FILTER,2.0,4349,8698.0,0.2,6958.4,0.18,1252.512,8210.912,,,,,0.0,0.0,0.0,0.0,0.0,0.0,0.0,0.0,0.0,0.0,0.0,0.0,,,,,,,0.0,0,8698.0,1739.6000000000004,7.0,,8698.0
1846.0,2026-03-01,2277008,Bhubaneswar,NIRANJAN DAS,THRIVENI EARTHMOVERS PVT LTD,0ACG-002001 ,ZX650H,,27868.0,2026-03-14 00:00:00,2026-03-21 00:00:00,1947528,MAINTENANCE,4437838,FILTER,2.0,1695,3390.0,0.2,2712.0,0.18,488.15999999999997,3200.16,,,,,0.0,0.0,0.0,0.0,0.0,0.0,0.0,0.0,0.0,0.0,0.0,0.0,,,,,,,0.0,0,3390.0,678.0,7.0,,3390.0
1847.0,2026-03-01,2277008,Bhubaneswar,NIRANJAN DAS,THRIVENI EARTHMOVERS PVT LTD,0ACG-002001 ,ZX650H,,27868.0,2026-03-14 00:00:00,2026-03-21 00:00:00,1947528,MAINTENANCE,YA00058283,ENGINE OIL FILTER,8.0,2720,21760.0,0.2,17408.0,0.18,3133.44,20541.44,,8,1013286429,2026-03-25 00:00:00,0.0,0.0,0.0,0.0,0.0,0.0,0.0,0.0,0.0,0.0,0.0,16320.0,,,,,,,16320.0,1,5440.0,4352.0,7.0,4.0,0.0
1848.0,2026-03-01,2277008,Bhubaneswar,NIRANJAN DAS,THRIVENI EARTHMOVERS PVT LTD,0ACG-002001 ,ZX650H,,27868.0,2026-03-14 00:00:00,2026-03-21 00:00:00,1947528,MAINTENANCE,4078360,FUEL FILTER,8.0,1352,10816.0,0.2,8652.8,0.18,1557.504,10210.304,,,,,0.0,0.0,0.0,0.0,0.0,0.0,0.0,0.0,0.0,0.0,0.0,0.0,,,,,,,0.0,0,10816.0,2163.2000000000007,7.0,,10816.0
1849.0,2026-03-01,2277008,Bhubaneswar,NIRANJAN DAS,THRIVENI EARTHMOVERS PVT LTD,0ACG-002001 ,ZX650H,,27868.0,2026-03-14 00:00:00,2026-03-21 00:00:00,1947528,MAINTENANCE,1209163,AIR FILTER OUTER,2.0,11828,23656.0,0.2,18924.8,0.18,3406.464,22331.264,,,,,0.0,0.0,0.0,0.0,0.0,0.0,0.0,0.0,0.0,0.0,0.0,0.0,,,,,,,0.0,0,23656.0,4731.200000000001,7.0,,23656.0
1850.0,2026-03-01,2277008,Bhubaneswar,NIRANJAN DAS,THRIVENI EARTHMOVERS PVT LTD,0ACG-002001 ,ZX650H,,27868.0,2026-03-14 00:00:00,2026-03-21 00:00:00,1947528,MAINTENANCE,1105353,AIR FILTER INNER,2.0,6862,13724.0,0.2,10979.2,0.18,1976.256,12955.456,,,,,0.0,0.0,0.0,0.0,0.0,0.0,0.0,0.0,0.0,0.0,0.0,0.0,,,,,,,0.0,0,13724.0,2744.7999999999993,7.0,,13724.0
1851.0,2026-03-01,2277008,Bhubaneswar,NIRANJAN DAS,THRIVENI EARTHMOVERS PVT LTD,0ACG-002001 ,ZX650H,,27868.0,2026-03-14 00:00:00,2026-03-21 00:00:00,1947528,MAINTENANCE,4632689,AC FILTER,2.0,3846,7692.0,0.2,6153.6,0.18,1107.648,7261.2480000000005,,,,,0.0,0.0,0.0,0.0,0.0,0.0,0.0,0.0,0.0,0.0,0.0,0.0,,,,,,,0.0,0,7692.0,1538.3999999999996,7.0,,7692.0
1852.0,2026-03-01,2277008,Bhubaneswar,NIRANJAN DAS,THRIVENI EARTHMOVERS PVT LTD,0ACG-002001 ,ZX650H,,27868.0,2026-03-14 00:00:00,2026-03-21 00:00:00,1947552,PLANNING,4474619,BELT,1.0,64523,64523.0,0.2,51618.4,0.18,9291.312,60909.712,,,,,0.0,0.0,0.0,0.0,0.0,0.0,0.0,0.0,0.0,0.0,0.0,0.0,,,,,,,0.0,0,64523.0,12904.599999999999,7.0,,64523.0
1853.0,2026-03-01,2277051,Bhubaneswar,BIKASH MISTRY,THRIVENI EARTHMOVERS PVT LTD,THEJAHL0V00000494,ZX470H,,27868.0,2026-03-11 00:00:00,2026-03-17 00:00:00,1941817,EMERGENCY,181222-1362,FAN PULLEY ASSY,1.0,18815,18815.0,0.2,15052.0,0.18,2709.3599999999997,17761.36,,,,,0.0,0.0,0.0,0.0,0.0,0.0,0.0,0.0,0.0,0.0,0.0,0.0,,,,,,,0.0,0,18815.0,3763.0,6.0,,18815.0
1854.0,2026-03-01,2277051,Bhubaneswar,BIKASH MISTRY,THRIVENI EARTHMOVERS PVT LTD,THEJAHL0V00000494,ZX470H,,27868.0,2026-03-11 00:00:00,2026-03-17 00:00:00,1941854,MAINTENANCE,4078360,FUEL FILTER,1.0,1352,1352.0,0.2,1081.6,0.18,194.688,1276.288,,,,,0.0,0.0,0.0,0.0,0.0,0.0,0.0,0.0,0.0,0.0,0.0,0.0,,,,,,,0.0,0,1352.0,270.4000000000001,6.0,,1352.0
1855.0,2026-03-01,2277051,Bhubaneswar,BIKASH MISTRY,THRIVENI EARTHMOVERS PVT LTD,THEJAHL0V00000494,ZX470H,,27868.0,2026-03-11 00:00:00,2026-03-17 00:00:00,1941854,MAINTENANCE,4616864,FUEL FILTER,1.0,2351,2351.0,0.2,1880.8,0.18,338.544,2219.344,,,,,0.0,0.0,0.0,0.0,0.0,0.0,0.0,0.0,0.0,0.0,0.0,0.0,,,,,,,0.0,0,2351.0,470.20000000000005,6.0,,2351.0
1856.0,2026-03-01,2277051,Bhubaneswar,BIKASH MISTRY,THRIVENI EARTHMOVERS PVT LTD,THEJAHL0V00000494,ZX470H,,27868.0,2026-03-11 00:00:00,2026-03-17 00:00:00,1941854,MAINTENANCE,YA00058283,ENGINE OIL FILTER,2.0,2720,5440.0,0.2,4352.0,0.18,783.36,5135.36,,2,1013286429,2026-03-25 00:00:00,0.0,0.0,0.0,0.0,0.0,0.0,0.0,0.0,0.0,0.0,0.0,4080.0,,,,,,,4080.0,1,1360.0,1088.0,6.0,8.0,0.0
1857.0,2026-03-01,2277051,Bhubaneswar,BIKASH MISTRY,THRIVENI EARTHMOVERS PVT LTD,THEJAHL0V00000494,ZX470H,,27868.0,2026-03-11 00:00:00,2026-03-17 00:00:00,1941854,MAINTENANCE,1209163,AIR FILTER OUTER,1.0,11828,11828.0,0.2,9462.4,0.18,1703.232,11165.632,,,,,0.0,0.0,0.0,0.0,0.0,0.0,0.0,0.0,0.0,0.0,0.0,0.0,,,,,,,0.0,0,11828.0,2365.6000000000004,6.0,,11828.0
1858.0,2026-03-01,2277051,Bhubaneswar,BIKASH MISTRY,THRIVENI EARTHMOVERS PVT LTD,THEJAHL0V00000494,ZX470H,,27868.0,2026-03-11 00:00:00,2026-03-17 00:00:00,1941854,MAINTENANCE,1105353,AIR FILTER INNER,1.0,6862,6862.0,0.2,5489.6,0.18,988.128,6477.728,,,,,0.0,0.0,0.0,0.0,0.0,0.0,0.0,0.0,0.0,0.0,0.0,0.0,,,,,,,0.0,0,6862.0,1372.3999999999996,6.0,,6862.0
1859.0,2026-03-01,2277051,Bhubaneswar,BIKASH MISTRY,THRIVENI EARTHMOVERS PVT LTD,THEJAHL0V00000494,ZX470H,,27868.0,2026-03-11 00:00:00,2026-03-17 00:00:00,1941859,PLANNING,4612763,,,,0.0,0.2,0.0,0.18,0.0,0.0,,,,,0.0,0.0,0.0,0.0,0.0,0.0,0.0,0.0,0.0,0.0,0.0,0.0,,,,,,,0.0,0,0.0,0.0,6.0,,0.0
1860.0,2026-03-01,2277052,Bhubaneswar,BIKASH MISTRY,STEEL AUTHORITY OF INDIA,90C5-1519,90Z5,,1953636.0,2026-03-20 00:00:00,2026-03-26 00:00:00,1953636,EMERGENCY,49327-72610,SEAL KIT ,2.0,19684,39368.0,,39368.0,0.18,7086.24,46454.24,,,,,0.0,0.0,0.0,0.0,0.0,0.0,0.0,0.0,0.0,0.0,0.0,0.0,,,,,,,0.0,0,39368.0,0.0,6.0,,39368.0
1861.0,2026-03-01,2277052,Bhubaneswar,BIKASH MISTRY,STEEL AUTHORITY OF INDIA,90C5-1519,90Z5,,1953636.0,2026-03-20 00:00:00,2026-03-26 00:00:00,1953636,EMERGENCY,49327-72600,SEAL KIT,2.0,13520,27040.0,,27040.0,0.18,4867.2,31907.2,,,,,0.0,0.0,0.0,0.0,0.0,0.0,0.0,0.0,0.0,0.0,0.0,0.0,,,,,,,0.0,0,27040.0,0.0,6.0,,27040.0
1862.0,2026-03-01,2277052,Bhubaneswar,BIKASH MISTRY,STEEL AUTHORITY OF INDIA,90C5-1519,90Z5,,1953636.0,2026-03-20 00:00:00,2026-03-26 00:00:00,1953636,EMERGENCY,37636-70100,NUTLOCK,2.0,6944,13888.0,,13888.0,0.18,2499.8399999999997,16387.84,,,,,0.0,0.0,0.0,0.0,0.0,0.0,0.0,0.0,0.0,0.0,0.0,0.0,,,,,,,0.0,0,13888.0,0.0,6.0,,13888.0
1863.0,2026-03-01,2277052,Bhubaneswar,BIKASH MISTRY,STEEL AUTHORITY OF INDIA,90C5-1519,90Z5,,1953636.0,2026-03-20 00:00:00,2026-03-26 00:00:00,1953636,EMERGENCY,46926-70150,"RING,LOCK",2.0,2977,5954.0,,5954.0,0.18,1071.72,7025.72,,,,,0.0,0.0,0.0,0.0,0.0,0.0,0.0,0.0,0.0,0.0,0.0,0.0,,,,,,,0.0,0,5954.0,0.0,6.0,,5954.0
1864.0,2026-03-01,2277052,Bhubaneswar,BIKASH MISTRY,STEEL AUTHORITY OF INDIA,90C5-1519,90Z5,,1953636.0,2026-03-20 00:00:00,2026-03-26 00:00:00,1953636,EMERGENCY,63422-45490,BUSHING,4.0,24063,96252.0,,96252.0,0.18,17325.36,113577.36,,,,,0.0,0.0,0.0,0.0,0.0,0.0,0.0,0.0,0.0,0.0,0.0,0.0,,,,,,,0.0,0,96252.0,0.0,6.0,,96252.0
1865.0,2026-03-01,2277052,Bhubaneswar,BIKASH MISTRY,STEEL AUTHORITY OF INDIA,90C5-1519,90Z5,,1953636.0,2026-03-20 00:00:00,2026-03-26 00:00:00,1953636,EMERGENCY,63422-37630,BUSHING,2.0,12373,24746.0,,24746.0,0.18,4454.28,29200.28,,,,,0.0,0.0,0.0,0.0,0.0,0.0,0.0,0.0,0.0,0.0,0.0,0.0,,,,,,,0.0,0,24746.0,0.0,6.0,,24746.0
1866.0,2026-03-01,2277052,Bhubaneswar,BIKASH MISTRY,STEEL AUTHORITY OF INDIA,90C5-1519,90Z5,,1953636.0,2026-03-20 00:00:00,2026-03-26 00:00:00,1953636,EMERGENCY,63422-37440,BUSHING,2.0,5922,11844.0,,11844.0,0.18,2131.92,13975.92,,,,,0.0,0.0,0.0,0.0,0.0,0.0,0.0,0.0,0.0,0.0,0.0,0.0,,,,,,,0.0,0,11844.0,0.0,6.0,,11844.0
1867.0,2026-03-01,2277052,Bhubaneswar,BIKASH MISTRY,STEEL AUTHORITY OF INDIA,90C5-1519,90Z5,,1953636.0,2026-03-20 00:00:00,2026-03-26 00:00:00,1953640,MAINTENANCE,30981-70660,AIR FILTER(INNER),1.0,16230,16230.0,,16230.0,0.18,2921.4,19151.4,,,,,0.0,0.0,0.0,0.0,0.0,0.0,0.0,0.0,0.0,0.0,0.0,0.0,,,,,,,0.0,0,16230.0,0.0,6.0,,16230.0
1868.0,2026-03-01,2277052,Bhubaneswar,BIKASH MISTRY,STEEL AUTHORITY OF INDIA,90C5-1519,90Z5,,1953636.0,2026-03-20 00:00:00,2026-03-26 00:00:00,1953640,MAINTENANCE,30981-60140,AIR FILTER(OUTER),1.0,39063,39063.0,,39063.0,0.18,7031.34,46094.34,,,,,0.0,0.0,0.0,0.0,0.0,0.0,0.0,0.0,0.0,0.0,0.0,0.0,,,,,,,0.0,0,39063.0,0.0,6.0,,39063.0
1869.0,2026-03-01,2277052,Bhubaneswar,BIKASH MISTRY,STEEL AUTHORITY OF INDIA,90C5-1519,90Z5,,1953636.0,2026-03-20 00:00:00,2026-03-26 00:00:00,1953640,MAINTENANCE,40330-60400,FILTER,1.0,9631,9631.0,,9631.0,0.18,1733.58,11364.58,,,,,0.0,0.0,0.0,0.0,0.0,0.0,0.0,0.0,0.0,0.0,0.0,0.0,,,,,,,0.0,0,9631.0,0.0,6.0,,9631.0
1870.0,2026-03-01,2277052,Bhubaneswar,BIKASH MISTRY,STEEL AUTHORITY OF INDIA,90C5-1519,90Z5,,1953636.0,2026-03-20 00:00:00,2026-03-26 00:00:00,1953640,MAINTENANCE,30981-70330,ELEMENTFILTER,1.0,6945,6945.0,,6945.0,0.18,1250.1,8195.1,,,,,0.0,0.0,0.0,0.0,0.0,0.0,0.0,0.0,0.0,0.0,0.0,0.0,,,,,,,0.0,0,6945.0,0.0,6.0,,6945.0
1871.0,2026-03-01,2277052,Bhubaneswar,BIKASH MISTRY,STEEL AUTHORITY OF INDIA,90C5-1519,90Z5,,1953636.0,2026-03-20 00:00:00,2026-03-26 00:00:00,1953640,MAINTENANCE,3111570040,ELEMENT; FILTER,1.0,17715,17715.0,,17715.0,0.18,3188.7,20903.7,,,,,0.0,0.0,0.0,0.0,0.0,0.0,0.0,0.0,0.0,0.0,0.0,0.0,,,,,,,0.0,0,17715.0,0.0,6.0,,17715.0
1872.0,2026-03-01,2277052,Bhubaneswar,BIKASH MISTRY,STEEL AUTHORITY OF INDIA,90C5-1519,90Z5,,1953636.0,2026-03-20 00:00:00,2026-03-26 00:00:00,1953640,MAINTENANCE,4367100,FILTER LUBRICATING OIL ,1.0,15859,15859.0,,15859.0,0.18,2854.62,18713.62,,,,,0.0,0.0,0.0,0.0,0.0,0.0,0.0,0.0,0.0,0.0,0.0,0.0,,,,,,,0.0,0,15859.0,0.0,6.0,,15859.0
1873.0,2026-03-01,2277052,Bhubaneswar,BIKASH MISTRY,STEEL AUTHORITY OF INDIA,90C5-1519,90Z5,,1953636.0,2026-03-20 00:00:00,2026-03-26 00:00:00,1953754,PLANNING,49327-91030,SEAL KIT,2.0,54846,109692.0,,109692.0,0.18,19744.559999999998,129436.56,,,,,0.0,0.0,0.0,0.0,0.0,0.0,0.0,0.0,0.0,0.0,0.0,0.0,,,,,,,0.0,0,109692.0,0.0,6.0,,109692.0
1874.0,2026-03-01,2277053,Bhubaneswar,ROSHAN KUMAR,KJS PELLETS & POWER PVT LTD,THEJAHL0E00000825,ZX470H,,1108453.0,2026-03-09 00:00:00,2026-03-14 00:00:00,1938720,EMERGENCY,171809,O RING,18.0,1619,29142.0,0.2,23313.6,0.18,4196.447999999999,27510.048,,,,,0.0,0.0,0.0,0.0,0.0,0.0,0.0,0.0,0.0,0.0,0.0,0.0,,,,,,,0.0,0,29142.0,5828.4000000000015,5.0,,29142.0
1875.0,2026-03-01,2277053,Bhubaneswar,ROSHAN KUMAR,KJS PELLETS & POWER PVT LTD,THEJAHL0E00000825,ZX470H,,1108453.0,2026-03-09 00:00:00,2026-03-14 00:00:00,1938771,MAINTENANCE,YA00058283,ENGINE OIL FILTER,2.0,2720,5440.0,0.2,4352.0,0.18,783.36,5135.36,,2,1013285427,2026-03-06 00:00:00,0.0,0.0,0.0,0.0,0.0,0.0,0.0,0.0,0.0,0.0,0.0,4080.0,,,,,,,4080.0,1,1360.0,1088.0,5.0,,0.0
1876.0,2026-03-01,2277053,Bhubaneswar,ROSHAN KUMAR,KJS PELLETS & POWER PVT LTD,THEJAHL0E00000825,ZX470H,,1108453.0,2026-03-09 00:00:00,2026-03-14 00:00:00,1938771,MAINTENANCE,4078360,PRIMARY FUEL FILTER,1.0,1352,1352.0,0.2,1081.6,0.18,194.688,1276.288,,1,1013285427,2026-03-06 00:00:00,0.0,0.0,0.0,0.0,0.0,0.0,0.0,0.0,0.0,0.0,0.0,1014.0,,,,,,,1014.0,1,338.0,270.4000000000001,5.0,,0.0
1877.0,2026-03-01,2277053,Bhubaneswar,ROSHAN KUMAR,KJS PELLETS & POWER PVT LTD,THEJAHL0E00000825,ZX470H,,1108453.0,2026-03-09 00:00:00,2026-03-14 00:00:00,1938771,MAINTENANCE,4616864,FUEL FILTER,1.0,2351,2351.0,0.2,1880.8,0.18,338.544,2219.344,,1,1013285427,2026-03-06 00:00:00,0.0,0.0,0.0,0.0,0.0,0.0,0.0,0.0,0.0,0.0,0.0,1763.25,,,,,,,1763.25,1,587.75,470.20000000000005,5.0,,0.0
1878.0,2026-03-01,2277053,Bhubaneswar,ROSHAN KUMAR,KJS PELLETS & POWER PVT LTD,THEJAHL0E00000825,ZX470H,,1108453.0,2026-03-09 00:00:00,2026-03-14 00:00:00,1938771,MAINTENANCE,1209163,AIR FILTER OUTER,1.0,11828,11828.0,0.2,9462.4,0.18,1703.232,11165.632,,1,1013285427,2026-03-06 00:00:00,0.0,0.0,0.0,0.0,0.0,0.0,0.0,0.0,0.0,0.0,0.0,8871.0,,,,,,,8871.0,1,2957.0,2365.6000000000004,5.0,,0.0
1879.0,2026-03-01,2277053,Bhubaneswar,ROSHAN KUMAR,KJS PELLETS & POWER PVT LTD,THEJAHL0E00000825,ZX470H,,1108453.0,2026-03-09 00:00:00,2026-03-14 00:00:00,1938771,MAINTENANCE,1105353,AIR FILTER INNER,1.0,6862,6862.0,0.2,5489.6,0.18,988.128,6477.728,,1,1013285427,2026-03-06 00:00:00,0.0,0.0,0.0,0.0,0.0,0.0,0.0,0.0,0.0,0.0,0.0,5146.5,,,,,,,5146.5,1,1715.5,1372.3999999999996,5.0,,0.0
1880.0,2026-03-01,2277053,Bhubaneswar,ROSHAN KUMAR,KJS PELLETS & POWER PVT LTD,THEJAHL0E00000825,ZX470H,,1108453.0,2026-03-09 00:00:00,2026-03-14 00:00:00,1938815,PLANNING,113671-4730,FAN BELT,1.0,14327,14327.0,0.2,11461.6,0.18,2063.088,13524.688,,,,,0.0,0.0,0.0,0.0,0.0,0.0,0.0,0.0,0.0,0.0,0.0,0.0,,,,,,,0.0,0,14327.0,2865.3999999999996,5.0,,14327.0
1881.0,2026-03-01,2277056,Bhubaneswar,NIRANJAN DAS,THRIVENI EARTHMOVERS PVT LTD,0ACG-000097 ,ZX650H,,27868.0,2026-03-11 00:00:00,2026-03-21 00:00:00,1947502,EMERGENCY,4395169,HOSE WATER,1.0,877,877.0,0.2,701.6,0.18,126.288,827.888,,,,,0.0,0.0,0.0,0.0,0.0,0.0,0.0,0.0,0.0,0.0,0.0,0.0,,,,,,,0.0,0,877.0,175.39999999999998,10.0,,877.0
1882.0,2026-03-01,2277056,Bhubaneswar,NIRANJAN DAS,THRIVENI EARTHMOVERS PVT LTD,0ACG-000097 ,ZX650H,,27868.0,2026-03-11 00:00:00,2026-03-21 00:00:00,1947582,MAINTENANCE,4353970,HOSE WATER,1.0,1574,1574.0,0.2,1259.2,0.18,226.656,1485.856,,,,,0.0,0.0,0.0,0.0,0.0,0.0,0.0,0.0,0.0,0.0,0.0,0.0,,,,,,,0.0,0,1574.0,314.79999999999995,10.0,,1574.0
1883.0,2026-03-01,2277056,Bhubaneswar,NIRANJAN DAS,THRIVENI EARTHMOVERS PVT LTD,0ACG-000097 ,ZX650H,,27868.0,2026-03-11 00:00:00,2026-03-21 00:00:00,1947582,MAINTENANCE,4333469,ELEMENT FILTER,2.0,12524,25048.0,0.2,20038.4,0.18,3606.9120000000003,23645.312,,,,,0.0,0.0,0.0,0.0,0.0,0.0,0.0,0.0,0.0,0.0,0.0,0.0,,,,,,,0.0,0,25048.0,5009.5999999999985,10.0,,25048.0
1884.0,2026-03-01,2277056,Bhubaneswar,NIRANJAN DAS,THRIVENI EARTHMOVERS PVT LTD,0ACG-000097 ,ZX650H,,27868.0,2026-03-11 00:00:00,2026-03-21 00:00:00,1947582,MAINTENANCE,3015259,FILTER,2.0,394,788.0,0.2,630.4,0.18,113.472,743.872,,,,,0.0,0.0,0.0,0.0,0.0,0.0,0.0,0.0,0.0,0.0,0.0,0.0,,,,,,,0.0,0,788.0,157.60000000000002,10.0,,788.0
1885.0,2026-03-01,2277056,Bhubaneswar,NIRANJAN DAS,THRIVENI EARTHMOVERS PVT LTD,0ACG-000097 ,ZX650H,,27868.0,2026-03-11 00:00:00,2026-03-21 00:00:00,1947582,MAINTENANCE,4317008,STRAINER,2.0,17391,34782.0,0.2,27825.6,0.18,5008.607999999999,32834.208,,,,,0.0,0.0,0.0,0.0,0.0,0.0,0.0,0.0,0.0,0.0,0.0,0.0,,,,,,,0.0,0,34782.0,6956.4000000000015,10.0,,34782.0
1886.0,2026-03-01,2277056,Bhubaneswar,NIRANJAN DAS,THRIVENI EARTHMOVERS PVT LTD,0ACG-000097 ,ZX650H,,27868.0,2026-03-11 00:00:00,2026-03-21 00:00:00,1947582,MAINTENANCE,4363399,FILTER,2.0,4349,8698.0,0.2,6958.4,0.18,1252.512,8210.912,,,,,0.0,0.0,0.0,0.0,0.0,0.0,0.0,0.0,0.0,0.0,0.0,0.0,,,,,,,0.0,0,8698.0,1739.6000000000004,10.0,,8698.0
1887.0,2026-03-01,2277056,Bhubaneswar,NIRANJAN DAS,THRIVENI EARTHMOVERS PVT LTD,0ACG-000097 ,ZX650H,,27868.0,2026-03-11 00:00:00,2026-03-21 00:00:00,1947582,MAINTENANCE,4437838,FILTER,2.0,1695,3390.0,0.2,2712.0,0.18,488.15999999999997,3200.16,,,,,0.0,0.0,0.0,0.0,0.0,0.0,0.0,0.0,0.0,0.0,0.0,0.0,,,,,,,0.0,0,3390.0,678.0,10.0,,3390.0
1888.0,2026-03-01,2277056,Bhubaneswar,NIRANJAN DAS,THRIVENI EARTHMOVERS PVT LTD,0ACG-000097 ,ZX650H,,27868.0,2026-03-11 00:00:00,2026-03-21 00:00:00,1947582,MAINTENANCE,YA00058283,ENGINE OIL FILTER,8.0,2720,21760.0,0.2,17408.0,0.18,3133.44,20541.44,,8,1013286429,2026-03-25 00:00:00,0.0,0.0,0.0,0.0,0.0,0.0,0.0,0.0,0.0,0.0,0.0,16320.0,,,,,,,16320.0,1,5440.0,4352.0,10.0,4.0,0.0
1889.0,2026-03-01,2277056,Bhubaneswar,NIRANJAN DAS,THRIVENI EARTHMOVERS PVT LTD,0ACG-000097 ,ZX650H,,27868.0,2026-03-11 00:00:00,2026-03-21 00:00:00,1947582,MAINTENANCE,4078360,FUEL FILTER,8.0,1352,10816.0,0.2,8652.8,0.18,1557.504,10210.304,,,,,0.0,0.0,0.0,0.0,0.0,0.0,0.0,0.0,0.0,0.0,0.0,0.0,,,,,,,0.0,0,10816.0,2163.2000000000007,10.0,,10816.0
1890.0,2026-03-01,2277056,Bhubaneswar,NIRANJAN DAS,THRIVENI EARTHMOVERS PVT LTD,0ACG-000097 ,ZX650H,,27868.0,2026-03-11 00:00:00,2026-03-21 00:00:00,1947582,MAINTENANCE,1209163,AIR FILTER OUTER,2.0,11828,23656.0,0.2,18924.8,0.18,3406.464,22331.264,,,,,0.0,0.0,0.0,0.0,0.0,0.0,0.0,0.0,0.0,0.0,0.0,0.0,,,,,,,0.0,0,23656.0,4731.200000000001,10.0,,23656.0
1891.0,2026-03-01,2277056,Bhubaneswar,NIRANJAN DAS,THRIVENI EARTHMOVERS PVT LTD,0ACG-000097 ,ZX650H,,27868.0,2026-03-11 00:00:00,2026-03-21 00:00:00,1947582,MAINTENANCE,1105353,AIR FILTER INNER,2.0,6862,13724.0,0.2,10979.2,0.18,1976.256,12955.456,,,,,0.0,0.0,0.0,0.0,0.0,0.0,0.0,0.0,0.0,0.0,0.0,0.0,,,,,,,0.0,0,13724.0,2744.7999999999993,10.0,,13724.0
1892.0,2026-03-01,2277056,Bhubaneswar,NIRANJAN DAS,THRIVENI EARTHMOVERS PVT LTD,0ACG-000097 ,ZX650H,,27868.0,2026-03-11 00:00:00,2026-03-21 00:00:00,1947582,MAINTENANCE,4632689,AC FILTER,2.0,3846,7692.0,0.2,6153.6,0.18,1107.648,7261.2480000000005,,,,,0.0,0.0,0.0,0.0,0.0,0.0,0.0,0.0,0.0,0.0,0.0,0.0,,,,,,,0.0,0,7692.0,1538.3999999999996,10.0,,7692.0
1893.0,2026-03-01,2277056,Bhubaneswar,NIRANJAN DAS,THRIVENI EARTHMOVERS PVT LTD,0ACG-000097 ,ZX650H,,27868.0,2026-03-11 00:00:00,2026-03-21 00:00:00,1947589,PLANNING,4474619,BELT,1.0,64523,64523.0,0.2,51618.4,0.18,9291.312,60909.712,,,,,0.0,0.0,0.0,0.0,0.0,0.0,0.0,0.0,0.0,0.0,0.0,0.0,,,,,,,0.0,0,64523.0,12904.599999999999,10.0,,64523.0
1894.0,2026-03-01,2277058,Bhubaneswar,ROSHAN KUMAR,THRIVENI EARTHMOVERS PVT LTD,THEJAHL0A00000500,ZX470H,,27868.0,2026-03-30 00:00:00,2026-03-31 00:00:00,1961064,EMERGENCY,171809,O RING,18.0,1619,29142.0,0.2,23313.6,0.18,4196.447999999999,27510.048,,,,,0.0,0.0,0.0,0.0,0.0,0.0,0.0,0.0,0.0,0.0,0.0,0.0,,,,,,,0.0,0,29142.0,5828.4000000000015,1.0,,29142.0
1895.0,2026-03-01,2277058,Bhubaneswar,ROSHAN KUMAR,THRIVENI EARTHMOVERS PVT LTD,THEJAHL0A00000500,ZX470H,,27868.0,2026-03-30 00:00:00,2026-03-31 00:00:00,1961064,EMERGENCY,4187328,O RING,1.0,118,118.0,0.2,94.4,0.18,16.992,111.39200000000001,,,,,0.0,0.0,0.0,0.0,0.0,0.0,0.0,0.0,0.0,0.0,0.0,0.0,,,,,,,0.0,0,118.0,23.599999999999994,1.0,,118.0
1896.0,2026-03-01,2277058,Bhubaneswar,ROSHAN KUMAR,THRIVENI EARTHMOVERS PVT LTD,THEJAHL0A00000500,ZX470H,,27868.0,2026-03-30 00:00:00,2026-03-31 00:00:00,1961065,MAINTENANCE,YA00058283,ENGINE OIL FILTER,2.0,2720,5440.0,0.2,4352.0,0.18,783.36,5135.36,,2,1013286429,2026-03-25 00:00:00,0.0,0.0,0.0,0.0,0.0,0.0,0.0,0.0,0.0,0.0,0.0,4080.0,,,,,,,4080.0,1,1360.0,1088.0,1.0,,0.0
1897.0,2026-03-01,2277058,Bhubaneswar,ROSHAN KUMAR,THRIVENI EARTHMOVERS PVT LTD,THEJAHL0A00000500,ZX470H,,27868.0,2026-03-30 00:00:00,2026-03-31 00:00:00,1961065,MAINTENANCE,4078360,FUEL FILTER,1.0,1352,1352.0,0.2,1081.6,0.18,194.688,1276.288,,,,,0.0,0.0,0.0,0.0,0.0,0.0,0.0,0.0,0.0,0.0,0.0,0.0,,,,,,,0.0,0,1352.0,270.4000000000001,1.0,,1352.0
1898.0,2026-03-01,2277058,Bhubaneswar,ROSHAN KUMAR,THRIVENI EARTHMOVERS PVT LTD,THEJAHL0A00000500,ZX470H,,27868.0,2026-03-30 00:00:00,2026-03-31 00:00:00,1961065,MAINTENANCE,4616864,FUEL FILTER,1.0,2351,2351.0,0.2,1880.8,0.18,338.544,2219.344,,,,,0.0,0.0,0.0,0.0,0.0,0.0,0.0,0.0,0.0,0.0,0.0,0.0,,,,,,,0.0,0,2351.0,470.20000000000005,1.0,,2351.0
1899.0,2026-03-01,2277058,Bhubaneswar,ROSHAN KUMAR,THRIVENI EARTHMOVERS PVT LTD,THEJAHL0A00000500,ZX470H,,27868.0,2026-03-30 00:00:00,2026-03-31 00:00:00,1961065,MAINTENANCE,1209163,AIR FILTER OUTER,1.0,11828,11828.0,0.2,9462.4,0.18,1703.232,11165.632,,,,,0.0,0.0,0.0,0.0,0.0,0.0,0.0,0.0,0.0,0.0,0.0,0.0,,,,,,,0.0,0,11828.0,2365.6000000000004,1.0,,11828.0
1900.0,2026-03-01,2277058,Bhubaneswar,ROSHAN KUMAR,THRIVENI EARTHMOVERS PVT LTD,THEJAHL0A00000500,ZX470H,,27868.0,2026-03-30 00:00:00,2026-03-31 00:00:00,1961065,MAINTENANCE,1105353,AIR FILTER INNER,1.0,6862,6862.0,0.2,5489.6,0.18,988.128,6477.728,,,,,0.0,0.0,0.0,0.0,0.0,0.0,0.0,0.0,0.0,0.0,0.0,0.0,,,,,,,0.0,0,6862.0,1372.3999999999996,1.0,,6862.0
1901.0,2026-03-01,2277058,Bhubaneswar,ROSHAN KUMAR,THRIVENI EARTHMOVERS PVT LTD,THEJAHL0A00000500,ZX470H,,27868.0,2026-03-30 00:00:00,2026-03-31 00:00:00,1961065,PLANNING,113671-4730,FAN BELT,1.0,14327,14327.0,0.2,11461.6,0.18,2063.088,13524.688,,,,,0.0,0.0,0.0,0.0,0.0,0.0,0.0,0.0,0.0,0.0,0.0,0.0,,,,,,,0.0,0,14327.0,2865.3999999999996,1.0,,14327.0
1902.0,2026-03-01,2277059,Bhubaneswar,BIKASH MISTRY,STEEL AUTHORITY OF INDIA,BANNFC90E90C70765,ZW310,,1009864.0,2026-03-10 00:00:00,2026-03-21 00:00:00,1947449,EMERGENCY,4187308,O RING,4.0,93,372.0,,372.0,0.18,66.96,438.96,,,,,0.0,0.0,0.0,0.0,0.0,0.0,0.0,0.0,0.0,0.0,0.0,0.0,,,,,,,0.0,0,372.0,0.0,11.0,,372.0
1903.0,2026-03-01,2277059,Bhubaneswar,BIKASH MISTRY,STEEL AUTHORITY OF INDIA,BANNFC90E90C70765,ZW310,,1009864.0,2026-03-10 00:00:00,2026-03-21 00:00:00,1947449,EMERGENCY,4187329,O RING,2.0,171,342.0,,342.0,0.18,61.559999999999995,403.56,,2,1013286337,2026-03-23 00:00:00,0.0,0.0,0.0,0.0,0.0,0.0,0.0,0.0,0.0,0.0,0.0,342.0,,,,,,,342.0,1,0.0,0.0,11.0,2.0,0.0
1904.0,2026-03-01,2277059,Bhubaneswar,BIKASH MISTRY,STEEL AUTHORITY OF INDIA,BANNFC90E90C70765,ZW310,,1009864.0,2026-03-10 00:00:00,2026-03-21 00:00:00,4187329,MAINTENANCE,TE32170,FUEL WATER SEPARATOR,1.0,3615,3615.0,,3615.0,0.18,650.6999999999999,4265.7,,,,,0.0,0.0,0.0,0.0,0.0,0.0,0.0,0.0,0.0,0.0,0.0,0.0,,,,,,,0.0,0,3615.0,0.0,11.0,,3615.0
1905.0,2026-03-01,2277059,Bhubaneswar,BIKASH MISTRY,STEEL AUTHORITY OF INDIA,BANNFC90E90C70765,ZW310,,1009864.0,2026-03-10 00:00:00,2026-03-21 00:00:00,4187329,MAINTENANCE,4367100,OIL FILTER,1.0,15859,15859.0,,15859.0,0.18,2854.62,18713.62,,,,,0.0,0.0,0.0,0.0,0.0,0.0,0.0,0.0,0.0,0.0,0.0,0.0,,,,,,,0.0,0,15859.0,0.0,11.0,,15859.0
1906.0,2026-03-01,2277059,Bhubaneswar,BIKASH MISTRY,STEEL AUTHORITY OF INDIA,BANNFC90E90C70765,ZW310,,1009864.0,2026-03-10 00:00:00,2026-03-21 00:00:00,4187329,MAINTENANCE,3100308,RESISTOR CORROSION,1.0,11592,11592.0,,11592.0,0.18,2086.56,13678.56,,,,,0.0,0.0,0.0,0.0,0.0,0.0,0.0,0.0,0.0,0.0,0.0,0.0,,,,,,,0.0,0,11592.0,0.0,11.0,,11592.0
1907.0,2026-03-01,2277059,Bhubaneswar,BIKASH MISTRY,STEEL AUTHORITY OF INDIA,BANNFC90E90C70765,ZW310,,1009864.0,2026-03-10 00:00:00,2026-03-21 00:00:00,4187329,MAINTENANCE,3111570040,ELEMENT FILTER,2.0,17715,35430.0,,35430.0,0.18,6377.4,41807.4,,,,,0.0,0.0,0.0,0.0,0.0,0.0,0.0,0.0,0.0,0.0,0.0,0.0,,,,,,,0.0,0,35430.0,0.0,11.0,,35430.0
1908.0,2026-03-01,2277059,Bhubaneswar,BIKASH MISTRY,STEEL AUTHORITY OF INDIA,BANNFC90E90C70765,ZW310,,1009864.0,2026-03-10 00:00:00,2026-03-21 00:00:00,4187329,MAINTENANCE,YA00033065,ELEMENT FILTER,1.0,8316,8316.0,,8316.0,0.18,1496.8799999999999,9812.88,,,,,0.0,0.0,0.0,0.0,0.0,0.0,0.0,0.0,0.0,0.0,0.0,0.0,,,,,,,0.0,0,8316.0,0.0,11.0,,8316.0
1909.0,2026-03-01,2277059,Bhubaneswar,BIKASH MISTRY,STEEL AUTHORITY OF INDIA,BANNFC90E90C70765,ZW310,,1009864.0,2026-03-10 00:00:00,2026-03-21 00:00:00,4187329,MAINTENANCE,3098070430,ELEMENT FILTER,1.0,29290,29290.0,,29290.0,0.18,5272.2,34562.2,,,,,0.0,0.0,0.0,0.0,0.0,0.0,0.0,0.0,0.0,0.0,0.0,0.0,,,,,,,0.0,0,29290.0,0.0,11.0,,29290.0
1910.0,2026-03-01,2277059,Bhubaneswar,BIKASH MISTRY,STEEL AUTHORITY OF INDIA,BANNFC90E90C70765,ZW310,,1009864.0,2026-03-10 00:00:00,2026-03-21 00:00:00,4187329,MAINTENANCE,3098070440,ELEMENT FILTER,1.0,15834,15834.0,,15834.0,0.18,2850.12,18684.12,,,,,0.0,0.0,0.0,0.0,0.0,0.0,0.0,0.0,0.0,0.0,0.0,0.0,,,,,,,0.0,0,15834.0,0.0,11.0,,15834.0
1911.0,2026-03-01,2277059,Bhubaneswar,BIKASH MISTRY,STEEL AUTHORITY OF INDIA,BANNFC90E90C70765,ZW310,,1009864.0,2026-03-10 00:00:00,2026-03-21 00:00:00,4187329,MAINTENANCE,4437838,FILTER,1.0,1695,1695.0,,1695.0,0.18,305.09999999999997,2000.1,,,,,0.0,0.0,0.0,0.0,0.0,0.0,0.0,0.0,0.0,0.0,0.0,0.0,,,,,,,0.0,0,1695.0,0.0,11.0,,1695.0
1912.0,2026-03-01,2277059,Bhubaneswar,BIKASH MISTRY,STEEL AUTHORITY OF INDIA,BANNFC90E90C70765,ZW310,,1009864.0,2026-03-10 00:00:00,2026-03-21 00:00:00,4187329,MAINTENANCE,41101-60010,FILTER,2.0,20420,40840.0,,40840.0,0.18,7351.2,48191.2,,,,,0.0,0.0,0.0,0.0,0.0,0.0,0.0,0.0,0.0,0.0,0.0,0.0,,,,,,,0.0,0,40840.0,0.0,11.0,,40840.0
1913.0,2026-03-01,2277059,Bhubaneswar,BIKASH MISTRY,STEEL AUTHORITY OF INDIA,BANNFC90E90C70765,ZW310,,1009864.0,2026-03-10 00:00:00,2026-03-21 00:00:00,4187329,MAINTENANCE,40330-60650,FILTER,1.0,22155,22155.0,,22155.0,0.18,3987.8999999999996,26142.9,,,,,0.0,0.0,0.0,0.0,0.0,0.0,0.0,0.0,0.0,0.0,0.0,0.0,,,,,,,0.0,0,22155.0,0.0,11.0,,22155.0
1914.0,2026-03-01,2277059,Bhubaneswar,BIKASH MISTRY,STEEL AUTHORITY OF INDIA,BANNFC90E90C70765,ZW310,,1009864.0,2026-03-10 00:00:00,2026-03-21 00:00:00,4187329,MAINTENANCE,4631063,SUCTION FILTER,1.0,11550,11550.0,,11550.0,0.18,2079.0,13629.0,,,,,0.0,0.0,0.0,0.0,0.0,0.0,0.0,0.0,0.0,0.0,0.0,0.0,,,,,,,0.0,0,11550.0,0.0,11.0,,11550.0
1915.0,2026-03-01,2277059,Bhubaneswar,BIKASH MISTRY,STEEL AUTHORITY OF INDIA,BANNFC90E90C70765,ZW310,,1009864.0,2026-03-10 00:00:00,2026-03-21 00:00:00,4187329,PLANNING, 78022-11370,V BELT,1.0,20980,20980.0,,20980.0,0.18,3776.3999999999996,24756.4,,,,,0.0,0.0,0.0,0.0,0.0,0.0,0.0,0.0,0.0,0.0,0.0,0.0,,,,,,,0.0,0,20980.0,0.0,11.0,,20980.0
1916.0,2026-03-01,2277161,Bhubaneswar,ROSHAN KUMAR,STEEL AUTHORITY OF INDIA,BANNFC90C90C70766,ZW310,,1009864.0,2026-03-10 00:00:00,2026-03-17 00:00:00,1942187,EMERGENCY,4436271,PRESSURE SENSOR,1.0,22217,22217.0,,22217.0,0.18,3999.06,26216.06,,,,,0.0,0.0,0.0,0.0,0.0,0.0,0.0,0.0,0.0,0.0,0.0,0.0,,,,,,,0.0,0,22217.0,0.0,7.0,,22217.0
1917.0,2026-03-01,2277161,Bhubaneswar,ROSHAN KUMAR,STEEL AUTHORITY OF INDIA,BANNFC90C90C70766,ZW310,,1009864.0,2026-03-10 00:00:00,2026-03-17 00:00:00,1942187,EMERGENCY,4365826,O RING,1.0,288,288.0,,288.0,0.18,51.839999999999996,339.84,,,,,0.0,0.0,0.0,0.0,0.0,0.0,0.0,0.0,0.0,0.0,0.0,0.0,,,,,,,0.0,0,288.0,0.0,7.0,,288.0
1918.0,2026-03-01,2277161,Bhubaneswar,ROSHAN KUMAR,STEEL AUTHORITY OF INDIA,BANNFC90C90C70766,ZW310,,1009864.0,2026-03-10 00:00:00,2026-03-17 00:00:00,1942233,MAINTENANCE,4367100,OIL FILTER,1.0,15859,15859.0,,15859.0,0.18,2854.62,18713.62,,,,,0.0,0.0,0.0,0.0,0.0,0.0,0.0,0.0,0.0,0.0,0.0,0.0,,,,,,,0.0,0,15859.0,0.0,7.0,,15859.0
1919.0,2026-03-01,2277161,Bhubaneswar,ROSHAN KUMAR,STEEL AUTHORITY OF INDIA,BANNFC90C90C70766,ZW310,,1009864.0,2026-03-10 00:00:00,2026-03-17 00:00:00,1942233,MAINTENANCE,3100308,RESISTOR CORROSION,1.0,11592,11592.0,,11592.0,0.18,2086.56,13678.56,,,,,0.0,0.0,0.0,0.0,0.0,0.0,0.0,0.0,0.0,0.0,0.0,0.0,,,,,,,0.0,0,11592.0,0.0,7.0,,11592.0
1920.0,2026-03-01,2277161,Bhubaneswar,ROSHAN KUMAR,STEEL AUTHORITY OF INDIA,BANNFC90C90C70766,ZW310,,1009864.0,2026-03-10 00:00:00,2026-03-17 00:00:00,1942233,MAINTENANCE,TE32170,FUEL WATER SEPARATOR,1.0,3615,3615.0,,3615.0,0.18,650.6999999999999,4265.7,,,,,0.0,0.0,0.0,0.0,0.0,0.0,0.0,0.0,0.0,0.0,0.0,0.0,,,,,,,0.0,0,3615.0,0.0,7.0,,3615.0
1921.0,2026-03-01,2277161,Bhubaneswar,ROSHAN KUMAR,STEEL AUTHORITY OF INDIA,BANNFC90C90C70766,ZW310,,1009864.0,2026-03-10 00:00:00,2026-03-17 00:00:00,1942233,MAINTENANCE,3098070430,ELEMENT FILTER,1.0,29290,29290.0,,29290.0,0.18,5272.2,34562.2,,,,,0.0,0.0,0.0,0.0,0.0,0.0,0.0,0.0,0.0,0.0,0.0,0.0,,,,,,,0.0,0,29290.0,0.0,7.0,,29290.0
1922.0,2026-03-01,2277161,Bhubaneswar,ROSHAN KUMAR,STEEL AUTHORITY OF INDIA,BANNFC90C90C70766,ZW310,,1009864.0,2026-03-10 00:00:00,2026-03-17 00:00:00,1942233,MAINTENANCE,3098070440,ELEMENT FILTER,1.0,15834,15834.0,,15834.0,0.18,2850.12,18684.12,,,,,0.0,0.0,0.0,0.0,0.0,0.0,0.0,0.0,0.0,0.0,0.0,0.0,,,,,,,0.0,0,15834.0,0.0,7.0,,15834.0
1923.0,2026-03-01,2277161,Bhubaneswar,ROSHAN KUMAR,STEEL AUTHORITY OF INDIA,BANNFC90C90C70766,ZW310,,1009864.0,2026-03-10 00:00:00,2026-03-17 00:00:00,1942233,MAINTENANCE,3111570040,ELEMENT FILTER,1.0,17715,17715.0,,17715.0,0.18,3188.7,20903.7,,,,,0.0,0.0,0.0,0.0,0.0,0.0,0.0,0.0,0.0,0.0,0.0,0.0,,,,,,,0.0,0,17715.0,0.0,7.0,,17715.0
1924.0,2026-03-01,2277161,Bhubaneswar,ROSHAN KUMAR,STEEL AUTHORITY OF INDIA,BANNFC90C90C70766,ZW310,,1009864.0,2026-03-10 00:00:00,2026-03-17 00:00:00,1942236,PLANNING,113671-4730.,FAN BELT,1.0,14327,14327.0,,14327.0,0.18,2578.86,16905.86,,,,,0.0,0.0,0.0,0.0,0.0,0.0,0.0,0.0,0.0,0.0,0.0,0.0,,,,,,,0.0,0,14327.0,0.0,7.0,,14327.0
1925.0,2026-03-01,2277892,Bhubaneswar,ROSHAN KUMAR,KJS PELLETS & POWER PVT LTD,HCMJBE92A00050827,ZX870,,1108453.0,2026-03-07 00:00:00,2026-03-14 00:00:00,1938394,EMERGENCY,171809,O RING,18.0,1619,29142.0,0.2,23313.6,0.18,4196.447999999999,27510.048,,,,,0.0,0.0,0.0,0.0,0.0,0.0,0.0,0.0,0.0,0.0,0.0,0.0,,,,,,,0.0,0,29142.0,5828.4000000000015,7.0,,29142.0
1926.0,2026-03-01,2277892,Bhubaneswar,ROSHAN KUMAR,KJS PELLETS & POWER PVT LTD,HCMJBE92A00050827,ZX870,,1108453.0,2026-03-07 00:00:00,2026-03-14 00:00:00,1938400,MAINTENANCE,YA00058283,ENGINE OIL FILTER,2.0,2720,5440.0,0.2,4352.0,0.18,783.36,5135.36,,1,1013285427,2026-03-06 00:00:00,0.0,0.0,0.0,0.0,0.0,0.0,0.0,0.0,0.0,0.0,0.0,2040.0,,,,,,,2040.0,1,3400.0,1088.0,7.0,,0.0
1927.0,2026-03-01,2277892,Bhubaneswar,ROSHAN KUMAR,KJS PELLETS & POWER PVT LTD,HCMJBE92A00050827,ZX870,,1108453.0,2026-03-07 00:00:00,2026-03-14 00:00:00,1938400,MAINTENANCE,4078360,PRIMARY FUEL FILTER,1.0,1352,1352.0,0.2,1081.6,0.18,194.688,1276.288,,1,1013285427,2026-03-06 00:00:00,0.0,0.0,0.0,0.0,0.0,0.0,0.0,0.0,0.0,0.0,0.0,1014.0,,,,,,,1014.0,1,338.0,270.4000000000001,7.0,,0.0
1928.0,2026-03-01,2277892,Bhubaneswar,ROSHAN KUMAR,KJS PELLETS & POWER PVT LTD,HCMJBE92A00050827,ZX870,,1108453.0,2026-03-07 00:00:00,2026-03-14 00:00:00,1938400,MAINTENANCE,4616864,FUEL FILTER,1.0,2351,2351.0,0.2,1880.8,0.18,338.544,2219.344,,1,1013285427,2026-03-06 00:00:00,0.0,0.0,0.0,0.0,0.0,0.0,0.0,0.0,0.0,0.0,0.0,1763.25,,,,,,,1763.25,1,587.75,470.20000000000005,7.0,,0.0
1929.0,2026-03-01,2277892,Bhubaneswar,ROSHAN KUMAR,KJS PELLETS & POWER PVT LTD,HCMJBE92A00050827,ZX870,,1108453.0,2026-03-07 00:00:00,2026-03-14 00:00:00,1938400,MAINTENANCE,1105353,AIR FILTER INNER,1.0,6862,6862.0,0.2,5489.6,0.18,988.128,6477.728,,1,1013285427,2026-03-06 00:00:00,0.0,0.0,0.0,0.0,0.0,0.0,0.0,0.0,0.0,0.0,0.0,5146.5,,,,,,,5146.5,1,1715.5,1372.3999999999996,7.0,,0.0
1930.0,2026-03-01,2277892,Bhubaneswar,ROSHAN KUMAR,KJS PELLETS & POWER PVT LTD,HCMJBE92A00050827,ZX870,,1108453.0,2026-03-07 00:00:00,2026-03-14 00:00:00,1938400,MAINTENANCE,1209163,AIR FILTER OUTER,1.0,11828,11828.0,0.2,9462.4,0.18,1703.232,11165.632,,,,,0.0,0.0,0.0,0.0,0.0,0.0,0.0,0.0,0.0,0.0,0.0,0.0,,,,,,,0.0,0,11828.0,2365.6000000000004,7.0,,11828.0
1931.0,2026-03-01,2277892,Bhubaneswar,ROSHAN KUMAR,KJS PELLETS & POWER PVT LTD,HCMJBE92A00050827,ZX870,,1108453.0,2026-03-07 00:00:00,2026-03-14 00:00:00,1938452,PLANNING,113671-4730,FAN BELT,1.0,14327,14327.0,0.2,11461.6,0.18,2063.088,13524.688,,,,,0.0,0.0,0.0,0.0,0.0,0.0,0.0,0.0,0.0,0.0,0.0,0.0,,,,,,,0.0,0,14327.0,2865.3999999999996,7.0,,14327.0
